record_id,label,score
row-00000000,0,0.09872792
row-00000001,1,0.76626258
row-00000002,0,0.28865929
row-00000003,0,0.60515789
row-00000004,1,0.73793622
row-00000005,1,0.76111824
row-00000006,1,0.52719123
row-00000007,0,0.57716111
row-00000008,0,0.36548411
row-00000009,1,0.74556344
row-00000010,0,0.19610689
row-00000011,0,0.20399835
row-00000012,0,0.00492720
row-00000013,0,0.13008312
row-00000014,1,0.71134825
row-00000015,0,0.51731723
row-00000016,1,0.87114775
row-00000017,0,0.18260928
row-00000018,0,0.13913548
row-00000019,0,0.12775830
row-00000020,0,0.43766187
row-00000021,0,0.21862462
row-00000022,0,0.49149466
row-00000023,1,0.63217480
row-00000024,0,0.26647958
row-00000025,0,0.19779599
row-00000026,0,0.20316698
row-00000027,1,0.82355288
row-00000028,0,0.07139216
row-00000029,0,0.24350697
row-00000030,1,0.35992273
row-00000031,0,0.18882988
row-00000032,1,0.58059863
row-00000033,1,0.54922827
row-00000034,0,0.20958422
row-00000035,0,0.16447137
row-00000036,0,0.38851075
row-00000037,0,0.47025119
row-00000038,0,0.25322731
row-00000039,0,0.48695965
row-00000040,0,0.26816462
row-00000041,0,0.16830349
row-00000042,1,0.77988277
row-00000043,0,0.27599566
row-00000044,1,0.79604842
row-00000045,1,0.80411682
row-00000046,0,0.36067882
row-00000047,0,0.72175347
row-00000048,0,0.21412591
row-00000049,0,0.34277276
row-00000050,1,0.82574053
row-00000051,0,0.53417372
row-00000052,1,0.88529543
row-00000053,0,0.36342781
row-00000054,0,0.12825650
row-00000055,0,0.44861338
row-00000056,1,0.82809800
row-00000057,0,0.15377638
row-00000058,0,0.43759529
row-00000059,0,0.44797431
row-00000060,0,0.05576077
row-00000061,1,0.85196466
row-00000062,1,0.75375758
row-00000063,0,0.09501080
row-00000064,0,0.09186290
row-00000065,1,0.61064833
row-00000066,1,0.73248514
row-00000067,0,0.09858779
row-00000068,0,0.08179866
row-00000069,0,0.14951433
row-00000070,0,0.33895998
row-00000071,0,0.51582284
row-00000072,0,0.25122593
row-00000073,0,0.12050266
row-00000074,0,0.55696893
row-00000075,1,0.95181116
row-00000076,0,0.12956440
row-00000077,0,0.33712533
row-00000078,0,0.03739772
row-00000079,0,0.40282615
row-00000080,1,0.80421675
row-00000081,1,0.42451732
row-00000082,0,0.08647946
row-00000083,0,0.14799551
row-00000084,1,0.52622138
row-00000085,1,0.90409384
row-00000086,0,0.28287494
row-00000087,0,0.55306300
row-00000088,0,0.27530591
row-00000089,1,0.75417420
row-00000090,0,0.25865887
row-00000091,0,0.11904735
row-00000092,0,0.53998917
row-00000093,0,0.06394994
row-00000094,1,0.49485522
row-00000095,0,0.26010179
row-00000096,0,0.19434245
row-00000097,0,0.19921711
row-00000098,0,0.55510084
row-00000099,1,0.64429128
row-00000100,0,0.08846011
row-00000101,0,0.10806956
row-00000102,0,0.39841056
row-00000103,0,0.30017099
row-00000104,1,0.90324647
row-00000105,1,0.88877898
row-00000106,1,0.83537865
row-00000107,1,0.47579411
row-00000108,1,0.21100206
row-00000109,0,0.58946585
row-00000110,1,0.94715052
row-00000111,0,0.07619165
row-00000112,0,0.27247033
row-00000113,1,0.90317257
row-00000114,0,0.22059573
row-00000115,0,0.38221070
row-00000116,0,0.43145765
row-00000117,0,0.29345845
row-00000118,0,0.22003276
row-00000119,0,0.23456702
row-00000120,0,0.46998090
row-00000121,0,0.17627341
row-00000122,1,0.33985901
row-00000123,0,0.39184132
row-00000124,0,0.47013688
row-00000125,0,0.29843471
row-00000126,0,0.09632840
row-00000127,0,0.45636707
row-00000128,0,0.17882902
row-00000129,0,0.55819344
row-00000130,1,0.45097934
row-00000131,0,0.38002757
row-00000132,0,0.25513171
row-00000133,0,0.35871092
row-00000134,0,0.20517456
row-00000135,0,0.51406720
row-00000136,0,0.16174584
row-00000137,1,0.43560419
row-00000138,0,0.46499989
row-00000139,1,0.76001225
row-00000140,0,0.51062764
row-00000141,1,0.50052331
row-00000142,1,0.97682881
row-00000143,0,0.20063331
row-00000144,1,0.84736670
row-00000145,1,0.66895849
row-00000146,0,0.31892504
row-00000147,1,0.55343198
row-00000148,1,0.84375117
row-00000149,1,0.90073074
row-00000150,0,0.30259868
row-00000151,0,0.24366921
row-00000152,1,0.72014499
row-00000153,0,0.37652678
row-00000154,0,0.20159180
row-00000155,0,0.36166008
row-00000156,0,0.12191820
row-00000157,0,0.20884442
row-00000158,1,0.94377811
row-00000159,0,0.52437935
row-00000160,1,0.91980338
row-00000161,1,0.82511471
row-00000162,0,0.18310557
row-00000163,1,0.79591902
row-00000164,0,0.08852973
row-00000165,1,0.90009866
row-00000166,0,0.26864811
row-00000167,0,0.41923997
row-00000168,1,0.95512294
row-00000169,0,0.17651803
row-00000170,0,0.11211483
row-00000171,1,0.89331023
row-00000172,0,0.46828566
row-00000173,0,0.47320976
row-00000174,0,0.52332071
row-00000175,0,0.54669906
row-00000176,0,0.14615265
row-00000177,0,0.22912004
row-00000178,1,0.95644049
row-00000179,0,0.12129735
row-00000180,1,0.79429103
row-00000181,0,0.17260019
row-00000182,0,0.17859377
row-00000183,0,0.35879360
row-00000184,0,0.65819435
row-00000185,1,0.71857717
row-00000186,0,0.16415313
row-00000187,0,0.40261916
row-00000188,0,0.17835039
row-00000189,0,0.07827970
row-00000190,1,0.79147245
row-00000191,1,0.52609845
row-00000192,0,0.62533013
row-00000193,0,0.43832952
row-00000194,0,0.08439218
row-00000195,0,0.73254097
row-00000196,1,0.91643843
row-00000197,0,0.07196492
row-00000198,0,0.45824294
row-00000199,0,0.27731238
row-00000200,1,0.75548677
row-00000201,1,0.38020380
row-00000202,1,0.60158569
row-00000203,1,0.82665527
row-00000204,0,0.44427324
row-00000205,1,0.59292804
row-00000206,0,0.36781591
row-00000207,0,0.22472530
row-00000208,1,0.74039414
row-00000209,0,0.21463135
row-00000210,0,0.71144765
row-00000211,0,0.24917874
row-00000212,1,0.90959922
row-00000213,1,0.80735352
row-00000214,1,0.88415916
row-00000215,1,0.73364798
row-00000216,1,0.67366540
row-00000217,0,0.16630654
row-00000218,0,0.27726436
row-00000219,0,0.22728940
row-00000220,0,0.55533603
row-00000221,0,0.08515156
row-00000222,0,0.27727545
row-00000223,0,0.44573957
row-00000224,0,0.19841031
row-00000225,0,0.30046085
row-00000226,0,0.31682788
row-00000227,0,0.11947040
row-00000228,0,0.36502965
row-00000229,0,0.18471986
row-00000230,0,0.47467936
row-00000231,0,0.09800096
row-00000232,0,0.28268545
row-00000233,1,0.63864933
row-00000234,1,0.59797617
row-00000235,0,0.16621771
row-00000236,1,0.80257204
row-00000237,0,0.36947803
row-00000238,0,0.52783701
row-00000239,0,0.43810574
row-00000240,1,0.66284498
row-00000241,0,0.21706701
row-00000242,0,0.21534523
row-00000243,0,0.42646167
row-00000244,1,0.37162873
row-00000245,0,0.13598194
row-00000246,1,0.89840713
row-00000247,0,0.28921367
row-00000248,1,0.84684125
row-00000249,1,0.47523920
row-00000250,0,0.23337822
row-00000251,0,0.19413107
row-00000252,1,0.56867514
row-00000253,1,0.69862722
row-00000254,0,0.43069788
row-00000255,1,0.77533006
row-00000256,0,0.56841141
row-00000257,0,0.19930629
row-00000258,1,0.74778041
row-00000259,0,0.34081483
row-00000260,0,0.16231605
row-00000261,1,0.31294595
row-00000262,0,0.50039324
row-00000263,1,0.56092877
row-00000264,0,0.39852927
row-00000265,1,0.81340315
row-00000266,0,0.51462152
row-00000267,0,0.30253154
row-00000268,0,0.11952078
row-00000269,0,0.22455898
row-00000270,0,0.42853836
row-00000271,1,0.98210107
row-00000272,0,0.17793174
row-00000273,0,0.25967358
row-00000274,0,0.32945163
row-00000275,0,0.14805712
row-00000276,1,0.76633280
row-00000277,0,0.25743959
row-00000278,1,0.63946447
row-00000279,1,0.91896237
row-00000280,1,0.76892134
row-00000281,1,0.67105626
row-00000282,0,0.33628464
row-00000283,0,0.48596906
row-00000284,0,0.10475759
row-00000285,0,0.31518771
row-00000286,0,0.59123042
row-00000287,1,0.47373715
row-00000288,0,0.13522080
row-00000289,0,0.12893919
row-00000290,0,0.52558241
row-00000291,0,0.49717995
row-00000292,1,0.69742297
row-00000293,0,0.35338571
row-00000294,0,0.12815396
row-00000295,0,0.17603276
row-00000296,1,0.74733027
row-00000297,1,0.41804784
row-00000298,0,0.24120007
row-00000299,1,0.83626077
row-00000300,0,0.34363492
row-00000301,1,0.48834620
row-00000302,0,0.17409447
row-00000303,1,0.56591011
row-00000304,0,0.26677255
row-00000305,0,0.36735326
row-00000306,0,0.21205810
row-00000307,0,0.37388695
row-00000308,0,0.10832013
row-00000309,0,0.09218956
row-00000310,0,0.02807845
row-00000311,1,0.70862529
row-00000312,0,0.11251631
row-00000313,0,0.24479934
row-00000314,0,0.50932790
row-00000315,1,0.55975744
row-00000316,1,0.53360458
row-00000317,0,0.24823259
row-00000318,1,0.64171021
row-00000319,1,0.66130734
row-00000320,1,0.34360505
row-00000321,1,0.43287928
row-00000322,0,0.39135413
row-00000323,0,0.34878738
row-00000324,0,0.16891163
row-00000325,1,0.90935067
row-00000326,0,0.35286741
row-00000327,0,0.37195418
row-00000328,0,0.21285595
row-00000329,1,0.71751695
row-00000330,0,0.28550651
row-00000331,1,0.83544306
row-00000332,0,0.23066396
row-00000333,0,0.39932615
row-00000334,0,0.14584262
row-00000335,0,0.39963739
row-00000336,1,0.87828291
row-00000337,0,0.13702170
row-00000338,0,0.36093110
row-00000339,1,0.86908621
row-00000340,0,0.27317306
row-00000341,0,0.28620021
row-00000342,1,0.71050559
row-00000343,0,0.20802451
row-00000344,0,0.17712707
row-00000345,1,0.81186617
row-00000346,0,0.39943419
row-00000347,0,0.44557535
row-00000348,0,0.19153227
row-00000349,0,0.55193090
row-00000350,0,0.37496230
row-00000351,1,0.64202147
row-00000352,1,0.66834157
row-00000353,1,0.79274042
row-00000354,0,0.20642654
row-00000355,0,0.08524575
row-00000356,0,0.13412983
row-00000357,0,0.34301481
row-00000358,0,0.49849487
row-00000359,0,0.49250184
row-00000360,0,0.22385285
row-00000361,1,0.78960686
row-00000362,1,0.65851012
row-00000363,0,0.04748502
row-00000364,0,0.42877068
row-00000365,1,0.95584335
row-00000366,0,0.20365442
row-00000367,1,0.76388505
row-00000368,0,0.19889117
row-00000369,0,0.38094060
row-00000370,0,0.36770335
row-00000371,0,0.23368002
row-00000372,0,0.10285652
row-00000373,0,0.53970374
row-00000374,0,0.47840492
row-00000375,0,0.48602367
row-00000376,0,0.23577795
row-00000377,1,0.87860431
row-00000378,1,0.54810811
row-00000379,0,0.33343333
row-00000380,0,0.19221429
row-00000381,0,0.11570154
row-00000382,0,0.46544725
row-00000383,1,0.64704298
row-00000384,0,0.07695760
row-00000385,0,0.22044547
row-00000386,0,0.27255012
row-00000387,1,0.66198013
row-00000388,0,0.15548392
row-00000389,0,0.17248344
row-00000390,0,0.43731213
row-00000391,0,0.51704922
row-00000392,0,0.33738219
row-00000393,1,0.56189264
row-00000394,0,0.32216525
row-00000395,0,0.06020123
row-00000396,1,0.59478582
row-00000397,0,0.21188430
row-00000398,0,0.51451509
row-00000399,0,0.49153721
row-00000400,0,0.21214864
row-00000401,1,0.41332220
row-00000402,1,0.89422354
row-00000403,0,0.25926423
row-00000404,0,0.23276507
row-00000405,0,0.11373664
row-00000406,0,0.37436411
row-00000407,0,0.52593861
row-00000408,0,0.18599696
row-00000409,0,0.17196965
row-00000410,0,0.22340557
row-00000411,1,0.67976999
row-00000412,0,0.07978638
row-00000413,0,0.23261241
row-00000414,0,0.15663027
row-00000415,0,0.25411846
row-00000416,0,0.29815665
row-00000417,0,0.13548859
row-00000418,0,0.10592820
row-00000419,1,0.55598365
row-00000420,0,0.28715624
row-00000421,1,0.69284171
row-00000422,1,0.61459979
row-00000423,1,0.81116376
row-00000424,1,0.73656311
row-00000425,0,0.02039028
row-00000426,1,0.64882282
row-00000427,0,0.07387208
row-00000428,1,0.79036865
row-00000429,1,0.76766413
row-00000430,0,0.48317438
row-00000431,0,0.14472763
row-00000432,0,0.55656512
row-00000433,0,0.08513304
row-00000434,0,0.07979673
row-00000435,1,0.93077720
row-00000436,0,0.15747574
row-00000437,0,0.21457323
row-00000438,1,0.78170310
row-00000439,1,0.76856290
row-00000440,0,0.25404960
row-00000441,1,0.63296972
row-00000442,0,0.50681330
row-00000443,0,0.19259026
row-00000444,0,0.26445914
row-00000445,0,0.33774782
row-00000446,0,0.12773682
row-00000447,0,0.28112143
row-00000448,0,0.13303311
row-00000449,0,0.27944863
row-00000450,0,0.31342803
row-00000451,1,0.77688922
row-00000452,0,0.38774745
row-00000453,0,0.14841121
row-00000454,0,0.07089476
row-00000455,0,0.27846003
row-00000456,1,0.68857522
row-00000457,0,0.28934265
row-00000458,0,0.24246439
row-00000459,1,0.81812063
row-00000460,1,0.93553702
row-00000461,0,0.11844002
row-00000462,0,0.39458677
row-00000463,0,0.06713457
row-00000464,1,0.75920714
row-00000465,1,0.87118728
row-00000466,0,0.15271134
row-00000467,1,0.80366635
row-00000468,0,0.13875512
row-00000469,0,0.34714850
row-00000470,0,0.04460227
row-00000471,0,0.35007116
row-00000472,0,0.35364984
row-00000473,0,0.29147097
row-00000474,0,0.68428777
row-00000475,0,0.03607436
row-00000476,0,0.27584113
row-00000477,0,0.55927162
row-00000478,0,0.31608093
row-00000479,0,0.54857875
row-00000480,0,0.40438725
row-00000481,0,0.16837319
row-00000482,0,0.26748471
row-00000483,1,0.80012569
row-00000484,0,0.34504429
row-00000485,0,0.43521488
row-00000486,0,0.44232236
row-00000487,0,0.19040617
row-00000488,0,0.39661743
row-00000489,0,0.40962105
row-00000490,1,0.89703314
row-00000491,1,0.74481807
row-00000492,0,0.23417936
row-00000493,0,0.27094048
row-00000494,0,0.10289946
row-00000495,1,0.67301683
row-00000496,0,0.01952143
row-00000497,1,0.44922576
row-00000498,0,0.41542808
row-00000499,0,0.16827629
row-00000500,0,0.23796807
row-00000501,0,0.45116369
row-00000502,0,0.50619411
row-00000503,0,0.12910059
row-00000504,0,0.40297896
row-00000505,0,0.36309664
row-00000506,0,0.38442423
row-00000507,0,0.54514537
row-00000508,0,0.42976896
row-00000509,0,0.07469915
row-00000510,0,0.22436176
row-00000511,0,0.30486578
row-00000512,0,0.31146963
row-00000513,0,0.63478041
row-00000514,1,0.53531518
row-00000515,1,0.80792198
row-00000516,1,0.86355286
row-00000517,1,0.68443957
row-00000518,0,0.23891013
row-00000519,0,0.18418425
row-00000520,1,0.82306270
row-00000521,0,0.24376844
row-00000522,0,0.51000701
row-00000523,1,0.47437447
row-00000524,0,0.35509959
row-00000525,0,0.35960973
row-00000526,0,0.52503129
row-00000527,1,0.52487310
row-00000528,0,0.12472937
row-00000529,0,0.14542257
row-00000530,1,0.71673644
row-00000531,1,0.62124472
row-00000532,0,0.20982092
row-00000533,0,0.16089996
row-00000534,0,0.31130336
row-00000535,0,0.15533704
row-00000536,0,0.13399580
row-00000537,0,0.63495737
row-00000538,0,0.08136421
row-00000539,1,0.69570672
row-00000540,0,0.26310376
row-00000541,1,0.84481245
row-00000542,0,0.26517870
row-00000543,1,0.63714220
row-00000544,1,0.78539392
row-00000545,1,0.54343503
row-00000546,1,0.34454541
row-00000547,0,0.36740663
row-00000548,0,0.30262494
row-00000549,1,0.96284354
row-00000550,0,0.12763290
row-00000551,0,0.20570993
row-00000552,0,0.31632567
row-00000553,0,0.11857748
row-00000554,0,0.56320593
row-00000555,0,0.58705072
row-00000556,0,0.51424580
row-00000557,0,0.15403171
row-00000558,0,0.17084316
row-00000559,1,0.97817702
row-00000560,0,0.33670491
row-00000561,0,0.38933658
row-00000562,0,0.08813864
row-00000563,0,0.43811995
row-00000564,0,0.26816617
row-00000565,0,0.23603668
row-00000566,1,0.85671785
row-00000567,0,0.22210442
row-00000568,0,0.41480972
row-00000569,0,0.27352949
row-00000570,1,0.63402634
row-00000571,0,0.40328088
row-00000572,1,0.54861696
row-00000573,0,0.52819866
row-00000574,0,0.09963560
row-00000575,0,0.49759501
row-00000576,0,0.34997693
row-00000577,0,0.41083744
row-00000578,0,0.18843894
row-00000579,1,0.90215415
row-00000580,0,0.17830056
row-00000581,1,0.57728918
row-00000582,0,0.48991280
row-00000583,1,0.80378871
row-00000584,0,0.21185314
row-00000585,1,0.48809626
row-00000586,0,0.16172165
row-00000587,1,0.84110037
row-00000588,0,0.08630414
row-00000589,0,0.15324286
row-00000590,0,0.10959934
row-00000591,0,0.19755023
row-00000592,0,0.20054026
row-00000593,0,0.11627103
row-00000594,1,0.79915381
row-00000595,1,0.42221664
row-00000596,0,0.26058757
row-00000597,0,0.14987259
row-00000598,0,0.39603635
row-00000599,0,0.09345058
row-00000600,0,0.36723711
row-00000601,0,0.39169228
row-00000602,1,0.85934491
row-00000603,1,0.79273021
row-00000604,1,0.55473376
row-00000605,0,0.26857938
row-00000606,1,0.66583033
row-00000607,0,0.54699776
row-00000608,1,0.80704818
row-00000609,0,0.27898882
row-00000610,0,0.35791136
row-00000611,0,0.14193270
row-00000612,1,0.46789509
row-00000613,0,0.03779584
row-00000614,1,0.75635562
row-00000615,0,0.22244395
row-00000616,0,0.32325585
row-00000617,0,0.24120591
row-00000618,0,0.17157069
row-00000619,0,0.66663223
row-00000620,0,0.14263026
row-00000621,0,0.51435877
row-00000622,1,0.42806007
row-00000623,0,0.40291844
row-00000624,1,0.66116671
row-00000625,0,0.17977315
row-00000626,1,0.93466964
row-00000627,0,0.20808851
row-00000628,0,0.24634370
row-00000629,0,0.35194036
row-00000630,0,0.62944549
row-00000631,1,0.52715797
row-00000632,1,0.74499466
row-00000633,0,0.18598230
row-00000634,1,0.90094592
row-00000635,1,0.76627231
row-00000636,1,0.78496152
row-00000637,0,0.14566173
row-00000638,0,0.43442348
row-00000639,1,0.43278171
row-00000640,1,0.57237438
row-00000641,0,0.29673312
row-00000642,1,0.58251175
row-00000643,0,0.25112767
row-00000644,0,0.14762471
row-00000645,0,0.16994814
row-00000646,0,0.28802757
row-00000647,0,0.68224653
row-00000648,0,0.50938627
row-00000649,1,0.89054721
row-00000650,0,0.24251985
row-00000651,1,0.45710992
row-00000652,0,0.75525285
row-00000653,0,0.35064463
row-00000654,0,0.15154818
row-00000655,0,0.42846292
row-00000656,0,0.19644190
row-00000657,0,0.46103109
row-00000658,0,0.45199563
row-00000659,0,0.23729642
row-00000660,0,0.41936423
row-00000661,0,0.22400214
row-00000662,1,0.91937388
row-00000663,0,0.56397983
row-00000664,0,0.20272941
row-00000665,1,0.68811096
row-00000666,1,0.61789498
row-00000667,1,0.80754337
row-00000668,1,0.50677177
row-00000669,0,0.31422987
row-00000670,0,0.38920251
row-00000671,0,0.17297192
row-00000672,1,0.80292432
row-00000673,0,0.24079635
row-00000674,1,0.78624592
row-00000675,1,0.56167491
row-00000676,1,0.65675291
row-00000677,1,0.90223725
row-00000678,0,0.26860513
row-00000679,0,0.75084166
row-00000680,0,0.53793725
row-00000681,0,0.54177388
row-00000682,1,0.66288838
row-00000683,1,0.69952069
row-00000684,0,0.14372008
row-00000685,0,0.22320611
row-00000686,0,0.14410540
row-00000687,0,0.23306966
row-00000688,0,0.23071533
row-00000689,1,0.59673020
row-00000690,1,0.65999273
row-00000691,0,0.48665570
row-00000692,1,0.66688483
row-00000693,1,0.39866445
row-00000694,0,0.14203995
row-00000695,1,0.70737224
row-00000696,0,0.42442442
row-00000697,0,0.10221369
row-00000698,0,0.22002700
row-00000699,0,0.57191455
row-00000700,1,0.72745243
row-00000701,0,0.54088427
row-00000702,0,0.32079664
row-00000703,0,0.05696383
row-00000704,1,0.64888539
row-00000705,1,0.95113545
row-00000706,0,0.05273637
row-00000707,0,0.53548670
row-00000708,0,0.76738926
row-00000709,0,0.41120439
row-00000710,0,0.36025494
row-00000711,0,0.12476674
row-00000712,0,0.55744625
row-00000713,1,0.22799394
row-00000714,0,0.26680073
row-00000715,0,0.13755420
row-00000716,0,0.17474546
row-00000717,0,0.11770099
row-00000718,1,0.49746844
row-00000719,0,0.32888800
row-00000720,0,0.14174282
row-00000721,0,0.26622313
row-00000722,1,0.88933845
row-00000723,0,0.46116132
row-00000724,0,0.13101822
row-00000725,1,0.41925346
row-00000726,0,0.35575574
row-00000727,1,0.63553033
row-00000728,0,0.29634427
row-00000729,0,0.42009632
row-00000730,0,0.09482935
row-00000731,1,0.48306798
row-00000732,1,0.84475926
row-00000733,0,0.14535300
row-00000734,0,0.28157260
row-00000735,0,0.43054113
row-00000736,0,0.22331702
row-00000737,1,0.89516174
row-00000738,1,0.43038594
row-00000739,1,0.58919871
row-00000740,0,0.21350295
row-00000741,0,0.17324934
row-00000742,0,0.32861400
row-00000743,1,0.79885290
row-00000744,0,0.26565723
row-00000745,0,0.24424467
row-00000746,0,0.41134428
row-00000747,0,0.10110364
row-00000748,1,0.87549511
row-00000749,0,0.26527977
row-00000750,0,0.18733287
row-00000751,0,0.31625493
row-00000752,0,0.45197328
row-00000753,0,0.56408738
row-00000754,0,0.18885371
row-00000755,1,0.76270290
row-00000756,0,0.25768253
row-00000757,1,0.56862592
row-00000758,1,0.75338882
row-00000759,0,0.39423465
row-00000760,0,0.35420032
row-00000761,1,0.80553744
row-00000762,1,0.66331762
row-00000763,1,0.66570508
row-00000764,1,0.81197589
row-00000765,0,0.48255068
row-00000766,0,0.32276454
row-00000767,0,0.15723019
row-00000768,1,0.95409091
row-00000769,1,0.90266877
row-00000770,0,0.03355152
row-00000771,1,0.31498115
row-00000772,0,0.17943255
row-00000773,0,0.48095241
row-00000774,1,0.85198922
row-00000775,0,0.29521063
row-00000776,1,0.86788152
row-00000777,0,0.26303916
row-00000778,0,0.31532404
row-00000779,0,0.15463345
row-00000780,0,0.57223132
row-00000781,0,0.40720416
row-00000782,1,0.91925574
row-00000783,1,0.65757753
row-00000784,0,0.41656789
row-00000785,0,0.12092618
row-00000786,0,0.31397957
row-00000787,0,0.28273951
row-00000788,0,0.10309271
row-00000789,1,0.76480123
row-00000790,0,0.29066328
row-00000791,0,0.60304537
row-00000792,0,0.05113299
row-00000793,0,0.23659708
row-00000794,0,0.63195117
row-00000795,1,0.70560033
row-00000796,0,0.37722436
row-00000797,1,0.69329240
row-00000798,0,0.20013189
row-00000799,1,0.88876591
row-00000800,0,0.54476373
row-00000801,0,0.03210928
row-00000802,0,0.46201988
row-00000803,0,0.48673727
row-00000804,0,0.62366292
row-00000805,0,0.04039743
row-00000806,0,0.14787125
row-00000807,1,0.76593147
row-00000808,1,0.95039523
row-00000809,0,0.26892888
row-00000810,0,0.39512247
row-00000811,1,0.60605774
row-00000812,0,0.32589354
row-00000813,1,0.57334251
row-00000814,0,0.29185039
row-00000815,0,0.10207828
row-00000816,0,0.10616266
row-00000817,1,0.74310260
row-00000818,0,0.14067656
row-00000819,0,0.54322811
row-00000820,1,0.67656672
row-00000821,1,0.80376566
row-00000822,1,0.63897308
row-00000823,1,0.86607688
row-00000824,1,0.56037808
row-00000825,1,0.53183548
row-00000826,0,0.15101098
row-00000827,0,0.48141041
row-00000828,0,0.23847679
row-00000829,0,0.25820892
row-00000830,1,0.81739090
row-00000831,0,0.08984911
row-00000832,0,0.15407900
row-00000833,1,0.96956821
row-00000834,0,0.11577600
row-00000835,1,0.80798677
row-00000836,0,0.03864901
row-00000837,0,0.22221211
row-00000838,1,0.73435605
row-00000839,0,0.21692688
row-00000840,0,0.26265396
row-00000841,1,0.83502101
row-00000842,1,0.70861073
row-00000843,0,0.28640853
row-00000844,1,0.74856160
row-00000845,0,0.14634367
row-00000846,0,0.32085846
row-00000847,0,0.11027658
row-00000848,0,0.31659130
row-00000849,1,0.73936797
row-00000850,0,0.43217637
row-00000851,0,0.11825214
row-00000852,0,0.39097369
row-00000853,0,0.39594003
row-00000854,0,0.27420963
row-00000855,0,0.02667593
row-00000856,1,0.54932750
row-00000857,1,0.44564487
row-00000858,1,0.69909955
row-00000859,1,0.54023915
row-00000860,0,0.02700332
row-00000861,0,0.14936019
row-00000862,0,0.27418139
row-00000863,0,0.37913811
row-00000864,0,0.17791364
row-00000865,1,0.72128835
row-00000866,0,0.26316788
row-00000867,1,0.56116137
row-00000868,0,0.46235072
row-00000869,0,0.29121957
row-00000870,0,0.07581759
row-00000871,0,0.34739035
row-00000872,0,0.39299398
row-00000873,1,0.87134890
row-00000874,1,0.73916983
row-00000875,1,0.89633043
row-00000876,0,0.04314595
row-00000877,1,0.56493924
row-00000878,0,0.28810607
row-00000879,0,0.19591181
row-00000880,0,0.19595787
row-00000881,1,0.74385213
row-00000882,0,0.40113606
row-00000883,0,0.20177077
row-00000884,1,0.84939238
row-00000885,0,0.68322958
row-00000886,1,0.82944891
row-00000887,0,0.62895118
row-00000888,1,0.70021424
row-00000889,0,0.18609923
row-00000890,0,0.21099985
row-00000891,1,0.24616263
row-00000892,0,0.35046343
row-00000893,0,0.50894985
row-00000894,1,0.93330884
row-00000895,0,0.33369249
row-00000896,0,0.18247193
row-00000897,0,0.23961336
row-00000898,0,0.34248052
row-00000899,0,0.56924997
row-00000900,0,0.59815410
row-00000901,0,0.11774388
row-00000902,1,0.72929306
row-00000903,0,0.40498141
row-00000904,1,0.49410114
row-00000905,1,0.71128066
row-00000906,1,0.79196993
row-00000907,0,0.18305385
row-00000908,1,0.62884030
row-00000909,1,0.96999148
row-00000910,1,0.85728037
row-00000911,0,0.69871270
row-00000912,0,0.15491724
row-00000913,0,0.19966407
row-00000914,0,0.16120755
row-00000915,1,0.54013443
row-00000916,0,0.13879162
row-00000917,1,0.76716128
row-00000918,0,0.11092103
row-00000919,0,0.09413975
row-00000920,0,0.50542990
row-00000921,1,0.38613082
row-00000922,0,0.41398227
row-00000923,0,0.67297534
row-00000924,1,0.79021483
row-00000925,0,0.07754451
row-00000926,0,0.17831149
row-00000927,1,0.89090247
row-00000928,1,0.95324903
row-00000929,0,0.25495465
row-00000930,0,0.13024848
row-00000931,0,0.12958661
row-00000932,0,0.57038386
row-00000933,1,0.62581166
row-00000934,0,0.20895892
row-00000935,0,0.43930425
row-00000936,0,0.63678479
row-00000937,1,0.92058444
row-00000938,0,0.42250399
row-00000939,0,0.64891328
row-00000940,1,0.81833745
row-00000941,0,0.63986974
row-00000942,0,0.39231716
row-00000943,1,0.76238937
row-00000944,0,0.33835076
row-00000945,0,0.37468637
row-00000946,0,0.29685523
row-00000947,0,0.22178050
row-00000948,0,0.53616104
row-00000949,1,0.91441372
row-00000950,0,0.44736735
row-00000951,0,0.36915272
row-00000952,1,0.57505637
row-00000953,0,0.24967131
row-00000954,0,0.53502628
row-00000955,0,0.24500447
row-00000956,1,0.73098581
row-00000957,1,0.77165530
row-00000958,0,0.21647657
row-00000959,0,0.08744794
row-00000960,0,0.31240950
row-00000961,0,0.44482837
row-00000962,0,0.10618221
row-00000963,0,0.03135408
row-00000964,0,0.68977911
row-00000965,0,0.18510527
row-00000966,0,0.31356841
row-00000967,0,0.01724679
row-00000968,1,0.91312229
row-00000969,0,0.16383585
row-00000970,0,0.16249140
row-00000971,0,0.20764440
row-00000972,0,0.37444698
row-00000973,1,0.84174763
row-00000974,0,0.15643422
row-00000975,0,0.14620225
row-00000976,0,0.51804559
row-00000977,0,0.36663929
row-00000978,0,0.23603525
row-00000979,0,0.31435285
row-00000980,0,0.13908924
row-00000981,1,0.63968403
row-00000982,1,0.85139615
row-00000983,0,0.25298465
row-00000984,0,0.12658669
row-00000985,0,0.14838466
row-00000986,1,0.57769625
row-00000987,0,0.08465183
row-00000988,0,0.09056438
row-00000989,1,0.67725280
row-00000990,1,0.51226371
row-00000991,0,0.19356639
row-00000992,0,0.42929786
row-00000993,0,0.44872183
row-00000994,0,0.08504174
row-00000995,0,0.19642955
row-00000996,0,0.38168693
row-00000997,0,0.39474580
row-00000998,0,0.17902882
row-00000999,0,0.27713926
row-00001000,0,0.31910418
row-00001001,1,0.42160523
row-00001002,0,0.60461577
row-00001003,0,0.46727606
row-00001004,0,0.13957655
row-00001005,1,0.78077945
row-00001006,0,0.48587550
row-00001007,0,0.37276875
row-00001008,0,0.42515593
row-00001009,1,0.85328040
row-00001010,1,0.65163702
row-00001011,1,0.81536259
row-00001012,0,0.42150928
row-00001013,1,0.62533476
row-00001014,1,0.99281072
row-00001015,0,0.06497443
row-00001016,0,0.13334997
row-00001017,1,0.80768066
row-00001018,0,0.20523308
row-00001019,0,0.34213596
row-00001020,0,0.08132508
row-00001021,1,0.74686247
row-00001022,0,0.43726026
row-00001023,1,0.50533619
row-00001024,0,0.26204437
row-00001025,0,0.37151622
row-00001026,1,0.82593670
row-00001027,0,0.33403264
row-00001028,0,0.54728044
row-00001029,0,0.36993275
row-00001030,0,0.04773896
row-00001031,0,0.57341059
row-00001032,0,0.10051437
row-00001033,0,0.27900837
row-00001034,1,0.61335937
row-00001035,0,0.36883121
row-00001036,0,0.09535001
row-00001037,0,0.43043974
row-00001038,1,0.73609840
row-00001039,0,0.04431115
row-00001040,0,0.18378907
row-00001041,0,0.53678848
row-00001042,0,0.37432341
row-00001043,0,0.16590987
row-00001044,0,0.46424352
row-00001045,0,0.12670959
row-00001046,0,0.16977771
row-00001047,0,0.18356668
row-00001048,0,0.29317627
row-00001049,0,0.23785245
row-00001050,0,0.17653192
row-00001051,0,0.20446168
row-00001052,0,0.07568437
row-00001053,1,0.89799792
row-00001054,1,0.79144451
row-00001055,1,0.90372937
row-00001056,0,0.41621322
row-00001057,0,0.45092098
row-00001058,1,0.69862992
row-00001059,0,0.54672607
row-00001060,0,0.21387141
row-00001061,0,0.64267197
row-00001062,1,0.70336383
row-00001063,0,0.34880995
row-00001064,0,0.18700064
row-00001065,0,0.10136488
row-00001066,1,0.78178372
row-00001067,0,0.34660323
row-00001068,0,0.20522182
row-00001069,0,0.38859630
row-00001070,1,0.36898555
row-00001071,0,0.04510266
row-00001072,1,0.54367127
row-00001073,0,0.23125517
row-00001074,0,0.24121356
row-00001075,0,0.09604284
row-00001076,0,0.35466346
row-00001077,1,0.73942956
row-00001078,0,0.18571993
row-00001079,0,0.33519757
row-00001080,1,0.94152644
row-00001081,0,0.46728434
row-00001082,1,0.70521581
row-00001083,0,0.33085609
row-00001084,1,0.67688087
row-00001085,1,0.91529091
row-00001086,0,0.28846677
row-00001087,1,0.75035416
row-00001088,0,0.41473766
row-00001089,1,0.73719155
row-00001090,0,0.10780245
row-00001091,1,0.88127665
row-00001092,1,0.61850731
row-00001093,0,0.15037464
row-00001094,0,0.42605965
row-00001095,0,0.14036058
row-00001096,0,0.49430909
row-00001097,0,0.03552225
row-00001098,0,0.59256223
row-00001099,1,0.92683865
row-00001100,1,0.74290558
row-00001101,0,0.13530585
row-00001102,0,0.07263067
row-00001103,1,0.77461972
row-00001104,0,0.11623535
row-00001105,1,0.81122265
row-00001106,0,0.36954658
row-00001107,1,0.58378760
row-00001108,0,0.53822103
row-00001109,1,0.86300997
row-00001110,1,0.44048584
row-00001111,1,0.91247597
row-00001112,0,0.20559414
row-00001113,0,0.18470722
row-00001114,0,0.25762720
row-00001115,0,0.11282650
row-00001116,1,0.58553348
row-00001117,0,0.02539088
row-00001118,0,0.30663966
row-00001119,0,0.44277997
row-00001120,0,0.74115282
row-00001121,0,0.10957258
row-00001122,0,0.44901011
row-00001123,0,0.18028882
row-00001124,1,0.93761671
row-00001125,0,0.09546380
row-00001126,0,0.46264017
row-00001127,1,0.81970895
row-00001128,0,0.23038741
row-00001129,0,0.26958944
row-00001130,0,0.40648763
row-00001131,0,0.41608824
row-00001132,1,0.84234179
row-00001133,0,0.28305824
row-00001134,0,0.46884300
row-00001135,0,0.38861435
row-00001136,0,0.62466867
row-00001137,1,0.41503023
row-00001138,0,0.31557029
row-00001139,0,0.36922149
row-00001140,0,0.20767672
row-00001141,0,0.38955810
row-00001142,1,0.84389592
row-00001143,1,0.59878713
row-00001144,1,0.40693109
row-00001145,1,0.97138913
row-00001146,1,0.96337030
row-00001147,0,0.20807367
row-00001148,0,0.46613422
row-00001149,0,0.36319443
row-00001150,0,0.46551452
row-00001151,0,0.42767163
row-00001152,0,0.12424635
row-00001153,0,0.55361851
row-00001154,1,0.75017742
row-00001155,1,0.74942084
row-00001156,0,0.15638002
row-00001157,0,0.10851493
row-00001158,0,0.58303498
row-00001159,0,0.36878236
row-00001160,0,0.25948771
row-00001161,1,0.81142384
row-00001162,0,0.05492891
row-00001163,1,0.83232535
row-00001164,1,0.83846894
row-00001165,0,0.06539557
row-00001166,0,0.36060832
row-00001167,0,0.19058883
row-00001168,0,0.18437298
row-00001169,0,0.21518276
row-00001170,0,0.36921847
row-00001171,0,0.56318296
row-00001172,0,0.06544092
row-00001173,0,0.31985616
row-00001174,0,0.21482642
row-00001175,0,0.21105684
row-00001176,0,0.15379491
row-00001177,1,0.52071319
row-00001178,0,0.36498947
row-00001179,1,0.32792834
row-00001180,0,0.20457647
row-00001181,0,0.52627921
row-00001182,1,0.58838544
row-00001183,1,0.49052172
row-00001184,1,0.71680245
row-00001185,0,0.51759125
row-00001186,0,0.08498377
row-00001187,0,0.17763910
row-00001188,0,0.52909538
row-00001189,0,0.12609493
row-00001190,0,0.50877155
row-00001191,0,0.31274415
row-00001192,0,0.20704386
row-00001193,0,0.59565674
row-00001194,0,0.26718467
row-00001195,0,0.27301218
row-00001196,1,0.96036659
row-00001197,0,0.19062878
row-00001198,0,0.14466531
row-00001199,0,0.74336788
row-00001200,0,0.49818930
row-00001201,1,0.84971686
row-00001202,1,0.88719862
row-00001203,0,0.18844419
row-00001204,0,0.05642074
row-00001205,0,0.12328457
row-00001206,1,0.92737453
row-00001207,0,0.36210139
row-00001208,0,0.35182866
row-00001209,0,0.26089258
row-00001210,0,0.55553572
row-00001211,0,0.28785593
row-00001212,0,0.19932658
row-00001213,0,0.23499778
row-00001214,1,0.80705891
row-00001215,0,0.06879666
row-00001216,0,0.39916629
row-00001217,0,0.23896970
row-00001218,1,0.32065680
row-00001219,1,0.57105961
row-00001220,0,0.24424012
row-00001221,0,0.27942775
row-00001222,0,0.05856564
row-00001223,0,0.50609318
row-00001224,0,0.28018346
row-00001225,0,0.31458892
row-00001226,0,0.25794613
row-00001227,0,0.75270523
row-00001228,0,0.36365547
row-00001229,1,0.76303796
row-00001230,0,0.40060399
row-00001231,0,0.16493409
row-00001232,0,0.04086742
row-00001233,0,0.16137331
row-00001234,0,0.38344873
row-00001235,1,0.45694677
row-00001236,1,0.72152823
row-00001237,1,0.70333725
row-00001238,1,0.84141677
row-00001239,0,0.28401586
row-00001240,0,0.26602282
row-00001241,0,0.50239067
row-00001242,0,0.19326627
row-00001243,0,0.16810330
row-00001244,1,0.67399319
row-00001245,0,0.61284605
row-00001246,0,0.29968831
row-00001247,0,0.02745285
row-00001248,0,0.19114300
row-00001249,0,0.29716473
row-00001250,0,0.11278015
row-00001251,1,0.79360465
row-00001252,0,0.09179111
row-00001253,0,0.53131519
row-00001254,1,0.93620062
row-00001255,1,0.83929202
row-00001256,0,0.28216063
row-00001257,0,0.25298188
row-00001258,0,0.58452287
row-00001259,0,0.28279108
row-00001260,0,0.04256896
row-00001261,0,0.58327743
row-00001262,1,0.83232986
row-00001263,0,0.20071967
row-00001264,0,0.19503148
row-00001265,1,0.84216415
row-00001266,0,0.45161919
row-00001267,0,0.32223246
row-00001268,0,0.30534719
row-00001269,0,0.13957505
row-00001270,1,0.72001351
row-00001271,0,0.20725978
row-00001272,1,0.90809402
row-00001273,0,0.45989934
row-00001274,0,0.17385401
row-00001275,0,0.29258924
row-00001276,0,0.08399186
row-00001277,0,0.20473013
row-00001278,0,0.40074110
row-00001279,0,0.09888438
row-00001280,0,0.44644576
row-00001281,1,0.70791301
row-00001282,0,0.09056722
row-00001283,0,0.29458533
row-00001284,0,0.22329384
row-00001285,1,0.72806222
row-00001286,0,0.50249735
row-00001287,0,0.55565034
row-00001288,0,0.12117774
row-00001289,1,0.69435256
row-00001290,0,0.54206141
row-00001291,0,0.11776449
row-00001292,0,0.12930962
row-00001293,1,0.86575558
row-00001294,0,0.02740710
row-00001295,0,0.09747999
row-00001296,0,0.32029571
row-00001297,0,0.17381696
row-00001298,0,0.26792595
row-00001299,1,0.73910950
row-00001300,0,0.10934292
row-00001301,0,0.47761532
row-00001302,0,0.19508901
row-00001303,0,0.27282939
row-00001304,0,0.03285220
row-00001305,0,0.38726139
row-00001306,0,0.29820201
row-00001307,1,0.77353513
row-00001308,0,0.53199415
row-00001309,0,0.26374863
row-00001310,0,0.29195077
row-00001311,0,0.06980400
row-00001312,0,0.16555934
row-00001313,0,0.15855635
row-00001314,0,0.24468144
row-00001315,1,0.88503378
row-00001316,1,0.83558634
row-00001317,0,0.44017841
row-00001318,0,0.59699043
row-00001319,0,0.10658062
row-00001320,1,0.68057507
row-00001321,0,0.22557565
row-00001322,0,0.12591218
row-00001323,0,0.32652591
row-00001324,0,0.23820021
row-00001325,0,0.23882681
row-00001326,0,0.11660309
row-00001327,0,0.40235044
row-00001328,0,0.20990099
row-00001329,1,0.61326125
row-00001330,0,0.68629144
row-00001331,0,0.37815037
row-00001332,1,0.73038554
row-00001333,0,0.01356043
row-00001334,0,0.24408525
row-00001335,1,0.45039203
row-00001336,1,0.89631585
row-00001337,0,0.49591260
row-00001338,0,0.13948402
row-00001339,0,0.40463538
row-00001340,0,0.44240367
row-00001341,0,0.30336528
row-00001342,1,0.80265608
row-00001343,0,0.14161086
row-00001344,0,0.01884138
row-00001345,1,0.75198764
row-00001346,0,0.30888156
row-00001347,0,0.12818760
row-00001348,1,0.66130961
row-00001349,0,0.45976782
row-00001350,0,0.10863039
row-00001351,1,0.63418492
row-00001352,0,0.27955399
row-00001353,0,0.76084403
row-00001354,1,0.76106074
row-00001355,1,0.72289630
row-00001356,0,0.42885070
row-00001357,0,0.17377403
row-00001358,0,0.17475554
row-00001359,0,0.18923828
row-00001360,0,0.38093456
row-00001361,0,0.40597469
row-00001362,0,0.35924867
row-00001363,0,0.44033171
row-00001364,0,0.27290954
row-00001365,0,0.56615146
row-00001366,1,0.68347249
row-00001367,1,0.88892113
row-00001368,0,0.31321762
row-00001369,0,0.39564616
row-00001370,1,0.78423142
row-00001371,0,0.46137837
row-00001372,0,0.43513303
row-00001373,1,0.93478641
row-00001374,0,0.13041618
row-00001375,0,0.65899128
row-00001376,0,0.55919679
row-00001377,0,0.17388512
row-00001378,0,0.15469996
row-00001379,1,0.72496495
row-00001380,0,0.30162048
row-00001381,0,0.19753237
row-00001382,0,0.11572804
row-00001383,0,0.46285700
row-00001384,0,0.54229005
row-00001385,0,0.14100371
row-00001386,1,0.59265466
row-00001387,0,0.30229832
row-00001388,0,0.15160180
row-00001389,1,0.50640212
row-00001390,1,0.46480262
row-00001391,0,0.65122757
row-00001392,1,0.70942306
row-00001393,0,0.15014843
row-00001394,1,0.66502158
row-00001395,0,0.12022452
row-00001396,1,0.69375224
row-00001397,1,0.81079116
row-00001398,0,0.61974703
row-00001399,0,0.07240266
row-00001400,0,0.24460899
row-00001401,0,0.08461349
row-00001402,0,0.33329578
row-00001403,0,0.08564815
row-00001404,0,0.34544317
row-00001405,1,0.56869198
row-00001406,1,0.87451795
row-00001407,0,0.20963747
row-00001408,0,0.15929113
row-00001409,0,0.31694608
row-00001410,1,0.84355185
row-00001411,1,0.64360705
row-00001412,1,0.81941007
row-00001413,1,0.93878990
row-00001414,0,0.11938272
row-00001415,0,0.15821062
row-00001416,0,0.48779609
row-00001417,0,0.44149065
row-00001418,0,0.28792781
row-00001419,0,0.22073078
row-00001420,0,0.31177714
row-00001421,0,0.22525221
row-00001422,0,0.27077790
row-00001423,0,0.15891150
row-00001424,0,0.34748843
row-00001425,1,0.54040630
row-00001426,0,0.43149818
row-00001427,1,0.84408015
row-00001428,0,0.60371344
row-00001429,0,0.07979085
row-00001430,0,0.29403600
row-00001431,0,0.22458458
row-00001432,1,0.97975891
row-00001433,0,0.50761359
row-00001434,1,0.71308261
row-00001435,1,0.66346114
row-00001436,1,0.63667395
row-00001437,1,0.71423282
row-00001438,1,0.76813924
row-00001439,0,0.23597649
row-00001440,0,0.06070054
row-00001441,0,0.27096058
row-00001442,0,0.26516068
row-00001443,0,0.26126236
row-00001444,1,0.30736672
row-00001445,0,0.04355499
row-00001446,0,0.51664629
row-00001447,1,0.76564213
row-00001448,0,0.16034749
row-00001449,1,0.54394365
row-00001450,0,0.18692094
row-00001451,0,0.33487329
row-00001452,1,0.50053775
row-00001453,0,0.22113125
row-00001454,1,0.74586709
row-00001455,0,0.09899191
row-00001456,0,0.53711817
row-00001457,0,0.16412298
row-00001458,0,0.12657378
row-00001459,0,0.30225730
row-00001460,0,0.48033907
row-00001461,1,0.84806076
row-00001462,0,0.21552474
row-00001463,1,0.85696664
row-00001464,0,0.31300535
row-00001465,1,0.82373206
row-00001466,1,0.50820970
row-00001467,1,0.93752411
row-00001468,1,0.74232820
row-00001469,0,0.13139673
row-00001470,0,0.35341656
row-00001471,0,0.05160946
row-00001472,0,0.43134795
row-00001473,0,0.24202645
row-00001474,0,0.25502698
row-00001475,1,0.75436810
row-00001476,1,0.80768158
row-00001477,1,0.53695004
row-00001478,0,0.09169559
row-00001479,1,0.58154725
row-00001480,0,0.36185500
row-00001481,0,0.28797915
row-00001482,1,0.55819866
row-00001483,1,0.84747126
row-00001484,1,0.73764432
row-00001485,1,0.84307751
row-00001486,0,0.15695780
row-00001487,1,0.62965373
row-00001488,0,0.19290408
row-00001489,0,0.25314045
row-00001490,0,0.42706169
row-00001491,0,0.26289170
row-00001492,0,0.40322742
row-00001493,1,0.89686757
row-00001494,0,0.15553233
row-00001495,1,0.49540977
row-00001496,1,0.52968779
row-00001497,0,0.22250887
row-00001498,0,0.09284705
row-00001499,0,0.44847516
row-00001500,1,0.81201792
row-00001501,1,0.68825286
row-00001502,1,0.91448991
row-00001503,0,0.25439257
row-00001504,1,0.84602281
row-00001505,1,0.48653698
row-00001506,1,0.58255033
row-00001507,0,0.46472707
row-00001508,0,0.38846900
row-00001509,1,0.42709821
row-00001510,1,0.96455124
row-00001511,0,0.13313880
row-00001512,1,0.83593103
row-00001513,1,0.85755949
row-00001514,1,0.69628293
row-00001515,0,0.21677702
row-00001516,0,0.39769408
row-00001517,0,0.02282556
row-00001518,0,0.17638577
row-00001519,0,0.17519003
row-00001520,1,0.68611279
row-00001521,0,0.51242287
row-00001522,1,0.85510194
row-00001523,0,0.07257084
row-00001524,1,0.71044687
row-00001525,1,0.72699989
row-00001526,0,0.23115777
row-00001527,0,0.33425450
row-00001528,1,0.73490800
row-00001529,0,0.61543737
row-00001530,0,0.05855707
row-00001531,0,0.13437589
row-00001532,0,0.06298315
row-00001533,0,0.12117476
row-00001534,1,0.94959506
row-00001535,0,0.21523554
row-00001536,0,0.57330026
row-00001537,0,0.37432454
row-00001538,0,0.26534027
row-00001539,1,0.58580724
row-00001540,0,0.41399081
row-00001541,0,0.22581694
row-00001542,1,0.94825601
row-00001543,0,0.19785915
row-00001544,1,0.37071411
row-00001545,0,0.23539519
row-00001546,0,0.46932782
row-00001547,0,0.19298497
row-00001548,1,0.95651253
row-00001549,0,0.27673528
row-00001550,0,0.11458722
row-00001551,0,0.24220139
row-00001552,0,0.07314093
row-00001553,0,0.12772760
row-00001554,0,0.10136942
row-00001555,0,0.41799909
row-00001556,1,0.68931237
row-00001557,0,0.14958698
row-00001558,1,0.72914090
row-00001559,0,0.24963272
row-00001560,0,0.25207698
row-00001561,1,0.53503127
row-00001562,0,0.33848475
row-00001563,0,0.21114031
row-00001564,0,0.15421420
row-00001565,1,0.63991270
row-00001566,1,0.73374246
row-00001567,0,0.37225569
row-00001568,1,0.70999793
row-00001569,0,0.23027617
row-00001570,0,0.36124278
row-00001571,0,0.11828171
row-00001572,1,0.62144980
row-00001573,0,0.06057430
row-00001574,0,0.37812742
row-00001575,0,0.32307076
row-00001576,0,0.13502333
row-00001577,0,0.23109133
row-00001578,1,0.76579808
row-00001579,1,0.47279714
row-00001580,0,0.17398148
row-00001581,1,0.78811319
row-00001582,0,0.22977947
row-00001583,0,0.16977517
row-00001584,0,0.26462214
row-00001585,0,0.30704094
row-00001586,0,0.40883961
row-00001587,1,0.78998304
row-00001588,0,0.11473334
row-00001589,0,0.45116163
row-00001590,0,0.20926996
row-00001591,0,0.58985405
row-00001592,0,0.27921861
row-00001593,0,0.45985415
row-00001594,0,0.18493299
row-00001595,0,0.18400565
row-00001596,1,0.76790037
row-00001597,0,0.67106167
row-00001598,0,0.48263914
row-00001599,1,0.60300374
row-00001600,1,0.76205114
row-00001601,0,0.19213375
row-00001602,0,0.61430239
row-00001603,0,0.14212256
row-00001604,0,0.27883565
row-00001605,0,0.13430027
row-00001606,1,0.75049480
row-00001607,0,0.39279384
row-00001608,1,0.64801872
row-00001609,0,0.35851967
row-00001610,0,0.05073509
row-00001611,0,0.73216673
row-00001612,0,0.27492304
row-00001613,0,0.38220525
row-00001614,1,0.68870154
row-00001615,0,0.19765676
row-00001616,0,0.54928587
row-00001617,1,0.90207877
row-00001618,0,0.20426447
row-00001619,1,0.72238867
row-00001620,0,0.37224267
row-00001621,0,0.26429442
row-00001622,0,0.21793956
row-00001623,1,0.62525699
row-00001624,0,0.30552048
row-00001625,1,0.59217174
row-00001626,0,0.31388215
row-00001627,0,0.07524522
row-00001628,0,0.19910978
row-00001629,0,0.17911212
row-00001630,0,0.09816580
row-00001631,1,0.47287395
row-00001632,0,0.01776623
row-00001633,1,0.79548810
row-00001634,1,0.66098514
row-00001635,0,0.44591409
row-00001636,1,0.40396489
row-00001637,1,0.66202389
row-00001638,1,0.72826347
row-00001639,0,0.18601677
row-00001640,0,0.54908767
row-00001641,1,0.95669277
row-00001642,0,0.58062564
row-00001643,1,0.82751199
row-00001644,1,0.65596908
row-00001645,1,0.75115538
row-00001646,1,0.53341652
row-00001647,0,0.44592258
row-00001648,1,0.72549891
row-00001649,0,0.24110179
row-00001650,1,0.78611863
row-00001651,0,0.25007975
row-00001652,1,0.80374510
row-00001653,1,0.90827367
row-00001654,1,0.86554674
row-00001655,1,0.93501439
row-00001656,0,0.34325118
row-00001657,1,0.66612488
row-00001658,0,0.07257830
row-00001659,0,0.20370417
row-00001660,1,0.62123542
row-00001661,1,0.77412177
row-00001662,1,0.79317574
row-00001663,0,0.19852431
row-00001664,0,0.42192046
row-00001665,0,0.20418922
row-00001666,1,0.82703910
row-00001667,0,0.21515406
row-00001668,1,0.80212395
row-00001669,0,0.18615016
row-00001670,0,0.25931739
row-00001671,0,0.06989290
row-00001672,1,0.83996611
row-00001673,1,0.52223456
row-00001674,1,0.60966331
row-00001675,0,0.17008052
row-00001676,0,0.42565487
row-00001677,0,0.42629136
row-00001678,0,0.14198952
row-00001679,0,0.44309056
row-00001680,0,0.21875154
row-00001681,0,0.30380381
row-00001682,0,0.48409576
row-00001683,1,0.82634393
row-00001684,0,0.06955044
row-00001685,0,0.16025545
row-00001686,0,0.22425612
row-00001687,0,0.64613268
row-00001688,0,0.30473011
row-00001689,0,0.21119787
row-00001690,0,0.52723707
row-00001691,1,0.68616147
row-00001692,1,0.55668932
row-00001693,1,0.86895550
row-00001694,1,0.75307922
row-00001695,0,0.19434822
row-00001696,0,0.19150527
row-00001697,0,0.19688270
row-00001698,0,0.65028737
row-00001699,0,0.13703800
row-00001700,0,0.23820475
row-00001701,1,0.90686465
row-00001702,0,0.24245068
row-00001703,0,0.15897829
row-00001704,0,0.42254599
row-00001705,1,0.86986660
row-00001706,0,0.25552413
row-00001707,0,0.51199717
row-00001708,0,0.57721791
row-00001709,0,0.19510740
row-00001710,0,0.44818713
row-00001711,0,0.52806267
row-00001712,1,0.72846197
row-00001713,1,0.53306587
row-00001714,0,0.53284956
row-00001715,0,0.07000780
row-00001716,0,0.18574507
row-00001717,1,0.67243534
row-00001718,0,0.21943594
row-00001719,0,0.08382384
row-00001720,1,0.58849757
row-00001721,0,0.42677414
row-00001722,0,0.42293456
row-00001723,0,0.09905582
row-00001724,0,0.18700195
row-00001725,0,0.09522783
row-00001726,0,0.43623578
row-00001727,0,0.37453283
row-00001728,1,0.56047470
row-00001729,0,0.27294563
row-00001730,1,0.51041735
row-00001731,0,0.46980392
row-00001732,1,0.63080791
row-00001733,0,0.24724045
row-00001734,0,0.31420199
row-00001735,0,0.31095863
row-00001736,0,0.19347014
row-00001737,0,0.31876387
row-00001738,1,0.69910431
row-00001739,0,0.05952112
row-00001740,0,0.06580129
row-00001741,0,0.19916413
row-00001742,0,0.10733075
row-00001743,1,0.59252148
row-00001744,1,0.80554264
row-00001745,0,0.28048652
row-00001746,0,0.28185019
row-00001747,1,0.81234914
row-00001748,0,0.13765552
row-00001749,0,0.22211708
row-00001750,0,0.21596615
row-00001751,1,0.82075944
row-00001752,1,0.70088178
row-00001753,0,0.26720363
row-00001754,1,0.61832963
row-00001755,0,0.04609586
row-00001756,0,0.39313854
row-00001757,1,0.50153910
row-00001758,0,0.11551054
row-00001759,0,0.33700345
row-00001760,0,0.32611497
row-00001761,0,0.65135925
row-00001762,0,0.20797337
row-00001763,0,0.06948594
row-00001764,0,0.28751264
row-00001765,0,0.39422051
row-00001766,0,0.10277415
row-00001767,1,0.72622469
row-00001768,0,0.41591294
row-00001769,0,0.69041208
row-00001770,1,0.90902988
row-00001771,1,0.93614964
row-00001772,0,0.18286784
row-00001773,1,0.79197145
row-00001774,0,0.53463402
row-00001775,0,0.47933958
row-00001776,0,0.34500600
row-00001777,1,0.85586402
row-00001778,1,0.84855803
row-00001779,0,0.43597937
row-00001780,1,0.53535928
row-00001781,0,0.16109385
row-00001782,1,0.79681016
row-00001783,1,0.70585137
row-00001784,1,0.69832230
row-00001785,0,0.29956753
row-00001786,1,0.86736904
row-00001787,0,0.23105352
row-00001788,0,0.57450441
row-00001789,1,0.86988193
row-00001790,1,0.87435157
row-00001791,0,0.25048294
row-00001792,0,0.29638515
row-00001793,0,0.11421900
row-00001794,1,0.81974061
row-00001795,1,0.68631472
row-00001796,0,0.30659196
row-00001797,0,0.43292769
row-00001798,0,0.64517202
row-00001799,0,0.10620413
row-00001800,1,0.72098661
row-00001801,1,0.88797625
row-00001802,0,0.07848257
row-00001803,0,0.23440620
row-00001804,0,0.09489261
row-00001805,0,0.16001159
row-00001806,0,0.19217576
row-00001807,0,0.08526627
row-00001808,0,0.36423849
row-00001809,0,0.26798303
row-00001810,0,0.24456172
row-00001811,1,0.70327940
row-00001812,1,0.79254369
row-00001813,0,0.49694060
row-00001814,0,0.30155690
row-00001815,0,0.13289427
row-00001816,0,0.33316957
row-00001817,0,0.30766798
row-00001818,0,0.47176809
row-00001819,0,0.13391014
row-00001820,0,0.20306076
row-00001821,0,0.31750069
row-00001822,0,0.15557014
row-00001823,0,0.14660600
row-00001824,0,0.06385492
row-00001825,1,0.46594822
row-00001826,1,0.72698623
row-00001827,1,0.21315796
row-00001828,0,0.06903580
row-00001829,0,0.17648780
row-00001830,0,0.07848216
row-00001831,0,0.34961055
row-00001832,0,0.22915567
row-00001833,0,0.08950537
row-00001834,0,0.44524160
row-00001835,1,0.68276038
row-00001836,0,0.60948257
row-00001837,0,0.34699803
row-00001838,0,0.20198619
row-00001839,1,0.97702813
row-00001840,1,0.57215020
row-00001841,0,0.09522111
row-00001842,0,0.27627595
row-00001843,0,0.04420495
row-00001844,0,0.13135466
row-00001845,0,0.16971153
row-00001846,0,0.08027710
row-00001847,1,0.77488742
row-00001848,0,0.24873063
row-00001849,0,0.49292023
row-00001850,0,0.27751707
row-00001851,1,0.75462431
row-00001852,0,0.31090744
row-00001853,0,0.18586292
row-00001854,0,0.46358094
row-00001855,0,0.05988140
row-00001856,0,0.41301625
row-00001857,1,0.81205665
row-00001858,0,0.30009290
row-00001859,0,0.05267524
row-00001860,0,0.03943921
row-00001861,0,0.38227362
row-00001862,0,0.25131127
row-00001863,1,0.91303622
row-00001864,0,0.25229935
row-00001865,0,0.11955527
row-00001866,0,0.11254007
row-00001867,1,0.82348586
row-00001868,0,0.59255182
row-00001869,0,0.23191314
row-00001870,0,0.43932871
row-00001871,1,0.90333378
row-00001872,0,0.26875067
row-00001873,0,0.68701472
row-00001874,0,0.35918391
row-00001875,0,0.20458829
row-00001876,0,0.05183653
row-00001877,0,0.04666874
row-00001878,0,0.35828933
row-00001879,0,0.46562396
row-00001880,1,0.40899752
row-00001881,0,0.22344245
row-00001882,0,0.13420284
row-00001883,0,0.29927676
row-00001884,1,0.85477557
row-00001885,1,0.57626580
row-00001886,0,0.22407032
row-00001887,0,0.47996011
row-00001888,1,0.65886159
row-00001889,0,0.61213085
row-00001890,0,0.13657396
row-00001891,0,0.06547866
row-00001892,0,0.07779282
row-00001893,0,0.34485388
row-00001894,0,0.44841147
row-00001895,1,0.66729567
row-00001896,1,0.76884141
row-00001897,0,0.27594113
row-00001898,0,0.08266479
row-00001899,0,0.11857405
row-00001900,0,0.48115100
row-00001901,0,0.31139322
row-00001902,0,0.14543394
row-00001903,1,0.82162942
row-00001904,1,0.48576718
row-00001905,0,0.21212825
row-00001906,0,0.07465932
row-00001907,1,0.85846237
row-00001908,0,0.42245659
row-00001909,0,0.15089667
row-00001910,0,0.36288666
row-00001911,0,0.33955801
row-00001912,0,0.11081583
row-00001913,0,0.31883767
row-00001914,1,0.84379840
row-00001915,0,0.25397400
row-00001916,0,0.26857298
row-00001917,0,0.09447528
row-00001918,0,0.57401478
row-00001919,1,0.39126691
row-00001920,0,0.60526789
row-00001921,1,0.72191547
row-00001922,0,0.06981364
row-00001923,0,0.07719061
row-00001924,0,0.27350875
row-00001925,1,0.84628657
row-00001926,0,0.15066362
row-00001927,1,0.84373495
row-00001928,0,0.50490059
row-00001929,0,0.28511011
row-00001930,0,0.05939190
row-00001931,0,0.25675978
row-00001932,0,0.18920165
row-00001933,0,0.18438410
row-00001934,0,0.14959751
row-00001935,0,0.42046984
row-00001936,0,0.15079635
row-00001937,1,0.74650035
row-00001938,0,0.03267515
row-00001939,0,0.65313608
row-00001940,0,0.16161942
row-00001941,0,0.36361137
row-00001942,0,0.09145907
row-00001943,0,0.05935488
row-00001944,0,0.10018709
row-00001945,1,0.87481058
row-00001946,0,0.16982985
row-00001947,0,0.14621405
row-00001948,0,0.27610447
row-00001949,0,0.05706103
row-00001950,0,0.49254592
row-00001951,0,0.06377036
row-00001952,0,0.22255819
row-00001953,1,0.87184230
row-00001954,0,0.26384160
row-00001955,0,0.05347165
row-00001956,0,0.07157700
row-00001957,0,0.39403981
row-00001958,1,0.65777918
row-00001959,0,0.05166399
row-00001960,0,0.24635326
row-00001961,0,0.38766618
row-00001962,1,0.66194197
row-00001963,1,0.89929070
row-00001964,0,0.39836404
row-00001965,1,0.46685822
row-00001966,0,0.42496027
row-00001967,1,0.74022119
row-00001968,0,0.27254317
row-00001969,0,0.30025999
row-00001970,0,0.31701352
row-00001971,1,0.98321924
row-00001972,0,0.17508366
row-00001973,1,0.50357472
row-00001974,0,0.08919719
row-00001975,0,0.33075870
row-00001976,0,0.23694211
row-00001977,1,0.88782686
row-00001978,0,0.45217237
row-00001979,0,0.35827632
row-00001980,1,0.65038492
row-00001981,0,0.32972006
row-00001982,0,0.12492144
row-00001983,0,0.28834851
row-00001984,0,0.19823590
row-00001985,1,0.93361931
row-00001986,0,0.35918336
row-00001987,0,0.28669845
row-00001988,0,0.47437390
row-00001989,0,0.19797972
row-00001990,1,0.61074972
row-00001991,0,0.16318322
row-00001992,0,0.20832776
row-00001993,1,0.74531062
row-00001994,0,0.24874197
row-00001995,0,0.30010938
row-00001996,0,0.46544812
row-00001997,0,0.59065431
row-00001998,1,0.77936924
row-00001999,0,0.50787204
row-00002000,1,0.84539935
row-00002001,1,0.58352061
row-00002002,0,0.39254943
row-00002003,0,0.26431084
row-00002004,1,0.76717133
row-00002005,0,0.05116081
row-00002006,0,0.33854421
row-00002007,0,0.77518370
row-00002008,1,0.31780824
row-00002009,0,0.15945555
row-00002010,1,0.39336754
row-00002011,1,0.88581610
row-00002012,0,0.35600266
row-00002013,0,0.49324477
row-00002014,0,0.07859783
row-00002015,0,0.27728098
row-00002016,1,0.77802636
row-00002017,0,0.19310906
row-00002018,0,0.40963303
row-00002019,0,0.12855875
row-00002020,1,0.76710084
row-00002021,0,0.20268709
row-00002022,0,0.31628370
row-00002023,1,0.50369991
row-00002024,0,0.57576856
row-00002025,0,0.39097928
row-00002026,1,0.65593067
row-00002027,1,0.48380585
row-00002028,1,0.83417096
row-00002029,0,0.15386286
row-00002030,0,0.14810037
row-00002031,0,0.31066310
row-00002032,1,0.82060923
row-00002033,0,0.36245145
row-00002034,0,0.12557759
row-00002035,0,0.07830358
row-00002036,0,0.60050892
row-00002037,0,0.15440409
row-00002038,0,0.11707641
row-00002039,0,0.58123456
row-00002040,0,0.20708908
row-00002041,1,0.42003951
row-00002042,1,0.74507090
row-00002043,0,0.11339793
row-00002044,0,0.59567200
row-00002045,0,0.10824227
row-00002046,0,0.37035668
row-00002047,1,0.44913214
row-00002048,0,0.26398703
row-00002049,1,0.69966450
row-00002050,0,0.30367668
row-00002051,0,0.15512828
row-00002052,0,0.28648277
row-00002053,1,0.67645979
row-00002054,1,0.54130420
row-00002055,1,0.63372508
row-00002056,0,0.10026240
row-00002057,1,0.88731621
row-00002058,0,0.42386081
row-00002059,0,0.15320079
row-00002060,1,0.83223415
row-00002061,0,0.24994315
row-00002062,0,0.27915450
row-00002063,1,0.72142270
row-00002064,1,0.77032981
row-00002065,1,0.60738680
row-00002066,0,0.25353715
row-00002067,1,0.74098363
row-00002068,0,0.16035059
row-00002069,1,0.87922346
row-00002070,0,0.24046520
row-00002071,1,0.74648172
row-00002072,1,0.75277849
row-00002073,0,0.21121852
row-00002074,0,0.21052411
row-00002075,1,0.92320699
row-00002076,0,0.30712676
row-00002077,0,0.32295128
row-00002078,1,0.91354709
row-00002079,0,0.28289117
row-00002080,0,0.36094009
row-00002081,1,0.94228528
row-00002082,1,0.48506808
row-00002083,0,0.42300760
row-00002084,0,0.20409080
row-00002085,1,0.86923524
row-00002086,0,0.19576143
row-00002087,0,0.19419301
row-00002088,0,0.40962849
row-00002089,0,0.21253350
row-00002090,0,0.03219895
row-00002091,0,0.33210052
row-00002092,0,0.34986115
row-00002093,0,0.07077271
row-00002094,0,0.40632787
row-00002095,1,0.52610127
row-00002096,0,0.10068632
row-00002097,1,0.67930027
row-00002098,1,0.81442109
row-00002099,0,0.25541664
row-00002100,1,0.77970778
row-00002101,1,0.51754593
row-00002102,0,0.34779370
row-00002103,0,0.09859854
row-00002104,0,0.01242818
row-00002105,0,0.33251558
row-00002106,0,0.38791476
row-00002107,1,0.48104452
row-00002108,0,0.08390299
row-00002109,0,0.37549353
row-00002110,0,0.18626775
row-00002111,0,0.24836809
row-00002112,1,0.68194081
row-00002113,0,0.26572957
row-00002114,0,0.08578013
row-00002115,0,0.47734832
row-00002116,1,0.31896544
row-00002117,1,0.58321312
row-00002118,0,0.04378674
row-00002119,0,0.03089365
row-00002120,0,0.04723123
row-00002121,1,0.67854122
row-00002122,0,0.33727769
row-00002123,0,0.09515469
row-00002124,0,0.08458587
row-00002125,1,0.89628914
row-00002126,1,0.83658822
row-00002127,1,0.61795594
row-00002128,0,0.15975004
row-00002129,0,0.70533528
row-00002130,1,0.70972055
row-00002131,1,0.84534552
row-00002132,0,0.23415012
row-00002133,1,0.56550452
row-00002134,0,0.24017348
row-00002135,0,0.30934321
row-00002136,0,0.22388236
row-00002137,0,0.23615030
row-00002138,1,0.82649540
row-00002139,0,0.15017976
row-00002140,0,0.36057415
row-00002141,0,0.52488100
row-00002142,1,0.64711712
row-00002143,0,0.28390259
row-00002144,1,0.42656580
row-00002145,1,0.77702002
row-00002146,0,0.19601377
row-00002147,0,0.30020373
row-00002148,0,0.07185562
row-00002149,0,0.56485443
row-00002150,1,0.67435456
row-00002151,1,0.86932877
row-00002152,0,0.10360379
row-00002153,0,0.34142670
row-00002154,1,0.81107962
row-00002155,0,0.63537463
row-00002156,0,0.43583359
row-00002157,1,0.74724785
row-00002158,1,0.59149979
row-00002159,0,0.80948912
row-00002160,0,0.43009069
row-00002161,0,0.17872863
row-00002162,1,0.93162988
row-00002163,0,0.24834464
row-00002164,0,0.20292280
row-00002165,1,0.54609940
row-00002166,0,0.17358657
row-00002167,0,0.51163326
row-00002168,0,0.32002210
row-00002169,1,0.53359484
row-00002170,1,0.74763044
row-00002171,1,0.94017848
row-00002172,0,0.36493432
row-00002173,0,0.09876603
row-00002174,0,0.19596704
row-00002175,0,0.12913724
row-00002176,0,0.22558833
row-00002177,0,0.15181965
row-00002178,0,0.18010374
row-00002179,0,0.45649208
row-00002180,0,0.34664499
row-00002181,0,0.20523343
row-00002182,0,0.15590033
row-00002183,0,0.58530461
row-00002184,0,0.14450498
row-00002185,0,0.14783589
row-00002186,0,0.31109610
row-00002187,0,0.33459487
row-00002188,0,0.26319901
row-00002189,0,0.45081078
row-00002190,0,0.13138324
row-00002191,0,0.19252252
row-00002192,1,0.73931099
row-00002193,1,0.89359536
row-00002194,0,0.49653492
row-00002195,0,0.37072345
row-00002196,0,0.28234773
row-00002197,0,0.13237981
row-00002198,1,0.37633161
row-00002199,0,0.17544578
row-00002200,0,0.15358420
row-00002201,1,0.50560406
row-00002202,0,0.26079743
row-00002203,1,0.54656590
row-00002204,0,0.48551053
row-00002205,0,0.21432090
row-00002206,0,0.44212094
row-00002207,0,0.29026088
row-00002208,0,0.60821281
row-00002209,0,0.18158482
row-00002210,0,0.14756688
row-00002211,1,0.86779704
row-00002212,0,0.15979158
row-00002213,0,0.06665506
row-00002214,0,0.42917511
row-00002215,1,0.80884706
row-00002216,0,0.15632279
row-00002217,0,0.20423979
row-00002218,1,0.70100477
row-00002219,0,0.21482983
row-00002220,0,0.31401764
row-00002221,1,0.70651124
row-00002222,0,0.01929176
row-00002223,1,0.58588469
row-00002224,0,0.74928136
row-00002225,1,0.69482823
row-00002226,1,0.49494002
row-00002227,0,0.36206608
row-00002228,0,0.25944548
row-00002229,0,0.37587535
row-00002230,0,0.10718642
row-00002231,0,0.32136175
row-00002232,0,0.31618119
row-00002233,1,0.88317826
row-00002234,0,0.29719208
row-00002235,0,0.28364323
row-00002236,0,0.33803550
row-00002237,0,0.66779026
row-00002238,0,0.29680513
row-00002239,0,0.47137572
row-00002240,0,0.39623648
row-00002241,0,0.15890541
row-00002242,0,0.19412133
row-00002243,0,0.27009328
row-00002244,0,0.07990694
row-00002245,1,0.61117947
row-00002246,0,0.25520735
row-00002247,0,0.41329165
row-00002248,0,0.12146536
row-00002249,1,0.80529174
row-00002250,0,0.07068916
row-00002251,1,0.69087264
row-00002252,1,0.69600190
row-00002253,0,0.42828572
row-00002254,0,0.16746535
row-00002255,0,0.52048148
row-00002256,1,0.85844689
row-00002257,0,0.23456038
row-00002258,1,0.97607964
row-00002259,0,0.63086014
row-00002260,0,0.23684117
row-00002261,1,0.97063634
row-00002262,0,0.30868293
row-00002263,0,0.25141039
row-00002264,0,0.28074708
row-00002265,0,0.28565604
row-00002266,0,0.48072196
row-00002267,0,0.13128215
row-00002268,0,0.15373756
row-00002269,0,0.29092909
row-00002270,0,0.09507301
row-00002271,0,0.41747070
row-00002272,0,0.34873898
row-00002273,1,0.57602361
row-00002274,0,0.34664933
row-00002275,1,0.73860403
row-00002276,0,0.26560660
row-00002277,0,0.36493454
row-00002278,0,0.55746103
row-00002279,0,0.40553005
row-00002280,1,0.73475550
row-00002281,1,0.92983916
row-00002282,1,0.69648267
row-00002283,0,0.22263579
row-00002284,0,0.24768524
row-00002285,0,0.44144765
row-00002286,0,0.53931789
row-00002287,1,0.58671049
row-00002288,0,0.50270666
row-00002289,0,0.20276481
row-00002290,0,0.38967737
row-00002291,0,0.39179065
row-00002292,0,0.34423130
row-00002293,0,0.32109153
row-00002294,0,0.24885257
row-00002295,0,0.39736083
row-00002296,0,0.21661084
row-00002297,1,0.68997390
row-00002298,0,0.15312039
row-00002299,0,0.02525235
row-00002300,0,0.09713944
row-00002301,1,0.72015388
row-00002302,0,0.10697372
row-00002303,1,0.41530321
row-00002304,0,0.42118327
row-00002305,0,0.20476179
row-00002306,0,0.24191503
row-00002307,0,0.40027502
row-00002308,1,0.84847914
row-00002309,1,0.79799826
row-00002310,0,0.48792868
row-00002311,0,0.45720036
row-00002312,1,0.96761874
row-00002313,0,0.18060041
row-00002314,0,0.14823262
row-00002315,0,0.08718415
row-00002316,0,0.20880650
row-00002317,0,0.53049407
row-00002318,0,0.62461630
row-00002319,0,0.20144425
row-00002320,0,0.51452553
row-00002321,0,0.11754186
row-00002322,0,0.46889871
row-00002323,0,0.05700678
row-00002324,0,0.18514402
row-00002325,0,0.30595345
row-00002326,0,0.59497312
row-00002327,1,0.89726198
row-00002328,0,0.05651423
row-00002329,0,0.03141958
row-00002330,0,0.22076122
row-00002331,1,0.97487788
row-00002332,0,0.21693553
row-00002333,0,0.52898772
row-00002334,0,0.06882830
row-00002335,0,0.09852550
row-00002336,1,0.83513487
row-00002337,1,0.88773247
row-00002338,0,0.36608802
row-00002339,1,0.83877924
row-00002340,0,0.24092590
row-00002341,1,0.47375485
row-00002342,0,0.33165971
row-00002343,1,0.58473465
row-00002344,0,0.67749319
row-00002345,1,0.97360457
row-00002346,0,0.23588507
row-00002347,0,0.41656233
row-00002348,0,0.08461142
row-00002349,0,0.10043970
row-00002350,0,0.14630409
row-00002351,1,0.88355484
row-00002352,1,0.31879068
row-00002353,0,0.14500339
row-00002354,0,0.46765346
row-00002355,0,0.17819485
row-00002356,0,0.45554910
row-00002357,0,0.34317538
row-00002358,0,0.44267751
row-00002359,0,0.42564064
row-00002360,0,0.24433969
row-00002361,0,0.40651967
row-00002362,0,0.20407682
row-00002363,0,0.44907223
row-00002364,1,0.74004089
row-00002365,0,0.17971044
row-00002366,0,0.54654002
row-00002367,1,0.51206972
row-00002368,0,0.21156836
row-00002369,0,0.40888910
row-00002370,0,0.08643822
row-00002371,0,0.28083077
row-00002372,0,0.30860537
row-00002373,0,0.11393124
row-00002374,0,0.22396006
row-00002375,1,0.87143125
row-00002376,0,0.06318980
row-00002377,0,0.29074759
row-00002378,0,0.13402650
row-00002379,0,0.05384418
row-00002380,0,0.37973913
row-00002381,0,0.20136979
row-00002382,0,0.10168909
row-00002383,1,0.61878639
row-00002384,0,0.15193989
row-00002385,1,0.58766588
row-00002386,1,0.57783882
row-00002387,0,0.58142995
row-00002388,0,0.25290872
row-00002389,1,0.67752945
row-00002390,0,0.45597107
row-00002391,1,0.81571427
row-00002392,0,0.43890914
row-00002393,1,0.57432637
row-00002394,0,0.15448195
row-00002395,0,0.07832895
row-00002396,1,0.61656559
row-00002397,0,0.23636287
row-00002398,0,0.13642545
row-00002399,1,0.69857333
row-00002400,0,0.11214899
row-00002401,1,0.58501504
row-00002402,0,0.25410872
row-00002403,0,0.22403181
row-00002404,0,0.56144346
row-00002405,1,0.61325908
row-00002406,0,0.06450465
row-00002407,0,0.42275136
row-00002408,1,0.82364544
row-00002409,1,0.81081993
row-00002410,0,0.44125074
row-00002411,0,0.23073867
row-00002412,0,0.58383690
row-00002413,0,0.15993005
row-00002414,0,0.12993450
row-00002415,1,0.59257927
row-00002416,0,0.34770371
row-00002417,0,0.38150720
row-00002418,0,0.15504729
row-00002419,0,0.28080249
row-00002420,0,0.14377725
row-00002421,0,0.28455508
row-00002422,1,0.74910598
row-00002423,0,0.48904074
row-00002424,0,0.05638493
row-00002425,0,0.21345111
row-00002426,1,0.40893007
row-00002427,1,0.80916620
row-00002428,1,0.58571961
row-00002429,0,0.03273937
row-00002430,1,0.45809415
row-00002431,0,0.16154355
row-00002432,1,0.86289927
row-00002433,0,0.16477410
row-00002434,0,0.09826298
row-00002435,1,0.62965138
row-00002436,0,0.09104269
row-00002437,1,0.81231175
row-00002438,1,0.73504958
row-00002439,0,0.44514435
row-00002440,1,0.77115749
row-00002441,0,0.09430569
row-00002442,0,0.15631324
row-00002443,0,0.50367965
row-00002444,0,0.12183209
row-00002445,1,0.63799572
row-00002446,0,0.12830010
row-00002447,1,0.81046025
row-00002448,0,0.14791078
row-00002449,1,0.93399396
row-00002450,0,0.52152895
row-00002451,1,0.45333761
row-00002452,0,0.14952843
row-00002453,1,0.45261219
row-00002454,1,0.52161780
row-00002455,0,0.12274023
row-00002456,0,0.24539550
row-00002457,0,0.14256856
row-00002458,0,0.05651707
row-00002459,0,0.50270964
row-00002460,0,0.28199669
row-00002461,0,0.20916339
row-00002462,0,0.06555169
row-00002463,0,0.11529939
row-00002464,1,0.88604438
row-00002465,0,0.10711521
row-00002466,0,0.13452727
row-00002467,1,0.60548805
row-00002468,0,0.20381186
row-00002469,1,0.58676106
row-00002470,1,0.73397926
row-00002471,1,0.94498739
row-00002472,0,0.63890468
row-00002473,0,0.01266658
row-00002474,1,0.87541870
row-00002475,0,0.19833171
row-00002476,0,0.17925463
row-00002477,0,0.27658421
row-00002478,0,0.13668628
row-00002479,1,0.62773000
row-00002480,1,0.93287783
row-00002481,0,0.17968542
row-00002482,0,0.31228677
row-00002483,1,0.85538917
row-00002484,1,0.48699617
row-00002485,0,0.19744315
row-00002486,0,0.16881809
row-00002487,0,0.33194318
row-00002488,0,0.49938992
row-00002489,0,0.22049909
row-00002490,0,0.44178524
row-00002491,1,0.64997077
row-00002492,0,0.23254637
row-00002493,1,0.70326856
row-00002494,1,0.64554676
row-00002495,0,0.63050483
row-00002496,1,0.61951343
row-00002497,0,0.59034185
row-00002498,1,0.64211339
row-00002499,0,0.44539778
row-00002500,0,0.19939218
row-00002501,0,0.60216422
row-00002502,0,0.26271214
row-00002503,1,0.68841329
row-00002504,1,0.79290018
row-00002505,0,0.58561119
row-00002506,0,0.29819576
row-00002507,1,0.74175904
row-00002508,0,0.15892642
row-00002509,1,0.62554488
row-00002510,0,0.44741728
row-00002511,0,0.45282301
row-00002512,1,0.77655140
row-00002513,0,0.17906270
row-00002514,0,0.32671364
row-00002515,0,0.22473283
row-00002516,0,0.19221172
row-00002517,1,0.66648678
row-00002518,0,0.23699779
row-00002519,0,0.26685106
row-00002520,1,0.90613035
row-00002521,0,0.36200537
row-00002522,1,0.96818157
row-00002523,1,0.89085471
row-00002524,1,0.68493632
row-00002525,0,0.64710113
row-00002526,0,0.28050919
row-00002527,0,0.46906251
row-00002528,1,0.61958852
row-00002529,0,0.23696110
row-00002530,0,0.40689306
row-00002531,0,0.63479783
row-00002532,0,0.06317304
row-00002533,0,0.17827653
row-00002534,0,0.11939727
row-00002535,0,0.28189791
row-00002536,0,0.08224826
row-00002537,1,0.75441576
row-00002538,0,0.31252528
row-00002539,0,0.43398332
row-00002540,0,0.45755754
row-00002541,0,0.32320945
row-00002542,0,0.47600338
row-00002543,1,0.86423749
row-00002544,1,0.78382750
row-00002545,0,0.14923969
row-00002546,0,0.24395842
row-00002547,0,0.38949584
row-00002548,0,0.13245307
row-00002549,0,0.15369543
row-00002550,0,0.14468150
row-00002551,1,0.59311860
row-00002552,1,0.71088478
row-00002553,1,0.88843198
row-00002554,1,0.91915425
row-00002555,1,0.82626199
row-00002556,0,0.22846134
row-00002557,1,0.89407020
row-00002558,0,0.14112483
row-00002559,0,0.48577318
row-00002560,1,0.34406373
row-00002561,1,0.92081422
row-00002562,0,0.09513541
row-00002563,0,0.24818111
row-00002564,0,0.35585450
row-00002565,0,0.37610331
row-00002566,0,0.25840197
row-00002567,1,0.82720153
row-00002568,0,0.49871470
row-00002569,1,0.91887683
row-00002570,0,0.20098142
row-00002571,0,0.08758344
row-00002572,1,0.87856071
row-00002573,0,0.26079401
row-00002574,0,0.14416533
row-00002575,0,0.06671054
row-00002576,1,0.65308627
row-00002577,1,0.74410234
row-00002578,0,0.23346517
row-00002579,0,0.07907870
row-00002580,0,0.38920895
row-00002581,0,0.08161731
row-00002582,1,0.53110867
row-00002583,1,0.88386075
row-00002584,0,0.35108123
row-00002585,0,0.28576578
row-00002586,0,0.09434006
row-00002587,0,0.18762626
row-00002588,0,0.00768940
row-00002589,0,0.24586470
row-00002590,0,0.32391164
row-00002591,1,0.71515855
row-00002592,0,0.12420519
row-00002593,1,0.83505812
row-00002594,0,0.26532711
row-00002595,0,0.01577922
row-00002596,0,0.15330796
row-00002597,0,0.19934213
row-00002598,1,0.85220379
row-00002599,1,0.87357796
row-00002600,0,0.12911130
row-00002601,1,0.85046231
row-00002602,0,0.26364588
row-00002603,1,0.98565207
row-00002604,0,0.46181856
row-00002605,0,0.19872344
row-00002606,1,0.87761661
row-00002607,0,0.04150742
row-00002608,0,0.13006845
row-00002609,1,0.65840347
row-00002610,0,0.21861115
row-00002611,0,0.25151159
row-00002612,0,0.59129357
row-00002613,0,0.55922906
row-00002614,0,0.18034807
row-00002615,0,0.48906113
row-00002616,0,0.36822700
row-00002617,0,0.39738068
row-00002618,0,0.16204884
row-00002619,0,0.41520277
row-00002620,1,0.50474726
row-00002621,0,0.25193556
row-00002622,0,0.23251515
row-00002623,0,0.15405433
row-00002624,0,0.16276772
row-00002625,1,0.72995739
row-00002626,0,0.39276493
row-00002627,0,0.52770825
row-00002628,0,0.37546481
row-00002629,0,0.55564006
row-00002630,0,0.34755772
row-00002631,1,0.70572588
row-00002632,0,0.05112557
row-00002633,0,0.24597946
row-00002634,1,0.92828701
row-00002635,1,0.50446636
row-00002636,0,0.37861445
row-00002637,0,0.10686434
row-00002638,1,0.65001337
row-00002639,1,0.67588675
row-00002640,1,0.74912929
row-00002641,0,0.22716526
row-00002642,0,0.19535470
row-00002643,0,0.12218448
row-00002644,0,0.34536961
row-00002645,0,0.11272387
row-00002646,1,0.44665836
row-00002647,1,0.53427083
row-00002648,1,0.77339860
row-00002649,0,0.44717214
row-00002650,0,0.26930285
row-00002651,0,0.26955831
row-00002652,0,0.30831919
row-00002653,0,0.26964080
row-00002654,0,0.14819917
row-00002655,1,0.72026205
row-00002656,0,0.56672851
row-00002657,0,0.50666431
row-00002658,0,0.14599435
row-00002659,1,0.70693256
row-00002660,1,0.75043264
row-00002661,1,0.79102154
row-00002662,1,0.90489388
row-00002663,0,0.50825158
row-00002664,0,0.22966480
row-00002665,0,0.37637667
row-00002666,0,0.57983508
row-00002667,0,0.26042504
row-00002668,0,0.56504950
row-00002669,0,0.35159240
row-00002670,1,0.57838185
row-00002671,1,0.71562322
row-00002672,0,0.41379437
row-00002673,0,0.12209868
row-00002674,0,0.40401452
row-00002675,1,0.93987321
row-00002676,0,0.37004912
row-00002677,0,0.13536183
row-00002678,0,0.27574577
row-00002679,0,0.55523007
row-00002680,1,0.96992764
row-00002681,0,0.13856897
row-00002682,1,0.68658576
row-00002683,0,0.30445493
row-00002684,0,0.07026124
row-00002685,1,0.44163717
row-00002686,1,0.80266003
row-00002687,0,0.36470888
row-00002688,1,0.56643805
row-00002689,0,0.33813089
row-00002690,0,0.38315191
row-00002691,0,0.37533467
row-00002692,0,0.38709437
row-00002693,0,0.27067420
row-00002694,0,0.61570419
row-00002695,0,0.35405254
row-00002696,1,0.59059355
row-00002697,0,0.41845845
row-00002698,0,0.32737149
row-00002699,0,0.14159639
row-00002700,1,0.65573080
row-00002701,1,0.90012458
row-00002702,0,0.37291577
row-00002703,0,0.38010890
row-00002704,0,0.18705930
row-00002705,0,0.25912414
row-00002706,0,0.14485374
row-00002707,1,0.93953998
row-00002708,0,0.47632642
row-00002709,0,0.19264685
row-00002710,0,0.35104574
row-00002711,1,0.71041105
row-00002712,0,0.24608404
row-00002713,0,0.46477241
row-00002714,0,0.16577117
row-00002715,0,0.34048297
row-00002716,0,0.22101134
row-00002717,1,0.82093659
row-00002718,1,0.58713086
row-00002719,1,0.77301979
row-00002720,1,0.91200273
row-00002721,0,0.06629186
row-00002722,1,0.72823007
row-00002723,0,0.70441763
row-00002724,1,0.86811585
row-00002725,0,0.26743307
row-00002726,0,0.15285071
row-00002727,1,0.77820487
row-00002728,1,0.73011263
row-00002729,0,0.66510632
row-00002730,1,0.87530936
row-00002731,0,0.32057803
row-00002732,0,0.58970869
row-00002733,0,0.32011078
row-00002734,0,0.36170722
row-00002735,0,0.25494823
row-00002736,0,0.10848199
row-00002737,0,0.15335663
row-00002738,1,0.74193346
row-00002739,0,0.55707169
row-00002740,0,0.14398717
row-00002741,1,0.86082820
row-00002742,0,0.53927972
row-00002743,1,0.24680299
row-00002744,1,0.76101490
row-00002745,0,0.06658486
row-00002746,1,0.51201395
row-00002747,1,0.38137629
row-00002748,0,0.27561667
row-00002749,0,0.14667744
row-00002750,0,0.47911236
row-00002751,0,0.32552209
row-00002752,1,0.79638190
row-00002753,0,0.24433103
row-00002754,1,0.80247985
row-00002755,0,0.64664022
row-00002756,0,0.38599904
row-00002757,1,0.67999051
row-00002758,1,0.52425348
row-00002759,0,0.35781154
row-00002760,1,0.79469150
row-00002761,0,0.14167484
row-00002762,0,0.43150592
row-00002763,1,0.65084336
row-00002764,0,0.07876852
row-00002765,1,0.79607258
row-00002766,0,0.12744526
row-00002767,1,0.71983282
row-00002768,1,0.59817113
row-00002769,0,0.10877107
row-00002770,1,0.89398179
row-00002771,0,0.40611696
row-00002772,1,0.49839331
row-00002773,0,0.38816223
row-00002774,0,0.48489964
row-00002775,1,0.40867714
row-00002776,0,0.25094707
row-00002777,0,0.25533840
row-00002778,1,0.61865488
row-00002779,0,0.10488303
row-00002780,0,0.10696663
row-00002781,1,0.77623855
row-00002782,1,0.46825820
row-00002783,1,0.58931712
row-00002784,0,0.43955653
row-00002785,1,0.65358007
row-00002786,0,0.20420604
row-00002787,0,0.30156298
row-00002788,1,0.72947416
row-00002789,0,0.10865185
row-00002790,0,0.46722494
row-00002791,1,0.44307003
row-00002792,1,0.71512335
row-00002793,1,0.83586737
row-00002794,0,0.47204769
row-00002795,0,0.27316612
row-00002796,0,0.27624834
row-00002797,1,0.81621641
row-00002798,1,0.48506242
row-00002799,0,0.65078514
row-00002800,0,0.11181660
row-00002801,0,0.30507668
row-00002802,1,0.84683662
row-00002803,0,0.19591820
row-00002804,0,0.33312224
row-00002805,0,0.21235510
row-00002806,0,0.30188438
row-00002807,0,0.16861805
row-00002808,0,0.72920976
row-00002809,1,0.95783340
row-00002810,0,0.24352867
row-00002811,1,0.47335273
row-00002812,0,0.32221601
row-00002813,1,0.64816660
row-00002814,0,0.13689702
row-00002815,0,0.13698638
row-00002816,0,0.14957308
row-00002817,1,0.57720406
row-00002818,1,0.60746298
row-00002819,0,0.34419884
row-00002820,0,0.57468834
row-00002821,1,0.73042567
row-00002822,0,0.24048713
row-00002823,1,0.47474970
row-00002824,0,0.09968801
row-00002825,1,0.61566401
row-00002826,0,0.12105469
row-00002827,0,0.15406697
row-00002828,0,0.17446078
row-00002829,0,0.43321351
row-00002830,0,0.51449629
row-00002831,0,0.20830897
row-00002832,1,0.93744208
row-00002833,0,0.16016044
row-00002834,0,0.53052725
row-00002835,1,0.61494337
row-00002836,0,0.15449758
row-00002837,0,0.31097102
row-00002838,0,0.33284744
row-00002839,0,0.28976028
row-00002840,1,0.91470219
row-00002841,0,0.31288928
row-00002842,1,0.52591315
row-00002843,1,0.70470732
row-00002844,0,0.23103661
row-00002845,1,0.56707565
row-00002846,0,0.43046428
row-00002847,0,0.44439883
row-00002848,1,0.62167141
row-00002849,0,0.28370552
row-00002850,1,0.75354168
row-00002851,0,0.46155415
row-00002852,1,0.76227594
row-00002853,0,0.28413552
row-00002854,0,0.21781796
row-00002855,0,0.09652564
row-00002856,1,0.58928655
row-00002857,0,0.19789104
row-00002858,0,0.49689816
row-00002859,1,0.90225795
row-00002860,1,0.93261719
row-00002861,0,0.17929989
row-00002862,1,0.88693479
row-00002863,0,0.35407124
row-00002864,0,0.80474234
row-00002865,1,0.81027517
row-00002866,0,0.28392517
row-00002867,1,0.81877801
row-00002868,0,0.30130046
row-00002869,1,0.77222071
row-00002870,0,0.36213108
row-00002871,0,0.42956763
row-00002872,0,0.04579137
row-00002873,1,0.77778417
row-00002874,0,0.25289028
row-00002875,0,0.06455154
row-00002876,0,0.64998591
row-00002877,0,0.43864381
row-00002878,0,0.25217461
row-00002879,1,0.50131494
row-00002880,1,0.89926010
row-00002881,0,0.21435388
row-00002882,1,0.98890382
row-00002883,1,0.90595672
row-00002884,0,0.33499227
row-00002885,0,0.55825596
row-00002886,0,0.10509245
row-00002887,0,0.08363598
row-00002888,1,0.70743003
row-00002889,0,0.46460629
row-00002890,0,0.58132989
row-00002891,1,0.91421586
row-00002892,0,0.34639716
row-00002893,0,0.34471310
row-00002894,0,0.09597734
row-00002895,0,0.23074620
row-00002896,1,0.47639579
row-00002897,0,0.60917040
row-00002898,0,0.34589694
row-00002899,0,0.45198199
row-00002900,0,0.33205371
row-00002901,0,0.40711069
row-00002902,1,0.55866347
row-00002903,0,0.11987338
row-00002904,0,0.00415519
row-00002905,0,0.20354497
row-00002906,0,0.07886551
row-00002907,0,0.42398165
row-00002908,0,0.20964574
row-00002909,0,0.11721146
row-00002910,0,0.41944840
row-00002911,0,0.04022510
row-00002912,0,0.27408004
row-00002913,0,0.03917409
row-00002914,0,0.50082156
row-00002915,0,0.29911834
row-00002916,0,0.13595105
row-00002917,0,0.30489332
row-00002918,0,0.02146747
row-00002919,0,0.07695648
row-00002920,0,0.31718265
row-00002921,0,0.20732020
row-00002922,0,0.33454851
row-00002923,1,0.93044045
row-00002924,1,0.80472102
row-00002925,1,0.55765267
row-00002926,1,0.70145884
row-00002927,0,0.40745932
row-00002928,1,0.73270510
row-00002929,0,0.33456557
row-00002930,0,0.07540432
row-00002931,0,0.33532407
row-00002932,0,0.15012173
row-00002933,0,0.26654398
row-00002934,1,0.86937030
row-00002935,0,0.09642398
row-00002936,0,0.69613349
row-00002937,1,0.78309852
row-00002938,1,0.74551613
row-00002939,1,0.87116940
row-00002940,0,0.54897315
row-00002941,1,0.70661166
row-00002942,1,0.86868750
row-00002943,0,0.08821205
row-00002944,0,0.27884937
row-00002945,1,0.89408211
row-00002946,0,0.17248567
row-00002947,0,0.41686844
row-00002948,1,0.86481201
row-00002949,0,0.45109616
row-00002950,1,0.77267982
row-00002951,0,0.14412173
row-00002952,0,0.31670047
row-00002953,0,0.44765210
row-00002954,0,0.22787696
row-00002955,1,0.80313281
row-00002956,0,0.22273635
row-00002957,0,0.10385998
row-00002958,1,0.96540866
row-00002959,1,0.97648436
row-00002960,1,0.67974040
row-00002961,0,0.25812932
row-00002962,0,0.22847843
row-00002963,1,0.36905375
row-00002964,0,0.26767840
row-00002965,0,0.30081901
row-00002966,1,0.48068812
row-00002967,1,0.92644355
row-00002968,0,0.35795474
row-00002969,0,0.14279081
row-00002970,0,0.64943881
row-00002971,0,0.43620694
row-00002972,0,0.41979851
row-00002973,0,0.16304705
row-00002974,1,0.70849002
row-00002975,0,0.38568046
row-00002976,0,0.40123825
row-00002977,0,0.52647044
row-00002978,0,0.01305954
row-00002979,0,0.06527319
row-00002980,0,0.11886843
row-00002981,0,0.25046972
row-00002982,0,0.03330999
row-00002983,0,0.44438553
row-00002984,0,0.56957227
row-00002985,0,0.29848043
row-00002986,1,0.62801148
row-00002987,1,0.54494805
row-00002988,0,0.29472663
row-00002989,0,0.05394377
row-00002990,0,0.22091165
row-00002991,0,0.19347533
row-00002992,0,0.25481224
row-00002993,1,0.69157263
row-00002994,0,0.48684059
row-00002995,1,0.93869079
row-00002996,0,0.35521808
row-00002997,0,0.73373687
row-00002998,1,0.77023490
row-00002999,0,0.30383442
row-00003000,0,0.25869695
row-00003001,1,0.31445721
row-00003002,1,0.53867342
row-00003003,0,0.45750619
row-00003004,0,0.33232297
row-00003005,1,0.48251924
row-00003006,0,0.18312919
row-00003007,0,0.55230357
row-00003008,0,0.48201163
row-00003009,1,0.88789754
row-00003010,0,0.16150937
row-00003011,1,0.56045963
row-00003012,0,0.48017331
row-00003013,0,0.21770908
row-00003014,0,0.23496586
row-00003015,0,0.38723445
row-00003016,1,0.91148411
row-00003017,1,0.78338739
row-00003018,0,0.29974516
row-00003019,0,0.37441984
row-00003020,0,0.08997369
row-00003021,0,0.63526965
row-00003022,0,0.42892512
row-00003023,0,0.08416768
row-00003024,0,0.31490687
row-00003025,1,0.58692330
row-00003026,0,0.20373560
row-00003027,0,0.14280274
row-00003028,0,0.10612052
row-00003029,1,0.75853394
row-00003030,0,0.35649351
row-00003031,1,0.80672692
row-00003032,0,0.08333808
row-00003033,0,0.06399432
row-00003034,0,0.34325137
row-00003035,0,0.36243210
row-00003036,0,0.16876222
row-00003037,1,0.36253010
row-00003038,0,0.23599002
row-00003039,0,0.05905453
row-00003040,0,0.02933646
row-00003041,0,0.30652859
row-00003042,0,0.56317184
row-00003043,1,0.76938516
row-00003044,0,0.11667066
row-00003045,0,0.37445004
row-00003046,1,0.70442760
row-00003047,0,0.20934895
row-00003048,0,0.09439352
row-00003049,0,0.53446197
row-00003050,1,0.52999646
row-00003051,0,0.13607076
row-00003052,0,0.23370913
row-00003053,0,0.22350851
row-00003054,0,0.12919163
row-00003055,1,0.70394200
row-00003056,0,0.21432219
row-00003057,0,0.23470058
row-00003058,1,0.39455786
row-00003059,0,0.16001087
row-00003060,0,0.37074497
row-00003061,0,0.16359261
row-00003062,0,0.08898254
row-00003063,0,0.42402415
row-00003064,0,0.09463011
row-00003065,0,0.12990137
row-00003066,0,0.28967340
row-00003067,1,0.58658935
row-00003068,0,0.30073510
row-00003069,0,0.23872831
row-00003070,0,0.15218531
row-00003071,1,0.49493786
row-00003072,0,0.33154021
row-00003073,0,0.07691094
row-00003074,0,0.31186844
row-00003075,0,0.13891307
row-00003076,0,0.38847454
row-00003077,0,0.33302244
row-00003078,1,0.47052922
row-00003079,0,0.40052004
row-00003080,0,0.57195083
row-00003081,0,0.11202703
row-00003082,0,0.08675202
row-00003083,0,0.40102330
row-00003084,1,0.98653667
row-00003085,0,0.35006017
row-00003086,1,0.73575218
row-00003087,0,0.07880139
row-00003088,0,0.62799509
row-00003089,1,0.51558610
row-00003090,1,0.63811535
row-00003091,0,0.09086358
row-00003092,0,0.40148598
row-00003093,0,0.58230026
row-00003094,1,0.80918164
row-00003095,1,0.64472976
row-00003096,0,0.20004703
row-00003097,0,0.12605337
row-00003098,1,0.77607954
row-00003099,1,0.69659541
row-00003100,0,0.05592967
row-00003101,0,0.46392090
row-00003102,1,0.73264705
row-00003103,0,0.14801344
row-00003104,1,0.79334946
row-00003105,0,0.48177106
row-00003106,0,0.50298049
row-00003107,0,0.16341839
row-00003108,1,0.58919555
row-00003109,0,0.18371723
row-00003110,1,0.55253105
row-00003111,0,0.32607546
row-00003112,0,0.24273980
row-00003113,0,0.46444568
row-00003114,0,0.17292605
row-00003115,0,0.28606634
row-00003116,0,0.33872603
row-00003117,0,0.04301627
row-00003118,0,0.15355149
row-00003119,0,0.31941564
row-00003120,0,0.39292178
row-00003121,1,0.94058767
row-00003122,0,0.32431916
row-00003123,0,0.37711311
row-00003124,0,0.09228360
row-00003125,0,0.23636201
row-00003126,1,0.80258526
row-00003127,0,0.37372168
row-00003128,0,0.16830031
row-00003129,0,0.09193907
row-00003130,1,0.53559201
row-00003131,0,0.11381530
row-00003132,0,0.28358560
row-00003133,0,0.44805786
row-00003134,1,0.88827038
row-00003135,1,0.78962867
row-00003136,1,0.60445374
row-00003137,0,0.14304928
row-00003138,0,0.44174913
row-00003139,1,0.84556600
row-00003140,0,0.41631984
row-00003141,0,0.58086763
row-00003142,1,0.69871955
row-00003143,0,0.43821645
row-00003144,0,0.34683813
row-00003145,0,0.00968807
row-00003146,0,0.07592586
row-00003147,0,0.13268182
row-00003148,0,0.13367659
row-00003149,0,0.75209638
row-00003150,0,0.33487837
row-00003151,0,0.22809182
row-00003152,0,0.35899480
row-00003153,1,0.75739185
row-00003154,0,0.09701681
row-00003155,0,0.13654512
row-00003156,0,0.13816444
row-00003157,1,0.71222806
row-00003158,1,0.61883333
row-00003159,0,0.22908249
row-00003160,0,0.11894226
row-00003161,0,0.06282647
row-00003162,0,0.12614554
row-00003163,0,0.42406077
row-00003164,0,0.25591930
row-00003165,1,0.81051584
row-00003166,0,0.20941604
row-00003167,0,0.48312831
row-00003168,0,0.45061603
row-00003169,0,0.54066370
row-00003170,0,0.36718067
row-00003171,1,0.75271904
row-00003172,1,0.61371688
row-00003173,1,0.48526070
row-00003174,1,0.92389588
row-00003175,1,0.67811172
row-00003176,1,0.97137993
row-00003177,1,0.42490349
row-00003178,0,0.62244022
row-00003179,0,0.14847764
row-00003180,0,0.29492445
row-00003181,0,0.06171291
row-00003182,0,0.25309934
row-00003183,0,0.37946111
row-00003184,0,0.09577940
row-00003185,1,0.79134614
row-00003186,1,0.96535314
row-00003187,0,0.46461482
row-00003188,0,0.02073318
row-00003189,1,0.66392932
row-00003190,0,0.11192457
row-00003191,0,0.21736559
row-00003192,0,0.22469587
row-00003193,0,0.24919558
row-00003194,0,0.13677606
row-00003195,1,0.96493147
row-00003196,1,0.86908663
row-00003197,1,0.78976364
row-00003198,0,0.38358251
row-00003199,0,0.04842365
row-00003200,1,0.78345993
row-00003201,1,0.82420698
row-00003202,0,0.16948380
row-00003203,0,0.28135885
row-00003204,0,0.16282106
row-00003205,0,0.26421408
row-00003206,0,0.17557936
row-00003207,0,0.26121483
row-00003208,1,0.77573545
row-00003209,0,0.15821244
row-00003210,0,0.57214393
row-00003211,0,0.57983103
row-00003212,0,0.22796537
row-00003213,0,0.30301345
row-00003214,0,0.51265766
row-00003215,0,0.19322838
row-00003216,0,0.53249234
row-00003217,0,0.09357441
row-00003218,0,0.16559380
row-00003219,1,0.60851504
row-00003220,0,0.36565425
row-00003221,0,0.37318907
row-00003222,1,0.82226030
row-00003223,1,0.32465704
row-00003224,0,0.33805323
row-00003225,0,0.06780338
row-00003226,0,0.37487520
row-00003227,0,0.27080902
row-00003228,0,0.08414698
row-00003229,0,0.29698788
row-00003230,0,0.33382372
row-00003231,0,0.23827996
row-00003232,1,0.69935087
row-00003233,0,0.01498736
row-00003234,0,0.22100261
row-00003235,0,0.28097871
row-00003236,0,0.04946430
row-00003237,0,0.05826563
row-00003238,1,0.74788375
row-00003239,0,0.16520443
row-00003240,0,0.27933559
row-00003241,0,0.15046817
row-00003242,1,0.89152794
row-00003243,0,0.32394826
row-00003244,0,0.13930405
row-00003245,1,0.79860130
row-00003246,0,0.12730854
row-00003247,0,0.13051572
row-00003248,0,0.10677671
row-00003249,0,0.24328002
row-00003250,0,0.35170585
row-00003251,0,0.11166579
row-00003252,1,0.55879209
row-00003253,0,0.38770084
row-00003254,1,0.87143648
row-00003255,0,0.25723690
row-00003256,1,0.42765470
row-00003257,0,0.19178630
row-00003258,0,0.47260621
row-00003259,1,0.84054667
row-00003260,1,0.61493549
row-00003261,0,0.50487537
row-00003262,0,0.16528808
row-00003263,1,0.81112647
row-00003264,1,0.87205433
row-00003265,0,0.11937364
row-00003266,0,0.24492561
row-00003267,0,0.16801988
row-00003268,1,0.78407580
row-00003269,0,0.13301579
row-00003270,1,0.96848369
row-00003271,0,0.20071994
row-00003272,0,0.57511464
row-00003273,0,0.55249035
row-00003274,0,0.24900849
row-00003275,0,0.23848599
row-00003276,1,0.70118442
row-00003277,0,0.48814165
row-00003278,1,0.48533972
row-00003279,1,0.58621197
row-00003280,1,0.68992261
row-00003281,1,0.27308632
row-00003282,0,0.28245266
row-00003283,1,0.93239455
row-00003284,0,0.38667248
row-00003285,1,0.94489428
row-00003286,0,0.35354596
row-00003287,0,0.15681682
row-00003288,1,0.53092440
row-00003289,1,0.66807148
row-00003290,0,0.27165819
row-00003291,0,0.23994689
row-00003292,0,0.20270009
row-00003293,0,0.14208158
row-00003294,0,0.47643440
row-00003295,1,0.66921223
row-00003296,0,0.07588636
row-00003297,0,0.10533361
row-00003298,0,0.56061103
row-00003299,0,0.24885353
row-00003300,0,0.34032296
row-00003301,1,0.75380257
row-00003302,0,0.17338403
row-00003303,0,0.28048192
row-00003304,1,0.85598114
row-00003305,0,0.25675554
row-00003306,0,0.32231553
row-00003307,0,0.09458229
row-00003308,1,0.89339097
row-00003309,1,0.82737928
row-00003310,0,0.38668667
row-00003311,1,0.84794053
row-00003312,0,0.46238482
row-00003313,1,0.83351144
row-00003314,1,0.65918664
row-00003315,0,0.26424137
row-00003316,0,0.25811390
row-00003317,1,0.86788600
row-00003318,0,0.46009417
row-00003319,0,0.32150739
row-00003320,1,0.56117438
row-00003321,0,0.28121033
row-00003322,0,0.24579876
row-00003323,0,0.05770350
row-00003324,1,0.52251315
row-00003325,1,0.68916562
row-00003326,0,0.44567404
row-00003327,0,0.03727129
row-00003328,0,0.40532155
row-00003329,0,0.54059861
row-00003330,0,0.57938793
row-00003331,0,0.28008413
row-00003332,1,0.74560613
row-00003333,0,0.58619146
row-00003334,1,0.75206071
row-00003335,0,0.22436275
row-00003336,1,0.49030679
row-00003337,0,0.42466968
row-00003338,1,0.49877215
row-00003339,0,0.36727876
row-00003340,0,0.28713473
row-00003341,1,0.89800819
row-00003342,0,0.24347431
row-00003343,1,0.91698583
row-00003344,0,0.28440591
row-00003345,0,0.13504301
row-00003346,0,0.07122158
row-00003347,0,0.22105367
row-00003348,0,0.14978055
row-00003349,0,0.01438180
row-00003350,0,0.06538498
row-00003351,0,0.13998261
row-00003352,0,0.41603045
row-00003353,0,0.58204983
row-00003354,1,0.31284948
row-00003355,0,0.14860215
row-00003356,0,0.24441073
row-00003357,1,0.82402545
row-00003358,0,0.56497337
row-00003359,0,0.34316922
row-00003360,0,0.11207219
row-00003361,0,0.33321364
row-00003362,1,0.62472225
row-00003363,0,0.25529863
row-00003364,0,0.20655590
row-00003365,1,0.48673421
row-00003366,0,0.53891574
row-00003367,0,0.18056987
row-00003368,0,0.10012001
row-00003369,0,0.46688894
row-00003370,1,0.81679516
row-00003371,1,0.54064647
row-00003372,0,0.17747728
row-00003373,0,0.36882292
row-00003374,0,0.51269408
row-00003375,1,0.82995748
row-00003376,0,0.28058067
row-00003377,1,0.36000730
row-00003378,0,0.20818473
row-00003379,0,0.14288670
row-00003380,0,0.17398655
row-00003381,0,0.14465687
row-00003382,0,0.34896950
row-00003383,1,0.74494128
row-00003384,0,0.40719185
row-00003385,0,0.50237269
row-00003386,0,0.14505154
row-00003387,0,0.07511510
row-00003388,0,0.10819255
row-00003389,1,0.83738371
row-00003390,0,0.74050361
row-00003391,0,0.16540399
row-00003392,0,0.14975935
row-00003393,0,0.62015823
row-00003394,0,0.02507504
row-00003395,0,0.18356834
row-00003396,0,0.30074145
row-00003397,1,0.87426193
row-00003398,1,0.88277312
row-00003399,1,0.52298039
row-00003400,1,0.87156844
row-00003401,0,0.12673899
row-00003402,0,0.78907017
row-00003403,0,0.35530833
row-00003404,0,0.15006379
row-00003405,0,0.19581478
row-00003406,0,0.33580646
row-00003407,0,0.30340969
row-00003408,1,0.31626274
row-00003409,0,0.14778898
row-00003410,0,0.14757688
row-00003411,1,0.47851239
row-00003412,1,0.42665049
row-00003413,1,0.90170558
row-00003414,0,0.10515920
row-00003415,0,0.26740770
row-00003416,0,0.54445245
row-00003417,1,0.61872495
row-00003418,0,0.21860210
row-00003419,1,0.59002858
row-00003420,0,0.20250162
row-00003421,0,0.10905229
row-00003422,0,0.42047611
row-00003423,0,0.12156910
row-00003424,0,0.37197525
row-00003425,0,0.31243277
row-00003426,0,0.07238034
row-00003427,0,0.41755466
row-00003428,1,0.72135628
row-00003429,0,0.16200073
row-00003430,0,0.22107003
row-00003431,0,0.47225822
row-00003432,0,0.28113207
row-00003433,1,0.93598218
row-00003434,1,0.50517429
row-00003435,0,0.56535281
row-00003436,0,0.33941130
row-00003437,0,0.12732286
row-00003438,1,0.79544727
row-00003439,1,0.76743062
row-00003440,0,0.71095095
row-00003441,0,0.47189264
row-00003442,1,0.68537166
row-00003443,1,0.85328566
row-00003444,0,0.44109956
row-00003445,0,0.58164360
row-00003446,0,0.28917955
row-00003447,0,0.14974010
row-00003448,0,0.58890535
row-00003449,0,0.23689272
row-00003450,0,0.44546283
row-00003451,0,0.38733770
row-00003452,0,0.36829209
row-00003453,0,0.33607274
row-00003454,0,0.27035853
row-00003455,1,0.70527047
row-00003456,0,0.21190932
row-00003457,1,0.87125474
row-00003458,0,0.20436925
row-00003459,1,0.70878131
row-00003460,1,0.82351123
row-00003461,1,0.56013681
row-00003462,0,0.35345834
row-00003463,0,0.22637839
row-00003464,0,0.57846205
row-00003465,0,0.63355185
row-00003466,0,0.06567070
row-00003467,0,0.22633465
row-00003468,0,0.19766716
row-00003469,1,0.86813102
row-00003470,1,0.67517786
row-00003471,0,0.36969291
row-00003472,0,0.16692465
row-00003473,0,0.30438627
row-00003474,0,0.40977670
row-00003475,0,0.12378275
row-00003476,1,0.84404444
row-00003477,1,0.59224784
row-00003478,0,0.49288887
row-00003479,0,0.11279253
row-00003480,0,0.62089819
row-00003481,0,0.44511325
row-00003482,0,0.72472325
row-00003483,0,0.08210539
row-00003484,0,0.40051888
row-00003485,0,0.10975898
row-00003486,0,0.50973097
row-00003487,0,0.60622654
row-00003488,0,0.43706773
row-00003489,1,0.96132636
row-00003490,0,0.10702662
row-00003491,0,0.58062982
row-00003492,1,0.60265452
row-00003493,1,0.85624396
row-00003494,0,0.33682974
row-00003495,1,0.68412639
row-00003496,0,0.32213936
row-00003497,0,0.30400921
row-00003498,0,0.16648774
row-00003499,1,0.72328315
row-00003500,0,0.05031530
row-00003501,0,0.37346131
row-00003502,0,0.13027110
row-00003503,0,0.32046544
row-00003504,0,0.53472211
row-00003505,1,0.77773134
row-00003506,0,0.59102387
row-00003507,0,0.65975723
row-00003508,0,0.12195331
row-00003509,0,0.22189449
row-00003510,0,0.23339591
row-00003511,0,0.49689969
row-00003512,1,0.39077568
row-00003513,1,0.58756167
row-00003514,0,0.37375948
row-00003515,1,0.59486094
row-00003516,0,0.27397955
row-00003517,0,0.46665437
row-00003518,1,0.62497948
row-00003519,1,0.68167038
row-00003520,1,0.46136435
row-00003521,0,0.31311672
row-00003522,0,0.13013872
row-00003523,1,0.68666764
row-00003524,1,0.66905460
row-00003525,0,0.37588280
row-00003526,0,0.09860208
row-00003527,0,0.12148889
row-00003528,0,0.55766246
row-00003529,0,0.50624629
row-00003530,1,0.56695258
row-00003531,0,0.45231561
row-00003532,0,0.01630286
row-00003533,0,0.02848150
row-00003534,0,0.22434926
row-00003535,1,0.77108578
row-00003536,0,0.46067707
row-00003537,0,0.19481325
row-00003538,0,0.20508583
row-00003539,0,0.23656656
row-00003540,0,0.62760254
row-00003541,1,0.72440218
row-00003542,0,0.52622018
row-00003543,0,0.19986905
row-00003544,0,0.03895855
row-00003545,0,0.63754214
row-00003546,1,0.92014715
row-00003547,0,0.64214010
row-00003548,0,0.20756863
row-00003549,0,0.53346963
row-00003550,1,0.87493010
row-00003551,0,0.11789366
row-00003552,0,0.07383608
row-00003553,0,0.51184304
row-00003554,0,0.17652144
row-00003555,0,0.32117932
row-00003556,0,0.13152503
row-00003557,0,0.28103164
row-00003558,0,0.42133909
row-00003559,0,0.17293090
row-00003560,0,0.18241064
row-00003561,0,0.12369849
row-00003562,1,0.61536393
row-00003563,1,0.47023726
row-00003564,0,0.18677320
row-00003565,0,0.27007686
row-00003566,1,0.79366286
row-00003567,0,0.17827307
row-00003568,1,0.82824968
row-00003569,0,0.54015213
row-00003570,0,0.07932254
row-00003571,0,0.34305019
row-00003572,1,0.75568242
row-00003573,0,0.41962375
row-00003574,0,0.22279905
row-00003575,1,0.68769633
row-00003576,0,0.42471992
row-00003577,0,0.27934269
row-00003578,0,0.11025985
row-00003579,0,0.30098588
row-00003580,0,0.65539181
row-00003581,1,0.43576462
row-00003582,0,0.04015009
row-00003583,0,0.55614004
row-00003584,0,0.27696769
row-00003585,0,0.13215864
row-00003586,0,0.66481954
row-00003587,0,0.43232726
row-00003588,0,0.37797542
row-00003589,0,0.28605693
row-00003590,0,0.13776539
row-00003591,0,0.34502844
row-00003592,0,0.14276945
row-00003593,1,0.29819368
row-00003594,0,0.26066436
row-00003595,0,0.14152977
row-00003596,0,0.33376444
row-00003597,0,0.25434555
row-00003598,0,0.22185976
row-00003599,1,0.91539231
row-00003600,0,0.31427215
row-00003601,0,0.20322841
row-00003602,1,0.61859818
row-00003603,0,0.25081528
row-00003604,0,0.45584450
row-00003605,0,0.44275635
row-00003606,0,0.02929414
row-00003607,0,0.18141756
row-00003608,1,0.67835844
row-00003609,1,0.60043630
row-00003610,0,0.10408888
row-00003611,0,0.33474479
row-00003612,1,0.57989554
row-00003613,1,0.87081049
row-00003614,0,0.18767354
row-00003615,0,0.47457419
row-00003616,0,0.09939258
row-00003617,0,0.49973297
row-00003618,0,0.20711042
row-00003619,0,0.22430399
row-00003620,0,0.14170625
row-00003621,0,0.14390329
row-00003622,0,0.14583746
row-00003623,0,0.15287695
row-00003624,0,0.32191544
row-00003625,0,0.17901929
row-00003626,0,0.43149709
row-00003627,1,0.42527479
row-00003628,0,0.68535049
row-00003629,0,0.74459435
row-00003630,1,0.20312189
row-00003631,1,0.20753923
row-00003632,0,0.47610231
row-00003633,0,0.16813417
row-00003634,0,0.05781780
row-00003635,0,0.31335778
row-00003636,0,0.36626240
row-00003637,0,0.31911047
row-00003638,0,0.24357357
row-00003639,0,0.30467048
row-00003640,0,0.06974957
row-00003641,0,0.14771634
row-00003642,0,0.12525026
row-00003643,0,0.38806573
row-00003644,0,0.21708967
row-00003645,0,0.28448771
row-00003646,1,0.45469755
row-00003647,0,0.65877272
row-00003648,0,0.21908745
row-00003649,0,0.14339524
row-00003650,0,0.51181406
row-00003651,1,0.61196918
row-00003652,1,0.51722579
row-00003653,0,0.49846424
row-00003654,1,0.71393400
row-00003655,0,0.36685384
row-00003656,0,0.07071206
row-00003657,1,0.80960895
row-00003658,0,0.42226183
row-00003659,0,0.23384319
row-00003660,1,0.77436786
row-00003661,0,0.51217767
row-00003662,0,0.45814008
row-00003663,0,0.27556079
row-00003664,1,0.63043448
row-00003665,1,0.78252056
row-00003666,0,0.49739719
row-00003667,0,0.25828429
row-00003668,0,0.88563930
row-00003669,0,0.20677507
row-00003670,1,0.77250718
row-00003671,1,0.57766251
row-00003672,0,0.12071729
row-00003673,0,0.51912136
row-00003674,0,0.41112008
row-00003675,0,0.20093876
row-00003676,0,0.61270049
row-00003677,0,0.49360649
row-00003678,0,0.19556522
row-00003679,0,0.54829188
row-00003680,1,0.77357860
row-00003681,0,0.06931703
row-00003682,0,0.07783128
row-00003683,1,0.51303827
row-00003684,0,0.18227891
row-00003685,0,0.45426930
row-00003686,1,0.81573412
row-00003687,0,0.06418646
row-00003688,0,0.19603715
row-00003689,0,0.09175390
row-00003690,0,0.41538499
row-00003691,0,0.19914984
row-00003692,1,0.79080116
row-00003693,0,0.15767750
row-00003694,0,0.25566598
row-00003695,0,0.15418281
row-00003696,1,0.87435559
row-00003697,0,0.51853509
row-00003698,0,0.15938771
row-00003699,0,0.19022692
row-00003700,1,0.48353171
row-00003701,0,0.30199300
row-00003702,1,0.79593601
row-00003703,0,0.44200967
row-00003704,0,0.30609598
row-00003705,0,0.12673482
row-00003706,1,0.74619308
row-00003707,0,0.27607536
row-00003708,0,0.29558506
row-00003709,0,0.26114946
row-00003710,1,0.65209085
row-00003711,1,0.54684766
row-00003712,1,0.97876660
row-00003713,1,0.56352922
row-00003714,1,0.75400954
row-00003715,1,0.78356116
row-00003716,0,0.54577712
row-00003717,0,0.32216423
row-00003718,1,0.82946613
row-00003719,0,0.33094839
row-00003720,0,0.08454466
row-00003721,1,0.60512818
row-00003722,0,0.45434017
row-00003723,0,0.18897620
row-00003724,0,0.24503225
row-00003725,0,0.26058847
row-00003726,0,0.40904877
row-00003727,0,0.22826301
row-00003728,0,0.17891769
row-00003729,0,0.09020993
row-00003730,0,0.24235857
row-00003731,1,0.75225654
row-00003732,0,0.18298266
row-00003733,0,0.22709319
row-00003734,0,0.22286918
row-00003735,0,0.19723403
row-00003736,0,0.40080066
row-00003737,0,0.13573520
row-00003738,0,0.50215492
row-00003739,0,0.07099772
row-00003740,0,0.44902583
row-00003741,1,0.86039251
row-00003742,0,0.07333985
row-00003743,0,0.14103173
row-00003744,0,0.47490832
row-00003745,0,0.61935016
row-00003746,1,0.86834757
row-00003747,1,0.60445677
row-00003748,0,0.22509755
row-00003749,0,0.11009160
row-00003750,0,0.52113875
row-00003751,0,0.12119601
row-00003752,0,0.11641517
row-00003753,1,0.90787047
row-00003754,0,0.43520489
row-00003755,0,0.15247724
row-00003756,1,0.90980394
row-00003757,1,0.72654742
row-00003758,0,0.31562572
row-00003759,1,0.64486174
row-00003760,1,0.89601762
row-00003761,0,0.59620536
row-00003762,0,0.51793270
row-00003763,0,0.07749017
row-00003764,0,0.04848921
row-00003765,0,0.24594804
row-00003766,0,0.51086289
row-00003767,0,0.38477279
row-00003768,0,0.41495308
row-00003769,0,0.06923903
row-00003770,0,0.64305577
row-00003771,1,0.65576997
row-00003772,1,0.86827412
row-00003773,0,0.05844588
row-00003774,0,0.16588982
row-00003775,1,0.58668430
row-00003776,0,0.25979982
row-00003777,0,0.17148717
row-00003778,1,0.78058276
row-00003779,0,0.12357341
row-00003780,0,0.23854336
row-00003781,0,0.16037670
row-00003782,0,0.42248587
row-00003783,0,0.10272236
row-00003784,0,0.13306415
row-00003785,0,0.17562731
row-00003786,0,0.36377710
row-00003787,0,0.32620159
row-00003788,0,0.19243661
row-00003789,1,0.63516463
row-00003790,0,0.21964509
row-00003791,0,0.11555412
row-00003792,1,0.72647077
row-00003793,1,0.68839358
row-00003794,0,0.13143479
row-00003795,1,0.43744344
row-00003796,0,0.56623718
row-00003797,0,0.15844854
row-00003798,0,0.03726385
row-00003799,0,0.06521932
row-00003800,1,0.50625766
row-00003801,0,0.03545144
row-00003802,1,0.81167088
row-00003803,0,0.11261512
row-00003804,1,0.71762861
row-00003805,0,0.44416771
row-00003806,0,0.19730790
row-00003807,0,0.30342939
row-00003808,1,0.52326880
row-00003809,1,0.39650850
row-00003810,0,0.66851692
row-00003811,1,0.45651200
row-00003812,0,0.20976038
row-00003813,1,0.83739319
row-00003814,1,0.85005498
row-00003815,0,0.04552197
row-00003816,1,0.75935140
row-00003817,0,0.68430528
row-00003818,0,0.55408780
row-00003819,0,0.31374331
row-00003820,0,0.32795353
row-00003821,0,0.24589306
row-00003822,1,0.61187021
row-00003823,1,0.29146288
row-00003824,1,0.87435085
row-00003825,1,0.58125309
row-00003826,0,0.29585237
row-00003827,0,0.15637106
row-00003828,1,0.95097049
row-00003829,1,0.62901757
row-00003830,1,0.52849469
row-00003831,0,0.25999331
row-00003832,1,0.62391250
row-00003833,1,0.67331196
row-00003834,1,0.80483883
row-00003835,1,0.69662751
row-00003836,1,0.81103056
row-00003837,1,0.75317775
row-00003838,0,0.32818701
row-00003839,0,0.38483407
row-00003840,0,0.31213182
row-00003841,0,0.62672006
row-00003842,0,0.36798628
row-00003843,0,0.67702358
row-00003844,1,0.68554136
row-00003845,0,0.68001448
row-00003846,0,0.08232030
row-00003847,0,0.31344146
row-00003848,0,0.27407646
row-00003849,0,0.19361195
row-00003850,0,0.07390977
row-00003851,1,0.50152996
row-00003852,0,0.50354551
row-00003853,0,0.20167752
row-00003854,0,0.30940216
row-00003855,0,0.29712808
row-00003856,1,0.48057266
row-00003857,0,0.00844222
row-00003858,0,0.63065069
row-00003859,1,0.66964310
row-00003860,0,0.69761261
row-00003861,0,0.30851269
row-00003862,0,0.36956017
row-00003863,0,0.33329331
row-00003864,0,0.39623443
row-00003865,0,0.14558963
row-00003866,0,0.21960844
row-00003867,0,0.47608999
row-00003868,0,0.26049269
row-00003869,1,0.72043016
row-00003870,0,0.16832062
row-00003871,0,0.31136916
row-00003872,0,0.20431706
row-00003873,0,0.57606109
row-00003874,0,0.18243429
row-00003875,1,0.84348028
row-00003876,0,0.38876729
row-00003877,0,0.33690539
row-00003878,0,0.29471399
row-00003879,0,0.21168876
row-00003880,0,0.73398372
row-00003881,1,0.60221241
row-00003882,0,0.29225144
row-00003883,1,0.68204749
row-00003884,0,0.15377442
row-00003885,0,0.33732103
row-00003886,0,0.34451284
row-00003887,0,0.11135723
row-00003888,0,0.33425880
row-00003889,1,0.58474102
row-00003890,0,0.23283192
row-00003891,0,0.44609714
row-00003892,1,0.70569097
row-00003893,0,0.16896919
row-00003894,0,0.10188654
row-00003895,0,0.27141660
row-00003896,0,0.31470720
row-00003897,0,0.31414951
row-00003898,1,0.83135728
row-00003899,0,0.37745848
row-00003900,0,0.43213666
row-00003901,0,0.22321143
row-00003902,1,0.52254390
row-00003903,0,0.30504881
row-00003904,0,0.42957133
row-00003905,0,0.40537008
row-00003906,0,0.15020459
row-00003907,1,0.90306886
row-00003908,1,0.78235149
row-00003909,0,0.36743277
row-00003910,0,0.23458873
row-00003911,0,0.31803337
row-00003912,0,0.14137921
row-00003913,0,0.50551470
row-00003914,1,0.69056058
row-00003915,0,0.19002021
row-00003916,1,0.89431374
row-00003917,0,0.30441592
row-00003918,1,0.62874086
row-00003919,1,0.43223284
row-00003920,1,0.94006032
row-00003921,0,0.14550710
row-00003922,0,0.12321244
row-00003923,0,0.40198499
row-00003924,1,0.72208010
row-00003925,0,0.55602361
row-00003926,1,0.88010646
row-00003927,0,0.21197606
row-00003928,0,0.19684400
row-00003929,0,0.26712505
row-00003930,1,0.45014340
row-00003931,1,0.69291673
row-00003932,0,0.41139575
row-00003933,0,0.33212755
row-00003934,0,0.12252228
row-00003935,1,0.69551271
row-00003936,0,0.23452107
row-00003937,0,0.43126290
row-00003938,0,0.29713248
row-00003939,1,0.54382288
row-00003940,0,0.40098194
row-00003941,0,0.33428843
row-00003942,0,0.57820245
row-00003943,1,0.79117135
row-00003944,0,0.03174737
row-00003945,0,0.08359454
row-00003946,0,0.20681398
row-00003947,1,0.53366067
row-00003948,0,0.27885454
row-00003949,0,0.39967250
row-00003950,1,0.93040198
row-00003951,1,0.79958003
row-00003952,0,0.45815552
row-00003953,0,0.50387784
row-00003954,0,0.19106319
row-00003955,0,0.33980186
row-00003956,0,0.23348357
row-00003957,1,0.62762666
row-00003958,0,0.29406192
row-00003959,1,0.58550669
row-00003960,0,0.63567885
row-00003961,1,0.96365210
row-00003962,0,0.08762186
row-00003963,0,0.30372055
row-00003964,1,0.87530887
row-00003965,0,0.39758495
row-00003966,0,0.36194226
row-00003967,0,0.06916787
row-00003968,0,0.29960179
row-00003969,0,0.51671299
row-00003970,0,0.20765794
row-00003971,0,0.26009082
row-00003972,0,0.32251122
row-00003973,0,0.30332046
row-00003974,0,0.27761374
row-00003975,1,0.87568497
row-00003976,0,0.21704930
row-00003977,0,0.57590568
row-00003978,0,0.17931850
row-00003979,0,0.30886835
row-00003980,0,0.56408398
row-00003981,0,0.42627862
row-00003982,0,0.35823585
row-00003983,0,0.16896773
row-00003984,1,0.84497761
row-00003985,0,0.33962454
row-00003986,1,0.89384677
row-00003987,0,0.13530351
row-00003988,0,0.23624552
row-00003989,0,0.29878925
row-00003990,1,0.69500611
row-00003991,0,0.05602814
row-00003992,0,0.23059913
row-00003993,0,0.31296296
row-00003994,1,0.66680860
row-00003995,1,0.76753118
row-00003996,0,0.23010442
row-00003997,0,0.07687359
row-00003998,1,0.81950539
row-00003999,1,0.68918891
row-00004000,0,0.25083255
row-00004001,0,0.19575681
row-00004002,0,0.67423456
row-00004003,1,0.66502420
row-00004004,0,0.33109717
row-00004005,0,0.32434961
row-00004006,0,0.15492458
row-00004007,0,0.35001609
row-00004008,1,0.43297527
row-00004009,1,0.82229125
row-00004010,1,0.79826513
row-00004011,1,0.32092335
row-00004012,1,0.77102093
row-00004013,1,0.82763571
row-00004014,1,0.29848057
row-00004015,0,0.24338250
row-00004016,1,0.91408032
row-00004017,0,0.11396026
row-00004018,0,0.39225042
row-00004019,0,0.12536654
row-00004020,0,0.13304850
row-00004021,0,0.33484535
row-00004022,0,0.28223816
row-00004023,1,0.68561559
row-00004024,1,0.46214450
row-00004025,1,0.70437818
row-00004026,0,0.09020737
row-00004027,1,0.74565041
row-00004028,1,0.67596703
row-00004029,0,0.16068514
row-00004030,0,0.09071540
row-00004031,0,0.28326230
row-00004032,0,0.40477101
row-00004033,0,0.09633875
row-00004034,0,0.19220214
row-00004035,0,0.28710249
row-00004036,1,0.78738190
row-00004037,0,0.22392704
row-00004038,0,0.12721017
row-00004039,0,0.15440942
row-00004040,0,0.07094506
row-00004041,0,0.41454184
row-00004042,0,0.45900615
row-00004043,1,0.62915811
row-00004044,0,0.33447134
row-00004045,0,0.36859957
row-00004046,0,0.12102521
row-00004047,0,0.04974506
row-00004048,0,0.46216323
row-00004049,0,0.02520672
row-00004050,0,0.02132038
row-00004051,0,0.26935247
row-00004052,1,0.82655607
row-00004053,1,0.70463013
row-00004054,0,0.40147851
row-00004055,0,0.20048063
row-00004056,1,0.66622516
row-00004057,1,0.57633175
row-00004058,0,0.12419740
row-00004059,0,0.23732596
row-00004060,0,0.26669603
row-00004061,1,0.55535659
row-00004062,0,0.09282890
row-00004063,1,0.89320127
row-00004064,0,0.46870190
row-00004065,1,0.58361593
row-00004066,0,0.63200647
row-00004067,0,0.19983552
row-00004068,0,0.37064317
row-00004069,1,0.79597385
row-00004070,0,0.16320538
row-00004071,1,0.84215542
row-00004072,1,0.75327034
row-00004073,0,0.45148600
row-00004074,0,0.28697022
row-00004075,1,0.81622433
row-00004076,1,0.54276767
row-00004077,1,0.58258081
row-00004078,1,0.60482692
row-00004079,1,0.87218291
row-00004080,0,0.04760733
row-00004081,0,0.27742715
row-00004082,0,0.38538609
row-00004083,1,0.93755006
row-00004084,0,0.24080661
row-00004085,0,0.49279299
row-00004086,0,0.19969152
row-00004087,1,0.30692287
row-00004088,0,0.35852963
row-00004089,0,0.26026773
row-00004090,0,0.23467414
row-00004091,0,0.28339707
row-00004092,1,0.44266447
row-00004093,1,0.81534025
row-00004094,0,0.37100209
row-00004095,0,0.14266088
row-00004096,0,0.33806901
row-00004097,0,0.24194336
row-00004098,0,0.64585162
row-00004099,0,0.05529720
row-00004100,0,0.24378050
row-00004101,0,0.38518639
row-00004102,0,0.43620859
row-00004103,0,0.24054362
row-00004104,0,0.17936537
row-00004105,0,0.18560046
row-00004106,0,0.24238414
row-00004107,0,0.32877533
row-00004108,1,0.42889630
row-00004109,0,0.34643283
row-00004110,0,0.34616859
row-00004111,0,0.09270336
row-00004112,0,0.07161873
row-00004113,0,0.16718625
row-00004114,0,0.13025963
row-00004115,1,0.96386708
row-00004116,1,0.74424049
row-00004117,0,0.34346911
row-00004118,1,0.88844693
row-00004119,0,0.24799843
row-00004120,1,0.65168180
row-00004121,1,0.62546364
row-00004122,0,0.24647719
row-00004123,0,0.54961107
row-00004124,0,0.07200191
row-00004125,1,0.92905134
row-00004126,0,0.23297545
row-00004127,1,0.70197025
row-00004128,0,0.36496138
row-00004129,0,0.14445066
row-00004130,0,0.31099051
row-00004131,1,0.79784150
row-00004132,1,0.92139823
row-00004133,0,0.09786961
row-00004134,0,0.17419554
row-00004135,1,0.80229109
row-00004136,0,0.40419455
row-00004137,0,0.08514665
row-00004138,1,0.61803529
row-00004139,0,0.37977394
row-00004140,0,0.47701209
row-00004141,0,0.06710317
row-00004142,0,0.11330590
row-00004143,0,0.60939257
row-00004144,1,0.60192779
row-00004145,0,0.53973307
row-00004146,1,0.30539781
row-00004147,0,0.22995084
row-00004148,0,0.06965396
row-00004149,0,0.16759735
row-00004150,0,0.19827705
row-00004151,0,0.11423172
row-00004152,0,0.42523848
row-00004153,1,0.71154277
row-00004154,0,0.14309939
row-00004155,1,0.73696867
row-00004156,1,0.73013510
row-00004157,1,0.36709671
row-00004158,0,0.41341182
row-00004159,0,0.40186544
row-00004160,0,0.28746368
row-00004161,0,0.07352301
row-00004162,0,0.35184747
row-00004163,1,0.60117927
row-00004164,0,0.19586961
row-00004165,0,0.06236062
row-00004166,0,0.80717394
row-00004167,0,0.10975577
row-00004168,0,0.22335614
row-00004169,0,0.21698983
row-00004170,0,0.25872710
row-00004171,0,0.02767121
row-00004172,0,0.11221117
row-00004173,0,0.09873849
row-00004174,0,0.47306061
row-00004175,1,0.63632912
row-00004176,1,0.71953808
row-00004177,0,0.36886158
row-00004178,1,0.76205299
row-00004179,0,0.15760915
row-00004180,0,0.19610327
row-00004181,1,0.92981809
row-00004182,0,0.21327309
row-00004183,0,0.29425213
row-00004184,0,0.37689527
row-00004185,1,0.73540147
row-00004186,0,0.18523397
row-00004187,0,0.06703017
row-00004188,1,0.89157830
row-00004189,0,0.10815986
row-00004190,0,0.17706825
row-00004191,0,0.30482136
row-00004192,0,0.23376110
row-00004193,0,0.08071674
row-00004194,0,0.41047944
row-00004195,0,0.29645998
row-00004196,0,0.40454114
row-00004197,0,0.33849055
row-00004198,0,0.18323643
row-00004199,0,0.14157092
row-00004200,1,0.88017342
row-00004201,1,0.80380747
row-00004202,0,0.42207606
row-00004203,0,0.02637765
row-00004204,0,0.30813248
row-00004205,0,0.45229976
row-00004206,0,0.30051194
row-00004207,0,0.21267312
row-00004208,0,0.18037208
row-00004209,0,0.31382391
row-00004210,1,0.73769214
row-00004211,0,0.34559172
row-00004212,0,0.06957148
row-00004213,1,0.39205972
row-00004214,0,0.38381998
row-00004215,0,0.30491076
row-00004216,1,0.77596778
row-00004217,0,0.46754854
row-00004218,0,0.35198008
row-00004219,0,0.36289562
row-00004220,0,0.68264586
row-00004221,0,0.27953542
row-00004222,0,0.03925311
row-00004223,0,0.43405365
row-00004224,1,0.66094112
row-00004225,0,0.04246276
row-00004226,1,0.78178989
row-00004227,0,0.05135802
row-00004228,0,0.15431967
row-00004229,0,0.30000801
row-00004230,0,0.31072969
row-00004231,0,0.37714260
row-00004232,0,0.10109882
row-00004233,0,0.17161730
row-00004234,0,0.17921222
row-00004235,0,0.24301665
row-00004236,0,0.09222946
row-00004237,0,0.06005694
row-00004238,0,0.29872483
row-00004239,0,0.15831012
row-00004240,0,0.68548978
row-00004241,1,0.70708980
row-00004242,0,0.38625171
row-00004243,0,0.29352782
row-00004244,1,0.86010467
row-00004245,0,0.24971968
row-00004246,0,0.18942809
row-00004247,0,0.09588128
row-00004248,0,0.27003820
row-00004249,0,0.07457950
row-00004250,0,0.37695305
row-00004251,0,0.11797297
row-00004252,0,0.39186706
row-00004253,0,0.08660893
row-00004254,0,0.38162504
row-00004255,1,0.56086015
row-00004256,0,0.35760364
row-00004257,0,0.49921192
row-00004258,1,0.71651267
row-00004259,1,0.89839182
row-00004260,0,0.33488579
row-00004261,0,0.39032277
row-00004262,1,0.66384609
row-00004263,0,0.31799376
row-00004264,0,0.29092353
row-00004265,1,0.90565325
row-00004266,1,0.66516754
row-00004267,1,0.63886551
row-00004268,0,0.39655408
row-00004269,0,0.19532561
row-00004270,0,0.05687702
row-00004271,1,0.72093936
row-00004272,1,0.71988089
row-00004273,0,0.52985805
row-00004274,1,0.84385643
row-00004275,0,0.21458647
row-00004276,0,0.50421574
row-00004277,0,0.30790216
row-00004278,0,0.25488282
row-00004279,0,0.10773188
row-00004280,1,0.74194488
row-00004281,1,0.83623003
row-00004282,0,0.37284154
row-00004283,0,0.14237923
row-00004284,0,0.14033569
row-00004285,0,0.45934333
row-00004286,0,0.22075982
row-00004287,0,0.09740695
row-00004288,0,0.14211112
row-00004289,1,0.87290585
row-00004290,1,0.79147656
row-00004291,0,0.32716748
row-00004292,0,0.10466238
row-00004293,0,0.33535220
row-00004294,0,0.39743099
row-00004295,0,0.33395829
row-00004296,0,0.34568969
row-00004297,1,0.60274609
row-00004298,1,0.64746598
row-00004299,1,0.52079108
row-00004300,0,0.34824711
row-00004301,0,0.11832083
row-00004302,1,0.83583774
row-00004303,1,0.54674831
row-00004304,0,0.17792915
row-00004305,0,0.14046687
row-00004306,0,0.24647915
row-00004307,1,0.74452497
row-00004308,0,0.25298926
row-00004309,0,0.27367861
row-00004310,0,0.37372372
row-00004311,1,0.54373784
row-00004312,1,0.40057462
row-00004313,1,0.74124106
row-00004314,0,0.44406516
row-00004315,0,0.18449805
row-00004316,1,0.79653624
row-00004317,0,0.32136797
row-00004318,0,0.57522489
row-00004319,0,0.04381770
row-00004320,1,0.43629974
row-00004321,0,0.09793243
row-00004322,0,0.28941679
row-00004323,1,0.67694076
row-00004324,0,0.22304641
row-00004325,0,0.29405460
row-00004326,1,0.44443777
row-00004327,0,0.29534983
row-00004328,0,0.47311372
row-00004329,0,0.26109644
row-00004330,1,0.68567810
row-00004331,0,0.47920848
row-00004332,0,0.13922437
row-00004333,0,0.12977901
row-00004334,0,0.53896281
row-00004335,1,0.82448130
row-00004336,0,0.58270774
row-00004337,0,0.41517010
row-00004338,0,0.16101303
row-00004339,0,0.21550894
row-00004340,0,0.10877594
row-00004341,0,0.40918737
row-00004342,1,0.41644207
row-00004343,1,0.78502723
row-00004344,1,0.91719016
row-00004345,1,0.77767909
row-00004346,1,0.62731816
row-00004347,0,0.12799480
row-00004348,0,0.33791601
row-00004349,1,0.71338968
row-00004350,0,0.15927637
row-00004351,1,0.97038038
row-00004352,0,0.28308624
row-00004353,0,0.28882225
row-00004354,0,0.26674882
row-00004355,0,0.42654663
row-00004356,0,0.49292731
row-00004357,0,0.08055158
row-00004358,0,0.61491482
row-00004359,0,0.08751957
row-00004360,1,0.74546046
row-00004361,0,0.55037398
row-00004362,1,0.68304093
row-00004363,1,0.87566202
row-00004364,0,0.31539603
row-00004365,1,0.98246717
row-00004366,0,0.37834032
row-00004367,0,0.26788480
row-00004368,0,0.40522058
row-00004369,0,0.34770285
row-00004370,0,0.21939339
row-00004371,0,0.21500856
row-00004372,1,0.44946722
row-00004373,0,0.14273655
row-00004374,0,0.20319205
row-00004375,0,0.39099144
row-00004376,1,0.56352217
row-00004377,1,0.77025123
row-00004378,0,0.48152338
row-00004379,0,0.52789069
row-00004380,0,0.16532974
row-00004381,0,0.33778689
row-00004382,0,0.26291545
row-00004383,0,0.55629520
row-00004384,0,0.35376655
row-00004385,0,0.30443520
row-00004386,1,0.36242003
row-00004387,1,0.83380309
row-00004388,0,0.71838769
row-00004389,0,0.27826077
row-00004390,0,0.26378482
row-00004391,1,0.81292875
row-00004392,1,0.79025144
row-00004393,1,0.68347036
row-00004394,1,0.34454143
row-00004395,0,0.13786433
row-00004396,0,0.04297962
row-00004397,1,0.76773896
row-00004398,1,0.53395764
row-00004399,0,0.09471620
row-00004400,1,0.81686477
row-00004401,1,0.92213728
row-00004402,0,0.19435630
row-00004403,0,0.34407346
row-00004404,0,0.11501029
row-00004405,1,0.68079367
row-00004406,0,0.18395782
row-00004407,1,0.88123109
row-00004408,0,0.13848533
row-00004409,0,0.65132272
row-00004410,1,0.58760367
row-00004411,0,0.33514970
row-00004412,0,0.43292843
row-00004413,0,0.39471307
row-00004414,0,0.03633543
row-00004415,0,0.41239608
row-00004416,1,0.75904489
row-00004417,1,0.67111406
row-00004418,0,0.04776249
row-00004419,0,0.40668878
row-00004420,0,0.22978029
row-00004421,1,0.55291860
row-00004422,0,0.54565453
row-00004423,0,0.17218522
row-00004424,1,0.79124950
row-00004425,0,0.16736478
row-00004426,0,0.34430049
row-00004427,0,0.34562019
row-00004428,1,0.69821939
row-00004429,0,0.12310000
row-00004430,0,0.29573116
row-00004431,0,0.33867869
row-00004432,0,0.14782355
row-00004433,0,0.24517136
row-00004434,0,0.24881482
row-00004435,0,0.25597376
row-00004436,1,0.71668914
row-00004437,0,0.02978293
row-00004438,1,0.60299551
row-00004439,0,0.26287907
row-00004440,0,0.16404508
row-00004441,0,0.59232512
row-00004442,0,0.21161831
row-00004443,0,0.03009073
row-00004444,0,0.14229491
row-00004445,0,0.17031333
row-00004446,0,0.01184150
row-00004447,1,0.80238172
row-00004448,0,0.22527026
row-00004449,0,0.08537522
row-00004450,1,0.73768646
row-00004451,1,0.83786857
row-00004452,1,0.90168251
row-00004453,1,0.69289209
row-00004454,0,0.49404792
row-00004455,0,0.53347758
row-00004456,0,0.25389499
row-00004457,0,0.09411287
row-00004458,0,0.54511840
row-00004459,0,0.16155589
row-00004460,1,0.58579126
row-00004461,0,0.32610201
row-00004462,0,0.33160200
row-00004463,0,0.32349464
row-00004464,0,0.23250944
row-00004465,0,0.50469366
row-00004466,0,0.25696696
row-00004467,0,0.54316198
row-00004468,0,0.25980082
row-00004469,0,0.04773044
row-00004470,1,0.62774975
row-00004471,1,0.90101851
row-00004472,0,0.48038707
row-00004473,0,0.18420891
row-00004474,0,0.32335605
row-00004475,0,0.11557921
row-00004476,0,0.46493359
row-00004477,0,0.41723238
row-00004478,0,0.40333878
row-00004479,0,0.08328800
row-00004480,0,0.11593366
row-00004481,0,0.09531030
row-00004482,0,0.57974510
row-00004483,0,0.40898844
row-00004484,1,0.77091267
row-00004485,0,0.11431077
row-00004486,0,0.38613906
row-00004487,1,0.86011295
row-00004488,0,0.02326220
row-00004489,1,0.83366059
row-00004490,1,0.46130529
row-00004491,0,0.20380688
row-00004492,0,0.32261788
row-00004493,0,0.37780599
row-00004494,1,0.25932115
row-00004495,1,0.60315249
row-00004496,0,0.31127820
row-00004497,1,0.51778598
row-00004498,0,0.37827984
row-00004499,0,0.23824253
row-00004500,0,0.48868592
row-00004501,0,0.22676522
row-00004502,0,0.42123428
row-00004503,1,0.72514703
row-00004504,1,0.66561926
row-00004505,0,0.14530738
row-00004506,0,0.06566772
row-00004507,1,0.75976563
row-00004508,1,0.92189344
row-00004509,1,0.77662315
row-00004510,0,0.25975049
row-00004511,0,0.03990901
row-00004512,0,0.53329386
row-00004513,1,0.63715921
row-00004514,0,0.17740421
row-00004515,0,0.18787527
row-00004516,0,0.14474936
row-00004517,1,0.81951138
row-00004518,0,0.43772178
row-00004519,0,0.36063290
row-00004520,0,0.10415151
row-00004521,0,0.38755530
row-00004522,1,0.84286428
row-00004523,0,0.29896149
row-00004524,0,0.05744479
row-00004525,0,0.29166659
row-00004526,0,0.28618357
row-00004527,0,0.17331970
row-00004528,0,0.41505970
row-00004529,1,0.61488872
row-00004530,0,0.06916539
row-00004531,1,0.80434189
row-00004532,0,0.39886187
row-00004533,1,0.90765981
row-00004534,1,0.51980968
row-00004535,0,0.58070351
row-00004536,0,0.34575698
row-00004537,0,0.35838500
row-00004538,0,0.33507749
row-00004539,0,0.34224565
row-00004540,0,0.33926965
row-00004541,1,0.84880045
row-00004542,1,0.34791699
row-00004543,1,0.75828641
row-00004544,1,0.91270570
row-00004545,0,0.17114493
row-00004546,0,0.47135103
row-00004547,1,0.42754102
row-00004548,0,0.42567862
row-00004549,1,0.83738177
row-00004550,0,0.39864353
row-00004551,0,0.17515639
row-00004552,1,0.83433092
row-00004553,0,0.54760042
row-00004554,0,0.03157404
row-00004555,0,0.29988150
row-00004556,0,0.40951879
row-00004557,1,0.88680851
row-00004558,0,0.31154749
row-00004559,0,0.09462049
row-00004560,0,0.25967905
row-00004561,1,0.61131860
row-00004562,0,0.06624161
row-00004563,0,0.50454185
row-00004564,0,0.17275841
row-00004565,0,0.27521797
row-00004566,0,0.16017045
row-00004567,0,0.18822015
row-00004568,0,0.43476540
row-00004569,1,0.94090138
row-00004570,0,0.07280774
row-00004571,1,0.46791132
row-00004572,0,0.26853396
row-00004573,0,0.47268153
row-00004574,0,0.30513583
row-00004575,0,0.17889841
row-00004576,1,0.61396631
row-00004577,0,0.02049427
row-00004578,0,0.03630013
row-00004579,0,0.52628474
row-00004580,1,0.69343648
row-00004581,0,0.06397406
row-00004582,0,0.21761289
row-00004583,0,0.09526499
row-00004584,0,0.63127996
row-00004585,0,0.50379755
row-00004586,1,0.66865638
row-00004587,0,0.14560695
row-00004588,1,0.69878342
row-00004589,0,0.54170136
row-00004590,0,0.41157512
row-00004591,0,0.49674076
row-00004592,1,0.75737980
row-00004593,1,0.58485455
row-00004594,0,0.39249412
row-00004595,0,0.19489887
row-00004596,0,0.25502409
row-00004597,0,0.25415459
row-00004598,1,0.87469574
row-00004599,0,0.34398232
row-00004600,0,0.29513982
row-00004601,1,0.87592492
row-00004602,1,0.61900743
row-00004603,0,0.08294055
row-00004604,0,0.21693437
row-00004605,1,0.59840703
row-00004606,0,0.13787836
row-00004607,0,0.38931909
row-00004608,0,0.17973686
row-00004609,1,0.58124967
row-00004610,1,0.80402080
row-00004611,0,0.35222914
row-00004612,0,0.21768348
row-00004613,0,0.29264061
row-00004614,1,0.72044069
row-00004615,0,0.19245465
row-00004616,0,0.32807807
row-00004617,0,0.24803989
row-00004618,0,0.34239715
row-00004619,0,0.67395984
row-00004620,0,0.40193785
row-00004621,0,0.20999427
row-00004622,0,0.13718188
row-00004623,0,0.21041958
row-00004624,1,0.71893240
row-00004625,1,0.60272987
row-00004626,0,0.16557620
row-00004627,0,0.08631005
row-00004628,0,0.37861368
row-00004629,0,0.18185933
row-00004630,0,0.50563856
row-00004631,0,0.57917126
row-00004632,0,0.48325375
row-00004633,1,0.63060078
row-00004634,1,0.95771327
row-00004635,1,0.88192906
row-00004636,0,0.20365905
row-00004637,0,0.03167678
row-00004638,0,0.27718882
row-00004639,0,0.04960275
row-00004640,1,0.79538740
row-00004641,1,0.84183711
row-00004642,0,0.34270710
row-00004643,0,0.51921408
row-00004644,0,0.47675266
row-00004645,0,0.34121325
row-00004646,1,0.65953780
row-00004647,1,0.94464546
row-00004648,1,0.94490661
row-00004649,0,0.23085698
row-00004650,0,0.66294814
row-00004651,0,0.15518880
row-00004652,1,0.91439117
row-00004653,1,0.31716346
row-00004654,0,0.50695365
row-00004655,0,0.43748347
row-00004656,0,0.23464543
row-00004657,0,0.23294178
row-00004658,0,0.45632674
row-00004659,0,0.52781559
row-00004660,0,0.28046354
row-00004661,0,0.13689894
row-00004662,0,0.23120844
row-00004663,0,0.18263654
row-00004664,0,0.31384938
row-00004665,0,0.13742889
row-00004666,0,0.48163006
row-00004667,0,0.45076577
row-00004668,1,0.72348639
row-00004669,0,0.37900400
row-00004670,0,0.66630012
row-00004671,0,0.38739091
row-00004672,0,0.28577364
row-00004673,0,0.20621711
row-00004674,0,0.38819916
row-00004675,0,0.35503335
row-00004676,0,0.12158335
row-00004677,0,0.30512849
row-00004678,0,0.26764775
row-00004679,0,0.30033516
row-00004680,1,0.78385520
row-00004681,0,0.53734521
row-00004682,0,0.12854499
row-00004683,0,0.17237971
row-00004684,0,0.18618475
row-00004685,0,0.30542528
row-00004686,1,0.48628204
row-00004687,1,0.38871804
row-00004688,0,0.51717292
row-00004689,0,0.11057960
row-00004690,1,0.44038945
row-00004691,0,0.75575713
row-00004692,1,0.97636239
row-00004693,1,0.74824528
row-00004694,1,0.89129401
row-00004695,1,0.52915355
row-00004696,0,0.17190565
row-00004697,1,0.90690093
row-00004698,0,0.13104716
row-00004699,0,0.12384709
row-00004700,0,0.32684775
row-00004701,0,0.35297424
row-00004702,0,0.08940740
row-00004703,0,0.23459281
row-00004704,0,0.05197081
row-00004705,1,0.65495330
row-00004706,0,0.51847033
row-00004707,0,0.59912480
row-00004708,0,0.42985746
row-00004709,0,0.32551974
row-00004710,1,0.87872215
row-00004711,0,0.40710133
row-00004712,0,0.24594311
row-00004713,0,0.41006896
row-00004714,0,0.22780052
row-00004715,0,0.36651569
row-00004716,0,0.16684571
row-00004717,0,0.19771078
row-00004718,0,0.16647156
row-00004719,0,0.12091610
row-00004720,0,0.21357934
row-00004721,0,0.27464808
row-00004722,0,0.55554445
row-00004723,1,0.68802660
row-00004724,1,0.69669219
row-00004725,0,0.09286018
row-00004726,1,0.47205279
row-00004727,0,0.55141994
row-00004728,0,0.11274045
row-00004729,1,0.86892223
row-00004730,1,0.76090110
row-00004731,0,0.27504994
row-00004732,0,0.43480188
row-00004733,1,0.48939830
row-00004734,0,0.05731810
row-00004735,0,0.38645355
row-00004736,0,0.14790224
row-00004737,0,0.38126717
row-00004738,0,0.34544014
row-00004739,1,0.61259064
row-00004740,0,0.30963176
row-00004741,0,0.03719101
row-00004742,0,0.28813134
row-00004743,0,0.29467961
row-00004744,0,0.24706603
row-00004745,0,0.18679805
row-00004746,0,0.19034937
row-00004747,0,0.50468779
row-00004748,0,0.49477492
row-00004749,0,0.09359083
row-00004750,1,0.62164257
row-00004751,0,0.43006078
row-00004752,0,0.29624772
row-00004753,1,0.75796187
row-00004754,0,0.25629615
row-00004755,0,0.40101227
row-00004756,0,0.59561847
row-00004757,0,0.14724915
row-00004758,0,0.15255866
row-00004759,0,0.19332626
row-00004760,1,0.74884574
row-00004761,0,0.56988563
row-00004762,1,0.72349699
row-00004763,0,0.14261047
row-00004764,1,0.91771654
row-00004765,1,0.66673834
row-00004766,0,0.14291396
row-00004767,0,0.11059505
row-00004768,0,0.24039560
row-00004769,1,0.86798354
row-00004770,0,0.28393894
row-00004771,0,0.27943991
row-00004772,1,0.88369713
row-00004773,0,0.19358636
row-00004774,0,0.20726560
row-00004775,1,0.63737303
row-00004776,1,0.83406578
row-00004777,0,0.14473783
row-00004778,0,0.13357162
row-00004779,0,0.13343461
row-00004780,0,0.40020044
row-00004781,0,0.29032409
row-00004782,0,0.39450145
row-00004783,0,0.15192573
row-00004784,1,0.76199593
row-00004785,0,0.23927495
row-00004786,0,0.62650193
row-00004787,0,0.11737957
row-00004788,0,0.56697688
row-00004789,0,0.06974084
row-00004790,0,0.08448678
row-00004791,0,0.06846831
row-00004792,0,0.11726958
row-00004793,1,0.93578270
row-00004794,1,0.58891738
row-00004795,1,0.70996448
row-00004796,1,0.64176716
row-00004797,0,0.20665693
row-00004798,0,0.07390997
row-00004799,1,0.56651492
row-00004800,1,0.79418426
row-00004801,0,0.36450779
row-00004802,0,0.46092142
row-00004803,1,0.59721232
row-00004804,1,0.86181850
row-00004805,0,0.05845752
row-00004806,1,0.78691752
row-00004807,0,0.18767256
row-00004808,0,0.46656187
row-00004809,0,0.17579638
row-00004810,1,0.73905197
row-00004811,0,0.46855388
row-00004812,1,0.91817280
row-00004813,0,0.17532501
row-00004814,0,0.29435848
row-00004815,1,0.73960854
row-00004816,1,0.89061051
row-00004817,0,0.11909861
row-00004818,1,0.65280975
row-00004819,0,0.20435383
row-00004820,1,0.91850773
row-00004821,1,0.74585664
row-00004822,1,0.72926050
row-00004823,0,0.19568765
row-00004824,0,0.56167597
row-00004825,1,0.73888822
row-00004826,0,0.32594276
row-00004827,0,0.27291943
row-00004828,0,0.13651100
row-00004829,0,0.32466119
row-00004830,0,0.38631398
row-00004831,1,0.57412794
row-00004832,0,0.38217169
row-00004833,0,0.43019134
row-00004834,0,0.08035267
row-00004835,0,0.20287971
row-00004836,0,0.37440677
row-00004837,0,0.11093172
row-00004838,0,0.06718531
row-00004839,1,0.44034169
row-00004840,0,0.08510872
row-00004841,1,0.65888057
row-00004842,0,0.09118960
row-00004843,0,0.10346350
row-00004844,0,0.27771918
row-00004845,0,0.27559027
row-00004846,0,0.35801992
row-00004847,0,0.52826906
row-00004848,0,0.34916934
row-00004849,0,0.09718140
row-00004850,0,0.27511506
row-00004851,0,0.27590125
row-00004852,0,0.32405357
row-00004853,0,0.16382861
row-00004854,0,0.22143186
row-00004855,0,0.15879282
row-00004856,0,0.22830954
row-00004857,1,0.64399957
row-00004858,1,0.78636190
row-00004859,0,0.25355149
row-00004860,0,0.38377181
row-00004861,1,0.63737621
row-00004862,0,0.07468161
row-00004863,1,0.82986114
row-00004864,1,0.49752619
row-00004865,0,0.18186784
row-00004866,1,0.66154161
row-00004867,0,0.56080809
row-00004868,1,0.63789117
row-00004869,0,0.13010790
row-00004870,1,0.77987632
row-00004871,0,0.27440735
row-00004872,1,0.38725138
row-00004873,0,0.21604078
row-00004874,0,0.15299805
row-00004875,0,0.40213963
row-00004876,0,0.04690704
row-00004877,0,0.34865493
row-00004878,1,0.58742291
row-00004879,0,0.23063906
row-00004880,0,0.23595926
row-00004881,1,0.89206108
row-00004882,0,0.22108527
row-00004883,0,0.07853217
row-00004884,1,0.82045604
row-00004885,1,0.98131741
row-00004886,0,0.61246945
row-00004887,0,0.24745949
row-00004888,1,0.62644443
row-00004889,0,0.27582061
row-00004890,0,0.14375121
row-00004891,1,0.55246189
row-00004892,0,0.27230081
row-00004893,0,0.55674392
row-00004894,0,0.05309434
row-00004895,0,0.32257816
row-00004896,0,0.02267456
row-00004897,0,0.41923070
row-00004898,0,0.55625246
row-00004899,1,0.64457316
row-00004900,1,0.33028438
row-00004901,0,0.10152665
row-00004902,1,0.45811102
row-00004903,0,0.28312997
row-00004904,1,0.94374300
row-00004905,0,0.08278584
row-00004906,1,0.86322668
row-00004907,0,0.41326953
row-00004908,0,0.28185501
row-00004909,0,0.03965546
row-00004910,0,0.34169405
row-00004911,0,0.22064612
row-00004912,0,0.43854262
row-00004913,1,0.91325938
row-00004914,0,0.04760985
row-00004915,1,0.30517635
row-00004916,1,0.61789013
row-00004917,0,0.01562743
row-00004918,0,0.24392372
row-00004919,1,0.72352074
row-00004920,0,0.20206528
row-00004921,1,0.89283957
row-00004922,0,0.47478701
row-00004923,1,0.71278547
row-00004924,1,0.72664220
row-00004925,0,0.38259692
row-00004926,0,0.08907422
row-00004927,0,0.29470082
row-00004928,0,0.41397289
row-00004929,0,0.23412488
row-00004930,0,0.46178043
row-00004931,0,0.46491845
row-00004932,0,0.30135096
row-00004933,0,0.10020957
row-00004934,0,0.22386448
row-00004935,1,0.43578399
row-00004936,0,0.53978106
row-00004937,0,0.48826101
row-00004938,0,0.25665492
row-00004939,1,0.75264352
row-00004940,0,0.52306796
row-00004941,0,0.32457956
row-00004942,0,0.26729183
row-00004943,0,0.11541795
row-00004944,1,0.61069413
row-00004945,0,0.58117067
row-00004946,0,0.55793368
row-00004947,1,0.82635932
row-00004948,0,0.03476005
row-00004949,1,0.86537927
row-00004950,0,0.18347842
row-00004951,0,0.25295358
row-00004952,0,0.34851303
row-00004953,0,0.15314311
row-00004954,1,0.80081342
row-00004955,0,0.18167755
row-00004956,1,0.91502588
row-00004957,1,0.69372632
row-00004958,1,0.79175609
row-00004959,1,0.85259248
row-00004960,0,0.20255878
row-00004961,1,0.73381684
row-00004962,0,0.23551023
row-00004963,0,0.39790407
row-00004964,0,0.11680235
row-00004965,0,0.41390328
row-00004966,1,0.61607160
row-00004967,1,0.74772564
row-00004968,0,0.73082170
row-00004969,0,0.06637361
row-00004970,0,0.27343867
row-00004971,0,0.10968516
row-00004972,0,0.37248446
row-00004973,1,0.40387590
row-00004974,1,0.35235893
row-00004975,0,0.27362622
row-00004976,0,0.13493646
row-00004977,0,0.31902982
row-00004978,0,0.11441082
row-00004979,0,0.39080222
row-00004980,0,0.09452383
row-00004981,0,0.10807972
row-00004982,1,0.67071564
row-00004983,0,0.31951029
row-00004984,1,0.80513224
row-00004985,1,0.61626699
row-00004986,1,0.96159113
row-00004987,0,0.15799906
row-00004988,1,0.89348492
row-00004989,0,0.40940172
row-00004990,1,0.85340977
row-00004991,1,0.77115087
row-00004992,1,0.27790888
row-00004993,1,0.82867865
row-00004994,0,0.09935607
row-00004995,0,0.27104188
row-00004996,0,0.15570050
row-00004997,0,0.29704165
row-00004998,0,0.27776398
row-00004999,1,0.73074313
