event_id,timestamp,sensor_id,temperature_c,quality,payload
evt-00000912,2026-01-01T00:00:00Z,sensor-001,-9.69,good,"zone=1, batch=3"
evt-00000494,2026-01-01T00:00:00Z,sensor-002,-11.87,good,"zone=2, batch=1"
evt-00000083,2026-01-01T00:00:00Z,sensor-011,27.84,good,"zone=4, batch=0"
evt-00004811,2026-01-01T00:00:01Z,sensor-007,2.60,good,"zone=1, batch=19"
evt-00000983,2026-01-01T00:00:01Z,sensor-010,15.98,good,"zone=3, batch=3"
evt-00001902,2026-01-01T00:00:02Z,sensor-002,12.35,good,"zone=2, batch=7"
evt-00000820,2026-01-01T00:00:02Z,sensor-003,33.09,suspect,"zone=2, batch=3"
evt-00002298,2026-01-01T00:00:02Z,sensor-003,11.82,good,"zone=2, batch=9"
evt-00004886,2026-01-01T00:00:02Z,sensor-004,25.61,suspect,"zone=2, batch=19"
evt-00001055,2026-01-01T00:00:02Z,sensor-005,26.70,good,"zone=4, batch=4"
evt-00002917,2026-01-01T00:00:02Z,sensor-008,-7.83,good,"zone=4, batch=11"
evt-00003297,2026-01-01T00:00:02Z,sensor-011,17.08,good,"zone=2, batch=13"
evt-00003958,2026-01-01T00:00:03Z,sensor-002,7.54,good,"zone=4, batch=15"
evt-00003389,2026-01-01T00:00:03Z,sensor-004,29.60,suspect,"zone=4, batch=13"
evt-00003815,2026-01-01T00:00:03Z,sensor-008,16.83,suspect,"zone=4, batch=15"
evt-00001178,2026-01-01T00:00:03Z,sensor-009,17.59,good,"zone=4, batch=4"
evt-00004321,2026-01-01T00:00:03Z,sensor-009,26.95,suspect,"zone=3, batch=17"
evt-00001050,2026-01-01T00:00:04Z,sensor-004,0.78,good,"zone=2, batch=4"
evt-00004266,2026-01-01T00:00:04Z,sensor-005,34.04,good,"zone=1, batch=17"
evt-00004704,2026-01-01T00:00:04Z,sensor-005,-4.73,good,"zone=2, batch=18"
evt-00003035,2026-01-01T00:00:04Z,sensor-007,11.61,suspect,"zone=1, batch=12"
evt-00000122,2026-01-01T00:00:04Z,sensor-010,12.37,good,"zone=2, batch=0"
evt-00001177,2026-01-01T00:00:04Z,sensor-012,-4.79,good,"zone=2, batch=4"
evt-00001900,2026-01-01T00:00:05Z,sensor-009,13.14,good,"zone=4, batch=7"
evt-00002213,2026-01-01T00:00:05Z,sensor-010,2.06,good,"zone=3, batch=8"
evt-00000672,2026-01-01T00:00:06Z,sensor-001,-8.14,good,"zone=4, batch=2"
evt-00002368,2026-01-01T00:00:06Z,sensor-003,10.45,suspect,"zone=2, batch=9"
evt-00004197,2026-01-01T00:00:06Z,sensor-005,29.21,good,"zone=4, batch=16"
evt-00001589,2026-01-01T00:00:06Z,sensor-006,37.77,suspect,"zone=2, batch=6"
evt-00003670,2026-01-01T00:00:06Z,sensor-007,23.31,good,"zone=2, batch=14"
evt-00000324,2026-01-01T00:00:06Z,sensor-009,33.29,good,"zone=1, batch=1"
evt-00004075,2026-01-01T00:00:06Z,sensor-009,-10.22,good,"zone=3, batch=16"
evt-00001735,2026-01-01T00:00:07Z,sensor-001,-4.02,good,"zone=3, batch=6"
evt-00000923,2026-01-01T00:00:07Z,sensor-006,27.80,good,"zone=4, batch=3"
evt-00003927,2026-01-01T00:00:07Z,sensor-006,30.09,good,"zone=3, batch=15"
evt-00004316,2026-01-01T00:00:08Z,sensor-001,22.86,good,"zone=4, batch=17"
evt-00003134,2026-01-01T00:00:08Z,sensor-004,-4.50,suspect,"zone=2, batch=12"
evt-00001008,2026-01-01T00:00:08Z,sensor-006,35.51,good,"zone=2, batch=4"
evt-00003077,2026-01-01T00:00:08Z,sensor-006,33.31,suspect,"zone=4, batch=12"
evt-00004315,2026-01-01T00:00:08Z,sensor-007,15.12,suspect,"zone=4, batch=17"
evt-00002258,2026-01-01T00:00:08Z,sensor-008,2.25,suspect,"zone=1, batch=9"
evt-00003807,2026-01-01T00:00:08Z,sensor-008,-7.90,good,"zone=1, batch=15"
evt-00002002,2026-01-01T00:00:08Z,sensor-011,26.69,good,"zone=2, batch=8"
evt-00001696,2026-01-01T00:00:08Z,sensor-012,1.54,good,"zone=1, batch=6"
evt-00002271,2026-01-01T00:00:08Z,sensor-012,2.87,suspect,"zone=1, batch=9"
evt-00001166,2026-01-01T00:00:09Z,sensor-001,-2.51,good,"zone=3, batch=4"
evt-00001440,2026-01-01T00:00:09Z,sensor-001,26.28,suspect,"zone=2, batch=5"
evt-00002159,2026-01-01T00:00:09Z,sensor-003,-9.90,good,"zone=1, batch=8"
evt-00002920,2026-01-01T00:00:09Z,sensor-005,-6.87,suspect,"zone=3, batch=11"
evt-00002143,2026-01-01T00:00:09Z,sensor-012,19.96,suspect,"zone=3, batch=8"
evt-00000643,2026-01-01T00:00:10Z,sensor-005,34.40,suspect,"zone=2, batch=2"
evt-00002164,2026-01-01T00:00:10Z,sensor-006,26.28,good,"zone=3, batch=8"
evt-00001540,2026-01-01T00:00:10Z,sensor-007,28.00,suspect,"zone=1, batch=6"
evt-00004034,2026-01-01T00:00:10Z,sensor-007,-10.72,suspect,"zone=1, batch=16"
evt-00001080,2026-01-01T00:00:10Z,sensor-009,27.60,good,"zone=1, batch=4"
evt-00001985,2026-01-01T00:00:10Z,sensor-011,19.51,suspect,"zone=3, batch=7"
evt-00002601,2026-01-01T00:00:11Z,sensor-001,37.12,good,"zone=1, batch=10"
evt-00002739,2026-01-01T00:00:11Z,sensor-004,2.99,suspect,"zone=4, batch=10"
evt-00003021,2026-01-01T00:00:11Z,sensor-004,14.59,good,"zone=1, batch=12"
evt-00001059,2026-01-01T00:00:11Z,sensor-007,-10.67,good,"zone=1, batch=4"
evt-00000359,2026-01-01T00:00:11Z,sensor-010,-10.40,good,"zone=1, batch=1"
evt-00002161,2026-01-01T00:00:11Z,sensor-010,-6.93,good,"zone=4, batch=8"
evt-00000944,2026-01-01T00:00:12Z,sensor-003,-4.56,good,"zone=1, batch=3"
evt-00001042,2026-01-01T00:00:12Z,sensor-004,9.37,good,"zone=3, batch=4"
evt-00001006,2026-01-01T00:00:12Z,sensor-005,12.74,suspect,"zone=2, batch=4"
evt-00000656,2026-01-01T00:00:12Z,sensor-006,21.30,good,"zone=4, batch=2"
evt-00004134,2026-01-01T00:00:12Z,sensor-006,-4.09,good,"zone=3, batch=16"
evt-00001232,2026-01-01T00:00:12Z,sensor-008,34.01,suspect,"zone=3, batch=4"
evt-00001871,2026-01-01T00:00:12Z,sensor-009,4.21,good,"zone=2, batch=7"
evt-00000055,2026-01-01T00:00:13Z,sensor-005,-11.51,suspect,"zone=3, batch=0"
evt-00002657,2026-01-01T00:00:13Z,sensor-006,28.26,good,"zone=2, batch=10"
evt-00004476,2026-01-01T00:00:13Z,sensor-008,31.84,good,"zone=1, batch=17"
evt-00002963,2026-01-01T00:00:13Z,sensor-010,24.40,good,"zone=4, batch=11"
evt-00003598,2026-01-01T00:00:13Z,sensor-010,20.46,good,"zone=1, batch=14"
evt-00000817,2026-01-01T00:00:14Z,sensor-004,8.47,suspect,"zone=4, batch=3"
evt-00001086,2026-01-01T00:00:14Z,sensor-005,8.06,good,"zone=1, batch=4"
evt-00002860,2026-01-01T00:00:14Z,sensor-011,-11.60,good,"zone=3, batch=11"
evt-00000019,2026-01-01T00:00:14Z,sensor-012,-9.55,suspect,"zone=3, batch=0"
evt-00002629,2026-01-01T00:00:14Z,sensor-012,34.80,suspect,"zone=1, batch=10"
evt-00002418,2026-01-01T00:00:15Z,sensor-002,26.82,good,"zone=1, batch=9"
evt-00004426,2026-01-01T00:00:15Z,sensor-006,8.04,good,"zone=2, batch=17"
evt-00004847,2026-01-01T00:00:15Z,sensor-006,10.42,suspect,"zone=4, batch=19"
evt-00002453,2026-01-01T00:00:15Z,sensor-007,13.29,good,"zone=4, batch=9"
evt-00003557,2026-01-01T00:00:15Z,sensor-007,12.29,good,"zone=4, batch=14"
evt-00000514,2026-01-01T00:00:15Z,sensor-009,24.83,good,"zone=2, batch=2"
evt-00002489,2026-01-01T00:00:15Z,sensor-009,-2.08,suspect,"zone=2, batch=9"
evt-00001501,2026-01-01T00:00:15Z,sensor-010,0.28,good,"zone=1, batch=6"
evt-00004032,2026-01-01T00:00:16Z,sensor-004,16.81,suspect,"zone=1, batch=16"
evt-00001267,2026-01-01T00:00:16Z,sensor-006,-8.22,suspect,"zone=1, batch=5"
evt-00002331,2026-01-01T00:00:17Z,sensor-005,4.86,suspect,"zone=3, batch=9"
evt-00000534,2026-01-01T00:00:17Z,sensor-006,36.63,good,"zone=3, batch=2"
evt-00001260,2026-01-01T00:00:17Z,sensor-006,15.99,good,"zone=2, batch=5"
evt-00003642,2026-01-01T00:00:17Z,sensor-007,25.00,suspect,"zone=3, batch=14"
evt-00001005,2026-01-01T00:00:18Z,sensor-003,11.89,good,"zone=1, batch=4"
evt-00000855,2026-01-01T00:00:18Z,sensor-004,-3.75,good,"zone=2, batch=3"
evt-00003771,2026-01-01T00:00:18Z,sensor-004,12.64,suspect,"zone=3, batch=15"
evt-00002009,2026-01-01T00:00:18Z,sensor-005,20.30,suspect,"zone=1, batch=8"
evt-00002487,2026-01-01T00:00:18Z,sensor-009,21.94,good,"zone=2, batch=9"
evt-00003232,2026-01-01T00:00:18Z,sensor-009,36.53,suspect,"zone=4, batch=12"
evt-00000415,2026-01-01T00:00:18Z,sensor-010,-7.60,good,"zone=3, batch=1"
evt-00001386,2026-01-01T00:00:18Z,sensor-010,28.53,good,"zone=1, batch=5"
evt-00001553,2026-01-01T00:00:18Z,sensor-012,23.26,good,"zone=1, batch=6"
evt-00002090,2026-01-01T00:00:19Z,sensor-003,10.39,good,"zone=2, batch=8"
evt-00002163,2026-01-01T00:00:19Z,sensor-007,-5.03,good,"zone=4, batch=8"
evt-00002439,2026-01-01T00:00:19Z,sensor-008,36.79,suspect,"zone=4, batch=9"
evt-00003576,2026-01-01T00:00:19Z,sensor-009,21.09,good,"zone=4, batch=14"
evt-00003638,2026-01-01T00:00:19Z,sensor-009,22.31,good,"zone=1, batch=14"
evt-00004222,2026-01-01T00:00:19Z,sensor-010,-5.53,good,"zone=4, batch=16"
evt-00002732,2026-01-01T00:00:20Z,sensor-001,3.84,good,"zone=3, batch=10"
evt-00001354,2026-01-01T00:00:20Z,sensor-005,4.33,good,"zone=2, batch=5"
evt-00004431,2026-01-01T00:00:20Z,sensor-011,23.13,good,"zone=1, batch=17"
evt-00000292,2026-01-01T00:00:21Z,sensor-004,4.80,good,"zone=2, batch=1"
evt-00001195,2026-01-01T00:00:21Z,sensor-005,24.96,good,"zone=4, batch=4"
evt-00001882,2026-01-01T00:00:21Z,sensor-005,29.95,good,"zone=1, batch=7"
evt-00003659,2026-01-01T00:00:21Z,sensor-006,35.02,good,"zone=3, batch=14"
evt-00004396,2026-01-01T00:00:22Z,sensor-003,-5.00,good,"zone=4, batch=17"
evt-00001617,2026-01-01T00:00:22Z,sensor-005,3.48,good,"zone=2, batch=6"
evt-00000464,2026-01-01T00:00:22Z,sensor-008,18.17,good,"zone=4, batch=1"
evt-00002098,2026-01-01T00:00:22Z,sensor-008,31.05,good,"zone=1, batch=8"
evt-00001347,2026-01-01T00:00:22Z,sensor-011,19.04,suspect,"zone=1, batch=5"
evt-00004514,2026-01-01T00:00:23Z,sensor-003,-11.29,good,"zone=4, batch=18"
evt-00000632,2026-01-01T00:00:23Z,sensor-005,22.14,good,"zone=1, batch=2"
evt-00000168,2026-01-01T00:00:23Z,sensor-009,1.33,good,"zone=4, batch=0"
evt-00003386,2026-01-01T00:00:23Z,sensor-009,5.74,good,"zone=4, batch=13"
evt-00002391,2026-01-01T00:00:23Z,sensor-011,-3.46,good,"zone=2, batch=9"
evt-00003058,2026-01-01T00:00:23Z,sensor-012,14.20,suspect,"zone=3, batch=12"
evt-00001343,2026-01-01T00:00:24Z,sensor-002,-6.15,good,"zone=4, batch=5"
evt-00001939,2026-01-01T00:00:24Z,sensor-002,13.38,good,"zone=1, batch=7"
evt-00000623,2026-01-01T00:00:24Z,sensor-004,9.42,good,"zone=4, batch=2"
evt-00002284,2026-01-01T00:00:24Z,sensor-011,-4.60,suspect,"zone=1, batch=9"
evt-00000591,2026-01-01T00:00:24Z,sensor-012,12.12,good,"zone=2, batch=2"
evt-00003617,2026-01-01T00:00:25Z,sensor-001,19.00,good,"zone=2, batch=14"
evt-00002199,2026-01-01T00:00:25Z,sensor-002,13.94,good,"zone=2, batch=8"
evt-00002626,2026-01-01T00:00:25Z,sensor-005,-8.28,suspect,"zone=4, batch=10"
evt-00004938,2026-01-01T00:00:26Z,sensor-005,3.06,good,"zone=2, batch=19"
evt-00001396,2026-01-01T00:00:26Z,sensor-011,-3.99,suspect,"zone=4, batch=5"
evt-00002608,2026-01-01T00:00:27Z,sensor-001,-11.26,suspect,"zone=2, batch=10"
evt-00001477,2026-01-01T00:00:27Z,sensor-002,1.63,good,"zone=3, batch=5"
evt-00001643,2026-01-01T00:00:27Z,sensor-002,14.70,good,"zone=2, batch=6"
evt-00000940,2026-01-01T00:00:27Z,sensor-003,15.61,good,"zone=4, batch=3"
evt-00001723,2026-01-01T00:00:27Z,sensor-004,-11.93,good,"zone=1, batch=6"
evt-00003005,2026-01-01T00:00:27Z,sensor-004,-1.40,good,"zone=1, batch=12"
evt-00004012,2026-01-01T00:00:27Z,sensor-004,3.77,good,"zone=1, batch=16"
evt-00004481,2026-01-01T00:00:27Z,sensor-005,23.80,good,"zone=2, batch=17"
evt-00001185,2026-01-01T00:00:27Z,sensor-006,-5.09,good,"zone=4, batch=4"
evt-00003488,2026-01-01T00:00:27Z,sensor-007,-1.66,good,"zone=4, batch=13"
evt-00001450,2026-01-01T00:00:28Z,sensor-001,2.00,good,"zone=1, batch=5"
evt-00000012,2026-01-01T00:00:28Z,sensor-002,-1.13,good,"zone=2, batch=0"
evt-00001311,2026-01-01T00:00:28Z,sensor-003,24.26,suspect,"zone=2, batch=5"
evt-00001688,2026-01-01T00:00:28Z,sensor-003,-6.59,suspect,"zone=3, batch=6"
evt-00003972,2026-01-01T00:00:28Z,sensor-006,3.96,suspect,"zone=4, batch=15"
evt-00004079,2026-01-01T00:00:28Z,sensor-006,-7.54,good,"zone=1, batch=16"
evt-00000411,2026-01-01T00:00:28Z,sensor-007,16.21,good,"zone=1, batch=1"
evt-00002779,2026-01-01T00:00:28Z,sensor-007,6.05,good,"zone=4, batch=11"
evt-00000036,2026-01-01T00:00:28Z,sensor-008,-11.42,good,"zone=4, batch=0"
evt-00001620,2026-01-01T00:00:28Z,sensor-008,29.10,good,"zone=2, batch=6"
evt-00004021,2026-01-01T00:00:28Z,sensor-010,17.64,good,"zone=4, batch=16"
evt-00002175,2026-01-01T00:00:28Z,sensor-011,-9.71,good,"zone=2, batch=8"
evt-00004286,2026-01-01T00:00:29Z,sensor-004,18.05,suspect,"zone=4, batch=17"
evt-00004399,2026-01-01T00:00:29Z,sensor-004,0.40,suspect,"zone=4, batch=17"
evt-00003151,2026-01-01T00:00:29Z,sensor-005,-4.98,suspect,"zone=3, batch=12"
evt-00002701,2026-01-01T00:00:29Z,sensor-006,21.86,good,"zone=1, batch=10"
evt-00003410,2026-01-01T00:00:29Z,sensor-009,19.73,good,"zone=4, batch=13"
evt-00000278,2026-01-01T00:00:30Z,sensor-001,3.95,good,"zone=2, batch=1"
evt-00002580,2026-01-01T00:00:30Z,sensor-004,9.69,good,"zone=3, batch=10"
evt-00002638,2026-01-01T00:00:30Z,sensor-005,34.11,good,"zone=4, batch=10"
evt-00003510,2026-01-01T00:00:30Z,sensor-007,-4.70,suspect,"zone=2, batch=14"
evt-00000513,2026-01-01T00:00:30Z,sensor-009,21.58,good,"zone=3, batch=2"
evt-00000216,2026-01-01T00:00:30Z,sensor-010,-8.56,suspect,"zone=2, batch=0"
evt-00001619,2026-01-01T00:00:30Z,sensor-010,3.17,good,"zone=4, batch=6"
evt-00004028,2026-01-01T00:00:30Z,sensor-011,12.69,suspect,"zone=3, batch=16"
evt-00004220,2026-01-01T00:00:31Z,sensor-007,29.93,good,"zone=4, batch=16"
evt-00003968,2026-01-01T00:00:31Z,sensor-008,21.12,suspect,"zone=4, batch=15"
evt-00000745,2026-01-01T00:00:31Z,sensor-009,-7.29,good,"zone=2, batch=2"
evt-00001091,2026-01-01T00:00:31Z,sensor-009,35.11,good,"zone=2, batch=4"
evt-00004264,2026-01-01T00:00:31Z,sensor-012,-0.57,good,"zone=4, batch=17"
evt-00000619,2026-01-01T00:00:32Z,sensor-001,-3.90,suspect,"zone=4, batch=2"
evt-00002184,2026-01-01T00:00:32Z,sensor-006,28.98,good,"zone=1, batch=8"
evt-00001522,2026-01-01T00:00:32Z,sensor-009,-3.38,suspect,"zone=3, batch=6"
evt-00001520,2026-01-01T00:00:33Z,sensor-002,31.58,good,"zone=2, batch=6"
evt-00004743,2026-01-01T00:00:33Z,sensor-003,-7.69,good,"zone=3, batch=18"
evt-00001093,2026-01-01T00:00:33Z,sensor-010,-11.98,suspect,"zone=4, batch=4"
evt-00002094,2026-01-01T00:00:34Z,sensor-002,-0.48,good,"zone=4, batch=8"
evt-00004602,2026-01-01T00:00:34Z,sensor-003,16.95,good,"zone=3, batch=18"
evt-00002491,2026-01-01T00:00:34Z,sensor-004,4.84,good,"zone=3, batch=9"
evt-00002566,2026-01-01T00:00:34Z,sensor-005,12.81,good,"zone=3, batch=10"
evt-00001451,2026-01-01T00:00:34Z,sensor-007,9.05,good,"zone=1, batch=5"
evt-00001672,2026-01-01T00:00:35Z,sensor-003,30.66,good,"zone=1, batch=6"
evt-00004307,2026-01-01T00:00:35Z,sensor-003,33.16,good,"zone=3, batch=17"
evt-00001263,2026-01-01T00:00:35Z,sensor-005,-2.80,good,"zone=2, batch=5"
evt-00004678,2026-01-01T00:00:35Z,sensor-008,16.31,good,"zone=2, batch=18"
evt-00003060,2026-01-01T00:00:35Z,sensor-010,-3.72,good,"zone=3, batch=12"
evt-00001638,2026-01-01T00:00:35Z,sensor-011,16.14,good,"zone=3, batch=6"
evt-00003990,2026-01-01T00:00:35Z,sensor-011,33.91,suspect,"zone=1, batch=15"
evt-00002681,2026-01-01T00:00:36Z,sensor-001,26.04,good,"zone=3, batch=10"
evt-00003279,2026-01-01T00:00:36Z,sensor-006,20.06,suspect,"zone=3, batch=13"
evt-00004732,2026-01-01T00:00:36Z,sensor-007,24.81,suspect,"zone=4, batch=18"
evt-00001041,2026-01-01T00:00:36Z,sensor-010,29.75,suspect,"zone=4, batch=4"
evt-00004435,2026-01-01T00:00:36Z,sensor-012,35.00,good,"zone=2, batch=17"
evt-00002597,2026-01-01T00:00:37Z,sensor-005,7.05,suspect,"zone=2, batch=10"
evt-00002727,2026-01-01T00:00:37Z,sensor-009,23.84,good,"zone=4, batch=10"
evt-00001738,2026-01-01T00:00:37Z,sensor-010,-0.72,suspect,"zone=3, batch=6"
evt-00000156,2026-01-01T00:00:37Z,sensor-011,17.33,good,"zone=4, batch=0"
evt-00002946,2026-01-01T00:00:38Z,sensor-002,18.99,good,"zone=2, batch=11"
evt-00004141,2026-01-01T00:00:38Z,sensor-006,-2.27,good,"zone=4, batch=16"
evt-00002160,2026-01-01T00:00:38Z,sensor-007,10.43,good,"zone=1, batch=8"
evt-00002033,2026-01-01T00:00:38Z,sensor-009,4.98,good,"zone=1, batch=8"
evt-00001428,2026-01-01T00:00:39Z,sensor-001,-0.15,good,"zone=2, batch=5"
evt-00000255,2026-01-01T00:00:39Z,sensor-002,30.10,good,"zone=4, batch=1"
evt-00003805,2026-01-01T00:00:39Z,sensor-003,12.69,good,"zone=3, batch=15"
evt-00001506,2026-01-01T00:00:39Z,sensor-004,26.90,good,"zone=4, batch=6"
evt-00004366,2026-01-01T00:00:39Z,sensor-011,-5.15,good,"zone=2, batch=17"
evt-00000875,2026-01-01T00:00:40Z,sensor-001,-4.48,suspect,"zone=3, batch=3"
evt-00003587,2026-01-01T00:00:40Z,sensor-002,-7.33,good,"zone=2, batch=14"
evt-00004691,2026-01-01T00:00:40Z,sensor-003,3.21,good,"zone=4, batch=18"
evt-00004919,2026-01-01T00:00:40Z,sensor-003,4.78,good,"zone=2, batch=19"
evt-00000297,2026-01-01T00:00:40Z,sensor-010,23.49,good,"zone=3, batch=1"
evt-00004549,2026-01-01T00:00:41Z,sensor-005,19.00,good,"zone=3, batch=18"
evt-00001557,2026-01-01T00:00:41Z,sensor-012,24.83,good,"zone=2, batch=6"
evt-00002978,2026-01-01T00:00:41Z,sensor-012,27.10,good,"zone=2, batch=11"
evt-00003767,2026-01-01T00:00:42Z,sensor-001,19.97,good,"zone=3, batch=15"
evt-00002072,2026-01-01T00:00:42Z,sensor-002,-11.38,good,"zone=4, batch=8"
evt-00003813,2026-01-01T00:00:42Z,sensor-003,4.71,good,"zone=1, batch=15"
evt-00000027,2026-01-01T00:00:42Z,sensor-005,36.89,good,"zone=3, batch=0"
evt-00000655,2026-01-01T00:00:42Z,sensor-007,24.11,suspect,"zone=1, batch=2"
evt-00001305,2026-01-01T00:00:42Z,sensor-010,34.03,good,"zone=2, batch=5"
evt-00001068,2026-01-01T00:00:42Z,sensor-011,34.90,good,"zone=4, batch=4"
evt-00004723,2026-01-01T00:00:42Z,sensor-011,31.83,good,"zone=2, batch=18"
evt-00000483,2026-01-01T00:00:43Z,sensor-001,6.43,good,"zone=1, batch=1"
evt-00001890,2026-01-01T00:00:43Z,sensor-002,-4.63,good,"zone=1, batch=7"
evt-00001513,2026-01-01T00:00:43Z,sensor-003,4.24,good,"zone=1, batch=6"
evt-00000668,2026-01-01T00:00:43Z,sensor-007,20.95,good,"zone=2, batch=2"
evt-00001924,2026-01-01T00:00:43Z,sensor-009,5.74,good,"zone=1, batch=7"
evt-00003059,2026-01-01T00:00:43Z,sensor-009,-6.92,good,"zone=4, batch=12"
evt-00000864,2026-01-01T00:00:44Z,sensor-002,21.66,good,"zone=3, batch=3"
evt-00004888,2026-01-01T00:00:44Z,sensor-002,35.40,suspect,"zone=3, batch=19"
evt-00000379,2026-01-01T00:00:44Z,sensor-005,29.46,good,"zone=2, batch=1"
evt-00001182,2026-01-01T00:00:44Z,sensor-006,18.83,good,"zone=1, batch=4"
evt-00001439,2026-01-01T00:00:45Z,sensor-002,8.92,suspect,"zone=1, batch=5"
evt-00000082,2026-01-01T00:00:45Z,sensor-005,27.64,good,"zone=3, batch=0"
evt-00000610,2026-01-01T00:00:45Z,sensor-006,34.72,suspect,"zone=4, batch=2"
evt-00001249,2026-01-01T00:00:45Z,sensor-007,4.62,suspect,"zone=2, batch=4"
evt-00001030,2026-01-01T00:00:45Z,sensor-009,30.88,suspect,"zone=2, batch=4"
evt-00002700,2026-01-01T00:00:45Z,sensor-010,24.20,good,"zone=1, batch=10"
evt-00002061,2026-01-01T00:00:46Z,sensor-001,15.97,good,"zone=3, batch=8"
evt-00002139,2026-01-01T00:00:46Z,sensor-001,27.94,good,"zone=2, batch=8"
evt-00002451,2026-01-01T00:00:46Z,sensor-006,1.83,good,"zone=1, batch=9"
evt-00004923,2026-01-01T00:00:46Z,sensor-009,32.91,good,"zone=2, batch=19"
evt-00000364,2026-01-01T00:00:46Z,sensor-010,-1.44,good,"zone=1, batch=1"
evt-00000366,2026-01-01T00:00:46Z,sensor-011,7.21,good,"zone=3, batch=1"
evt-00003468,2026-01-01T00:00:47Z,sensor-004,28.63,good,"zone=4, batch=13"
evt-00002967,2026-01-01T00:00:47Z,sensor-006,9.45,good,"zone=2, batch=11"
evt-00003592,2026-01-01T00:00:47Z,sensor-008,24.49,good,"zone=4, batch=14"
evt-00003646,2026-01-01T00:00:47Z,sensor-012,-1.94,good,"zone=2, batch=14"
evt-00000447,2026-01-01T00:00:48Z,sensor-001,1.43,suspect,"zone=4, batch=1"
evt-00001551,2026-01-01T00:00:48Z,sensor-005,27.70,suspect,"zone=4, batch=6"
evt-00004745,2026-01-01T00:00:48Z,sensor-008,-7.59,good,"zone=3, batch=18"
evt-00000941,2026-01-01T00:00:49Z,sensor-003,-9.15,suspect,"zone=1, batch=3"
evt-00000437,2026-01-01T00:00:49Z,sensor-009,35.51,suspect,"zone=1, batch=1"
evt-00000972,2026-01-01T00:00:49Z,sensor-009,21.45,good,"zone=4, batch=3"
evt-00004855,2026-01-01T00:00:50Z,sensor-002,35.68,good,"zone=3, batch=19"
evt-00004970,2026-01-01T00:00:50Z,sensor-002,13.76,suspect,"zone=2, batch=19"
evt-00001261,2026-01-01T00:00:50Z,sensor-004,18.66,good,"zone=3, batch=5"
evt-00002261,2026-01-01T00:00:50Z,sensor-012,3.43,suspect,"zone=1, batch=9"
evt-00000125,2026-01-01T00:00:51Z,sensor-001,-0.13,suspect,"zone=2, batch=0"
evt-00001811,2026-01-01T00:00:51Z,sensor-001,-8.20,good,"zone=4, batch=7"
evt-00002749,2026-01-01T00:00:51Z,sensor-001,0.86,good,"zone=2, batch=10"
evt-00002993,2026-01-01T00:00:51Z,sensor-001,17.33,good,"zone=1, batch=11"
evt-00003402,2026-01-01T00:00:51Z,sensor-001,12.01,good,"zone=1, batch=13"
evt-00004045,2026-01-01T00:00:51Z,sensor-008,-6.96,suspect,"zone=1, batch=16"
evt-00003831,2026-01-01T00:00:51Z,sensor-011,30.24,good,"zone=4, batch=15"
evt-00003844,2026-01-01T00:00:51Z,sensor-011,30.92,suspect,"zone=2, batch=15"
evt-00001886,2026-01-01T00:00:51Z,sensor-012,29.11,good,"zone=2, batch=7"
evt-00000201,2026-01-01T00:00:52Z,sensor-003,8.44,good,"zone=1, batch=0"
evt-00000630,2026-01-01T00:00:52Z,sensor-003,31.02,suspect,"zone=4, batch=2"
evt-00001558,2026-01-01T00:00:52Z,sensor-005,3.45,good,"zone=2, batch=6"
evt-00002964,2026-01-01T00:00:53Z,sensor-002,7.30,good,"zone=2, batch=11"
evt-00001374,2026-01-01T00:00:53Z,sensor-007,-0.50,good,"zone=2, batch=5"
evt-00004669,2026-01-01T00:00:53Z,sensor-008,34.62,good,"zone=3, batch=18"
evt-00003705,2026-01-01T00:00:53Z,sensor-009,6.38,good,"zone=3, batch=14"
evt-00002703,2026-01-01T00:00:54Z,sensor-001,12.64,good,"zone=4, batch=10"
evt-00000561,2026-01-01T00:00:54Z,sensor-005,31.85,suspect,"zone=4, batch=2"
evt-00000728,2026-01-01T00:00:54Z,sensor-009,35.80,good,"zone=3, batch=2"
evt-00001602,2026-01-01T00:00:54Z,sensor-010,12.11,good,"zone=2, batch=6"
evt-00002234,2026-01-01T00:00:54Z,sensor-010,22.58,good,"zone=3, batch=8"
evt-00004652,2026-01-01T00:00:54Z,sensor-010,12.01,suspect,"zone=4, batch=18"
evt-00000876,2026-01-01T00:00:55Z,sensor-001,-8.10,good,"zone=4, batch=3"
evt-00003552,2026-01-01T00:00:55Z,sensor-003,16.39,good,"zone=4, batch=14"
evt-00001734,2026-01-01T00:00:55Z,sensor-008,-0.67,good,"zone=3, batch=6"
evt-00003491,2026-01-01T00:00:55Z,sensor-009,15.42,good,"zone=4, batch=13"
evt-00003731,2026-01-01T00:00:55Z,sensor-010,28.80,suspect,"zone=4, batch=14"
evt-00000119,2026-01-01T00:00:55Z,sensor-012,-2.32,good,"zone=2, batch=0"
evt-00003571,2026-01-01T00:00:56Z,sensor-009,14.14,suspect,"zone=2, batch=14"
evt-00004687,2026-01-01T00:00:56Z,sensor-009,17.11,good,"zone=1, batch=18"
evt-00001277,2026-01-01T00:00:56Z,sensor-010,-6.82,good,"zone=3, batch=5"
evt-00001245,2026-01-01T00:00:57Z,sensor-001,36.67,good,"zone=1, batch=4"
evt-00002512,2026-01-01T00:00:57Z,sensor-001,-5.11,good,"zone=4, batch=10"
evt-00002345,2026-01-01T00:00:57Z,sensor-004,9.01,good,"zone=3, batch=9"
evt-00001379,2026-01-01T00:00:57Z,sensor-007,34.49,good,"zone=2, batch=5"
evt-00003858,2026-01-01T00:00:57Z,sensor-007,12.68,suspect,"zone=4, batch=15"
evt-00000228,2026-01-01T00:00:57Z,sensor-009,0.08,good,"zone=2, batch=0"
evt-00000671,2026-01-01T00:00:57Z,sensor-009,21.66,suspect,"zone=3, batch=2"
evt-00003734,2026-01-01T00:00:57Z,sensor-010,21.83,good,"zone=1, batch=14"
evt-00003440,2026-01-01T00:00:58Z,sensor-001,16.03,good,"zone=4, batch=13"
evt-00002100,2026-01-01T00:00:58Z,sensor-002,37.41,good,"zone=3, batch=8"
evt-00002634,2026-01-01T00:00:58Z,sensor-004,14.80,good,"zone=2, batch=10"
evt-00000243,2026-01-01T00:00:58Z,sensor-007,22.71,good,"zone=1, batch=0"
evt-00001630,2026-01-01T00:00:58Z,sensor-009,-9.88,good,"zone=2, batch=6"
evt-00002082,2026-01-01T00:00:58Z,sensor-011,25.85,good,"zone=4, batch=8"
evt-00002444,2026-01-01T00:00:58Z,sensor-011,0.70,good,"zone=3, batch=9"
evt-00002449,2026-01-01T00:00:59Z,sensor-002,13.24,suspect,"zone=4, batch=9"
evt-00001653,2026-01-01T00:00:59Z,sensor-005,6.86,suspect,"zone=2, batch=6"
evt-00000318,2026-01-01T00:00:59Z,sensor-010,13.83,suspect,"zone=4, batch=1"
evt-00003713,2026-01-01T00:00:59Z,sensor-010,-8.80,good,"zone=1, batch=14"
evt-00000439,2026-01-01T00:00:59Z,sensor-011,5.04,suspect,"zone=4, batch=1"
evt-00004044,2026-01-01T00:01:00Z,sensor-002,1.57,good,"zone=3, batch=16"
evt-00002243,2026-01-01T00:01:00Z,sensor-003,-6.66,good,"zone=2, batch=8"
evt-00003590,2026-01-01T00:01:00Z,sensor-006,17.38,suspect,"zone=4, batch=14"
evt-00002249,2026-01-01T00:01:00Z,sensor-007,16.77,suspect,"zone=1, batch=8"
evt-00004709,2026-01-01T00:01:00Z,sensor-007,18.24,good,"zone=1, batch=18"
evt-00002498,2026-01-01T00:01:00Z,sensor-010,-9.46,good,"zone=3, batch=9"
evt-00001773,2026-01-01T00:01:00Z,sensor-011,4.60,good,"zone=4, batch=7"
evt-00000506,2026-01-01T00:01:01Z,sensor-002,19.92,suspect,"zone=2, batch=2"
evt-00003507,2026-01-01T00:01:01Z,sensor-006,25.74,suspect,"zone=2, batch=14"
evt-00004664,2026-01-01T00:01:01Z,sensor-008,5.05,good,"zone=4, batch=18"
evt-00000995,2026-01-01T00:01:02Z,sensor-001,28.93,good,"zone=3, batch=3"
evt-00001909,2026-01-01T00:01:02Z,sensor-001,26.37,good,"zone=2, batch=7"
evt-00003994,2026-01-01T00:01:02Z,sensor-003,34.53,good,"zone=2, batch=15"
evt-00003250,2026-01-01T00:01:02Z,sensor-010,12.41,good,"zone=3, batch=13"
evt-00003875,2026-01-01T00:01:03Z,sensor-001,-9.74,suspect,"zone=4, batch=15"
evt-00004735,2026-01-01T00:01:03Z,sensor-002,7.56,good,"zone=3, batch=18"
evt-00001490,2026-01-01T00:01:03Z,sensor-005,6.90,good,"zone=3, batch=5"
evt-00003772,2026-01-01T00:01:03Z,sensor-012,11.31,good,"zone=1, batch=15"
evt-00003197,2026-01-01T00:01:04Z,sensor-001,-2.51,good,"zone=2, batch=12"
evt-00002709,2026-01-01T00:01:04Z,sensor-003,6.36,good,"zone=3, batch=10"
evt-00002497,2026-01-01T00:01:04Z,sensor-004,7.77,good,"zone=1, batch=9"
evt-00000146,2026-01-01T00:01:04Z,sensor-008,4.38,good,"zone=4, batch=0"
evt-00000679,2026-01-01T00:01:04Z,sensor-009,25.05,good,"zone=3, batch=2"
evt-00000849,2026-01-01T00:01:04Z,sensor-012,4.33,good,"zone=1, batch=3"
evt-00003625,2026-01-01T00:01:04Z,sensor-012,12.88,good,"zone=1, batch=14"
evt-00003400,2026-01-01T00:01:05Z,sensor-001,34.34,suspect,"zone=4, batch=13"
evt-00003609,2026-01-01T00:01:05Z,sensor-002,10.10,good,"zone=2, batch=14"
evt-00000100,2026-01-01T00:01:05Z,sensor-008,-4.40,good,"zone=4, batch=0"
evt-00000412,2026-01-01T00:01:05Z,sensor-012,10.79,good,"zone=1, batch=1"
evt-00001543,2026-01-01T00:01:06Z,sensor-005,8.42,good,"zone=3, batch=6"
evt-00003267,2026-01-01T00:01:06Z,sensor-005,-4.93,good,"zone=1, batch=13"
evt-00004779,2026-01-01T00:01:06Z,sensor-011,25.50,good,"zone=2, batch=19"
evt-00003438,2026-01-01T00:01:06Z,sensor-012,23.22,good,"zone=4, batch=13"
evt-00000452,2026-01-01T00:01:07Z,sensor-003,17.74,good,"zone=2, batch=1"
evt-00000590,2026-01-01T00:01:07Z,sensor-008,1.41,good,"zone=3, batch=2"
evt-00001352,2026-01-01T00:01:08Z,sensor-003,24.06,good,"zone=1, batch=5"
evt-00004659,2026-01-01T00:01:08Z,sensor-004,37.77,good,"zone=2, batch=18"
evt-00003050,2026-01-01T00:01:08Z,sensor-006,34.80,good,"zone=1, batch=12"
evt-00002150,2026-01-01T00:01:08Z,sensor-009,8.60,suspect,"zone=2, batch=8"
evt-00001908,2026-01-01T00:01:09Z,sensor-001,32.39,good,"zone=2, batch=7"
evt-00002850,2026-01-01T00:01:09Z,sensor-001,-10.19,good,"zone=4, batch=11"
evt-00002205,2026-01-01T00:01:09Z,sensor-007,15.34,good,"zone=1, batch=8"
evt-00003717,2026-01-01T00:01:09Z,sensor-010,32.56,good,"zone=3, batch=14"
evt-00001334,2026-01-01T00:01:10Z,sensor-001,3.55,suspect,"zone=4, batch=5"
evt-00003755,2026-01-01T00:01:10Z,sensor-001,9.74,good,"zone=4, batch=15"
evt-00000975,2026-01-01T00:01:10Z,sensor-002,19.46,good,"zone=2, batch=3"
evt-00001957,2026-01-01T00:01:10Z,sensor-002,21.53,good,"zone=2, batch=7"
evt-00000814,2026-01-01T00:01:10Z,sensor-003,37.14,good,"zone=3, batch=3"
evt-00001383,2026-01-01T00:01:10Z,sensor-006,37.94,suspect,"zone=3, batch=5"
evt-00004236,2026-01-01T00:01:10Z,sensor-007,20.31,good,"zone=4, batch=16"
evt-00001892,2026-01-01T00:01:10Z,sensor-009,-6.32,good,"zone=3, batch=7"
evt-00002942,2026-01-01T00:01:10Z,sensor-010,-11.44,good,"zone=1, batch=11"
evt-00003453,2026-01-01T00:01:11Z,sensor-003,11.50,good,"zone=2, batch=13"
evt-00003535,2026-01-01T00:01:11Z,sensor-004,25.06,good,"zone=3, batch=14"
evt-00000304,2026-01-01T00:01:11Z,sensor-006,0.65,suspect,"zone=3, batch=1"
evt-00002147,2026-01-01T00:01:11Z,sensor-006,28.17,good,"zone=3, batch=8"
evt-00003029,2026-01-01T00:01:11Z,sensor-006,6.20,good,"zone=3, batch=12"
evt-00004747,2026-01-01T00:01:11Z,sensor-006,19.73,good,"zone=1, batch=18"
evt-00002989,2026-01-01T00:01:11Z,sensor-010,2.49,good,"zone=2, batch=11"
evt-00003529,2026-01-01T00:01:11Z,sensor-010,35.52,good,"zone=2, batch=14"
evt-00002802,2026-01-01T00:01:12Z,sensor-005,2.48,suspect,"zone=1, batch=11"
evt-00004505,2026-01-01T00:01:12Z,sensor-006,10.20,good,"zone=1, batch=18"
evt-00004376,2026-01-01T00:01:12Z,sensor-007,10.29,good,"zone=3, batch=17"
evt-00003482,2026-01-01T00:01:13Z,sensor-001,23.00,good,"zone=3, batch=13"
evt-00000805,2026-01-01T00:01:13Z,sensor-002,17.06,good,"zone=3, batch=3"
evt-00000704,2026-01-01T00:01:13Z,sensor-005,3.25,good,"zone=1, batch=2"
evt-00002808,2026-01-01T00:01:13Z,sensor-005,-10.74,good,"zone=4, batch=11"
evt-00002280,2026-01-01T00:01:13Z,sensor-008,4.99,good,"zone=4, batch=9"
evt-00001526,2026-01-01T00:01:13Z,sensor-011,-2.71,good,"zone=1, batch=6"
evt-00000650,2026-01-01T00:01:13Z,sensor-012,-8.70,good,"zone=4, batch=2"
evt-00002906,2026-01-01T00:01:14Z,sensor-001,10.64,good,"zone=4, batch=11"
evt-00000467,2026-01-01T00:01:14Z,sensor-009,16.85,good,"zone=4, batch=1"
evt-00000508,2026-01-01T00:01:14Z,sensor-010,-1.18,good,"zone=3, batch=2"
evt-00001151,2026-01-01T00:01:15Z,sensor-002,8.30,suspect,"zone=1, batch=4"
evt-00000328,2026-01-01T00:01:15Z,sensor-003,19.76,good,"zone=3, batch=1"
evt-00002166,2026-01-01T00:01:15Z,sensor-003,2.33,good,"zone=2, batch=8"
evt-00000240,2026-01-01T00:01:15Z,sensor-004,22.88,suspect,"zone=2, batch=0"
evt-00003082,2026-01-01T00:01:15Z,sensor-008,-6.33,good,"zone=2, batch=12"
evt-00002881,2026-01-01T00:01:15Z,sensor-009,11.82,good,"zone=4, batch=11"
evt-00000123,2026-01-01T00:01:15Z,sensor-011,24.58,good,"zone=2, batch=0"
evt-00002560,2026-01-01T00:01:15Z,sensor-011,34.87,good,"zone=3, batch=10"
evt-00002482,2026-01-01T00:01:15Z,sensor-012,32.95,good,"zone=4, batch=9"
evt-00000945,2026-01-01T00:01:16Z,sensor-006,7.24,good,"zone=4, batch=3"
evt-00003502,2026-01-01T00:01:16Z,sensor-011,20.75,good,"zone=4, batch=14"
evt-00003518,2026-01-01T00:01:17Z,sensor-002,-1.66,good,"zone=4, batch=14"
evt-00001029,2026-01-01T00:01:17Z,sensor-006,13.46,good,"zone=1, batch=4"
evt-00000095,2026-01-01T00:01:17Z,sensor-010,-0.89,good,"zone=4, batch=0"
evt-00004853,2026-01-01T00:01:17Z,sensor-011,15.75,good,"zone=1, batch=19"
evt-00003464,2026-01-01T00:01:17Z,sensor-012,12.29,suspect,"zone=3, batch=13"
evt-00004557,2026-01-01T00:01:18Z,sensor-001,-3.50,good,"zone=3, batch=18"
evt-00002339,2026-01-01T00:01:18Z,sensor-010,25.34,good,"zone=2, batch=9"
evt-00003156,2026-01-01T00:01:18Z,sensor-010,3.14,good,"zone=4, batch=12"
evt-00003783,2026-01-01T00:01:18Z,sensor-011,6.80,good,"zone=1, batch=15"
evt-00000147,2026-01-01T00:01:18Z,sensor-012,24.39,good,"zone=3, batch=0"
evt-00001375,2026-01-01T00:01:19Z,sensor-003,-11.66,good,"zone=2, batch=5"
evt-00002125,2026-01-01T00:01:19Z,sensor-003,5.56,good,"zone=3, batch=8"
evt-00000813,2026-01-01T00:01:19Z,sensor-004,8.23,suspect,"zone=4, batch=3"
evt-00002078,2026-01-01T00:01:19Z,sensor-006,19.75,good,"zone=2, batch=8"
evt-00002812,2026-01-01T00:01:19Z,sensor-007,-7.71,suspect,"zone=1, batch=11"
evt-00002221,2026-01-01T00:01:19Z,sensor-008,-8.73,good,"zone=2, batch=8"
evt-00003918,2026-01-01T00:01:19Z,sensor-009,-11.78,good,"zone=2, batch=15"
evt-00003695,2026-01-01T00:01:19Z,sensor-010,31.97,good,"zone=2, batch=14"
evt-00001460,2026-01-01T00:01:19Z,sensor-012,21.36,good,"zone=1, batch=5"
evt-00000770,2026-01-01T00:01:20Z,sensor-001,15.17,suspect,"zone=3, batch=3"
evt-00003893,2026-01-01T00:01:20Z,sensor-001,16.35,good,"zone=2, batch=15"
evt-00002232,2026-01-01T00:01:20Z,sensor-002,33.35,suspect,"zone=1, batch=8"
evt-00004453,2026-01-01T00:01:20Z,sensor-006,-2.38,good,"zone=2, batch=17"
evt-00001336,2026-01-01T00:01:20Z,sensor-009,23.65,suspect,"zone=1, batch=5"
evt-00000766,2026-01-01T00:01:20Z,sensor-011,-6.35,suspect,"zone=3, batch=3"
evt-00004785,2026-01-01T00:01:20Z,sensor-011,8.17,suspect,"zone=4, batch=19"
evt-00001603,2026-01-01T00:01:21Z,sensor-003,8.19,good,"zone=2, batch=6"
evt-00004252,2026-01-01T00:01:21Z,sensor-003,31.03,good,"zone=2, batch=17"
evt-00001709,2026-01-01T00:01:21Z,sensor-007,23.01,suspect,"zone=1, batch=6"
evt-00000528,2026-01-01T00:01:21Z,sensor-009,37.79,good,"zone=3, batch=2"
evt-00003338,2026-01-01T00:01:21Z,sensor-012,10.78,good,"zone=2, batch=13"
evt-00002788,2026-01-01T00:01:22Z,sensor-001,7.12,good,"zone=4, batch=11"
evt-00002024,2026-01-01T00:01:22Z,sensor-002,34.01,suspect,"zone=1, batch=8"
evt-00003908,2026-01-01T00:01:22Z,sensor-005,-0.89,good,"zone=2, batch=15"
evt-00001293,2026-01-01T00:01:22Z,sensor-010,21.79,good,"zone=1, batch=5"
evt-00002397,2026-01-01T00:01:23Z,sensor-003,30.78,good,"zone=2, batch=9"
evt-00003391,2026-01-01T00:01:23Z,sensor-003,-3.70,suspect,"zone=2, batch=13"
evt-00000142,2026-01-01T00:01:23Z,sensor-004,29.50,good,"zone=4, batch=0"
evt-00002064,2026-01-01T00:01:23Z,sensor-004,24.59,good,"zone=3, batch=8"
evt-00000550,2026-01-01T00:01:23Z,sensor-005,37.00,good,"zone=1, batch=2"
evt-00000993,2026-01-01T00:01:23Z,sensor-005,-0.35,good,"zone=3, batch=3"
evt-00002890,2026-01-01T00:01:23Z,sensor-005,28.98,good,"zone=4, batch=11"
evt-00002968,2026-01-01T00:01:23Z,sensor-007,0.70,good,"zone=4, batch=11"
evt-00000192,2026-01-01T00:01:23Z,sensor-008,2.78,good,"zone=1, batch=0"
evt-00003729,2026-01-01T00:01:23Z,sensor-008,-5.63,good,"zone=2, batch=14"
evt-00002894,2026-01-01T00:01:23Z,sensor-011,-9.96,good,"zone=4, batch=11"
evt-00000022,2026-01-01T00:01:24Z,sensor-002,18.58,good,"zone=4, batch=0"
evt-00004523,2026-01-01T00:01:24Z,sensor-005,-4.42,suspect,"zone=4, batch=18"
evt-00001018,2026-01-01T00:01:24Z,sensor-012,3.72,suspect,"zone=2, batch=4"
evt-00001780,2026-01-01T00:01:25Z,sensor-007,20.74,good,"zone=4, batch=7"
evt-00000054,2026-01-01T00:01:25Z,sensor-009,-5.92,suspect,"zone=1, batch=0"
evt-00004757,2026-01-01T00:01:25Z,sensor-010,3.79,good,"zone=2, batch=19"
evt-00004856,2026-01-01T00:01:25Z,sensor-010,7.64,good,"zone=4, batch=19"
evt-00001391,2026-01-01T00:01:25Z,sensor-011,17.62,good,"zone=2, batch=5"
evt-00004050,2026-01-01T00:01:26Z,sensor-002,23.60,good,"zone=3, batch=16"
evt-00004492,2026-01-01T00:01:26Z,sensor-002,33.81,good,"zone=3, batch=17"
evt-00003540,2026-01-01T00:01:26Z,sensor-006,-5.06,good,"zone=1, batch=14"
evt-00000173,2026-01-01T00:01:26Z,sensor-007,-6.27,suspect,"zone=2, batch=0"
evt-00004966,2026-01-01T00:01:26Z,sensor-011,25.26,good,"zone=1, batch=19"
evt-00000698,2026-01-01T00:01:27Z,sensor-003,-10.81,good,"zone=1, batch=2"
evt-00002547,2026-01-01T00:01:27Z,sensor-003,-5.61,good,"zone=3, batch=10"
evt-00001296,2026-01-01T00:01:27Z,sensor-007,35.25,good,"zone=4, batch=5"
evt-00003497,2026-01-01T00:01:27Z,sensor-010,14.12,suspect,"zone=2, batch=13"
evt-00004157,2026-01-01T00:01:27Z,sensor-011,-2.15,good,"zone=2, batch=16"
evt-00004697,2026-01-01T00:01:28Z,sensor-002,33.28,good,"zone=4, batch=18"
evt-00000120,2026-01-01T00:01:28Z,sensor-003,-4.28,suspect,"zone=3, batch=0"
evt-00000695,2026-01-01T00:01:28Z,sensor-005,37.45,good,"zone=1, batch=2"
evt-00000499,2026-01-01T00:01:28Z,sensor-006,16.31,good,"zone=2, batch=1"
evt-00003314,2026-01-01T00:01:28Z,sensor-006,0.29,suspect,"zone=3, batch=13"
evt-00001493,2026-01-01T00:01:28Z,sensor-009,24.18,suspect,"zone=3, batch=5"
evt-00001717,2026-01-01T00:01:29Z,sensor-007,16.98,good,"zone=1, batch=6"
evt-00001218,2026-01-01T00:01:29Z,sensor-010,32.45,good,"zone=1, batch=4"
evt-00001315,2026-01-01T00:01:29Z,sensor-010,35.03,good,"zone=1, batch=5"
evt-00003322,2026-01-01T00:01:29Z,sensor-011,16.23,good,"zone=2, batch=13"
evt-00000930,2026-01-01T00:01:30Z,sensor-001,2.82,good,"zone=4, batch=3"
evt-00003616,2026-01-01T00:01:30Z,sensor-001,2.10,suspect,"zone=2, batch=14"
evt-00004181,2026-01-01T00:01:30Z,sensor-001,31.77,suspect,"zone=4, batch=16"
evt-00000916,2026-01-01T00:01:30Z,sensor-003,9.72,good,"zone=1, batch=3"
evt-00001972,2026-01-01T00:01:30Z,sensor-004,-10.10,good,"zone=3, batch=7"
evt-00001996,2026-01-01T00:01:30Z,sensor-005,32.44,good,"zone=2, batch=7"
evt-00003920,2026-01-01T00:01:30Z,sensor-005,17.59,good,"zone=1, batch=15"
evt-00000070,2026-01-01T00:01:30Z,sensor-006,16.98,good,"zone=3, batch=0"
evt-00000016,2026-01-01T00:01:30Z,sensor-007,29.21,good,"zone=3, batch=0"
evt-00000092,2026-01-01T00:01:30Z,sensor-008,-0.87,suspect,"zone=1, batch=0"
evt-00004583,2026-01-01T00:01:30Z,sensor-008,11.90,good,"zone=3, batch=18"
evt-00002614,2026-01-01T00:01:30Z,sensor-011,13.46,good,"zone=3, batch=10"
evt-00001699,2026-01-01T00:01:31Z,sensor-001,31.70,suspect,"zone=1, batch=6"
evt-00000791,2026-01-01T00:01:31Z,sensor-009,18.91,good,"zone=3, batch=3"
evt-00003605,2026-01-01T00:01:31Z,sensor-010,0.44,good,"zone=2, batch=14"
evt-00001521,2026-01-01T00:01:31Z,sensor-012,-2.82,suspect,"zone=3, batch=6"
evt-00004072,2026-01-01T00:01:32Z,sensor-001,30.06,suspect,"zone=2, batch=16"
evt-00004100,2026-01-01T00:01:32Z,sensor-002,14.36,good,"zone=1, batch=16"
evt-00004126,2026-01-01T00:01:32Z,sensor-002,12.95,suspect,"zone=1, batch=16"
evt-00001300,2026-01-01T00:01:32Z,sensor-003,22.98,good,"zone=1, batch=5"
evt-00000040,2026-01-01T00:01:32Z,sensor-004,27.21,good,"zone=4, batch=0"
evt-00000841,2026-01-01T00:01:32Z,sensor-004,33.39,good,"zone=3, batch=3"
evt-00004651,2026-01-01T00:01:32Z,sensor-006,-2.42,good,"zone=2, batch=18"
evt-00002781,2026-01-01T00:01:32Z,sensor-008,-10.33,good,"zone=2, batch=11"
evt-00002039,2026-01-01T00:01:32Z,sensor-012,-4.97,good,"zone=1, batch=8"
evt-00004262,2026-01-01T00:01:33Z,sensor-001,31.94,suspect,"zone=3, batch=17"
evt-00004609,2026-01-01T00:01:33Z,sensor-001,18.35,good,"zone=1, batch=18"
evt-00000458,2026-01-01T00:01:33Z,sensor-002,11.48,good,"zone=1, batch=1"
evt-00000946,2026-01-01T00:01:33Z,sensor-004,30.39,good,"zone=1, batch=3"
evt-00002588,2026-01-01T00:01:33Z,sensor-005,23.53,suspect,"zone=2, batch=10"
evt-00003868,2026-01-01T00:01:33Z,sensor-007,37.88,good,"zone=2, batch=15"
evt-00004067,2026-01-01T00:01:33Z,sensor-011,-10.01,good,"zone=4, batch=16"
evt-00001479,2026-01-01T00:01:34Z,sensor-001,35.73,good,"zone=4, batch=5"
evt-00000576,2026-01-01T00:01:34Z,sensor-002,18.90,good,"zone=3, batch=2"
evt-00001447,2026-01-01T00:01:34Z,sensor-011,19.12,good,"zone=2, batch=5"
evt-00002245,2026-01-01T00:01:34Z,sensor-012,-4.44,good,"zone=4, batch=8"
evt-00004503,2026-01-01T00:01:35Z,sensor-008,-10.48,good,"zone=1, batch=18"
evt-00000081,2026-01-01T00:01:35Z,sensor-011,17.82,good,"zone=4, batch=0"
evt-00003636,2026-01-01T00:01:35Z,sensor-012,12.28,good,"zone=4, batch=14"
evt-00000787,2026-01-01T00:01:36Z,sensor-001,-3.86,good,"zone=2, batch=3"
evt-00004750,2026-01-01T00:01:36Z,sensor-001,19.63,suspect,"zone=2, batch=19"
evt-00003085,2026-01-01T00:01:36Z,sensor-002,10.36,suspect,"zone=1, batch=12"
evt-00000471,2026-01-01T00:01:36Z,sensor-003,21.68,good,"zone=3, batch=1"
evt-00001186,2026-01-01T00:01:36Z,sensor-004,31.65,good,"zone=2, batch=4"
evt-00002717,2026-01-01T00:01:36Z,sensor-007,29.39,good,"zone=4, batch=10"
evt-00004899,2026-01-01T00:01:36Z,sensor-007,33.53,good,"zone=2, batch=19"
evt-00003347,2026-01-01T00:01:36Z,sensor-008,23.65,good,"zone=4, batch=13"
evt-00001098,2026-01-01T00:01:36Z,sensor-011,7.30,suspect,"zone=2, batch=4"
evt-00004263,2026-01-01T00:01:37Z,sensor-001,4.85,suspect,"zone=2, batch=17"
evt-00000399,2026-01-01T00:01:37Z,sensor-002,-11.98,good,"zone=4, batch=1"
evt-00000570,2026-01-01T00:01:37Z,sensor-006,5.70,suspect,"zone=2, batch=2"
evt-00003477,2026-01-01T00:01:37Z,sensor-006,-9.67,suspect,"zone=1, batch=13"
evt-00004108,2026-01-01T00:01:37Z,sensor-007,7.32,good,"zone=3, batch=16"
evt-00000868,2026-01-01T00:01:37Z,sensor-009,9.47,good,"zone=1, batch=3"
evt-00004123,2026-01-01T00:01:37Z,sensor-009,34.98,suspect,"zone=1, batch=16"
evt-00000600,2026-01-01T00:01:38Z,sensor-002,-10.57,suspect,"zone=2, batch=2"
evt-00001140,2026-01-01T00:01:38Z,sensor-002,4.81,good,"zone=4, batch=4"
evt-00003185,2026-01-01T00:01:38Z,sensor-002,31.17,good,"zone=4, batch=12"
evt-00003626,2026-01-01T00:01:38Z,sensor-002,31.02,suspect,"zone=1, batch=14"
evt-00001948,2026-01-01T00:01:38Z,sensor-006,-9.99,good,"zone=2, batch=7"
evt-00004138,2026-01-01T00:01:38Z,sensor-006,0.56,good,"zone=2, batch=16"
evt-00003691,2026-01-01T00:01:38Z,sensor-007,-9.52,good,"zone=4, batch=14"
evt-00004267,2026-01-01T00:01:38Z,sensor-010,21.15,suspect,"zone=4, batch=17"
evt-00000942,2026-01-01T00:01:38Z,sensor-012,-11.49,good,"zone=3, batch=3"
evt-00004900,2026-01-01T00:01:38Z,sensor-012,24.02,good,"zone=4, batch=19"
evt-00000208,2026-01-01T00:01:39Z,sensor-001,9.55,good,"zone=1, batch=0"
evt-00000300,2026-01-01T00:01:39Z,sensor-003,3.30,good,"zone=3, batch=1"
evt-00002291,2026-01-01T00:01:39Z,sensor-003,31.85,good,"zone=4, batch=9"
evt-00002603,2026-01-01T00:01:39Z,sensor-003,24.78,good,"zone=4, batch=10"
evt-00003506,2026-01-01T00:01:39Z,sensor-004,13.15,good,"zone=2, batch=14"
evt-00004655,2026-01-01T00:01:39Z,sensor-005,18.74,good,"zone=3, batch=18"
evt-00002773,2026-01-01T00:01:39Z,sensor-006,31.68,good,"zone=4, batch=11"
evt-00004282,2026-01-01T00:01:39Z,sensor-006,34.08,good,"zone=2, batch=17"
evt-00003712,2026-01-01T00:01:39Z,sensor-007,8.12,good,"zone=3, batch=14"
evt-00000846,2026-01-01T00:01:39Z,sensor-011,-4.18,good,"zone=2, batch=3"
evt-00001325,2026-01-01T00:01:39Z,sensor-012,5.57,suspect,"zone=4, batch=5"
evt-00002947,2026-01-01T00:01:40Z,sensor-003,0.93,good,"zone=2, batch=11"
evt-00001755,2026-01-01T00:01:40Z,sensor-004,-1.99,good,"zone=1, batch=7"
evt-00000837,2026-01-01T00:01:40Z,sensor-010,-2.92,good,"zone=3, batch=3"
evt-00004693,2026-01-01T00:01:40Z,sensor-011,23.31,good,"zone=4, batch=18"
evt-00004741,2026-01-01T00:01:40Z,sensor-012,33.65,suspect,"zone=2, batch=18"
evt-00001685,2026-01-01T00:01:41Z,sensor-002,7.65,suspect,"zone=2, batch=6"
evt-00000410,2026-01-01T00:01:41Z,sensor-008,21.86,good,"zone=2, batch=1"
evt-00001031,2026-01-01T00:01:41Z,sensor-012,23.37,suspect,"zone=2, batch=4"
evt-00003631,2026-01-01T00:01:42Z,sensor-001,5.17,good,"zone=4, batch=14"
evt-00002479,2026-01-01T00:01:42Z,sensor-002,8.95,good,"zone=4, batch=9"
evt-00000909,2026-01-01T00:01:42Z,sensor-003,-0.73,good,"zone=1, batch=3"
evt-00001538,2026-01-01T00:01:42Z,sensor-005,36.90,suspect,"zone=4, batch=6"
evt-00003229,2026-01-01T00:01:42Z,sensor-006,35.15,suspect,"zone=3, batch=12"
evt-00000900,2026-01-01T00:01:42Z,sensor-009,-4.92,suspect,"zone=3, batch=3"
evt-00000719,2026-01-01T00:01:42Z,sensor-011,14.88,good,"zone=1, batch=2"
evt-00001831,2026-01-01T00:01:42Z,sensor-011,4.74,good,"zone=1, batch=7"
evt-00002979,2026-01-01T00:01:42Z,sensor-012,26.67,good,"zone=3, batch=11"
evt-00003018,2026-01-01T00:01:42Z,sensor-012,26.40,good,"zone=3, batch=12"
evt-00004532,2026-01-01T00:01:42Z,sensor-012,-7.62,suspect,"zone=3, batch=18"
evt-00001244,2026-01-01T00:01:43Z,sensor-001,-5.94,good,"zone=1, batch=4"
evt-00001254,2026-01-01T00:01:43Z,sensor-005,0.64,good,"zone=3, batch=5"
evt-00000075,2026-01-01T00:01:43Z,sensor-012,22.25,good,"zone=2, batch=0"
evt-00003042,2026-01-01T00:01:44Z,sensor-001,5.33,good,"zone=2, batch=12"
evt-00004411,2026-01-01T00:01:44Z,sensor-002,36.39,good,"zone=2, batch=17"
evt-00000825,2026-01-01T00:01:44Z,sensor-003,8.04,good,"zone=4, batch=3"
evt-00002784,2026-01-01T00:01:44Z,sensor-003,25.28,good,"zone=3, batch=11"
evt-00003620,2026-01-01T00:01:44Z,sensor-005,9.30,suspect,"zone=1, batch=14"
evt-00004746,2026-01-01T00:01:44Z,sensor-006,0.98,suspect,"zone=1, batch=18"
evt-00001686,2026-01-01T00:01:44Z,sensor-011,-5.20,good,"zone=2, batch=6"
evt-00001713,2026-01-01T00:01:45Z,sensor-001,20.73,good,"zone=4, batch=6"
evt-00002685,2026-01-01T00:01:45Z,sensor-005,31.21,good,"zone=4, batch=10"
evt-00001437,2026-01-01T00:01:45Z,sensor-008,-2.41,good,"zone=4, batch=5"
evt-00001801,2026-01-01T00:01:46Z,sensor-002,31.62,good,"zone=3, batch=7"
evt-00003822,2026-01-01T00:01:46Z,sensor-006,30.83,good,"zone=3, batch=15"
evt-00002419,2026-01-01T00:01:46Z,sensor-009,0.67,good,"zone=4, batch=9"
evt-00000504,2026-01-01T00:01:47Z,sensor-010,29.22,good,"zone=2, batch=2"
evt-00000809,2026-01-01T00:01:47Z,sensor-011,20.16,good,"zone=4, batch=3"
evt-00001069,2026-01-01T00:01:47Z,sensor-011,1.62,good,"zone=3, batch=4"
evt-00001687,2026-01-01T00:01:48Z,sensor-004,-11.41,good,"zone=3, batch=6"
evt-00004283,2026-01-01T00:01:48Z,sensor-005,9.84,suspect,"zone=3, batch=17"
evt-00001048,2026-01-01T00:01:48Z,sensor-006,31.41,good,"zone=2, batch=4"
evt-00004528,2026-01-01T00:01:48Z,sensor-008,20.35,suspect,"zone=3, batch=18"
evt-00000288,2026-01-01T00:01:48Z,sensor-010,26.51,good,"zone=4, batch=1"
evt-00002803,2026-01-01T00:01:48Z,sensor-010,17.16,good,"zone=4, batch=11"
evt-00003296,2026-01-01T00:01:48Z,sensor-010,26.46,suspect,"zone=2, batch=13"
evt-00004407,2026-01-01T00:01:49Z,sensor-002,11.56,good,"zone=3, batch=17"
evt-00003931,2026-01-01T00:01:49Z,sensor-009,9.57,suspect,"zone=2, batch=15"
evt-00002102,2026-01-01T00:01:49Z,sensor-012,-10.93,suspect,"zone=3, batch=8"
evt-00002026,2026-01-01T00:01:50Z,sensor-007,-1.88,good,"zone=1, batch=8"
evt-00003040,2026-01-01T00:01:50Z,sensor-010,22.19,good,"zone=4, batch=12"
evt-00003521,2026-01-01T00:01:50Z,sensor-010,20.55,suspect,"zone=4, batch=14"
evt-00004240,2026-01-01T00:01:51Z,sensor-009,33.50,good,"zone=2, batch=16"
evt-00001962,2026-01-01T00:01:51Z,sensor-011,14.87,good,"zone=3, batch=7"
evt-00003899,2026-01-01T00:01:52Z,sensor-004,7.59,good,"zone=3, batch=15"
evt-00000997,2026-01-01T00:01:52Z,sensor-012,34.14,good,"zone=1, batch=3"
evt-00004356,2026-01-01T00:01:53Z,sensor-004,36.50,good,"zone=4, batch=17"
evt-00003769,2026-01-01T00:01:53Z,sensor-008,20.86,good,"zone=2, batch=15"
evt-00004137,2026-01-01T00:01:53Z,sensor-008,28.73,good,"zone=3, batch=16"
evt-00003663,2026-01-01T00:01:54Z,sensor-001,5.41,good,"zone=2, batch=14"
evt-00002977,2026-01-01T00:01:54Z,sensor-006,7.27,good,"zone=2, batch=11"
evt-00003409,2026-01-01T00:01:54Z,sensor-007,14.23,good,"zone=2, batch=13"
evt-00002256,2026-01-01T00:01:54Z,sensor-009,28.74,good,"zone=1, batch=9"
evt-00002183,2026-01-01T00:01:55Z,sensor-001,2.98,suspect,"zone=2, batch=8"
evt-00002333,2026-01-01T00:01:55Z,sensor-006,13.33,good,"zone=4, batch=9"
evt-00004450,2026-01-01T00:01:55Z,sensor-006,7.51,suspect,"zone=2, batch=17"
evt-00003274,2026-01-01T00:01:55Z,sensor-010,22.30,suspect,"zone=3, batch=13"
evt-00000894,2026-01-01T00:01:55Z,sensor-012,36.24,suspect,"zone=2, batch=3"
evt-00001954,2026-01-01T00:01:55Z,sensor-012,-7.32,suspect,"zone=3, batch=7"
evt-00003164,2026-01-01T00:01:56Z,sensor-002,8.33,good,"zone=2, batch=12"
evt-00003494,2026-01-01T00:01:56Z,sensor-005,-11.17,suspect,"zone=4, batch=13"
evt-00000071,2026-01-01T00:01:56Z,sensor-011,-3.31,good,"zone=3, batch=0"
evt-00002286,2026-01-01T00:01:56Z,sensor-012,30.44,good,"zone=4, batch=9"
evt-00000387,2026-01-01T00:01:57Z,sensor-001,25.83,good,"zone=1, batch=1"
evt-00001478,2026-01-01T00:01:57Z,sensor-006,7.62,good,"zone=4, batch=5"
evt-00004491,2026-01-01T00:01:57Z,sensor-010,22.94,good,"zone=4, batch=17"
evt-00000381,2026-01-01T00:01:57Z,sensor-011,-10.60,suspect,"zone=2, batch=1"
evt-00003725,2026-01-01T00:01:57Z,sensor-012,-6.57,good,"zone=3, batch=14"
evt-00000624,2026-01-01T00:01:58Z,sensor-002,15.28,good,"zone=1, batch=2"
evt-00000727,2026-01-01T00:01:58Z,sensor-002,4.72,good,"zone=1, batch=2"
evt-00001021,2026-01-01T00:01:58Z,sensor-002,4.31,suspect,"zone=3, batch=4"
evt-00002649,2026-01-01T00:01:58Z,sensor-002,0.25,good,"zone=4, batch=10"
evt-00003761,2026-01-01T00:01:58Z,sensor-002,18.98,good,"zone=3, batch=15"
evt-00000162,2026-01-01T00:01:58Z,sensor-009,32.99,good,"zone=1, batch=0"
evt-00004973,2026-01-01T00:01:59Z,sensor-001,32.72,suspect,"zone=1, batch=19"
evt-00004740,2026-01-01T00:01:59Z,sensor-002,3.67,good,"zone=1, batch=18"
evt-00001911,2026-01-01T00:01:59Z,sensor-004,12.18,good,"zone=1, batch=7"
evt-00004439,2026-01-01T00:01:59Z,sensor-006,0.07,suspect,"zone=4, batch=17"
evt-00001279,2026-01-01T00:01:59Z,sensor-008,0.40,good,"zone=4, batch=5"
evt-00001362,2026-01-01T00:01:59Z,sensor-008,2.80,good,"zone=1, batch=5"
evt-00003272,2026-01-01T00:01:59Z,sensor-009,13.38,good,"zone=4, batch=13"
evt-00003277,2026-01-01T00:01:59Z,sensor-009,25.46,good,"zone=1, batch=13"
evt-00001647,2026-01-01T00:01:59Z,sensor-012,23.30,good,"zone=3, batch=6"
evt-00002962,2026-01-01T00:02:00Z,sensor-003,10.77,good,"zone=4, batch=11"
evt-00003988,2026-01-01T00:02:00Z,sensor-003,5.21,good,"zone=3, batch=15"
evt-00001901,2026-01-01T00:02:00Z,sensor-006,33.29,good,"zone=3, batch=7"
evt-00002381,2026-01-01T00:02:00Z,sensor-008,0.54,good,"zone=3, batch=9"
evt-00000245,2026-01-01T00:02:00Z,sensor-009,13.98,good,"zone=1, batch=0"
evt-00000233,2026-01-01T00:02:00Z,sensor-012,-10.14,suspect,"zone=1, batch=0"
evt-00002058,2026-01-01T00:02:01Z,sensor-001,-1.05,good,"zone=2, batch=8"
evt-00000180,2026-01-01T00:02:01Z,sensor-006,-6.13,good,"zone=3, batch=0"
evt-00003787,2026-01-01T00:02:01Z,sensor-007,-5.71,good,"zone=4, batch=15"
evt-00003999,2026-01-01T00:02:01Z,sensor-008,26.37,suspect,"zone=1, batch=15"
evt-00002390,2026-01-01T00:02:01Z,sensor-009,-1.94,good,"zone=2, batch=9"
evt-00002787,2026-01-01T00:02:01Z,sensor-009,12.40,good,"zone=4, batch=11"
evt-00004047,2026-01-01T00:02:01Z,sensor-012,25.46,good,"zone=4, batch=16"
evt-00004125,2026-01-01T00:02:02Z,sensor-001,-2.92,good,"zone=4, batch=16"
evt-00001541,2026-01-01T00:02:02Z,sensor-006,31.40,good,"zone=1, batch=6"
evt-00000928,2026-01-01T00:02:02Z,sensor-007,9.27,good,"zone=4, batch=3"
evt-00002008,2026-01-01T00:02:02Z,sensor-007,-4.32,suspect,"zone=3, batch=8"
evt-00001533,2026-01-01T00:02:02Z,sensor-008,31.49,good,"zone=4, batch=6"
evt-00001921,2026-01-01T00:02:02Z,sensor-008,9.39,good,"zone=3, batch=7"
evt-00002933,2026-01-01T00:02:02Z,sensor-010,13.60,suspect,"zone=2, batch=11"
evt-00001160,2026-01-01T00:02:03Z,sensor-001,7.67,good,"zone=4, batch=4"
evt-00003205,2026-01-01T00:02:03Z,sensor-006,22.92,good,"zone=1, batch=12"
evt-00001258,2026-01-01T00:02:03Z,sensor-007,-8.86,suspect,"zone=1, batch=5"
evt-00000189,2026-01-01T00:02:03Z,sensor-008,8.28,good,"zone=3, batch=0"
evt-00004035,2026-01-01T00:02:04Z,sensor-001,20.69,good,"zone=4, batch=16"
evt-00003737,2026-01-01T00:02:04Z,sensor-002,14.08,good,"zone=4, batch=14"
evt-00002855,2026-01-01T00:02:04Z,sensor-003,10.58,suspect,"zone=1, batch=11"
evt-00003689,2026-01-01T00:02:04Z,sensor-003,19.60,good,"zone=3, batch=14"
evt-00003434,2026-01-01T00:02:04Z,sensor-006,-4.27,good,"zone=2, batch=13"
evt-00004353,2026-01-01T00:02:04Z,sensor-009,33.13,suspect,"zone=2, batch=17"
evt-00001387,2026-01-01T00:02:04Z,sensor-012,-4.21,good,"zone=2, batch=5"
evt-00004800,2026-01-01T00:02:05Z,sensor-001,24.22,good,"zone=4, batch=19"
evt-00000870,2026-01-01T00:02:05Z,sensor-010,30.30,good,"zone=4, batch=3"
evt-00002053,2026-01-01T00:02:05Z,sensor-011,13.93,suspect,"zone=1, batch=8"
evt-00002095,2026-01-01T00:02:05Z,sensor-011,25.04,suspect,"zone=1, batch=8"
evt-00001532,2026-01-01T00:02:06Z,sensor-001,34.13,suspect,"zone=1, batch=6"
evt-00001407,2026-01-01T00:02:06Z,sensor-004,2.21,good,"zone=4, batch=5"
evt-00002617,2026-01-01T00:02:06Z,sensor-004,10.45,good,"zone=4, batch=10"
evt-00001894,2026-01-01T00:02:06Z,sensor-007,7.13,good,"zone=1, batch=7"
evt-00002387,2026-01-01T00:02:06Z,sensor-007,0.78,good,"zone=2, batch=9"
evt-00003860,2026-01-01T00:02:06Z,sensor-007,33.11,good,"zone=3, batch=15"
evt-00003245,2026-01-01T00:02:06Z,sensor-008,36.51,good,"zone=1, batch=12"
evt-00000266,2026-01-01T00:02:06Z,sensor-010,-10.36,good,"zone=1, batch=1"
evt-00002721,2026-01-01T00:02:07Z,sensor-001,2.81,good,"zone=2, batch=10"
evt-00003051,2026-01-01T00:02:07Z,sensor-001,24.94,good,"zone=2, batch=12"
evt-00003320,2026-01-01T00:02:07Z,sensor-002,35.41,suspect,"zone=3, batch=13"
evt-00004703,2026-01-01T00:02:07Z,sensor-003,30.32,good,"zone=3, batch=18"
evt-00001271,2026-01-01T00:02:07Z,sensor-004,-4.46,good,"zone=3, batch=5"
evt-00001380,2026-01-01T00:02:07Z,sensor-004,19.63,good,"zone=3, batch=5"
evt-00004412,2026-01-01T00:02:07Z,sensor-005,25.79,suspect,"zone=1, batch=17"
evt-00003632,2026-01-01T00:02:07Z,sensor-007,8.87,good,"zone=1, batch=14"
evt-00002305,2026-01-01T00:02:08Z,sensor-002,29.71,good,"zone=3, batch=9"
evt-00004343,2026-01-01T00:02:08Z,sensor-003,-9.13,suspect,"zone=2, batch=17"
evt-00003023,2026-01-01T00:02:08Z,sensor-005,5.71,good,"zone=3, batch=12"
evt-00002105,2026-01-01T00:02:08Z,sensor-006,-5.35,good,"zone=2, batch=8"
evt-00003281,2026-01-01T00:02:08Z,sensor-006,-8.24,good,"zone=1, batch=13"
evt-00004600,2026-01-01T00:02:08Z,sensor-006,-7.25,good,"zone=1, batch=18"
evt-00000959,2026-01-01T00:02:08Z,sensor-008,18.34,good,"zone=4, batch=3"
evt-00002068,2026-01-01T00:02:08Z,sensor-008,24.76,good,"zone=3, batch=8"
evt-00002037,2026-01-01T00:02:08Z,sensor-010,6.84,good,"zone=2, batch=8"
evt-00002658,2026-01-01T00:02:08Z,sensor-010,2.09,good,"zone=2, batch=10"
evt-00000210,2026-01-01T00:02:08Z,sensor-011,24.75,good,"zone=1, batch=0"
evt-00003675,2026-01-01T00:02:08Z,sensor-011,0.08,suspect,"zone=2, batch=14"
evt-00004589,2026-01-01T00:02:08Z,sensor-011,-8.00,good,"zone=3, batch=18"
evt-00001298,2026-01-01T00:02:08Z,sensor-012,13.34,good,"zone=1, batch=5"
evt-00001889,2026-01-01T00:02:09Z,sensor-001,17.92,good,"zone=3, batch=7"
evt-00000867,2026-01-01T00:02:09Z,sensor-004,5.64,good,"zone=2, batch=3"
evt-00003967,2026-01-01T00:02:09Z,sensor-004,0.37,good,"zone=1, batch=15"
evt-00000680,2026-01-01T00:02:09Z,sensor-005,-2.61,good,"zone=2, batch=2"
evt-00001530,2026-01-01T00:02:09Z,sensor-006,17.97,suspect,"zone=3, batch=6"
evt-00003215,2026-01-01T00:02:09Z,sensor-008,31.89,good,"zone=4, batch=12"
evt-00001377,2026-01-01T00:02:09Z,sensor-011,17.12,good,"zone=1, batch=5"
evt-00003785,2026-01-01T00:02:10Z,sensor-002,32.83,good,"zone=4, batch=15"
evt-00001363,2026-01-01T00:02:10Z,sensor-005,24.04,good,"zone=2, batch=5"
evt-00004518,2026-01-01T00:02:10Z,sensor-008,35.37,good,"zone=2, batch=18"
evt-00000603,2026-01-01T00:02:10Z,sensor-009,-8.08,good,"zone=2, batch=2"
evt-00000547,2026-01-01T00:02:10Z,sensor-010,-0.09,good,"zone=4, batch=2"
evt-00001004,2026-01-01T00:02:10Z,sensor-011,36.99,good,"zone=2, batch=4"
evt-00003012,2026-01-01T00:02:11Z,sensor-001,10.97,good,"zone=1, batch=12"
evt-00003919,2026-01-01T00:02:11Z,sensor-002,11.47,good,"zone=4, batch=15"
evt-00001666,2026-01-01T00:02:11Z,sensor-004,19.23,good,"zone=4, batch=6"
evt-00003155,2026-01-01T00:02:11Z,sensor-007,15.38,good,"zone=2, batch=12"
evt-00003588,2026-01-01T00:02:11Z,sensor-008,8.66,suspect,"zone=2, batch=14"
evt-00002126,2026-01-01T00:02:11Z,sensor-009,10.92,good,"zone=4, batch=8"
evt-00003704,2026-01-01T00:02:11Z,sensor-011,4.31,suspect,"zone=2, batch=14"
evt-00001899,2026-01-01T00:02:12Z,sensor-003,6.42,good,"zone=3, batch=7"
evt-00001474,2026-01-01T00:02:12Z,sensor-005,37.59,suspect,"zone=1, batch=5"
evt-00001891,2026-01-01T00:02:12Z,sensor-009,35.34,suspect,"zone=4, batch=7"
evt-00003630,2026-01-01T00:02:12Z,sensor-010,-10.61,good,"zone=3, batch=14"
evt-00000784,2026-01-01T00:02:13Z,sensor-001,19.39,good,"zone=3, batch=3"
evt-00003925,2026-01-01T00:02:13Z,sensor-002,-10.92,good,"zone=1, batch=15"
evt-00000555,2026-01-01T00:02:13Z,sensor-003,36.74,suspect,"zone=2, batch=2"
evt-00001287,2026-01-01T00:02:13Z,sensor-007,-2.78,suspect,"zone=1, batch=5"
evt-00000694,2026-01-01T00:02:13Z,sensor-009,14.74,suspect,"zone=2, batch=2"
evt-00004454,2026-01-01T00:02:13Z,sensor-009,4.47,suspect,"zone=3, batch=17"
evt-00000042,2026-01-01T00:02:14Z,sensor-004,9.27,good,"zone=1, batch=0"
evt-00002174,2026-01-01T00:02:14Z,sensor-008,-6.14,good,"zone=1, batch=8"
evt-00002456,2026-01-01T00:02:14Z,sensor-008,7.01,good,"zone=4, batch=9"
evt-00004718,2026-01-01T00:02:14Z,sensor-010,25.75,good,"zone=4, batch=18"
evt-00001674,2026-01-01T00:02:14Z,sensor-011,-9.63,good,"zone=2, batch=6"
evt-00003655,2026-01-01T00:02:14Z,sensor-012,10.90,good,"zone=4, batch=14"
evt-00001772,2026-01-01T00:02:15Z,sensor-011,5.80,good,"zone=4, batch=7"
evt-00000943,2026-01-01T00:02:16Z,sensor-001,8.23,good,"zone=3, batch=3"
evt-00000604,2026-01-01T00:02:16Z,sensor-002,9.96,good,"zone=4, batch=2"
evt-00002957,2026-01-01T00:02:16Z,sensor-003,-7.27,suspect,"zone=3, batch=11"
evt-00003804,2026-01-01T00:02:16Z,sensor-004,-6.78,good,"zone=2, batch=15"
evt-00003183,2026-01-01T00:02:16Z,sensor-007,-6.88,good,"zone=2, batch=12"
evt-00001275,2026-01-01T00:02:16Z,sensor-008,-1.13,good,"zone=2, batch=5"
evt-00004494,2026-01-01T00:02:16Z,sensor-009,-11.01,suspect,"zone=2, batch=17"
evt-00003109,2026-01-01T00:02:16Z,sensor-010,33.71,suspect,"zone=1, batch=12"
evt-00001150,2026-01-01T00:02:17Z,sensor-006,-1.31,good,"zone=3, batch=4"
evt-00000174,2026-01-01T00:02:17Z,sensor-007,5.25,good,"zone=3, batch=0"
evt-00004516,2026-01-01T00:02:17Z,sensor-008,8.78,suspect,"zone=2, batch=18"
evt-00003714,2026-01-01T00:02:17Z,sensor-009,-6.45,good,"zone=2, batch=14"
evt-00003976,2026-01-01T00:02:17Z,sensor-009,17.46,good,"zone=2, batch=15"
evt-00002441,2026-01-01T00:02:17Z,sensor-012,-6.81,good,"zone=2, batch=9"
evt-00002622,2026-01-01T00:02:18Z,sensor-001,8.72,good,"zone=2, batch=10"
evt-00003043,2026-01-01T00:02:18Z,sensor-001,-10.26,suspect,"zone=2, batch=12"
evt-00000847,2026-01-01T00:02:18Z,sensor-004,34.67,suspect,"zone=2, batch=3"
evt-00001515,2026-01-01T00:02:18Z,sensor-004,31.04,suspect,"zone=1, batch=6"
evt-00002021,2026-01-01T00:02:18Z,sensor-005,37.92,good,"zone=4, batch=8"
evt-00004822,2026-01-01T00:02:18Z,sensor-005,-8.53,suspect,"zone=2, batch=19"
evt-00001828,2026-01-01T00:02:18Z,sensor-006,-6.00,good,"zone=4, batch=7"
evt-00000733,2026-01-01T00:02:18Z,sensor-011,29.46,good,"zone=2, batch=2"
evt-00001863,2026-01-01T00:02:19Z,sensor-002,28.88,good,"zone=3, batch=7"
evt-00000978,2026-01-01T00:02:19Z,sensor-004,-2.48,good,"zone=3, batch=3"
evt-00002899,2026-01-01T00:02:19Z,sensor-007,-6.43,suspect,"zone=2, batch=11"
evt-00001632,2026-01-01T00:02:19Z,sensor-010,1.44,suspect,"zone=1, batch=6"
evt-00000752,2026-01-01T00:02:20Z,sensor-001,22.56,good,"zone=3, batch=3"
evt-00002319,2026-01-01T00:02:20Z,sensor-003,-5.84,good,"zone=3, batch=9"
evt-00003559,2026-01-01T00:02:20Z,sensor-005,5.58,suspect,"zone=2, batch=14"
evt-00004828,2026-01-01T00:02:20Z,sensor-005,3.67,good,"zone=4, batch=19"
evt-00003961,2026-01-01T00:02:20Z,sensor-006,29.47,good,"zone=3, batch=15"
evt-00000897,2026-01-01T00:02:21Z,sensor-006,-11.01,suspect,"zone=1, batch=3"
evt-00002316,2026-01-01T00:02:21Z,sensor-006,36.72,good,"zone=2, batch=9"
evt-00000488,2026-01-01T00:02:21Z,sensor-009,18.58,good,"zone=3, batch=1"
evt-00002504,2026-01-01T00:02:21Z,sensor-009,21.11,good,"zone=3, batch=10"
evt-00002554,2026-01-01T00:02:22Z,sensor-001,-11.80,suspect,"zone=1, batch=10"
evt-00002928,2026-01-01T00:02:22Z,sensor-005,23.65,good,"zone=1, batch=11"
evt-00002951,2026-01-01T00:02:22Z,sensor-005,18.55,good,"zone=2, batch=11"
evt-00004374,2026-01-01T00:02:22Z,sensor-008,8.50,suspect,"zone=2, batch=17"
evt-00000270,2026-01-01T00:02:22Z,sensor-009,12.50,good,"zone=1, batch=1"
evt-00001001,2026-01-01T00:02:22Z,sensor-010,3.08,good,"zone=3, batch=4"
evt-00003825,2026-01-01T00:02:22Z,sensor-011,-2.83,suspect,"zone=1, batch=15"
evt-00000818,2026-01-01T00:02:22Z,sensor-012,36.73,good,"zone=4, batch=3"
evt-00003916,2026-01-01T00:02:23Z,sensor-004,27.16,good,"zone=4, batch=15"
evt-00004713,2026-01-01T00:02:23Z,sensor-004,23.37,good,"zone=3, batch=18"
evt-00000219,2026-01-01T00:02:23Z,sensor-007,-9.02,suspect,"zone=1, batch=0"
evt-00000908,2026-01-01T00:02:24Z,sensor-001,4.18,suspect,"zone=1, batch=3"
evt-00002807,2026-01-01T00:02:24Z,sensor-002,6.96,suspect,"zone=2, batch=11"
evt-00004477,2026-01-01T00:02:24Z,sensor-004,1.48,good,"zone=3, batch=17"
evt-00001165,2026-01-01T00:02:24Z,sensor-006,18.72,good,"zone=3, batch=4"
evt-00004789,2026-01-01T00:02:24Z,sensor-008,-3.77,good,"zone=2, batch=19"
evt-00000696,2026-01-01T00:02:24Z,sensor-009,29.03,good,"zone=1, batch=2"
evt-00002403,2026-01-01T00:02:24Z,sensor-012,6.75,suspect,"zone=3, batch=9"
evt-00001233,2026-01-01T00:02:25Z,sensor-001,-3.27,good,"zone=2, batch=4"
evt-00001243,2026-01-01T00:02:25Z,sensor-008,-6.36,good,"zone=4, batch=4"
evt-00004592,2026-01-01T00:02:25Z,sensor-009,36.25,good,"zone=1, batch=18"
evt-00000046,2026-01-01T00:02:25Z,sensor-011,-10.65,suspect,"zone=4, batch=0"
evt-00002728,2026-01-01T00:02:26Z,sensor-001,-8.71,good,"zone=2, batch=10"
evt-00002209,2026-01-01T00:02:26Z,sensor-002,20.20,good,"zone=4, batch=8"
evt-00000220,2026-01-01T00:02:26Z,sensor-003,3.32,suspect,"zone=2, batch=0"
evt-00000984,2026-01-01T00:02:26Z,sensor-004,31.99,good,"zone=3, batch=3"
evt-00004591,2026-01-01T00:02:26Z,sensor-005,14.92,good,"zone=2, batch=18"
evt-00003124,2026-01-01T00:02:26Z,sensor-012,36.51,good,"zone=2, batch=12"
evt-00003527,2026-01-01T00:02:27Z,sensor-001,25.09,good,"zone=2, batch=14"
evt-00003681,2026-01-01T00:02:27Z,sensor-002,5.30,good,"zone=1, batch=14"
evt-00004314,2026-01-01T00:02:27Z,sensor-004,-6.98,suspect,"zone=3, batch=17"
evt-00002684,2026-01-01T00:02:27Z,sensor-005,-4.66,good,"zone=3, batch=10"
evt-00001076,2026-01-01T00:02:27Z,sensor-006,27.72,good,"zone=3, batch=4"
evt-00001282,2026-01-01T00:02:27Z,sensor-006,-0.82,suspect,"zone=2, batch=5"
evt-00004092,2026-01-01T00:02:27Z,sensor-006,18.40,good,"zone=2, batch=16"
evt-00001421,2026-01-01T00:02:27Z,sensor-011,0.86,good,"zone=2, batch=5"
evt-00002294,2026-01-01T00:02:27Z,sensor-012,-1.04,suspect,"zone=2, batch=9"
evt-00001378,2026-01-01T00:02:28Z,sensor-001,35.70,suspect,"zone=2, batch=5"
evt-00002034,2026-01-01T00:02:28Z,sensor-004,24.95,suspect,"zone=1, batch=8"
evt-00003580,2026-01-01T00:02:28Z,sensor-006,13.82,good,"zone=3, batch=14"
evt-00002904,2026-01-01T00:02:28Z,sensor-007,19.78,good,"zone=1, batch=11"
evt-00002154,2026-01-01T00:02:28Z,sensor-010,17.20,good,"zone=2, batch=8"
evt-00001445,2026-01-01T00:02:28Z,sensor-011,24.55,suspect,"zone=4, batch=5"
evt-00003387,2026-01-01T00:02:29Z,sensor-003,-7.87,good,"zone=4, batch=13"
evt-00002478,2026-01-01T00:02:29Z,sensor-006,-7.38,good,"zone=4, batch=9"
evt-00001053,2026-01-01T00:02:29Z,sensor-011,11.63,suspect,"zone=2, batch=4"
evt-00003074,2026-01-01T00:02:30Z,sensor-001,29.33,good,"zone=2, batch=12"
evt-00001142,2026-01-01T00:02:30Z,sensor-012,36.81,suspect,"zone=2, batch=4"
evt-00000373,2026-01-01T00:02:31Z,sensor-001,4.12,good,"zone=3, batch=1"
evt-00004946,2026-01-01T00:02:31Z,sensor-003,-1.49,suspect,"zone=1, batch=19"
evt-00002124,2026-01-01T00:02:31Z,sensor-004,11.50,good,"zone=1, batch=8"
evt-00003775,2026-01-01T00:02:31Z,sensor-006,10.08,good,"zone=1, batch=15"
evt-00002473,2026-01-01T00:02:31Z,sensor-012,-9.12,good,"zone=1, batch=9"
evt-00002769,2026-01-01T00:02:32Z,sensor-003,29.32,good,"zone=2, batch=11"
evt-00002837,2026-01-01T00:02:32Z,sensor-006,14.58,suspect,"zone=3, batch=11"
evt-00004620,2026-01-01T00:02:32Z,sensor-006,36.97,suspect,"zone=2, batch=18"
evt-00003397,2026-01-01T00:02:32Z,sensor-007,5.97,good,"zone=3, batch=13"
evt-00000363,2026-01-01T00:02:32Z,sensor-010,17.40,good,"zone=4, batch=1"
evt-00003537,2026-01-01T00:02:32Z,sensor-012,-4.20,good,"zone=4, batch=14"
evt-00001904,2026-01-01T00:02:33Z,sensor-003,-10.14,suspect,"zone=1, batch=7"
evt-00004273,2026-01-01T00:02:33Z,sensor-004,6.55,suspect,"zone=4, batch=17"
evt-00000772,2026-01-01T00:02:33Z,sensor-007,-4.51,good,"zone=2, batch=3"
evt-00001642,2026-01-01T00:02:33Z,sensor-008,6.35,good,"zone=3, batch=6"
evt-00000614,2026-01-01T00:02:33Z,sensor-009,10.26,suspect,"zone=2, batch=2"
evt-00004694,2026-01-01T00:02:33Z,sensor-011,27.41,good,"zone=2, batch=18"
evt-00004791,2026-01-01T00:02:33Z,sensor-011,7.00,good,"zone=1, batch=19"
evt-00003019,2026-01-01T00:02:33Z,sensor-012,5.09,good,"zone=1, batch=12"
evt-00003221,2026-01-01T00:02:33Z,sensor-012,18.66,good,"zone=4, batch=12"
evt-00004023,2026-01-01T00:02:34Z,sensor-003,2.83,suspect,"zone=4, batch=16"
evt-00004328,2026-01-01T00:02:34Z,sensor-005,-2.94,good,"zone=2, batch=17"
evt-00003949,2026-01-01T00:02:34Z,sensor-006,23.23,good,"zone=1, batch=15"
evt-00002299,2026-01-01T00:02:34Z,sensor-011,37.28,good,"zone=1, batch=9"
evt-00002785,2026-01-01T00:02:35Z,sensor-003,-10.98,good,"zone=1, batch=11"
evt-00002027,2026-01-01T00:02:35Z,sensor-004,5.71,good,"zone=3, batch=8"
evt-00003742,2026-01-01T00:02:35Z,sensor-005,17.70,suspect,"zone=3, batch=14"
evt-00000826,2026-01-01T00:02:35Z,sensor-006,20.18,good,"zone=2, batch=3"
evt-00001584,2026-01-01T00:02:35Z,sensor-009,2.10,good,"zone=4, batch=6"
evt-00004418,2026-01-01T00:02:36Z,sensor-001,-2.45,suspect,"zone=2, batch=17"
evt-00001307,2026-01-01T00:02:36Z,sensor-003,-8.45,good,"zone=2, batch=5"
evt-00003490,2026-01-01T00:02:36Z,sensor-005,11.35,suspect,"zone=2, batch=13"
evt-00001056,2026-01-01T00:02:36Z,sensor-008,-8.89,good,"zone=2, batch=4"
evt-00004568,2026-01-01T00:02:36Z,sensor-009,12.03,good,"zone=4, batch=18"
evt-00002716,2026-01-01T00:02:36Z,sensor-011,36.70,suspect,"zone=1, batch=10"
evt-00002324,2026-01-01T00:02:37Z,sensor-003,-1.69,good,"zone=4, batch=9"
evt-00001335,2026-01-01T00:02:37Z,sensor-004,-10.11,good,"zone=4, batch=5"
evt-00001157,2026-01-01T00:02:37Z,sensor-005,21.23,good,"zone=1, batch=4"
evt-00001821,2026-01-01T00:02:37Z,sensor-007,-10.64,good,"zone=3, batch=7"
evt-00002631,2026-01-01T00:02:37Z,sensor-012,-8.43,good,"zone=3, batch=10"
evt-00003331,2026-01-01T00:02:37Z,sensor-012,4.97,good,"zone=3, batch=13"
evt-00000651,2026-01-01T00:02:38Z,sensor-001,0.96,good,"zone=4, batch=2"
evt-00001525,2026-01-01T00:02:38Z,sensor-003,21.74,good,"zone=2, batch=6"
evt-00004184,2026-01-01T00:02:38Z,sensor-004,29.45,good,"zone=1, batch=16"
evt-00000116,2026-01-01T00:02:38Z,sensor-007,31.12,good,"zone=3, batch=0"
evt-00003791,2026-01-01T00:02:38Z,sensor-010,-8.73,suspect,"zone=4, batch=15"
evt-00004061,2026-01-01T00:02:39Z,sensor-002,29.18,good,"zone=3, batch=16"
evt-00001294,2026-01-01T00:02:39Z,sensor-004,33.03,suspect,"zone=4, batch=5"
evt-00004271,2026-01-01T00:02:39Z,sensor-005,37.42,suspect,"zone=4, batch=17"
evt-00002111,2026-01-01T00:02:39Z,sensor-009,29.67,suspect,"zone=2, batch=8"
evt-00003706,2026-01-01T00:02:40Z,sensor-002,-8.53,good,"zone=1, batch=14"
evt-00002240,2026-01-01T00:02:40Z,sensor-004,-4.35,good,"zone=3, batch=8"
evt-00003905,2026-01-01T00:02:40Z,sensor-004,18.88,good,"zone=2, batch=15"
evt-00004085,2026-01-01T00:02:40Z,sensor-004,7.68,good,"zone=1, batch=16"
evt-00004055,2026-01-01T00:02:40Z,sensor-005,17.50,good,"zone=3, batch=16"
evt-00000017,2026-01-01T00:02:40Z,sensor-006,-7.00,good,"zone=2, batch=0"
evt-00000432,2026-01-01T00:02:40Z,sensor-010,15.56,suspect,"zone=3, batch=1"
evt-00002715,2026-01-01T00:02:40Z,sensor-010,35.35,good,"zone=4, batch=10"
evt-00001170,2026-01-01T00:02:40Z,sensor-012,3.99,good,"zone=1, batch=4"
evt-00001741,2026-01-01T00:02:41Z,sensor-001,28.25,good,"zone=4, batch=6"
evt-00002723,2026-01-01T00:02:41Z,sensor-003,16.99,good,"zone=2, batch=10"
evt-00004527,2026-01-01T00:02:41Z,sensor-004,17.30,good,"zone=1, batch=18"
evt-00001864,2026-01-01T00:02:41Z,sensor-005,19.42,good,"zone=4, batch=7"
evt-00002141,2026-01-01T00:02:41Z,sensor-005,-0.32,good,"zone=1, batch=8"
evt-00002370,2026-01-01T00:02:41Z,sensor-006,19.23,good,"zone=3, batch=9"
evt-00001703,2026-01-01T00:02:41Z,sensor-010,1.69,good,"zone=3, batch=6"
evt-00001180,2026-01-01T00:02:42Z,sensor-002,30.10,good,"zone=3, batch=4"
evt-00000740,2026-01-01T00:02:42Z,sensor-005,-4.62,good,"zone=2, batch=2"
evt-00000124,2026-01-01T00:02:42Z,sensor-007,3.97,good,"zone=1, batch=0"
evt-00000459,2026-01-01T00:02:42Z,sensor-008,0.13,good,"zone=4, batch=1"
evt-00003945,2026-01-01T00:02:42Z,sensor-011,36.46,good,"zone=3, batch=15"
evt-00004598,2026-01-01T00:02:43Z,sensor-005,27.79,good,"zone=3, batch=18"
evt-00000321,2026-01-01T00:02:43Z,sensor-009,19.08,good,"zone=2, batch=1"
evt-00004331,2026-01-01T00:02:43Z,sensor-009,9.13,good,"zone=3, batch=17"
evt-00001721,2026-01-01T00:02:43Z,sensor-010,25.26,suspect,"zone=4, batch=6"
evt-00001844,2026-01-01T00:02:43Z,sensor-010,21.20,good,"zone=1, batch=7"
evt-00001764,2026-01-01T00:02:43Z,sensor-011,-0.40,good,"zone=4, batch=7"
evt-00000209,2026-01-01T00:02:44Z,sensor-003,5.30,good,"zone=3, batch=0"
evt-00002070,2026-01-01T00:02:44Z,sensor-004,14.94,good,"zone=4, batch=8"
evt-00000336,2026-01-01T00:02:44Z,sensor-005,19.87,good,"zone=4, batch=1"
evt-00004241,2026-01-01T00:02:44Z,sensor-005,21.80,good,"zone=1, batch=16"
evt-00004329,2026-01-01T00:02:44Z,sensor-005,27.08,suspect,"zone=4, batch=17"
evt-00004457,2026-01-01T00:02:44Z,sensor-010,23.17,good,"zone=1, batch=17"
evt-00001402,2026-01-01T00:02:44Z,sensor-011,36.01,good,"zone=4, batch=5"
evt-00003888,2026-01-01T00:02:44Z,sensor-012,-1.68,suspect,"zone=2, batch=15"
evt-00000406,2026-01-01T00:02:45Z,sensor-005,7.71,good,"zone=4, batch=1"
evt-00004780,2026-01-01T00:02:45Z,sensor-008,-10.45,suspect,"zone=1, batch=19"
evt-00001116,2026-01-01T00:02:46Z,sensor-005,27.65,good,"zone=4, batch=4"
evt-00001464,2026-01-01T00:02:46Z,sensor-009,-4.68,suspect,"zone=4, batch=5"
evt-00000605,2026-01-01T00:02:46Z,sensor-011,6.76,good,"zone=3, batch=2"
evt-00004403,2026-01-01T00:02:46Z,sensor-012,-5.00,suspect,"zone=2, batch=17"
evt-00002330,2026-01-01T00:02:47Z,sensor-002,-4.98,good,"zone=4, batch=9"
evt-00001368,2026-01-01T00:02:47Z,sensor-003,10.57,good,"zone=3, batch=5"
evt-00001250,2026-01-01T00:02:47Z,sensor-004,17.60,suspect,"zone=4, batch=5"
evt-00001044,2026-01-01T00:02:48Z,sensor-001,14.37,good,"zone=2, batch=4"
evt-00000023,2026-01-01T00:02:48Z,sensor-007,-1.07,good,"zone=3, batch=0"
evt-00002314,2026-01-01T00:02:48Z,sensor-008,0.00,good,"zone=4, batch=9"
evt-00000816,2026-01-01T00:02:48Z,sensor-009,-9.79,good,"zone=1, batch=3"
evt-00001754,2026-01-01T00:02:48Z,sensor-010,27.74,suspect,"zone=1, batch=7"
evt-00003803,2026-01-01T00:02:49Z,sensor-003,37.62,suspect,"zone=2, batch=15"
evt-00002671,2026-01-01T00:02:49Z,sensor-006,36.49,good,"zone=4, batch=10"
evt-00000104,2026-01-01T00:02:49Z,sensor-007,13.16,good,"zone=2, batch=0"
evt-00001209,2026-01-01T00:02:50Z,sensor-002,30.97,good,"zone=2, batch=4"
evt-00004909,2026-01-01T00:02:50Z,sensor-003,-11.66,good,"zone=4, batch=19"
evt-00003509,2026-01-01T00:02:50Z,sensor-004,4.50,good,"zone=4, batch=14"
evt-00002204,2026-01-01T00:02:50Z,sensor-005,9.62,good,"zone=4, batch=8"
evt-00000828,2026-01-01T00:02:50Z,sensor-006,-1.90,good,"zone=1, batch=3"
evt-00001611,2026-01-01T00:02:50Z,sensor-009,14.09,good,"zone=1, batch=6"
evt-00004276,2026-01-01T00:02:50Z,sensor-010,1.35,good,"zone=1, batch=17"
evt-00000956,2026-01-01T00:02:50Z,sensor-012,5.84,suspect,"zone=4, batch=3"
evt-00002276,2026-01-01T00:02:51Z,sensor-001,20.95,good,"zone=3, batch=9"
evt-00002835,2026-01-01T00:02:51Z,sensor-001,18.80,good,"zone=4, batch=11"
evt-00001923,2026-01-01T00:02:51Z,sensor-002,11.01,suspect,"zone=2, batch=7"
evt-00003476,2026-01-01T00:02:51Z,sensor-005,9.66,good,"zone=4, batch=13"
evt-00002121,2026-01-01T00:02:51Z,sensor-006,-10.71,good,"zone=1, batch=8"
evt-00000531,2026-01-01T00:02:51Z,sensor-008,-10.95,good,"zone=3, batch=2"
evt-00002278,2026-01-01T00:02:51Z,sensor-008,7.58,good,"zone=3, batch=9"
evt-00000996,2026-01-01T00:02:51Z,sensor-012,34.93,good,"zone=4, batch=3"
evt-00001057,2026-01-01T00:02:51Z,sensor-012,19.43,good,"zone=1, batch=4"
evt-00001129,2026-01-01T00:02:52Z,sensor-002,7.94,good,"zone=2, batch=4"
evt-00003470,2026-01-01T00:02:52Z,sensor-003,-7.53,good,"zone=3, batch=13"
evt-00002852,2026-01-01T00:02:52Z,sensor-005,-1.29,suspect,"zone=4, batch=11"
evt-00004895,2026-01-01T00:02:52Z,sensor-011,20.64,suspect,"zone=1, batch=19"
evt-00003578,2026-01-01T00:02:53Z,sensor-001,5.78,suspect,"zone=4, batch=14"
evt-00004250,2026-01-01T00:02:53Z,sensor-003,28.97,good,"zone=4, batch=17"
evt-00000935,2026-01-01T00:02:53Z,sensor-006,-7.91,good,"zone=3, batch=3"
evt-00001171,2026-01-01T00:02:53Z,sensor-006,8.07,good,"zone=1, batch=4"
evt-00003728,2026-01-01T00:02:53Z,sensor-010,13.58,good,"zone=3, batch=14"
evt-00002005,2026-01-01T00:02:53Z,sensor-012,4.69,good,"zone=3, batch=8"
evt-00002666,2026-01-01T00:02:53Z,sensor-012,4.01,good,"zone=4, batch=10"
evt-00000468,2026-01-01T00:02:54Z,sensor-001,36.64,good,"zone=1, batch=1"
evt-00003308,2026-01-01T00:02:54Z,sensor-001,-6.19,good,"zone=3, batch=13"
evt-00001839,2026-01-01T00:02:54Z,sensor-006,21.01,good,"zone=1, batch=7"
evt-00002762,2026-01-01T00:02:54Z,sensor-006,26.55,suspect,"zone=1, batch=11"
evt-00004601,2026-01-01T00:02:54Z,sensor-008,13.79,suspect,"zone=2, batch=18"
evt-00004848,2026-01-01T00:02:54Z,sensor-008,-11.94,good,"zone=4, batch=19"
evt-00001546,2026-01-01T00:02:54Z,sensor-010,10.04,good,"zone=4, batch=6"
evt-00002555,2026-01-01T00:02:54Z,sensor-012,34.84,good,"zone=3, batch=10"
evt-00004610,2026-01-01T00:02:54Z,sensor-012,31.98,good,"zone=4, batch=18"
evt-00001960,2026-01-01T00:02:55Z,sensor-002,10.55,suspect,"zone=3, batch=7"
evt-00001628,2026-01-01T00:02:55Z,sensor-003,37.87,good,"zone=2, batch=6"
evt-00003500,2026-01-01T00:02:55Z,sensor-003,35.60,good,"zone=4, batch=14"
evt-00004696,2026-01-01T00:02:55Z,sensor-003,29.44,good,"zone=4, batch=18"
evt-00001399,2026-01-01T00:02:55Z,sensor-005,-2.26,good,"zone=3, batch=5"
evt-00002579,2026-01-01T00:02:55Z,sensor-006,-1.42,good,"zone=3, batch=10"
evt-00002225,2026-01-01T00:02:55Z,sensor-008,-9.81,good,"zone=2, batch=8"
evt-00000175,2026-01-01T00:02:55Z,sensor-009,-5.57,good,"zone=2, batch=0"
evt-00001073,2026-01-01T00:02:56Z,sensor-002,2.98,good,"zone=1, batch=4"
evt-00001961,2026-01-01T00:02:56Z,sensor-003,23.17,suspect,"zone=2, batch=7"
evt-00004320,2026-01-01T00:02:56Z,sensor-003,29.49,suspect,"zone=2, batch=17"
evt-00000510,2026-01-01T00:02:56Z,sensor-010,22.42,good,"zone=3, batch=2"
evt-00003047,2026-01-01T00:02:56Z,sensor-011,29.34,good,"zone=2, batch=12"
evt-00002117,2026-01-01T00:02:57Z,sensor-001,22.11,good,"zone=3, batch=8"
evt-00001560,2026-01-01T00:02:57Z,sensor-002,0.70,good,"zone=1, batch=6"
evt-00003776,2026-01-01T00:02:57Z,sensor-004,20.46,good,"zone=3, batch=15"
evt-00004484,2026-01-01T00:02:57Z,sensor-006,1.11,suspect,"zone=3, batch=17"
evt-00002587,2026-01-01T00:02:57Z,sensor-008,25.27,good,"zone=3, batch=10"
evt-00002190,2026-01-01T00:02:57Z,sensor-010,-4.51,good,"zone=4, batch=8"
evt-00001852,2026-01-01T00:02:58Z,sensor-001,22.70,good,"zone=1, batch=7"
evt-00002878,2026-01-01T00:02:58Z,sensor-001,-0.62,good,"zone=3, batch=11"
evt-00003996,2026-01-01T00:02:58Z,sensor-001,-7.95,good,"zone=2, batch=15"
evt-00004999,2026-01-01T00:02:58Z,sensor-003,30.84,good,"zone=2, batch=19"
evt-00003190,2026-01-01T00:02:58Z,sensor-009,18.63,good,"zone=2, batch=12"
evt-00004192,2026-01-01T00:02:58Z,sensor-010,28.35,good,"zone=3, batch=16"
evt-00004446,2026-01-01T00:02:59Z,sensor-004,37.62,suspect,"zone=2, batch=17"
evt-00004685,2026-01-01T00:02:59Z,sensor-007,-3.96,suspect,"zone=1, batch=18"
evt-00001993,2026-01-01T00:02:59Z,sensor-008,19.21,good,"zone=2, batch=7"
evt-00003979,2026-01-01T00:03:00Z,sensor-002,19.69,good,"zone=1, batch=15"
evt-00001545,2026-01-01T00:03:00Z,sensor-003,-7.54,suspect,"zone=1, batch=6"
evt-00000521,2026-01-01T00:03:00Z,sensor-004,31.93,good,"zone=2, batch=2"
evt-00002775,2026-01-01T00:03:00Z,sensor-005,13.12,good,"zone=1, batch=11"
evt-00003310,2026-01-01T00:03:00Z,sensor-006,26.72,suspect,"zone=3, batch=13"
evt-00000470,2026-01-01T00:03:00Z,sensor-007,11.57,suspect,"zone=3, batch=1"
evt-00002171,2026-01-01T00:03:00Z,sensor-008,-4.56,good,"zone=1, batch=8"
evt-00004893,2026-01-01T00:03:00Z,sensor-008,31.85,good,"zone=4, batch=19"
evt-00004727,2026-01-01T00:03:01Z,sensor-004,-4.41,good,"zone=1, batch=18"
evt-00000599,2026-01-01T00:03:01Z,sensor-005,35.26,good,"zone=4, batch=2"
evt-00003928,2026-01-01T00:03:01Z,sensor-006,0.04,good,"zone=4, batch=15"
evt-00004459,2026-01-01T00:03:01Z,sensor-010,10.82,good,"zone=3, batch=17"
evt-00001758,2026-01-01T00:03:01Z,sensor-012,34.90,suspect,"zone=2, batch=7"
evt-00002893,2026-01-01T00:03:01Z,sensor-012,8.50,suspect,"zone=3, batch=11"
evt-00000257,2026-01-01T00:03:02Z,sensor-001,24.60,good,"zone=1, batch=1"
evt-00004675,2026-01-01T00:03:02Z,sensor-001,-9.04,good,"zone=1, batch=18"
evt-00003594,2026-01-01T00:03:02Z,sensor-002,-8.10,good,"zone=4, batch=14"
evt-00001694,2026-01-01T00:03:02Z,sensor-005,5.28,good,"zone=4, batch=6"
evt-00003288,2026-01-01T00:03:02Z,sensor-009,32.88,good,"zone=4, batch=13"
evt-00001473,2026-01-01T00:03:02Z,sensor-010,-8.78,suspect,"zone=3, batch=5"
evt-00000887,2026-01-01T00:03:02Z,sensor-011,35.39,good,"zone=4, batch=3"
evt-00004392,2026-01-01T00:03:03Z,sensor-003,-9.46,good,"zone=2, batch=17"
evt-00000110,2026-01-01T00:03:03Z,sensor-005,-2.33,suspect,"zone=1, batch=0"
evt-00001095,2026-01-01T00:03:03Z,sensor-011,21.36,good,"zone=3, batch=4"
evt-00004323,2026-01-01T00:03:04Z,sensor-001,-3.57,good,"zone=1, batch=17"
evt-00004836,2026-01-01T00:03:04Z,sensor-004,13.44,good,"zone=2, batch=19"
evt-00002110,2026-01-01T00:03:04Z,sensor-006,19.59,good,"zone=4, batch=8"
evt-00004688,2026-01-01T00:03:04Z,sensor-006,10.79,suspect,"zone=3, batch=18"
evt-00001062,2026-01-01T00:03:04Z,sensor-009,6.68,good,"zone=3, batch=4"
evt-00003295,2026-01-01T00:03:04Z,sensor-012,-3.84,good,"zone=4, batch=13"
evt-00003593,2026-01-01T00:03:05Z,sensor-001,11.84,good,"zone=4, batch=14"
evt-00004908,2026-01-01T00:03:05Z,sensor-002,-5.10,suspect,"zone=2, batch=19"
evt-00004961,2026-01-01T00:03:05Z,sensor-002,1.84,good,"zone=1, batch=19"
evt-00003283,2026-01-01T00:03:05Z,sensor-007,-11.89,good,"zone=2, batch=13"
evt-00004629,2026-01-01T00:03:05Z,sensor-009,16.50,good,"zone=3, batch=18"
evt-00003136,2026-01-01T00:03:05Z,sensor-010,2.58,suspect,"zone=2, batch=12"
evt-00003178,2026-01-01T00:03:05Z,sensor-012,31.76,suspect,"zone=3, batch=12"
evt-00002083,2026-01-01T00:03:06Z,sensor-001,1.35,good,"zone=4, batch=8"
evt-00000143,2026-01-01T00:03:06Z,sensor-002,24.11,good,"zone=1, batch=0"
evt-00000890,2026-01-01T00:03:06Z,sensor-002,-8.40,suspect,"zone=3, batch=3"
evt-00000921,2026-01-01T00:03:06Z,sensor-003,-6.54,suspect,"zone=3, batch=3"
evt-00001937,2026-01-01T00:03:06Z,sensor-003,14.88,good,"zone=4, batch=7"
evt-00004872,2026-01-01T00:03:06Z,sensor-003,34.69,good,"zone=2, batch=19"
evt-00004841,2026-01-01T00:03:06Z,sensor-006,7.24,good,"zone=3, batch=19"
evt-00003891,2026-01-01T00:03:07Z,sensor-002,35.84,good,"zone=4, batch=15"
evt-00004499,2026-01-01T00:03:07Z,sensor-003,36.21,good,"zone=1, batch=17"
evt-00003273,2026-01-01T00:03:07Z,sensor-004,-6.94,good,"zone=3, batch=13"
evt-00002336,2026-01-01T00:03:07Z,sensor-008,24.48,good,"zone=1, batch=9"
evt-00001045,2026-01-01T00:03:07Z,sensor-009,1.81,good,"zone=3, batch=4"
evt-00003513,2026-01-01T00:03:07Z,sensor-011,26.13,good,"zone=3, batch=14"
evt-00002257,2026-01-01T00:03:08Z,sensor-009,5.16,good,"zone=1, batch=9"
evt-00001382,2026-01-01T00:03:08Z,sensor-011,-4.06,good,"zone=3, batch=5"
evt-00002017,2026-01-01T00:03:09Z,sensor-001,-1.45,good,"zone=2, batch=8"
evt-00002975,2026-01-01T00:03:09Z,sensor-011,20.64,good,"zone=4, batch=11"
evt-00002689,2026-01-01T00:03:09Z,sensor-012,5.50,good,"zone=4, batch=10"
evt-00003635,2026-01-01T00:03:11Z,sensor-001,17.24,good,"zone=1, batch=14"
evt-00001825,2026-01-01T00:03:11Z,sensor-002,-1.90,suspect,"zone=2, batch=7"
evt-00003447,2026-01-01T00:03:11Z,sensor-005,25.39,good,"zone=3, batch=13"
evt-00000654,2026-01-01T00:03:11Z,sensor-008,31.70,good,"zone=2, batch=2"
evt-00004415,2026-01-01T00:03:11Z,sensor-010,18.53,good,"zone=4, batch=17"
evt-00004896,2026-01-01T00:03:11Z,sensor-011,-0.75,good,"zone=4, batch=19"
evt-00002176,2026-01-01T00:03:11Z,sensor-012,34.94,good,"zone=3, batch=8"
evt-00003444,2026-01-01T00:03:12Z,sensor-003,34.15,good,"zone=3, batch=13"
evt-00000896,2026-01-01T00:03:12Z,sensor-007,27.09,good,"zone=1, batch=3"
evt-00001771,2026-01-01T00:03:12Z,sensor-009,10.28,good,"zone=1, batch=7"
evt-00000190,2026-01-01T00:03:13Z,sensor-005,25.67,good,"zone=3, batch=0"
evt-00000419,2026-01-01T00:03:13Z,sensor-007,13.03,good,"zone=1, batch=1"
evt-00004902,2026-01-01T00:03:13Z,sensor-008,5.01,good,"zone=3, batch=19"
evt-00000505,2026-01-01T00:03:13Z,sensor-009,4.84,good,"zone=3, batch=2"
evt-00004976,2026-01-01T00:03:13Z,sensor-011,30.08,good,"zone=1, batch=19"
evt-00000571,2026-01-01T00:03:14Z,sensor-001,20.86,suspect,"zone=4, batch=2"
evt-00001744,2026-01-01T00:03:14Z,sensor-001,26.86,suspect,"zone=4, batch=6"
evt-00000785,2026-01-01T00:03:14Z,sensor-002,11.55,suspect,"zone=1, batch=3"
evt-00002123,2026-01-01T00:03:14Z,sensor-005,30.70,good,"zone=3, batch=8"
evt-00004167,2026-01-01T00:03:14Z,sensor-008,7.98,suspect,"zone=1, batch=16"
evt-00003396,2026-01-01T00:03:14Z,sensor-012,24.42,good,"zone=4, batch=13"
evt-00001783,2026-01-01T00:03:15Z,sensor-005,5.59,good,"zone=3, batch=7"
evt-00002720,2026-01-01T00:03:15Z,sensor-005,0.82,good,"zone=4, batch=10"
evt-00003797,2026-01-01T00:03:15Z,sensor-007,2.51,good,"zone=2, batch=15"
evt-00002680,2026-01-01T00:03:16Z,sensor-002,22.28,suspect,"zone=3, batch=10"
evt-00000385,2026-01-01T00:03:16Z,sensor-007,3.68,good,"zone=2, batch=1"
evt-00004354,2026-01-01T00:03:16Z,sensor-008,3.38,good,"zone=4, batch=17"
evt-00001058,2026-01-01T00:03:16Z,sensor-010,10.70,suspect,"zone=4, batch=4"
evt-00004831,2026-01-01T00:03:17Z,sensor-001,15.52,good,"zone=1, batch=19"
evt-00001519,2026-01-01T00:03:17Z,sensor-002,-7.26,good,"zone=4, batch=6"
evt-00000327,2026-01-01T00:03:17Z,sensor-007,-11.65,good,"zone=3, batch=1"
evt-00001544,2026-01-01T00:03:17Z,sensor-007,-5.89,suspect,"zone=4, batch=6"
evt-00002393,2026-01-01T00:03:17Z,sensor-007,14.65,suspect,"zone=4, batch=9"
evt-00000998,2026-01-01T00:03:17Z,sensor-008,25.55,good,"zone=4, batch=3"
evt-00000522,2026-01-01T00:03:17Z,sensor-009,-10.42,good,"zone=4, batch=2"
evt-00001240,2026-01-01T00:03:17Z,sensor-010,13.76,good,"zone=1, batch=4"
evt-00003880,2026-01-01T00:03:19Z,sensor-002,35.40,good,"zone=1, batch=15"
evt-00004373,2026-01-01T00:03:19Z,sensor-003,-10.93,good,"zone=3, batch=17"
evt-00001668,2026-01-01T00:03:19Z,sensor-004,-6.66,suspect,"zone=3, batch=6"
evt-00002342,2026-01-01T00:03:19Z,sensor-004,18.63,good,"zone=1, batch=9"
evt-00003883,2026-01-01T00:03:19Z,sensor-007,9.12,good,"zone=1, batch=15"
evt-00004955,2026-01-01T00:03:19Z,sensor-010,27.46,suspect,"zone=3, batch=19"
evt-00003897,2026-01-01T00:03:19Z,sensor-011,4.91,good,"zone=3, batch=15"
evt-00004461,2026-01-01T00:03:20Z,sensor-001,-3.39,suspect,"zone=3, batch=17"
evt-00002227,2026-01-01T00:03:20Z,sensor-003,6.07,good,"zone=3, batch=8"
evt-00003081,2026-01-01T00:03:20Z,sensor-006,18.63,good,"zone=3, batch=12"
evt-00003475,2026-01-01T00:03:20Z,sensor-007,9.55,good,"zone=1, batch=13"
evt-00001579,2026-01-01T00:03:21Z,sensor-003,14.66,good,"zone=3, batch=6"
evt-00002794,2026-01-01T00:03:21Z,sensor-003,7.97,good,"zone=4, batch=11"
evt-00002045,2026-01-01T00:03:21Z,sensor-006,31.81,good,"zone=1, batch=8"
evt-00002873,2026-01-01T00:03:21Z,sensor-007,17.14,good,"zone=4, batch=11"
evt-00004024,2026-01-01T00:03:21Z,sensor-009,7.00,good,"zone=2, batch=16"
evt-00002898,2026-01-01T00:03:21Z,sensor-011,17.55,good,"zone=3, batch=11"
evt-00004520,2026-01-01T00:03:22Z,sensor-002,29.00,good,"zone=2, batch=18"
evt-00004178,2026-01-01T00:03:22Z,sensor-004,13.04,good,"zone=4, batch=16"
evt-00003910,2026-01-01T00:03:22Z,sensor-008,-6.59,good,"zone=3, batch=15"
evt-00002470,2026-01-01T00:03:22Z,sensor-010,37.16,suspect,"zone=3, batch=9"
evt-00002208,2026-01-01T00:03:23Z,sensor-002,35.49,good,"zone=1, batch=8"
evt-00000398,2026-01-01T00:03:23Z,sensor-003,13.66,suspect,"zone=3, batch=1"
evt-00003286,2026-01-01T00:03:23Z,sensor-004,5.54,good,"zone=2, batch=13"
evt-00003597,2026-01-01T00:03:23Z,sensor-005,-6.67,good,"zone=4, batch=14"
evt-00003660,2026-01-01T00:03:23Z,sensor-005,10.34,good,"zone=2, batch=14"
evt-00001726,2026-01-01T00:03:23Z,sensor-006,22.48,good,"zone=3, batch=6"
evt-00004665,2026-01-01T00:03:23Z,sensor-007,29.54,suspect,"zone=2, batch=18"
evt-00002401,2026-01-01T00:03:23Z,sensor-012,26.01,good,"zone=2, batch=9"
evt-00000118,2026-01-01T00:03:24Z,sensor-001,11.65,good,"zone=1, batch=0"
evt-00000258,2026-01-01T00:03:24Z,sensor-010,27.12,good,"zone=2, batch=1"
evt-00003429,2026-01-01T00:03:24Z,sensor-011,21.63,suspect,"zone=3, batch=13"
evt-00002424,2026-01-01T00:03:24Z,sensor-012,-6.67,good,"zone=4, batch=9"
evt-00002623,2026-01-01T00:03:24Z,sensor-012,-11.84,suspect,"zone=3, batch=10"
evt-00000853,2026-01-01T00:03:25Z,sensor-005,1.25,good,"zone=4, batch=3"
evt-00000497,2026-01-01T00:03:25Z,sensor-006,-6.92,good,"zone=1, batch=1"
evt-00002605,2026-01-01T00:03:25Z,sensor-006,32.96,good,"zone=3, batch=10"
evt-00001181,2026-01-01T00:03:25Z,sensor-010,29.47,good,"zone=1, batch=4"
evt-00004776,2026-01-01T00:03:26Z,sensor-002,16.62,good,"zone=1, batch=19"
evt-00004942,2026-01-01T00:03:26Z,sensor-002,-0.39,good,"zone=2, batch=19"
evt-00003840,2026-01-01T00:03:26Z,sensor-004,4.91,good,"zone=3, batch=15"
evt-00003957,2026-01-01T00:03:26Z,sensor-005,31.72,good,"zone=4, batch=15"
evt-00001664,2026-01-01T00:03:26Z,sensor-009,18.66,good,"zone=4, batch=6"
evt-00001153,2026-01-01T00:03:26Z,sensor-011,-5.64,suspect,"zone=3, batch=4"
evt-00001355,2026-01-01T00:03:26Z,sensor-011,-5.08,good,"zone=4, batch=5"
evt-00002683,2026-01-01T00:03:28Z,sensor-001,-1.32,good,"zone=1, batch=10"
evt-00002922,2026-01-01T00:03:28Z,sensor-001,4.79,good,"zone=3, batch=11"
evt-00001393,2026-01-01T00:03:28Z,sensor-007,8.73,suspect,"zone=4, batch=5"
evt-00004413,2026-01-01T00:03:28Z,sensor-007,-6.02,good,"zone=4, batch=17"
evt-00001202,2026-01-01T00:03:28Z,sensor-011,-4.69,good,"zone=2, batch=4"
evt-00003869,2026-01-01T00:03:29Z,sensor-005,-7.16,suspect,"zone=4, batch=15"
evt-00002877,2026-01-01T00:03:29Z,sensor-008,37.17,good,"zone=2, batch=11"
evt-00001998,2026-01-01T00:03:29Z,sensor-012,-6.31,suspect,"zone=3, batch=7"
evt-00000159,2026-01-01T00:03:30Z,sensor-003,7.32,good,"zone=1, batch=0"
evt-00002488,2026-01-01T00:03:30Z,sensor-003,-2.66,good,"zone=4, batch=9"
evt-00004508,2026-01-01T00:03:30Z,sensor-004,32.40,good,"zone=4, batch=18"
evt-00001023,2026-01-01T00:03:30Z,sensor-006,-8.09,suspect,"zone=1, batch=4"
evt-00004014,2026-01-01T00:03:30Z,sensor-009,22.94,good,"zone=4, batch=16"
evt-00002089,2026-01-01T00:03:31Z,sensor-001,33.03,good,"zone=3, batch=8"
evt-00000453,2026-01-01T00:03:31Z,sensor-003,17.08,good,"zone=1, batch=1"
evt-00002853,2026-01-01T00:03:31Z,sensor-004,14.75,good,"zone=1, batch=11"
evt-00004751,2026-01-01T00:03:31Z,sensor-012,33.92,good,"zone=4, batch=19"
evt-00001205,2026-01-01T00:03:33Z,sensor-007,-3.42,suspect,"zone=2, batch=4"
evt-00000682,2026-01-01T00:03:33Z,sensor-008,11.58,good,"zone=3, batch=2"
evt-00000248,2026-01-01T00:03:34Z,sensor-004,8.78,good,"zone=1, batch=0"
evt-00000492,2026-01-01T00:03:34Z,sensor-004,31.36,suspect,"zone=4, batch=1"
evt-00001046,2026-01-01T00:03:34Z,sensor-010,29.16,good,"zone=2, batch=4"
evt-00004139,2026-01-01T00:03:34Z,sensor-010,12.24,good,"zone=3, batch=16"
evt-00000617,2026-01-01T00:03:34Z,sensor-011,20.08,good,"zone=2, batch=2"
evt-00003793,2026-01-01T00:03:34Z,sensor-011,-5.32,good,"zone=3, batch=15"
evt-00001969,2026-01-01T00:03:35Z,sensor-004,20.63,good,"zone=4, batch=7"
evt-00003163,2026-01-01T00:03:35Z,sensor-004,-7.59,good,"zone=2, batch=12"
evt-00002501,2026-01-01T00:03:35Z,sensor-005,14.16,suspect,"zone=2, batch=10"
evt-00004774,2026-01-01T00:03:35Z,sensor-006,13.98,good,"zone=4, batch=19"
evt-00004634,2026-01-01T00:03:35Z,sensor-009,-5.24,good,"zone=2, batch=18"
evt-00001953,2026-01-01T00:03:35Z,sensor-012,30.57,good,"zone=3, batch=7"
evt-00003745,2026-01-01T00:03:35Z,sensor-012,5.75,good,"zone=2, batch=14"
evt-00001299,2026-01-01T00:03:36Z,sensor-006,-8.94,good,"zone=1, batch=5"
evt-00004997,2026-01-01T00:03:36Z,sensor-012,11.98,good,"zone=3, batch=19"
evt-00001970,2026-01-01T00:03:37Z,sensor-001,35.88,good,"zone=3, batch=7"
evt-00002862,2026-01-01T00:03:37Z,sensor-001,29.10,good,"zone=3, batch=11"
evt-00004603,2026-01-01T00:03:37Z,sensor-006,20.94,suspect,"zone=3, batch=18"
evt-00002782,2026-01-01T00:03:37Z,sensor-008,0.06,good,"zone=2, batch=11"
evt-00000880,2026-01-01T00:03:37Z,sensor-009,16.79,good,"zone=2, batch=3"
evt-00001441,2026-01-01T00:03:37Z,sensor-009,5.20,good,"zone=4, batch=5"
evt-00002218,2026-01-01T00:03:38Z,sensor-001,-8.93,good,"zone=3, batch=8"
evt-00001122,2026-01-01T00:03:38Z,sensor-002,17.89,suspect,"zone=3, batch=4"
evt-00001767,2026-01-01T00:03:38Z,sensor-003,-2.45,good,"zone=3, batch=7"
evt-00000911,2026-01-01T00:03:38Z,sensor-004,29.91,good,"zone=1, batch=3"
evt-00002872,2026-01-01T00:03:38Z,sensor-007,17.03,good,"zone=3, batch=11"
evt-00002613,2026-01-01T00:03:38Z,sensor-011,0.15,good,"zone=3, batch=10"
evt-00004115,2026-01-01T00:03:39Z,sensor-007,-6.06,good,"zone=3, batch=16"
evt-00004626,2026-01-01T00:03:39Z,sensor-009,-11.75,good,"zone=3, batch=18"
evt-00000501,2026-01-01T00:03:39Z,sensor-010,35.03,suspect,"zone=3, batch=2"
evt-00002096,2026-01-01T00:03:39Z,sensor-012,12.68,good,"zone=1, batch=8"
evt-00003121,2026-01-01T00:03:40Z,sensor-003,28.40,good,"zone=4, batch=12"
evt-00003686,2026-01-01T00:03:40Z,sensor-005,34.52,good,"zone=2, batch=14"
evt-00000782,2026-01-01T00:03:40Z,sensor-010,-10.34,good,"zone=4, batch=3"
evt-00001424,2026-01-01T00:03:40Z,sensor-010,17.29,good,"zone=3, batch=5"
evt-00002828,2026-01-01T00:03:41Z,sensor-001,20.18,good,"zone=2, batch=11"
evt-00002379,2026-01-01T00:03:41Z,sensor-002,-8.22,suspect,"zone=3, batch=9"
evt-00001269,2026-01-01T00:03:41Z,sensor-003,-7.90,good,"zone=4, batch=5"
evt-00001130,2026-01-01T00:03:41Z,sensor-009,0.51,good,"zone=1, batch=4"
evt-00004851,2026-01-01T00:03:41Z,sensor-009,-0.25,good,"zone=4, batch=19"
evt-00000205,2026-01-01T00:03:41Z,sensor-010,32.13,good,"zone=3, batch=0"
evt-00001321,2026-01-01T00:03:41Z,sensor-010,36.14,good,"zone=4, batch=5"
evt-00002829,2026-01-01T00:03:42Z,sensor-001,25.71,good,"zone=3, batch=11"
evt-00001815,2026-01-01T00:03:42Z,sensor-003,-1.04,good,"zone=3, batch=7"
evt-00003539,2026-01-01T00:03:42Z,sensor-003,-5.38,good,"zone=3, batch=14"
evt-00002536,2026-01-01T00:03:42Z,sensor-004,23.33,suspect,"zone=1, batch=10"
evt-00000569,2026-01-01T00:03:42Z,sensor-007,1.27,suspect,"zone=1, batch=2"
evt-00001606,2026-01-01T00:03:42Z,sensor-012,16.28,good,"zone=1, batch=6"
evt-00004469,2026-01-01T00:03:42Z,sensor-012,-9.57,good,"zone=1, batch=17"
evt-00002502,2026-01-01T00:03:43Z,sensor-002,17.90,good,"zone=4, batch=10"
evt-00004807,2026-01-01T00:03:43Z,sensor-002,32.13,good,"zone=2, batch=19"
evt-00000779,2026-01-01T00:03:43Z,sensor-004,23.80,good,"zone=2, batch=3"
evt-00001133,2026-01-01T00:03:43Z,sensor-004,-9.01,good,"zone=3, batch=4"
evt-00002994,2026-01-01T00:03:43Z,sensor-004,26.47,suspect,"zone=1, batch=11"
evt-00003160,2026-01-01T00:03:43Z,sensor-005,10.24,good,"zone=4, batch=12"
evt-00002328,2026-01-01T00:03:43Z,sensor-008,19.61,suspect,"zone=1, batch=9"
evt-00003120,2026-01-01T00:03:43Z,sensor-011,-8.96,suspect,"zone=3, batch=12"
evt-00004684,2026-01-01T00:03:43Z,sensor-011,-6.90,suspect,"zone=4, batch=18"
evt-00004650,2026-01-01T00:03:43Z,sensor-012,3.64,good,"zone=3, batch=18"
evt-00002173,2026-01-01T00:03:44Z,sensor-001,14.67,good,"zone=4, batch=8"
evt-00002255,2026-01-01T00:03:44Z,sensor-007,-5.92,good,"zone=2, batch=9"
evt-00001099,2026-01-01T00:03:45Z,sensor-002,19.17,good,"zone=3, batch=4"
evt-00003236,2026-01-01T00:03:45Z,sensor-003,-10.86,good,"zone=4, batch=12"
evt-00000136,2026-01-01T00:03:45Z,sensor-008,23.77,good,"zone=2, batch=0"
evt-00001775,2026-01-01T00:03:45Z,sensor-008,33.61,good,"zone=4, batch=7"
evt-00004862,2026-01-01T00:03:45Z,sensor-008,24.85,good,"zone=2, batch=19"
evt-00004154,2026-01-01T00:03:45Z,sensor-009,30.13,good,"zone=2, batch=16"
evt-00001353,2026-01-01T00:03:45Z,sensor-010,-7.68,good,"zone=1, batch=5"
evt-00004210,2026-01-01T00:03:45Z,sensor-011,30.70,good,"zone=1, batch=16"
evt-00003141,2026-01-01T00:03:46Z,sensor-009,10.20,good,"zone=4, batch=12"
evt-00002023,2026-01-01T00:03:46Z,sensor-010,17.84,good,"zone=1, batch=8"
evt-00000731,2026-01-01T00:03:47Z,sensor-002,0.44,good,"zone=1, batch=2"
evt-00003536,2026-01-01T00:03:47Z,sensor-003,-7.45,good,"zone=1, batch=14"
evt-00001673,2026-01-01T00:03:47Z,sensor-004,6.79,suspect,"zone=1, batch=6"
evt-00003070,2026-01-01T00:03:47Z,sensor-004,31.89,good,"zone=3, batch=12"
evt-00001372,2026-01-01T00:03:47Z,sensor-005,15.12,good,"zone=4, batch=5"
evt-00004721,2026-01-01T00:03:47Z,sensor-008,15.93,good,"zone=3, batch=18"
evt-00004033,2026-01-01T00:03:47Z,sensor-009,10.40,suspect,"zone=2, batch=16"
evt-00000565,2026-01-01T00:03:47Z,sensor-011,-11.85,good,"zone=3, batch=2"
evt-00001905,2026-01-01T00:03:48Z,sensor-001,13.13,good,"zone=4, batch=7"
evt-00003596,2026-01-01T00:03:48Z,sensor-002,-10.26,good,"zone=1, batch=14"
evt-00001597,2026-01-01T00:03:48Z,sensor-004,-2.24,suspect,"zone=4, batch=6"
evt-00003511,2026-01-01T00:03:48Z,sensor-004,-10.24,good,"zone=4, batch=14"
evt-00003426,2026-01-01T00:03:48Z,sensor-005,1.15,good,"zone=4, batch=13"
evt-00004211,2026-01-01T00:03:48Z,sensor-006,-8.08,good,"zone=3, batch=16"
evt-00001344,2026-01-01T00:03:48Z,sensor-007,-5.52,good,"zone=3, batch=5"
evt-00001727,2026-01-01T00:03:48Z,sensor-007,26.75,good,"zone=2, batch=6"
evt-00000064,2026-01-01T00:03:48Z,sensor-009,24.45,good,"zone=1, batch=0"
evt-00000601,2026-01-01T00:03:48Z,sensor-009,30.71,good,"zone=4, batch=2"
evt-00002534,2026-01-01T00:03:48Z,sensor-010,-4.79,good,"zone=3, batch=10"
evt-00002710,2026-01-01T00:03:49Z,sensor-001,31.13,suspect,"zone=2, batch=10"
evt-00004334,2026-01-01T00:03:49Z,sensor-001,20.14,good,"zone=1, batch=17"
evt-00002409,2026-01-01T00:03:49Z,sensor-002,30.94,suspect,"zone=3, batch=9"
evt-00001436,2026-01-01T00:03:49Z,sensor-004,12.93,good,"zone=4, batch=5"
evt-00000633,2026-01-01T00:03:49Z,sensor-006,25.22,good,"zone=1, batch=2"
evt-00002289,2026-01-01T00:03:49Z,sensor-008,-1.07,good,"zone=1, batch=9"
evt-00001718,2026-01-01T00:03:50Z,sensor-001,-10.17,good,"zone=4, batch=6"
evt-00001169,2026-01-01T00:03:50Z,sensor-003,34.00,good,"zone=4, batch=4"
evt-00004898,2026-01-01T00:03:50Z,sensor-004,20.46,good,"zone=4, batch=19"
evt-00001562,2026-01-01T00:03:50Z,sensor-006,-8.89,good,"zone=4, batch=6"
evt-00001820,2026-01-01T00:03:50Z,sensor-008,-0.61,suspect,"zone=1, batch=7"
evt-00002149,2026-01-01T00:03:50Z,sensor-011,24.06,good,"zone=1, batch=8"
evt-00000380,2026-01-01T00:03:51Z,sensor-001,-5.29,good,"zone=4, batch=1"
evt-00000455,2026-01-01T00:03:51Z,sensor-004,-11.02,good,"zone=3, batch=1"
evt-00003412,2026-01-01T00:03:51Z,sensor-004,-0.87,good,"zone=2, batch=13"
evt-00001189,2026-01-01T00:03:51Z,sensor-006,19.15,suspect,"zone=2, batch=4"
evt-00001268,2026-01-01T00:03:51Z,sensor-012,21.50,good,"zone=2, batch=5"
evt-00000498,2026-01-01T00:03:52Z,sensor-001,-3.10,good,"zone=4, batch=1"
evt-00002676,2026-01-01T00:03:52Z,sensor-001,-5.06,good,"zone=2, batch=10"
evt-00003376,2026-01-01T00:03:52Z,sensor-001,2.21,good,"zone=2, batch=13"
evt-00003251,2026-01-01T00:03:52Z,sensor-005,3.40,suspect,"zone=3, batch=13"
evt-00004950,2026-01-01T00:03:52Z,sensor-005,12.55,good,"zone=3, batch=19"
evt-00000325,2026-01-01T00:03:52Z,sensor-010,35.11,good,"zone=3, batch=1"
evt-00004562,2026-01-01T00:03:52Z,sensor-011,5.05,good,"zone=3, batch=18"
evt-00000584,2026-01-01T00:03:53Z,sensor-005,23.10,good,"zone=2, batch=2"
evt-00004695,2026-01-01T00:03:53Z,sensor-006,19.70,suspect,"zone=2, batch=18"
evt-00004305,2026-01-01T00:03:53Z,sensor-011,17.77,suspect,"zone=2, batch=17"
evt-00004564,2026-01-01T00:03:53Z,sensor-011,11.43,good,"zone=2, batch=18"
evt-00002998,2026-01-01T00:03:53Z,sensor-012,14.93,suspect,"zone=2, batch=11"
evt-00001803,2026-01-01T00:03:54Z,sensor-001,14.28,good,"zone=3, batch=7"
evt-00003069,2026-01-01T00:03:54Z,sensor-002,37.48,good,"zone=3, batch=12"
evt-00001278,2026-01-01T00:03:54Z,sensor-004,34.65,good,"zone=3, batch=5"
evt-00002297,2026-01-01T00:03:54Z,sensor-004,14.89,suspect,"zone=3, batch=9"
evt-00003063,2026-01-01T00:03:54Z,sensor-006,37.74,suspect,"zone=2, batch=12"
evt-00003276,2026-01-01T00:03:54Z,sensor-008,-8.99,suspect,"zone=1, batch=13"
evt-00003971,2026-01-01T00:03:54Z,sensor-010,-6.57,good,"zone=4, batch=15"
evt-00000621,2026-01-01T00:03:55Z,sensor-004,27.02,good,"zone=1, batch=2"
evt-00001848,2026-01-01T00:03:55Z,sensor-004,18.42,good,"zone=2, batch=7"
evt-00003872,2026-01-01T00:03:55Z,sensor-005,-9.21,suspect,"zone=1, batch=15"
evt-00003504,2026-01-01T00:03:55Z,sensor-010,-10.50,good,"zone=3, batch=14"
evt-00002885,2026-01-01T00:03:56Z,sensor-005,35.56,good,"zone=3, batch=11"
evt-00001227,2026-01-01T00:03:56Z,sensor-008,-3.41,good,"zone=3, batch=4"
evt-00003538,2026-01-01T00:03:56Z,sensor-012,29.94,good,"zone=2, batch=14"
evt-00003727,2026-01-01T00:03:56Z,sensor-012,13.58,good,"zone=3, batch=14"
evt-00004270,2026-01-01T00:03:57Z,sensor-001,35.81,good,"zone=4, batch=17"
evt-00001971,2026-01-01T00:03:57Z,sensor-004,15.34,good,"zone=2, batch=7"
evt-00000789,2026-01-01T00:03:57Z,sensor-008,14.95,good,"zone=3, batch=3"
evt-00001799,2026-01-01T00:03:57Z,sensor-008,27.84,good,"zone=2, batch=7"
evt-00002798,2026-01-01T00:03:57Z,sensor-008,25.26,good,"zone=1, batch=11"
evt-00003177,2026-01-01T00:03:57Z,sensor-011,20.42,suspect,"zone=3, batch=12"
evt-00001371,2026-01-01T00:03:58Z,sensor-004,10.87,suspect,"zone=2, batch=5"
evt-00002783,2026-01-01T00:03:58Z,sensor-004,34.14,good,"zone=1, batch=11"
evt-00001876,2026-01-01T00:03:58Z,sensor-007,3.44,good,"zone=3, batch=7"
evt-00003667,2026-01-01T00:03:58Z,sensor-007,-9.92,good,"zone=4, batch=14"
evt-00004428,2026-01-01T00:03:58Z,sensor-007,7.81,good,"zone=3, batch=17"
evt-00000375,2026-01-01T00:03:58Z,sensor-009,18.29,suspect,"zone=1, batch=1"
evt-00002986,2026-01-01T00:03:59Z,sensor-001,19.17,good,"zone=3, batch=11"
evt-00003955,2026-01-01T00:03:59Z,sensor-003,-4.95,good,"zone=4, batch=15"
evt-00002224,2026-01-01T00:03:59Z,sensor-004,21.14,suspect,"zone=3, batch=8"
evt-00001107,2026-01-01T00:03:59Z,sensor-005,-7.49,good,"zone=4, batch=4"
evt-00003263,2026-01-01T00:03:59Z,sensor-009,33.70,good,"zone=4, batch=13"
evt-00001965,2026-01-01T00:04:00Z,sensor-001,37.84,good,"zone=1, batch=7"
evt-00002087,2026-01-01T00:04:00Z,sensor-001,-11.23,good,"zone=2, batch=8"
evt-00004086,2026-01-01T00:04:00Z,sensor-006,32.04,good,"zone=1, batch=16"
evt-00000333,2026-01-01T00:04:00Z,sensor-011,13.76,good,"zone=2, batch=1"
evt-00002195,2026-01-01T00:04:00Z,sensor-011,27.80,good,"zone=4, batch=8"
evt-00000562,2026-01-01T00:04:00Z,sensor-012,1.13,good,"zone=3, batch=2"
evt-00004944,2026-01-01T00:04:01Z,sensor-003,24.57,good,"zone=4, batch=19"
evt-00003522,2026-01-01T00:04:01Z,sensor-004,27.79,good,"zone=2, batch=14"
evt-00001994,2026-01-01T00:04:01Z,sensor-006,28.57,good,"zone=2, batch=7"
evt-00001607,2026-01-01T00:04:01Z,sensor-008,12.09,good,"zone=2, batch=6"
evt-00003294,2026-01-01T00:04:01Z,sensor-009,-1.33,good,"zone=4, batch=13"
evt-00004420,2026-01-01T00:04:01Z,sensor-010,-6.59,good,"zone=4, batch=17"
evt-00001322,2026-01-01T00:04:01Z,sensor-012,20.48,good,"zone=3, batch=5"
evt-00002075,2026-01-01T00:04:02Z,sensor-002,23.44,good,"zone=4, batch=8"
evt-00000053,2026-01-01T00:04:02Z,sensor-003,10.55,good,"zone=1, batch=0"
evt-00000661,2026-01-01T00:04:02Z,sensor-003,-2.73,good,"zone=4, batch=2"
evt-00004336,2026-01-01T00:04:02Z,sensor-003,2.17,good,"zone=3, batch=17"
evt-00000389,2026-01-01T00:04:02Z,sensor-004,22.65,good,"zone=4, batch=1"
evt-00000421,2026-01-01T00:04:02Z,sensor-006,-6.57,good,"zone=4, batch=1"
evt-00002250,2026-01-01T00:04:02Z,sensor-006,34.56,good,"zone=4, batch=9"
evt-00003330,2026-01-01T00:04:02Z,sensor-006,19.15,good,"zone=3, batch=13"
evt-00000687,2026-01-01T00:04:02Z,sensor-007,23.92,suspect,"zone=1, batch=2"
evt-00004748,2026-01-01T00:04:02Z,sensor-010,32.23,good,"zone=3, batch=18"
evt-00002865,2026-01-01T00:04:03Z,sensor-001,-7.98,suspect,"zone=4, batch=11"
evt-00004548,2026-01-01T00:04:03Z,sensor-001,-4.61,good,"zone=1, batch=18"
evt-00004566,2026-01-01T00:04:03Z,sensor-002,3.06,suspect,"zone=4, batch=18"
evt-00004290,2026-01-01T00:04:03Z,sensor-003,-4.64,suspect,"zone=3, batch=17"
evt-00001081,2026-01-01T00:04:03Z,sensor-006,7.34,suspect,"zone=4, batch=4"
evt-00003382,2026-01-01T00:04:03Z,sensor-010,13.18,good,"zone=3, batch=13"
evt-00004116,2026-01-01T00:04:03Z,sensor-010,11.18,good,"zone=4, batch=16"
evt-00002934,2026-01-01T00:04:04Z,sensor-006,-1.66,good,"zone=1, batch=11"
evt-00003832,2026-01-01T00:04:04Z,sensor-009,8.04,good,"zone=3, batch=15"
evt-00004237,2026-01-01T00:04:04Z,sensor-009,-2.11,good,"zone=1, batch=16"
evt-00004996,2026-01-01T00:04:04Z,sensor-009,31.35,suspect,"zone=4, batch=19"
evt-00001120,2026-01-01T00:04:04Z,sensor-010,4.91,good,"zone=4, batch=4"
evt-00003406,2026-01-01T00:04:04Z,sensor-012,-9.41,good,"zone=1, batch=13"
evt-00000263,2026-01-01T00:04:05Z,sensor-001,11.43,good,"zone=1, batch=1"
evt-00004344,2026-01-01T00:04:05Z,sensor-004,0.80,good,"zone=4, batch=17"
evt-00004465,2026-01-01T00:04:05Z,sensor-004,33.93,suspect,"zone=2, batch=17"
evt-00000857,2026-01-01T00:04:05Z,sensor-006,16.86,suspect,"zone=4, batch=3"
evt-00001217,2026-01-01T00:04:05Z,sensor-006,-2.21,good,"zone=1, batch=4"
evt-00004104,2026-01-01T00:04:05Z,sensor-006,26.53,good,"zone=3, batch=16"
evt-00004968,2026-01-01T00:04:05Z,sensor-009,19.47,good,"zone=3, batch=19"
evt-00001586,2026-01-01T00:04:05Z,sensor-010,-8.18,good,"zone=1, batch=6"
evt-00001860,2026-01-01T00:04:05Z,sensor-010,1.81,suspect,"zone=1, batch=7"
evt-00001976,2026-01-01T00:04:05Z,sensor-010,-9.70,suspect,"zone=3, batch=7"
evt-00000177,2026-01-01T00:04:06Z,sensor-003,9.94,good,"zone=3, batch=0"
evt-00003300,2026-01-01T00:04:06Z,sensor-006,13.14,suspect,"zone=4, batch=13"
evt-00003128,2026-01-01T00:04:06Z,sensor-008,6.69,good,"zone=2, batch=12"
evt-00003637,2026-01-01T00:04:06Z,sensor-010,26.60,suspect,"zone=3, batch=14"
evt-00001175,2026-01-01T00:04:07Z,sensor-002,33.98,good,"zone=1, batch=4"
evt-00004425,2026-01-01T00:04:07Z,sensor-002,26.93,good,"zone=3, batch=17"
evt-00000742,2026-01-01T00:04:07Z,sensor-005,34.66,good,"zone=2, batch=2"
evt-00002814,2026-01-01T00:04:07Z,sensor-005,-10.30,suspect,"zone=4, batch=11"
evt-00003722,2026-01-01T00:04:07Z,sensor-006,-8.60,good,"zone=1, batch=14"
evt-00004429,2026-01-01T00:04:07Z,sensor-006,-7.52,good,"zone=1, batch=17"
evt-00000383,2026-01-01T00:04:07Z,sensor-009,-4.09,good,"zone=1, batch=1"
evt-00001865,2026-01-01T00:04:07Z,sensor-009,10.43,good,"zone=2, batch=7"
evt-00002971,2026-01-01T00:04:08Z,sensor-004,32.43,good,"zone=4, batch=11"
evt-00004151,2026-01-01T00:04:08Z,sensor-004,12.08,suspect,"zone=3, batch=16"
evt-00004941,2026-01-01T00:04:08Z,sensor-004,13.14,good,"zone=1, batch=19"
evt-00004910,2026-01-01T00:04:08Z,sensor-005,33.79,good,"zone=1, batch=19"
evt-00003610,2026-01-01T00:04:08Z,sensor-011,-10.37,good,"zone=2, batch=14"
evt-00000860,2026-01-01T00:04:09Z,sensor-002,37.37,suspect,"zone=2, batch=3"
evt-00002235,2026-01-01T00:04:09Z,sensor-002,-6.90,good,"zone=4, batch=8"
evt-00003224,2026-01-01T00:04:09Z,sensor-002,34.43,good,"zone=3, batch=12"
evt-00002839,2026-01-01T00:04:09Z,sensor-003,-8.63,good,"zone=4, batch=11"
evt-00000657,2026-01-01T00:04:09Z,sensor-008,5.10,good,"zone=2, batch=2"
evt-00001854,2026-01-01T00:04:09Z,sensor-009,11.43,suspect,"zone=1, batch=7"
evt-00003415,2026-01-01T00:04:09Z,sensor-009,9.25,good,"zone=4, batch=13"
evt-00001197,2026-01-01T00:04:09Z,sensor-011,-11.40,suspect,"zone=1, batch=4"
evt-00003230,2026-01-01T00:04:09Z,sensor-012,22.87,good,"zone=3, batch=12"
evt-00000158,2026-01-01T00:04:10Z,sensor-002,31.56,good,"zone=2, batch=0"
evt-00002507,2026-01-01T00:04:10Z,sensor-003,17.00,good,"zone=2, batch=10"
evt-00001992,2026-01-01T00:04:10Z,sensor-012,5.70,suspect,"zone=3, batch=7"
evt-00000276,2026-01-01T00:04:11Z,sensor-007,35.36,good,"zone=3, batch=1"
evt-00000709,2026-01-01T00:04:11Z,sensor-009,15.48,good,"zone=3, batch=2"
evt-00003313,2026-01-01T00:04:11Z,sensor-012,17.70,good,"zone=4, batch=13"
evt-00003000,2026-01-01T00:04:12Z,sensor-004,6.43,suspect,"zone=2, batch=12"
evt-00002937,2026-01-01T00:04:12Z,sensor-007,29.00,good,"zone=2, batch=11"
evt-00000520,2026-01-01T00:04:12Z,sensor-008,37.34,good,"zone=3, batch=2"
evt-00001779,2026-01-01T00:04:12Z,sensor-011,35.04,suspect,"zone=2, batch=7"
evt-00003211,2026-01-01T00:04:13Z,sensor-001,34.91,good,"zone=2, batch=12"
evt-00004971,2026-01-01T00:04:13Z,sensor-002,9.23,good,"zone=3, batch=19"
evt-00004926,2026-01-01T00:04:13Z,sensor-005,12.24,good,"zone=1, batch=19"
evt-00002702,2026-01-01T00:04:13Z,sensor-007,1.21,suspect,"zone=4, batch=10"
evt-00001210,2026-01-01T00:04:13Z,sensor-009,14.29,good,"zone=1, batch=4"
evt-00002471,2026-01-01T00:04:13Z,sensor-009,22.75,suspect,"zone=4, batch=9"
evt-00000883,2026-01-01T00:04:14Z,sensor-004,15.29,good,"zone=3, batch=3"
evt-00002077,2026-01-01T00:04:14Z,sensor-010,32.84,good,"zone=2, batch=8"
evt-00001798,2026-01-01T00:04:15Z,sensor-001,-5.93,good,"zone=3, batch=7"
evt-00003032,2026-01-01T00:04:15Z,sensor-001,14.45,good,"zone=3, batch=12"
evt-00002931,2026-01-01T00:04:15Z,sensor-003,13.99,good,"zone=3, batch=11"
evt-00004448,2026-01-01T00:04:15Z,sensor-003,20.38,good,"zone=3, batch=17"
evt-00004911,2026-01-01T00:04:15Z,sensor-005,32.75,good,"zone=1, batch=19"
evt-00002270,2026-01-01T00:04:15Z,sensor-007,23.33,good,"zone=1, batch=9"
evt-00003265,2026-01-01T00:04:15Z,sensor-009,-11.88,good,"zone=2, batch=13"
evt-00004983,2026-01-01T00:04:15Z,sensor-010,10.25,suspect,"zone=2, batch=19"
evt-00000832,2026-01-01T00:04:16Z,sensor-002,13.54,good,"zone=1, batch=3"
evt-00000620,2026-01-01T00:04:16Z,sensor-007,30.40,good,"zone=1, batch=2"
evt-00002537,2026-01-01T00:04:16Z,sensor-010,0.97,good,"zone=1, batch=10"
evt-00002596,2026-01-01T00:04:16Z,sensor-010,37.79,good,"zone=3, batch=10"
evt-00004132,2026-01-01T00:04:16Z,sensor-011,3.38,good,"zone=2, batch=16"
evt-00000069,2026-01-01T00:04:17Z,sensor-006,-5.71,good,"zone=3, batch=0"
evt-00000951,2026-01-01T00:04:17Z,sensor-007,10.48,good,"zone=1, batch=3"
evt-00002128,2026-01-01T00:04:17Z,sensor-009,-1.39,good,"zone=4, batch=8"
evt-00003451,2026-01-01T00:04:17Z,sensor-009,2.34,good,"zone=2, batch=13"
evt-00004619,2026-01-01T00:04:18Z,sensor-003,25.26,good,"zone=3, batch=18"
evt-00001585,2026-01-01T00:04:18Z,sensor-007,17.32,good,"zone=1, batch=6"
evt-00003984,2026-01-01T00:04:18Z,sensor-007,17.16,good,"zone=3, batch=15"
evt-00001569,2026-01-01T00:04:18Z,sensor-009,25.41,good,"zone=1, batch=6"
evt-00004939,2026-01-01T00:04:19Z,sensor-001,27.82,good,"zone=4, batch=19"
evt-00004511,2026-01-01T00:04:19Z,sensor-002,17.36,good,"zone=3, batch=18"
evt-00004120,2026-01-01T00:04:19Z,sensor-003,3.52,suspect,"zone=1, batch=16"
evt-00004406,2026-01-01T00:04:19Z,sensor-003,19.19,good,"zone=4, batch=17"
evt-00002405,2026-01-01T00:04:19Z,sensor-008,-2.88,good,"zone=1, batch=9"
evt-00004390,2026-01-01T00:04:19Z,sensor-011,0.54,good,"zone=4, batch=17"
evt-00001239,2026-01-01T00:04:20Z,sensor-001,7.95,good,"zone=1, batch=4"
evt-00002269,2026-01-01T00:04:20Z,sensor-001,15.17,good,"zone=4, batch=9"
evt-00003795,2026-01-01T00:04:20Z,sensor-002,-0.80,good,"zone=4, batch=15"
evt-00001518,2026-01-01T00:04:20Z,sensor-006,-6.15,suspect,"zone=4, batch=6"
evt-00004030,2026-01-01T00:04:20Z,sensor-008,26.54,suspect,"zone=2, batch=16"
evt-00004708,2026-01-01T00:04:20Z,sensor-010,21.32,good,"zone=3, batch=18"
evt-00004375,2026-01-01T00:04:20Z,sensor-011,-6.12,suspect,"zone=1, batch=17"
evt-00002954,2026-01-01T00:04:21Z,sensor-009,9.79,good,"zone=4, batch=11"
evt-00000902,2026-01-01T00:04:21Z,sensor-010,0.72,suspect,"zone=2, batch=3"
evt-00002337,2026-01-01T00:04:22Z,sensor-003,9.05,suspect,"zone=2, batch=9"
evt-00004633,2026-01-01T00:04:22Z,sensor-004,-10.57,good,"zone=4, batch=18"
evt-00001137,2026-01-01T00:04:23Z,sensor-001,15.24,suspect,"zone=3, batch=4"
evt-00000608,2026-01-01T00:04:23Z,sensor-003,20.44,good,"zone=4, batch=2"
evt-00002903,2026-01-01T00:04:23Z,sensor-012,14.87,good,"zone=2, batch=11"
evt-00000663,2026-01-01T00:04:24Z,sensor-008,-0.62,good,"zone=3, batch=2"
evt-00002625,2026-01-01T00:04:24Z,sensor-009,27.13,good,"zone=3, batch=10"
evt-00004098,2026-01-01T00:04:25Z,sensor-002,28.17,good,"zone=4, batch=16"
evt-00001295,2026-01-01T00:04:25Z,sensor-003,33.71,good,"zone=3, batch=5"
evt-00000153,2026-01-01T00:04:25Z,sensor-007,-7.83,suspect,"zone=1, batch=0"
evt-00004279,2026-01-01T00:04:25Z,sensor-007,27.04,good,"zone=4, batch=17"
evt-00000748,2026-01-01T00:04:25Z,sensor-009,10.40,good,"zone=2, batch=2"
evt-00001176,2026-01-01T00:04:26Z,sensor-006,-7.42,good,"zone=2, batch=4"
evt-00000369,2026-01-01T00:04:26Z,sensor-009,17.81,suspect,"zone=1, batch=1"
evt-00003264,2026-01-01T00:04:26Z,sensor-009,1.64,good,"zone=3, batch=13"
evt-00003817,2026-01-01T00:04:26Z,sensor-009,-3.68,good,"zone=3, batch=15"
evt-00004887,2026-01-01T00:04:26Z,sensor-009,1.64,good,"zone=2, batch=19"
evt-00004310,2026-01-01T00:04:26Z,sensor-012,9.94,good,"zone=3, batch=17"
evt-00002619,2026-01-01T00:04:27Z,sensor-001,15.54,good,"zone=2, batch=10"
evt-00002915,2026-01-01T00:04:27Z,sensor-001,-8.56,good,"zone=2, batch=11"
evt-00004171,2026-01-01T00:04:27Z,sensor-001,29.38,good,"zone=1, batch=16"
evt-00000282,2026-01-01T00:04:27Z,sensor-003,2.72,suspect,"zone=3, batch=1"
evt-00000592,2026-01-01T00:04:27Z,sensor-007,29.10,good,"zone=3, batch=2"
evt-00001108,2026-01-01T00:04:27Z,sensor-007,-7.38,suspect,"zone=1, batch=4"
evt-00004725,2026-01-01T00:04:27Z,sensor-010,34.92,good,"zone=1, batch=18"
evt-00000819,2026-01-01T00:04:27Z,sensor-012,22.53,good,"zone=2, batch=3"
evt-00002503,2026-01-01T00:04:28Z,sensor-002,5.17,good,"zone=1, batch=10"
evt-00003709,2026-01-01T00:04:28Z,sensor-002,10.19,good,"zone=3, batch=14"
evt-00002192,2026-01-01T00:04:28Z,sensor-010,34.95,good,"zone=2, batch=8"
evt-00004753,2026-01-01T00:04:28Z,sensor-012,-5.96,good,"zone=3, batch=19"
evt-00004544,2026-01-01T00:04:29Z,sensor-001,-6.58,good,"zone=2, batch=18"
evt-00001079,2026-01-01T00:04:29Z,sensor-005,-2.43,good,"zone=2, batch=4"
evt-00000761,2026-01-01T00:04:29Z,sensor-007,35.41,good,"zone=1, batch=3"
evt-00000702,2026-01-01T00:04:29Z,sensor-008,26.14,good,"zone=2, batch=2"
evt-00001087,2026-01-01T00:04:29Z,sensor-008,25.47,good,"zone=1, batch=4"
evt-00001765,2026-01-01T00:04:29Z,sensor-008,-9.56,good,"zone=1, batch=7"
evt-00002371,2026-01-01T00:04:29Z,sensor-008,9.22,good,"zone=4, batch=9"
evt-00000397,2026-01-01T00:04:30Z,sensor-010,7.17,good,"zone=3, batch=1"
evt-00003579,2026-01-01T00:04:30Z,sensor-012,29.82,good,"zone=4, batch=14"
evt-00002172,2026-01-01T00:04:31Z,sensor-001,13.59,suspect,"zone=1, batch=8"
evt-00001859,2026-01-01T00:04:31Z,sensor-004,14.34,suspect,"zone=1, batch=7"
evt-00000167,2026-01-01T00:04:31Z,sensor-006,17.68,suspect,"zone=2, batch=0"
evt-00000337,2026-01-01T00:04:31Z,sensor-007,30.00,good,"zone=4, batch=1"
evt-00000834,2026-01-01T00:04:31Z,sensor-009,36.96,good,"zone=2, batch=3"
evt-00001776,2026-01-01T00:04:31Z,sensor-012,35.50,suspect,"zone=1, batch=7"
evt-00002970,2026-01-01T00:04:31Z,sensor-012,-11.40,good,"zone=2, batch=11"
evt-00003430,2026-01-01T00:04:32Z,sensor-002,9.22,good,"zone=4, batch=13"
evt-00000164,2026-01-01T00:04:32Z,sensor-004,2.78,good,"zone=4, batch=0"
evt-00002768,2026-01-01T00:04:32Z,sensor-005,28.86,good,"zone=4, batch=11"
evt-00002129,2026-01-01T00:04:32Z,sensor-007,20.78,good,"zone=4, batch=8"
evt-00001492,2026-01-01T00:04:33Z,sensor-003,-8.58,suspect,"zone=2, batch=5"
evt-00004700,2026-01-01T00:04:33Z,sensor-005,27.27,suspect,"zone=2, batch=18"
evt-00001327,2026-01-01T00:04:33Z,sensor-007,-0.40,suspect,"zone=1, batch=5"
evt-00000407,2026-01-01T00:04:33Z,sensor-010,31.94,good,"zone=2, batch=1"
evt-00001312,2026-01-01T00:04:33Z,sensor-011,2.63,good,"zone=4, batch=5"
evt-00000091,2026-01-01T00:04:34Z,sensor-003,-4.69,good,"zone=3, batch=0"
evt-00003346,2026-01-01T00:04:34Z,sensor-003,18.60,good,"zone=3, batch=13"
evt-00000563,2026-01-01T00:04:34Z,sensor-005,-7.05,good,"zone=3, batch=2"
evt-00000172,2026-01-01T00:04:34Z,sensor-006,10.16,suspect,"zone=2, batch=0"
evt-00004451,2026-01-01T00:04:34Z,sensor-007,4.27,good,"zone=1, batch=17"
evt-00000343,2026-01-01T00:04:34Z,sensor-012,34.23,suspect,"zone=2, batch=1"
evt-00003701,2026-01-01T00:04:34Z,sensor-012,26.40,suspect,"zone=2, batch=14"
evt-00000097,2026-01-01T00:04:35Z,sensor-006,-0.98,good,"zone=2, batch=0"
evt-00003319,2026-01-01T00:04:35Z,sensor-007,11.01,good,"zone=4, batch=13"
evt-00004069,2026-01-01T00:04:35Z,sensor-010,-7.84,good,"zone=4, batch=16"
evt-00001712,2026-01-01T00:04:35Z,sensor-012,8.11,good,"zone=2, batch=6"
evt-00002918,2026-01-01T00:04:36Z,sensor-004,16.35,good,"zone=4, batch=11"
evt-00004917,2026-01-01T00:04:36Z,sensor-004,9.19,suspect,"zone=2, batch=19"
evt-00003703,2026-01-01T00:04:36Z,sensor-007,37.94,good,"zone=3, batch=14"
evt-00001796,2026-01-01T00:04:36Z,sensor-010,23.39,good,"zone=1, batch=7"
evt-00002207,2026-01-01T00:04:36Z,sensor-011,23.03,suspect,"zone=4, batch=8"
evt-00002777,2026-01-01T00:04:36Z,sensor-011,21.11,good,"zone=4, batch=11"
evt-00002589,2026-01-01T00:04:37Z,sensor-001,4.25,good,"zone=1, batch=10"
evt-00002883,2026-01-01T00:04:37Z,sensor-004,19.78,good,"zone=1, batch=11"
evt-00001615,2026-01-01T00:04:37Z,sensor-005,26.23,good,"zone=1, batch=6"
evt-00002326,2026-01-01T00:04:37Z,sensor-005,8.10,good,"zone=3, batch=9"
evt-00001288,2026-01-01T00:04:37Z,sensor-007,32.75,good,"zone=4, batch=5"
evt-00004863,2026-01-01T00:04:37Z,sensor-007,23.06,good,"zone=4, batch=19"
evt-00003243,2026-01-01T00:04:37Z,sensor-008,16.52,good,"zone=3, batch=12"
evt-00004148,2026-01-01T00:04:37Z,sensor-010,-10.71,good,"zone=4, batch=16"
evt-00000677,2026-01-01T00:04:37Z,sensor-011,-7.00,suspect,"zone=4, batch=2"
evt-00000901,2026-01-01T00:04:38Z,sensor-001,6.70,good,"zone=2, batch=3"
evt-00002019,2026-01-01T00:04:38Z,sensor-001,26.26,good,"zone=1, batch=8"
evt-00003223,2026-01-01T00:04:38Z,sensor-001,15.00,good,"zone=1, batch=12"
evt-00004221,2026-01-01T00:04:38Z,sensor-001,32.34,good,"zone=4, batch=16"
evt-00003418,2026-01-01T00:04:38Z,sensor-002,-0.27,good,"zone=3, batch=13"
evt-00000254,2026-01-01T00:04:38Z,sensor-003,19.51,good,"zone=2, batch=1"
evt-00001552,2026-01-01T00:04:38Z,sensor-005,26.29,good,"zone=2, batch=6"
evt-00004570,2026-01-01T00:04:38Z,sensor-005,-8.70,good,"zone=3, batch=18"
evt-00003711,2026-01-01T00:04:38Z,sensor-006,-6.51,suspect,"zone=2, batch=14"
evt-00000500,2026-01-01T00:04:38Z,sensor-011,16.90,good,"zone=4, batch=2"
evt-00001842,2026-01-01T00:04:38Z,sensor-012,-4.89,good,"zone=1, batch=7"
evt-00002539,2026-01-01T00:04:39Z,sensor-003,-1.36,suspect,"zone=3, batch=10"
evt-00001345,2026-01-01T00:04:39Z,sensor-006,35.69,good,"zone=2, batch=5"
evt-00003641,2026-01-01T00:04:39Z,sensor-006,-5.25,good,"zone=2, batch=14"
evt-00002300,2026-01-01T00:04:39Z,sensor-008,8.29,suspect,"zone=2, batch=9"
evt-00003383,2026-01-01T00:04:39Z,sensor-008,23.22,good,"zone=4, batch=13"
evt-00003115,2026-01-01T00:04:39Z,sensor-009,35.71,good,"zone=1, batch=12"
evt-00004254,2026-01-01T00:04:39Z,sensor-010,16.18,good,"zone=3, batch=17"
evt-00000762,2026-01-01T00:04:40Z,sensor-002,34.08,suspect,"zone=3, batch=3"
evt-00004588,2026-01-01T00:04:40Z,sensor-006,-10.73,good,"zone=1, batch=18"
evt-00001847,2026-01-01T00:04:40Z,sensor-009,4.70,good,"zone=3, batch=7"
evt-00004731,2026-01-01T00:04:40Z,sensor-011,9.42,suspect,"zone=2, batch=18"
evt-00001266,2026-01-01T00:04:41Z,sensor-004,-10.63,good,"zone=4, batch=5"
evt-00003419,2026-01-01T00:04:41Z,sensor-005,-5.31,suspect,"zone=2, batch=13"
evt-00001977,2026-01-01T00:04:41Z,sensor-006,11.52,good,"zone=1, batch=7"
evt-00004173,2026-01-01T00:04:41Z,sensor-008,16.94,good,"zone=4, batch=16"
evt-00004509,2026-01-01T00:04:41Z,sensor-011,34.29,good,"zone=2, batch=18"
evt-00000526,2026-01-01T00:04:42Z,sensor-003,13.27,good,"zone=3, batch=2"
evt-00002543,2026-01-01T00:04:42Z,sensor-003,26.15,suspect,"zone=3, batch=10"
evt-00003854,2026-01-01T00:04:42Z,sensor-003,-7.40,good,"zone=1, batch=15"
evt-00001221,2026-01-01T00:04:42Z,sensor-006,19.35,good,"zone=1, batch=4"
evt-00000954,2026-01-01T00:04:43Z,sensor-001,31.73,good,"zone=1, batch=3"
evt-00003171,2026-01-01T00:04:43Z,sensor-006,16.34,good,"zone=4, batch=12"
evt-00003025,2026-01-01T00:04:43Z,sensor-011,11.92,good,"zone=3, batch=12"
evt-00004645,2026-01-01T00:04:43Z,sensor-011,-0.77,good,"zone=2, batch=18"
evt-00003784,2026-01-01T00:04:43Z,sensor-012,9.60,good,"zone=2, batch=15"
evt-00000011,2026-01-01T00:04:44Z,sensor-001,2.27,good,"zone=1, batch=0"
evt-00003756,2026-01-01T00:04:44Z,sensor-004,-10.27,good,"zone=2, batch=15"
evt-00000775,2026-01-01T00:04:44Z,sensor-006,-7.20,good,"zone=1, batch=3"
evt-00000572,2026-01-01T00:04:44Z,sensor-007,1.03,good,"zone=3, batch=2"
evt-00002731,2026-01-01T00:04:44Z,sensor-010,6.72,suspect,"zone=1, batch=10"
evt-00003499,2026-01-01T00:04:44Z,sensor-010,-6.26,good,"zone=3, batch=13"
evt-00004982,2026-01-01T00:04:44Z,sensor-012,6.32,suspect,"zone=3, batch=19"
evt-00003679,2026-01-01T00:04:45Z,sensor-002,-2.22,good,"zone=4, batch=14"
evt-00001491,2026-01-01T00:04:45Z,sensor-003,14.89,good,"zone=2, batch=5"
evt-00000839,2026-01-01T00:04:45Z,sensor-005,-8.80,good,"zone=1, batch=3"
evt-00000435,2026-01-01T00:04:45Z,sensor-006,9.98,good,"zone=3, batch=1"
evt-00004763,2026-01-01T00:04:46Z,sensor-001,-10.89,good,"zone=2, batch=19"
evt-00002627,2026-01-01T00:04:46Z,sensor-006,4.69,good,"zone=2, batch=10"
evt-00000182,2026-01-01T00:04:46Z,sensor-011,25.61,suspect,"zone=1, batch=0"
evt-00003773,2026-01-01T00:04:47Z,sensor-003,12.61,good,"zone=2, batch=15"
evt-00000178,2026-01-01T00:04:47Z,sensor-006,-1.12,suspect,"zone=1, batch=0"
evt-00001693,2026-01-01T00:04:47Z,sensor-006,14.60,good,"zone=1, batch=6"
evt-00004799,2026-01-01T00:04:47Z,sensor-007,26.91,good,"zone=1, batch=19"
evt-00002196,2026-01-01T00:04:47Z,sensor-012,37.91,suspect,"zone=3, batch=8"
evt-00004846,2026-01-01T00:04:47Z,sensor-012,24.19,good,"zone=1, batch=19"
evt-00000235,2026-01-01T00:04:48Z,sensor-002,-7.19,good,"zone=4, batch=0"
evt-00004854,2026-01-01T00:04:48Z,sensor-004,16.04,good,"zone=1, batch=19"
evt-00002907,2026-01-01T00:04:48Z,sensor-007,21.94,good,"zone=3, batch=11"
evt-00000356,2026-01-01T00:04:48Z,sensor-008,28.33,good,"zone=3, batch=1"
evt-00003380,2026-01-01T00:04:48Z,sensor-008,25.49,good,"zone=4, batch=13"
evt-00003549,2026-01-01T00:04:49Z,sensor-003,23.32,good,"zone=1, batch=14"
evt-00004235,2026-01-01T00:04:49Z,sensor-003,24.77,good,"zone=4, batch=16"
evt-00002063,2026-01-01T00:04:49Z,sensor-007,20.49,good,"zone=3, batch=8"
evt-00003449,2026-01-01T00:04:49Z,sensor-007,-10.30,good,"zone=3, batch=13"
evt-00004485,2026-01-01T00:04:49Z,sensor-007,16.93,good,"zone=3, batch=17"
evt-00003041,2026-01-01T00:04:49Z,sensor-010,32.88,good,"zone=3, batch=12"
evt-00003721,2026-01-01T00:04:49Z,sensor-012,24.76,suspect,"zone=1, batch=14"
evt-00004864,2026-01-01T00:04:49Z,sensor-012,16.69,good,"zone=1, batch=19"
evt-00004975,2026-01-01T00:04:49Z,sensor-012,-11.97,good,"zone=2, batch=19"
evt-00003013,2026-01-01T00:04:50Z,sensor-003,24.12,suspect,"zone=4, batch=12"
evt-00004962,2026-01-01T00:04:50Z,sensor-005,-0.57,suspect,"zone=2, batch=19"
evt-00000275,2026-01-01T00:04:50Z,sensor-009,29.67,good,"zone=4, batch=1"
evt-00001483,2026-01-01T00:04:50Z,sensor-009,2.64,good,"zone=1, batch=5"
evt-00004870,2026-01-01T00:04:50Z,sensor-011,31.28,good,"zone=2, batch=19"
evt-00003327,2026-01-01T00:04:51Z,sensor-001,-0.50,good,"zone=2, batch=13"
evt-00004238,2026-01-01T00:04:51Z,sensor-003,35.53,good,"zone=3, batch=16"
evt-00000484,2026-01-01T00:04:51Z,sensor-005,28.39,suspect,"zone=3, batch=1"
evt-00002367,2026-01-01T00:04:51Z,sensor-007,-10.26,good,"zone=1, batch=9"
evt-00000739,2026-01-01T00:04:51Z,sensor-008,-3.77,suspect,"zone=4, batch=2"
evt-00000238,2026-01-01T00:04:51Z,sensor-009,31.91,good,"zone=4, batch=0"
evt-00000988,2026-01-01T00:04:52Z,sensor-002,-8.85,good,"zone=3, batch=3"
evt-00004501,2026-01-01T00:04:52Z,sensor-002,13.25,good,"zone=3, batch=18"
evt-00004581,2026-01-01T00:04:52Z,sensor-004,-3.90,good,"zone=1, batch=18"
evt-00002279,2026-01-01T00:04:52Z,sensor-009,36.27,suspect,"zone=1, batch=9"
evt-00002010,2026-01-01T00:04:53Z,sensor-001,21.92,good,"zone=2, batch=8"
evt-00003395,2026-01-01T00:04:53Z,sensor-004,37.37,suspect,"zone=1, batch=13"
evt-00004168,2026-01-01T00:04:53Z,sensor-004,24.34,good,"zone=4, batch=16"
evt-00004456,2026-01-01T00:04:53Z,sensor-006,2.96,good,"zone=1, batch=17"
evt-00000134,2026-01-01T00:04:53Z,sensor-008,-4.08,suspect,"zone=4, batch=0"
evt-00001650,2026-01-01T00:04:53Z,sensor-008,27.12,good,"zone=2, batch=6"
evt-00000524,2026-01-01T00:04:54Z,sensor-003,27.66,suspect,"zone=1, batch=2"
evt-00000535,2026-01-01T00:04:54Z,sensor-006,10.83,good,"zone=4, batch=2"
evt-00001326,2026-01-01T00:04:54Z,sensor-006,4.49,good,"zone=2, batch=5"
evt-00004736,2026-01-01T00:04:54Z,sensor-008,-6.26,good,"zone=1, batch=18"
evt-00004205,2026-01-01T00:04:54Z,sensor-009,2.19,good,"zone=3, batch=16"
evt-00003193,2026-01-01T00:04:54Z,sensor-010,0.66,suspect,"zone=1, batch=12"
evt-00001893,2026-01-01T00:04:55Z,sensor-005,-5.19,suspect,"zone=2, batch=7"
evt-00002581,2026-01-01T00:04:55Z,sensor-005,30.79,good,"zone=3, batch=10"
evt-00002200,2026-01-01T00:04:55Z,sensor-007,26.93,suspect,"zone=1, batch=8"
evt-00003903,2026-01-01T00:04:55Z,sensor-007,15.23,suspect,"zone=2, batch=15"
evt-00003942,2026-01-01T00:04:56Z,sensor-004,14.43,suspect,"zone=2, batch=15"
evt-00001147,2026-01-01T00:04:56Z,sensor-006,13.18,good,"zone=1, batch=4"
evt-00003311,2026-01-01T00:04:56Z,sensor-006,33.97,good,"zone=3, batch=13"
evt-00003146,2026-01-01T00:04:56Z,sensor-007,17.96,good,"zone=2, batch=12"
evt-00001083,2026-01-01T00:04:56Z,sensor-011,35.32,good,"zone=4, batch=4"
evt-00000955,2026-01-01T00:04:57Z,sensor-004,27.47,good,"zone=2, batch=3"
evt-00002309,2026-01-01T00:04:57Z,sensor-007,8.72,suspect,"zone=3, batch=9"
evt-00004156,2026-01-01T00:04:57Z,sensor-009,23.79,good,"zone=2, batch=16"
evt-00002796,2026-01-01T00:04:57Z,sensor-010,13.51,good,"zone=2, batch=11"
evt-00003747,2026-01-01T00:04:57Z,sensor-010,-3.12,good,"zone=3, batch=14"
evt-00002469,2026-01-01T00:04:57Z,sensor-012,6.54,good,"zone=3, batch=9"
evt-00003516,2026-01-01T00:04:57Z,sensor-012,22.18,suspect,"zone=3, batch=14"
evt-00001987,2026-01-01T00:04:58Z,sensor-001,-5.21,good,"zone=3, batch=7"
evt-00003175,2026-01-01T00:04:58Z,sensor-001,27.18,suspect,"zone=3, batch=12"
evt-00002499,2026-01-01T00:04:58Z,sensor-002,16.30,good,"zone=1, batch=9"
evt-00004022,2026-01-01T00:04:58Z,sensor-003,24.98,good,"zone=3, batch=16"
evt-00001880,2026-01-01T00:04:58Z,sensor-004,6.42,suspect,"zone=4, batch=7"
evt-00003269,2026-01-01T00:04:58Z,sensor-005,28.78,good,"zone=2, batch=13"
evt-00003129,2026-01-01T00:04:58Z,sensor-006,-11.71,good,"zone=1, batch=12"
evt-00002847,2026-01-01T00:04:58Z,sensor-007,29.46,good,"zone=2, batch=11"
evt-00003046,2026-01-01T00:04:58Z,sensor-008,19.45,suspect,"zone=4, batch=12"
evt-00000088,2026-01-01T00:04:58Z,sensor-011,27.62,good,"zone=2, batch=0"
evt-00004495,2026-01-01T00:04:59Z,sensor-001,11.07,good,"zone=3, batch=17"
evt-00000212,2026-01-01T00:04:59Z,sensor-004,15.38,good,"zone=4, batch=0"
evt-00001100,2026-01-01T00:04:59Z,sensor-008,31.73,good,"zone=1, batch=4"
evt-00001763,2026-01-01T00:04:59Z,sensor-012,7.96,good,"zone=3, batch=7"
evt-00002953,2026-01-01T00:05:00Z,sensor-003,13.01,suspect,"zone=4, batch=11"
evt-00002966,2026-01-01T00:05:00Z,sensor-003,14.25,good,"zone=3, batch=11"
evt-00003614,2026-01-01T00:05:00Z,sensor-003,1.81,suspect,"zone=4, batch=14"
evt-00000556,2026-01-01T00:05:00Z,sensor-004,31.68,good,"zone=1, batch=2"
evt-00002958,2026-01-01T00:05:00Z,sensor-006,13.81,good,"zone=4, batch=11"
evt-00001833,2026-01-01T00:05:00Z,sensor-007,-4.25,suspect,"zone=4, batch=7"
evt-00003016,2026-01-01T00:05:00Z,sensor-007,33.38,good,"zone=4, batch=12"
evt-00001434,2026-01-01T00:05:00Z,sensor-008,1.56,good,"zone=1, batch=5"
evt-00003028,2026-01-01T00:05:00Z,sensor-009,-6.53,suspect,"zone=2, batch=12"
evt-00001925,2026-01-01T00:05:00Z,sensor-011,3.42,suspect,"zone=3, batch=7"
evt-00004162,2026-01-01T00:05:00Z,sensor-012,13.51,suspect,"zone=1, batch=16"
evt-00002672,2026-01-01T00:05:01Z,sensor-001,17.98,suspect,"zone=2, batch=10"
evt-00000658,2026-01-01T00:05:01Z,sensor-002,11.91,good,"zone=2, batch=2"
evt-00004993,2026-01-01T00:05:01Z,sensor-002,-2.77,good,"zone=3, batch=19"
evt-00001823,2026-01-01T00:05:01Z,sensor-004,-7.73,good,"zone=1, batch=7"
evt-00002842,2026-01-01T00:05:01Z,sensor-005,8.38,good,"zone=3, batch=11"
evt-00002313,2026-01-01T00:05:01Z,sensor-007,18.89,suspect,"zone=1, batch=9"
evt-00003534,2026-01-01T00:05:01Z,sensor-009,23.54,suspect,"zone=3, batch=14"
evt-00004486,2026-01-01T00:05:01Z,sensor-009,-5.55,good,"zone=1, batch=17"
evt-00002642,2026-01-01T00:05:02Z,sensor-005,35.36,good,"zone=3, batch=10"
evt-00000434,2026-01-01T00:05:03Z,sensor-002,-4.90,good,"zone=3, batch=1"
evt-00002352,2026-01-01T00:05:03Z,sensor-006,7.28,good,"zone=3, batch=9"
evt-00002866,2026-01-01T00:05:03Z,sensor-006,13.93,good,"zone=4, batch=11"
evt-00003421,2026-01-01T00:05:03Z,sensor-006,10.68,suspect,"zone=3, batch=13"
evt-00000302,2026-01-01T00:05:03Z,sensor-007,8.12,suspect,"zone=2, batch=1"
evt-00000020,2026-01-01T00:05:03Z,sensor-011,35.49,suspect,"zone=2, batch=0"
evt-00004622,2026-01-01T00:05:03Z,sensor-012,-4.85,good,"zone=2, batch=18"
evt-00001226,2026-01-01T00:05:04Z,sensor-001,18.64,good,"zone=2, batch=4"
evt-00003562,2026-01-01T00:05:04Z,sensor-006,25.68,suspect,"zone=3, batch=14"
evt-00001846,2026-01-01T00:05:04Z,sensor-007,3.03,suspect,"zone=2, batch=7"
evt-00003031,2026-01-01T00:05:04Z,sensor-008,6.42,good,"zone=3, batch=12"
evt-00001906,2026-01-01T00:05:04Z,sensor-009,19.46,good,"zone=4, batch=7"
evt-00002576,2026-01-01T00:05:04Z,sensor-009,14.76,good,"zone=3, batch=10"
evt-00001710,2026-01-01T00:05:04Z,sensor-011,29.25,good,"zone=4, batch=6"
evt-00003656,2026-01-01T00:05:04Z,sensor-012,6.50,good,"zone=4, batch=14"
evt-00004797,2026-01-01T00:05:05Z,sensor-005,31.95,good,"zone=2, batch=19"
evt-00000403,2026-01-01T00:05:05Z,sensor-008,-6.69,good,"zone=1, batch=1"
evt-00001740,2026-01-01T00:05:05Z,sensor-008,7.45,suspect,"zone=3, batch=6"
evt-00000409,2026-01-01T00:05:05Z,sensor-009,23.39,good,"zone=3, batch=1"
evt-00000480,2026-01-01T00:05:06Z,sensor-003,16.03,good,"zone=1, batch=1"
evt-00000539,2026-01-01T00:05:06Z,sensor-003,33.06,good,"zone=3, batch=2"
evt-00000688,2026-01-01T00:05:06Z,sensor-005,15.08,suspect,"zone=2, batch=2"
evt-00000170,2026-01-01T00:05:06Z,sensor-011,4.52,good,"zone=2, batch=0"
evt-00001033,2026-01-01T00:05:06Z,sensor-012,11.88,good,"zone=1, batch=4"
evt-00000904,2026-01-01T00:05:07Z,sensor-001,21.73,good,"zone=1, batch=3"
evt-00001745,2026-01-01T00:05:07Z,sensor-003,11.66,good,"zone=2, batch=6"
evt-00002049,2026-01-01T00:05:07Z,sensor-003,-11.56,good,"zone=4, batch=8"
evt-00000413,2026-01-01T00:05:07Z,sensor-004,33.65,good,"zone=2, batch=1"
evt-00002563,2026-01-01T00:05:07Z,sensor-011,33.57,good,"zone=2, batch=10"
evt-00004674,2026-01-01T00:05:08Z,sensor-001,23.30,good,"zone=3, batch=18"
evt-00000045,2026-01-01T00:05:08Z,sensor-004,-0.97,good,"zone=4, batch=0"
evt-00001646,2026-01-01T00:05:08Z,sensor-004,32.71,good,"zone=4, batch=6"
evt-00004421,2026-01-01T00:05:08Z,sensor-005,-6.11,good,"zone=2, batch=17"
evt-00000582,2026-01-01T00:05:08Z,sensor-011,20.23,good,"zone=2, batch=2"
evt-00003108,2026-01-01T00:05:08Z,sensor-011,35.24,suspect,"zone=2, batch=12"
evt-00004303,2026-01-01T00:05:09Z,sensor-003,27.12,suspect,"zone=1, batch=17"
evt-00002041,2026-01-01T00:05:09Z,sensor-004,11.33,good,"zone=2, batch=8"
evt-00002476,2026-01-01T00:05:09Z,sensor-006,15.47,suspect,"zone=3, batch=9"
evt-00004992,2026-01-01T00:05:09Z,sensor-008,33.10,suspect,"zone=1, batch=19"
evt-00000365,2026-01-01T00:05:09Z,sensor-010,-6.27,good,"zone=2, batch=1"
evt-00002540,2026-01-01T00:05:10Z,sensor-004,-9.66,good,"zone=2, batch=10"
evt-00003554,2026-01-01T00:05:10Z,sensor-005,14.66,good,"zone=2, batch=14"
evt-00003956,2026-01-01T00:05:10Z,sensor-005,11.65,suspect,"zone=4, batch=15"
evt-00002467,2026-01-01T00:05:10Z,sensor-007,12.12,good,"zone=2, batch=9"
evt-00002182,2026-01-01T00:05:11Z,sensor-004,27.97,good,"zone=1, batch=8"
evt-00003351,2026-01-01T00:05:11Z,sensor-004,25.59,good,"zone=2, batch=13"
evt-00000392,2026-01-01T00:05:11Z,sensor-008,37.78,good,"zone=3, batch=1"
evt-00001789,2026-01-01T00:05:11Z,sensor-008,17.92,suspect,"zone=4, batch=7"
evt-00002859,2026-01-01T00:05:11Z,sensor-008,35.13,good,"zone=1, batch=11"
evt-00000882,2026-01-01T00:05:11Z,sensor-009,31.76,good,"zone=2, batch=3"
evt-00001627,2026-01-01T00:05:11Z,sensor-009,3.97,suspect,"zone=4, batch=6"
evt-00002380,2026-01-01T00:05:12Z,sensor-001,18.29,good,"zone=3, batch=9"
evt-00003830,2026-01-01T00:05:12Z,sensor-003,2.51,good,"zone=3, batch=15"
evt-00003870,2026-01-01T00:05:12Z,sensor-005,0.06,good,"zone=4, batch=15"
evt-00000759,2026-01-01T00:05:12Z,sensor-008,36.86,good,"zone=3, batch=3"
evt-00004285,2026-01-01T00:05:12Z,sensor-010,4.68,good,"zone=1, batch=17"
evt-00004372,2026-01-01T00:05:12Z,sensor-011,6.98,good,"zone=4, batch=17"
evt-00002007,2026-01-01T00:05:13Z,sensor-001,33.55,suspect,"zone=2, batch=8"
evt-00004300,2026-01-01T00:05:13Z,sensor-001,34.16,good,"zone=1, batch=17"
evt-00001841,2026-01-01T00:05:13Z,sensor-005,27.62,good,"zone=2, batch=7"
evt-00001856,2026-01-01T00:05:13Z,sensor-005,19.17,good,"zone=1, batch=7"
evt-00002344,2026-01-01T00:05:13Z,sensor-006,1.53,suspect,"zone=3, batch=9"
evt-00004427,2026-01-01T00:05:13Z,sensor-006,34.43,good,"zone=4, batch=17"
evt-00001270,2026-01-01T00:05:13Z,sensor-009,11.47,good,"zone=4, batch=5"
evt-00001793,2026-01-01T00:05:13Z,sensor-009,28.51,good,"zone=1, batch=7"
evt-00003268,2026-01-01T00:05:13Z,sensor-009,9.29,suspect,"zone=3, batch=13"
evt-00003794,2026-01-01T00:05:14Z,sensor-003,27.31,good,"zone=1, batch=15"
evt-00001523,2026-01-01T00:05:14Z,sensor-005,30.29,suspect,"zone=3, batch=6"
evt-00003960,2026-01-01T00:05:14Z,sensor-005,-4.65,suspect,"zone=2, batch=15"
evt-00003964,2026-01-01T00:05:14Z,sensor-005,-0.29,good,"zone=4, batch=15"
evt-00000224,2026-01-01T00:05:14Z,sensor-009,26.07,good,"zone=3, batch=0"
evt-00002092,2026-01-01T00:05:14Z,sensor-010,23.18,good,"zone=1, batch=8"
evt-00001622,2026-01-01T00:05:14Z,sensor-011,18.87,suspect,"zone=3, batch=6"
evt-00004889,2026-01-01T00:05:15Z,sensor-002,30.98,good,"zone=1, batch=19"
evt-00001980,2026-01-01T00:05:15Z,sensor-008,0.12,good,"zone=2, batch=7"
evt-00002457,2026-01-01T00:05:15Z,sensor-010,9.01,good,"zone=1, batch=9"
evt-00003137,2026-01-01T00:05:15Z,sensor-012,15.63,suspect,"zone=4, batch=12"
evt-00002028,2026-01-01T00:05:16Z,sensor-002,10.93,suspect,"zone=2, batch=8"
evt-00003456,2026-01-01T00:05:16Z,sensor-003,-7.53,suspect,"zone=1, batch=13"
evt-00004052,2026-01-01T00:05:16Z,sensor-004,0.94,suspect,"zone=2, batch=16"
evt-00002976,2026-01-01T00:05:16Z,sensor-007,-4.17,good,"zone=1, batch=11"
evt-00000196,2026-01-01T00:05:16Z,sensor-008,33.22,good,"zone=1, batch=0"
evt-00000675,2026-01-01T00:05:16Z,sensor-009,-1.17,good,"zone=1, batch=2"
evt-00000368,2026-01-01T00:05:16Z,sensor-011,20.63,good,"zone=4, batch=1"
evt-00004812,2026-01-01T00:05:16Z,sensor-011,-4.61,good,"zone=3, batch=19"
evt-00000096,2026-01-01T00:05:16Z,sensor-012,-0.47,suspect,"zone=4, batch=0"
evt-00000334,2026-01-01T00:05:17Z,sensor-010,19.24,suspect,"zone=2, batch=1"
evt-00002869,2026-01-01T00:05:17Z,sensor-010,25.95,good,"zone=4, batch=11"
evt-00000645,2026-01-01T00:05:17Z,sensor-011,8.10,good,"zone=4, batch=2"
evt-00004559,2026-01-01T00:05:17Z,sensor-011,7.30,good,"zone=3, batch=18"
evt-00004278,2026-01-01T00:05:17Z,sensor-012,25.86,good,"zone=1, batch=17"
evt-00000450,2026-01-01T00:05:18Z,sensor-001,19.35,good,"zone=2, batch=1"
evt-00002177,2026-01-01T00:05:18Z,sensor-002,0.77,good,"zone=2, batch=8"
evt-00000355,2026-01-01T00:05:18Z,sensor-003,18.73,good,"zone=2, batch=1"
evt-00002122,2026-01-01T00:05:18Z,sensor-008,-2.41,good,"zone=1, batch=8"
evt-00001462,2026-01-01T00:05:18Z,sensor-010,10.15,good,"zone=1, batch=5"
evt-00004109,2026-01-01T00:05:19Z,sensor-001,11.91,suspect,"zone=2, batch=16"
evt-00004318,2026-01-01T00:05:19Z,sensor-010,2.00,good,"zone=4, batch=17"
evt-00003543,2026-01-01T00:05:20Z,sensor-009,-1.48,good,"zone=3, batch=14"
evt-00004931,2026-01-01T00:05:21Z,sensor-002,-4.09,good,"zone=4, batch=19"
evt-00004954,2026-01-01T00:05:21Z,sensor-002,-8.23,good,"zone=3, batch=19"
evt-00002549,2026-01-01T00:05:21Z,sensor-004,16.22,good,"zone=4, batch=10"
evt-00004504,2026-01-01T00:05:21Z,sensor-006,10.69,good,"zone=3, batch=18"
evt-00000438,2026-01-01T00:05:21Z,sensor-008,28.16,good,"zone=4, batch=1"
evt-00002511,2026-01-01T00:05:21Z,sensor-008,5.97,good,"zone=1, batch=10"
evt-00002640,2026-01-01T00:05:21Z,sensor-012,1.92,good,"zone=3, batch=10"
evt-00004142,2026-01-01T00:05:22Z,sensor-002,31.72,good,"zone=4, batch=16"
evt-00002180,2026-01-01T00:05:22Z,sensor-003,30.22,good,"zone=2, batch=8"
evt-00002546,2026-01-01T00:05:22Z,sensor-003,12.02,suspect,"zone=1, batch=10"
evt-00001778,2026-01-01T00:05:22Z,sensor-004,31.50,good,"zone=1, batch=7"
evt-00001514,2026-01-01T00:05:22Z,sensor-007,3.03,good,"zone=4, batch=6"
evt-00000154,2026-01-01T00:05:22Z,sensor-010,26.29,good,"zone=2, batch=0"
evt-00003218,2026-01-01T00:05:22Z,sensor-011,-11.92,suspect,"zone=2, batch=12"
evt-00001357,2026-01-01T00:05:23Z,sensor-001,-8.67,suspect,"zone=2, batch=5"
evt-00001486,2026-01-01T00:05:23Z,sensor-004,-2.92,suspect,"zone=4, batch=5"
evt-00004666,2026-01-01T00:05:23Z,sensor-004,-6.49,good,"zone=1, batch=18"
evt-00003094,2026-01-01T00:05:23Z,sensor-006,32.97,good,"zone=3, batch=12"
evt-00002733,2026-01-01T00:05:23Z,sensor-008,-1.79,good,"zone=3, batch=10"
evt-00001732,2026-01-01T00:05:23Z,sensor-009,8.76,good,"zone=3, batch=6"
evt-00002699,2026-01-01T00:05:23Z,sensor-010,16.54,good,"zone=4, batch=10"
evt-00003777,2026-01-01T00:05:23Z,sensor-010,15.74,good,"zone=2, batch=15"
evt-00000751,2026-01-01T00:05:23Z,sensor-011,35.77,good,"zone=2, batch=3"
evt-00002369,2026-01-01T00:05:23Z,sensor-012,19.41,good,"zone=2, batch=9"
evt-00000138,2026-01-01T00:05:24Z,sensor-002,-8.22,good,"zone=4, batch=0"
evt-00000980,2026-01-01T00:05:24Z,sensor-002,16.79,suspect,"zone=4, batch=3"
evt-00001681,2026-01-01T00:05:24Z,sensor-002,-2.80,suspect,"zone=2, batch=6"
evt-00002891,2026-01-01T00:05:24Z,sensor-003,1.35,good,"zone=3, batch=11"
evt-00004008,2026-01-01T00:05:24Z,sensor-003,7.05,good,"zone=3, batch=16"
evt-00000279,2026-01-01T00:05:24Z,sensor-007,16.30,suspect,"zone=2, batch=1"
evt-00004258,2026-01-01T00:05:24Z,sensor-009,35.53,good,"zone=1, batch=17"
evt-00003090,2026-01-01T00:05:24Z,sensor-010,-0.31,good,"zone=1, batch=12"
evt-00002168,2026-01-01T00:05:24Z,sensor-011,8.59,good,"zone=3, batch=8"
evt-00004792,2026-01-01T00:05:24Z,sensor-011,2.50,good,"zone=3, batch=19"
evt-00004729,2026-01-01T00:05:25Z,sensor-001,2.32,good,"zone=4, batch=18"
evt-00001128,2026-01-01T00:05:25Z,sensor-007,8.21,good,"zone=4, batch=4"
evt-00003515,2026-01-01T00:05:25Z,sensor-007,34.11,good,"zone=1, batch=14"
evt-00000101,2026-01-01T00:05:26Z,sensor-006,-2.99,suspect,"zone=1, batch=0"
evt-00000433,2026-01-01T00:05:26Z,sensor-006,19.13,good,"zone=3, batch=1"
evt-00004719,2026-01-01T00:05:26Z,sensor-008,8.05,good,"zone=4, batch=18"
evt-00003208,2026-01-01T00:05:26Z,sensor-009,31.77,good,"zone=4, batch=12"
evt-00002756,2026-01-01T00:05:27Z,sensor-007,33.10,good,"zone=3, batch=11"
evt-00001480,2026-01-01T00:05:27Z,sensor-011,24.46,good,"zone=2, batch=5"
evt-00002630,2026-01-01T00:05:27Z,sensor-011,-1.18,suspect,"zone=1, batch=10"
evt-00001788,2026-01-01T00:05:27Z,sensor-012,23.24,good,"zone=4, batch=7"
evt-00003212,2026-01-01T00:05:27Z,sensor-012,-9.38,suspect,"zone=1, batch=12"
evt-00003359,2026-01-01T00:05:27Z,sensor-012,-11.98,good,"zone=1, batch=13"
evt-00003748,2026-01-01T00:05:28Z,sensor-001,-8.93,good,"zone=4, batch=14"
evt-00002854,2026-01-01T00:05:28Z,sensor-007,7.26,suspect,"zone=1, batch=11"
evt-00000377,2026-01-01T00:05:29Z,sensor-007,24.85,good,"zone=1, batch=1"
evt-00000241,2026-01-01T00:05:29Z,sensor-012,4.88,suspect,"zone=4, batch=0"
evt-00003291,2026-01-01T00:05:30Z,sensor-002,5.92,good,"zone=3, batch=13"
evt-00001539,2026-01-01T00:05:30Z,sensor-005,23.53,good,"zone=4, batch=6"
evt-00004010,2026-01-01T00:05:30Z,sensor-006,-4.96,good,"zone=1, batch=16"
evt-00000211,2026-01-01T00:05:30Z,sensor-008,4.86,good,"zone=2, batch=0"
evt-00001359,2026-01-01T00:05:30Z,sensor-008,22.33,suspect,"zone=2, batch=5"
evt-00000361,2026-01-01T00:05:30Z,sensor-010,37.07,good,"zone=1, batch=1"
evt-00002867,2026-01-01T00:05:30Z,sensor-011,19.57,good,"zone=1, batch=11"
evt-00000217,2026-01-01T00:05:30Z,sensor-012,21.65,suspect,"zone=3, batch=0"
evt-00000872,2026-01-01T00:05:31Z,sensor-003,28.18,suspect,"zone=4, batch=3"
evt-00002429,2026-01-01T00:05:31Z,sensor-003,-1.46,good,"zone=4, batch=9"
evt-00000309,2026-01-01T00:05:31Z,sensor-006,36.82,good,"zone=1, batch=1"
evt-00001049,2026-01-01T00:05:31Z,sensor-007,25.77,good,"zone=2, batch=4"
evt-00000903,2026-01-01T00:05:31Z,sensor-008,9.77,suspect,"zone=2, batch=3"
evt-00004078,2026-01-01T00:05:31Z,sensor-008,9.56,good,"zone=2, batch=16"
evt-00003652,2026-01-01T00:05:31Z,sensor-009,21.84,good,"zone=4, batch=14"
evt-00002046,2026-01-01T00:05:32Z,sensor-001,-7.89,good,"zone=2, batch=8"
evt-00000774,2026-01-01T00:05:32Z,sensor-003,18.66,good,"zone=3, batch=3"
evt-00002646,2026-01-01T00:05:32Z,sensor-004,5.78,good,"zone=1, batch=10"
evt-00001665,2026-01-01T00:05:32Z,sensor-012,3.03,suspect,"zone=2, batch=6"
evt-00002664,2026-01-01T00:05:33Z,sensor-002,29.40,good,"zone=1, batch=10"
evt-00004026,2026-01-01T00:05:33Z,sensor-005,-10.35,good,"zone=1, batch=16"
evt-00001125,2026-01-01T00:05:34Z,sensor-001,3.50,good,"zone=3, batch=4"
evt-00002611,2026-01-01T00:05:34Z,sensor-002,5.31,good,"zone=1, batch=10"
evt-00000347,2026-01-01T00:05:34Z,sensor-004,34.70,good,"zone=1, batch=1"
evt-00002752,2026-01-01T00:05:34Z,sensor-006,23.49,suspect,"zone=1, batch=11"
evt-00003589,2026-01-01T00:05:34Z,sensor-008,-10.71,good,"zone=3, batch=14"
evt-00004185,2026-01-01T00:05:34Z,sensor-010,-9.13,good,"zone=4, batch=16"
evt-00004281,2026-01-01T00:05:35Z,sensor-003,8.73,suspect,"zone=2, batch=17"
evt-00001075,2026-01-01T00:05:35Z,sensor-008,24.77,good,"zone=1, batch=4"
evt-00002836,2026-01-01T00:05:35Z,sensor-008,19.91,good,"zone=3, batch=11"
evt-00000353,2026-01-01T00:05:36Z,sensor-007,-4.58,suspect,"zone=2, batch=1"
evt-00000466,2026-01-01T00:05:36Z,sensor-011,25.26,suspect,"zone=4, batch=1"
evt-00002435,2026-01-01T00:05:36Z,sensor-011,14.69,good,"zone=4, batch=9"
evt-00003306,2026-01-01T00:05:36Z,sensor-012,16.91,good,"zone=4, batch=13"
evt-00001346,2026-01-01T00:05:37Z,sensor-001,-6.65,good,"zone=1, batch=5"
evt-00004964,2026-01-01T00:05:37Z,sensor-001,15.02,good,"zone=1, batch=19"
evt-00003254,2026-01-01T00:05:37Z,sensor-003,-6.38,good,"zone=3, batch=13"
evt-00000272,2026-01-01T00:05:37Z,sensor-004,2.84,suspect,"zone=4, batch=1"
evt-00001967,2026-01-01T00:05:37Z,sensor-007,-8.98,good,"zone=2, batch=7"
evt-00002109,2026-01-01T00:05:37Z,sensor-010,7.58,suspect,"zone=2, batch=8"
evt-00004386,2026-01-01T00:05:38Z,sensor-002,15.17,good,"zone=2, batch=17"
evt-00001348,2026-01-01T00:05:38Z,sensor-005,-2.81,good,"zone=3, batch=5"
evt-00000918,2026-01-01T00:05:38Z,sensor-006,-2.83,good,"zone=1, batch=3"
evt-00001200,2026-01-01T00:05:38Z,sensor-006,21.29,good,"zone=1, batch=4"
evt-00001661,2026-01-01T00:05:38Z,sensor-006,30.40,good,"zone=3, batch=6"
evt-00000005,2026-01-01T00:05:38Z,sensor-012,9.34,good,"zone=2, batch=0"
evt-00001524,2026-01-01T00:05:39Z,sensor-001,-8.88,good,"zone=4, batch=6"
evt-00003399,2026-01-01T00:05:39Z,sensor-003,1.05,good,"zone=2, batch=13"
evt-00000475,2026-01-01T00:05:39Z,sensor-004,-9.36,good,"zone=1, batch=1"
evt-00001184,2026-01-01T00:05:39Z,sensor-004,29.72,good,"zone=1, batch=4"
evt-00001257,2026-01-01T00:05:39Z,sensor-004,22.76,suspect,"zone=1, batch=5"
evt-00003198,2026-01-01T00:05:39Z,sensor-005,33.52,suspect,"zone=4, batch=12"
evt-00004766,2026-01-01T00:05:39Z,sensor-005,37.17,suspect,"zone=4, batch=19"
evt-00002084,2026-01-01T00:05:40Z,sensor-006,28.36,good,"zone=3, batch=8"
evt-00003170,2026-01-01T00:05:40Z,sensor-007,27.51,good,"zone=4, batch=12"
evt-00001156,2026-01-01T00:05:40Z,sensor-008,32.51,good,"zone=1, batch=4"
evt-00000191,2026-01-01T00:05:40Z,sensor-011,-7.84,good,"zone=1, batch=0"
evt-00000015,2026-01-01T00:05:41Z,sensor-001,3.59,good,"zone=4, batch=0"
evt-00002818,2026-01-01T00:05:41Z,sensor-001,-4.61,good,"zone=3, batch=11"
evt-00001332,2026-01-01T00:05:41Z,sensor-004,9.46,good,"zone=1, batch=5"
evt-00004288,2026-01-01T00:05:41Z,sensor-005,15.15,good,"zone=4, batch=17"
evt-00004259,2026-01-01T00:05:41Z,sensor-010,24.49,good,"zone=4, batch=17"
evt-00000844,2026-01-01T00:05:41Z,sensor-012,35.48,good,"zone=4, batch=3"
evt-00004871,2026-01-01T00:05:42Z,sensor-001,-9.60,good,"zone=3, batch=19"
evt-00001115,2026-01-01T00:05:42Z,sensor-002,-4.52,good,"zone=1, batch=4"
evt-00003342,2026-01-01T00:05:42Z,sensor-007,28.65,good,"zone=3, batch=13"
evt-00002386,2026-01-01T00:05:42Z,sensor-012,-0.05,suspect,"zone=3, batch=9"
evt-00001077,2026-01-01T00:05:44Z,sensor-004,28.47,good,"zone=2, batch=4"
evt-00004041,2026-01-01T00:05:44Z,sensor-004,-6.95,good,"zone=3, batch=16"
evt-00001292,2026-01-01T00:05:44Z,sensor-005,11.01,suspect,"zone=3, batch=5"
evt-00003649,2026-01-01T00:05:44Z,sensor-005,17.64,good,"zone=3, batch=14"
evt-00004398,2026-01-01T00:05:44Z,sensor-007,28.86,good,"zone=3, batch=17"
evt-00000859,2026-01-01T00:05:44Z,sensor-010,-8.35,good,"zone=1, batch=3"
evt-00002214,2026-01-01T00:05:45Z,sensor-005,-8.39,good,"zone=4, batch=8"
evt-00002277,2026-01-01T00:05:45Z,sensor-006,4.02,good,"zone=2, batch=9"
evt-00002231,2026-01-01T00:05:45Z,sensor-007,15.16,suspect,"zone=4, batch=8"
evt-00003239,2026-01-01T00:05:45Z,sensor-012,9.46,suspect,"zone=2, batch=12"
evt-00000609,2026-01-01T00:05:46Z,sensor-007,35.38,good,"zone=1, batch=2"
evt-00001016,2026-01-01T00:05:46Z,sensor-009,23.25,good,"zone=4, batch=4"
evt-00003372,2026-01-01T00:05:46Z,sensor-009,14.07,good,"zone=1, batch=13"
evt-00003233,2026-01-01T00:05:46Z,sensor-012,11.35,good,"zone=3, batch=12"
evt-00003762,2026-01-01T00:05:46Z,sensor-012,-8.08,good,"zone=3, batch=15"
evt-00004943,2026-01-01T00:05:46Z,sensor-012,-7.46,good,"zone=2, batch=19"
evt-00003505,2026-01-01T00:05:47Z,sensor-002,8.07,good,"zone=3, batch=14"
evt-00001604,2026-01-01T00:05:47Z,sensor-003,29.14,good,"zone=1, batch=6"
evt-00001104,2026-01-01T00:05:47Z,sensor-007,11.66,good,"zone=2, batch=4"
evt-00002712,2026-01-01T00:05:47Z,sensor-007,5.20,good,"zone=1, batch=10"
evt-00003200,2026-01-01T00:05:47Z,sensor-007,24.28,good,"zone=4, batch=12"
evt-00001507,2026-01-01T00:05:48Z,sensor-001,23.05,good,"zone=4, batch=6"
evt-00004730,2026-01-01T00:05:48Z,sensor-004,-10.24,good,"zone=1, batch=18"
evt-00000710,2026-01-01T00:05:48Z,sensor-005,29.37,suspect,"zone=1, batch=2"
evt-00000749,2026-01-01T00:05:48Z,sensor-005,19.89,good,"zone=3, batch=2"
evt-00000939,2026-01-01T00:05:48Z,sensor-008,-6.27,good,"zone=4, batch=3"
evt-00001065,2026-01-01T00:05:48Z,sensor-010,-3.85,good,"zone=3, batch=4"
evt-00004875,2026-01-01T00:05:49Z,sensor-003,-8.29,suspect,"zone=3, batch=19"
evt-00002620,2026-01-01T00:05:49Z,sensor-006,34.18,good,"zone=2, batch=10"
evt-00002795,2026-01-01T00:05:49Z,sensor-006,-0.87,good,"zone=3, batch=11"
evt-00002236,2026-01-01T00:05:49Z,sensor-007,14.62,good,"zone=2, batch=8"
evt-00000352,2026-01-01T00:05:49Z,sensor-008,12.04,good,"zone=2, batch=1"
evt-00000094,2026-01-01T00:05:49Z,sensor-010,21.45,suspect,"zone=3, batch=0"
evt-00001194,2026-01-01T00:05:50Z,sensor-002,17.50,good,"zone=2, batch=4"
evt-00003623,2026-01-01T00:05:50Z,sensor-005,31.85,good,"zone=3, batch=14"
evt-00002510,2026-01-01T00:05:50Z,sensor-006,-3.66,suspect,"zone=3, batch=10"
evt-00003633,2026-01-01T00:05:50Z,sensor-011,-0.75,good,"zone=1, batch=14"
evt-00003091,2026-01-01T00:05:51Z,sensor-001,22.05,good,"zone=2, batch=12"
evt-00001873,2026-01-01T00:05:51Z,sensor-005,16.20,suspect,"zone=4, batch=7"
evt-00004927,2026-01-01T00:05:51Z,sensor-008,-1.46,good,"zone=2, batch=19"
evt-00002244,2026-01-01T00:05:52Z,sensor-001,8.79,good,"zone=2, batch=8"
evt-00000197,2026-01-01T00:05:52Z,sensor-012,2.26,suspect,"zone=3, batch=0"
evt-00001808,2026-01-01T00:05:53Z,sensor-006,23.92,good,"zone=1, batch=7"
evt-00002530,2026-01-01T00:05:53Z,sensor-009,30.52,good,"zone=2, batch=10"
evt-00004360,2026-01-01T00:05:53Z,sensor-011,25.70,good,"zone=3, batch=17"
evt-00002764,2026-01-01T00:05:53Z,sensor-012,12.20,good,"zone=3, batch=11"
evt-00004631,2026-01-01T00:05:54Z,sensor-002,32.81,suspect,"zone=4, batch=18"
evt-00004464,2026-01-01T00:05:54Z,sensor-003,14.32,suspect,"zone=1, batch=17"
evt-00001556,2026-01-01T00:05:54Z,sensor-005,15.67,good,"zone=3, batch=6"
evt-00003227,2026-01-01T00:05:54Z,sensor-006,11.64,suspect,"zone=3, batch=12"
evt-00002153,2026-01-01T00:05:54Z,sensor-007,12.86,suspect,"zone=4, batch=8"
evt-00003741,2026-01-01T00:05:54Z,sensor-010,-4.09,good,"zone=3, batch=14"
evt-00003989,2026-01-01T00:05:54Z,sensor-012,4.79,good,"zone=3, batch=15"
evt-00000198,2026-01-01T00:05:55Z,sensor-001,29.02,good,"zone=1, batch=0"
evt-00002212,2026-01-01T00:05:55Z,sensor-002,1.03,good,"zone=4, batch=8"
evt-00002758,2026-01-01T00:05:55Z,sensor-003,9.62,suspect,"zone=1, batch=11"
evt-00002761,2026-01-01T00:05:55Z,sensor-008,11.18,suspect,"zone=2, batch=11"
evt-00003088,2026-01-01T00:05:55Z,sensor-010,18.28,good,"zone=3, batch=12"
evt-00004105,2026-01-01T00:05:56Z,sensor-001,6.25,good,"zone=3, batch=16"
evt-00004535,2026-01-01T00:05:56Z,sensor-004,37.49,suspect,"zone=2, batch=18"
evt-00000861,2026-01-01T00:05:56Z,sensor-007,-4.76,good,"zone=4, batch=3"
evt-00003665,2026-01-01T00:05:57Z,sensor-003,33.63,suspect,"zone=3, batch=14"
evt-00000530,2026-01-01T00:05:57Z,sensor-005,33.37,suspect,"zone=1, batch=2"
evt-00001787,2026-01-01T00:05:57Z,sensor-005,4.30,good,"zone=2, batch=7"
evt-00004233,2026-01-01T00:05:58Z,sensor-001,23.89,good,"zone=1, batch=16"
evt-00000612,2026-01-01T00:05:58Z,sensor-003,30.72,suspect,"zone=2, batch=2"
evt-00004656,2026-01-01T00:05:58Z,sensor-004,17.56,good,"zone=3, batch=18"
evt-00003080,2026-01-01T00:05:58Z,sensor-005,34.03,good,"zone=3, batch=12"
evt-00003848,2026-01-01T00:05:58Z,sensor-006,-11.00,good,"zone=4, batch=15"
evt-00001248,2026-01-01T00:05:58Z,sensor-009,20.46,good,"zone=2, batch=4"
evt-00001870,2026-01-01T00:05:58Z,sensor-009,-6.41,good,"zone=4, batch=7"
evt-00001319,2026-01-01T00:05:58Z,sensor-010,-1.41,good,"zone=4, batch=5"
evt-00002650,2026-01-01T00:05:59Z,sensor-003,10.57,good,"zone=2, batch=10"
evt-00002950,2026-01-01T00:05:59Z,sensor-004,-0.22,good,"zone=4, batch=11"
evt-00004357,2026-01-01T00:05:59Z,sensor-005,17.63,good,"zone=4, batch=17"
evt-00001000,2026-01-01T00:05:59Z,sensor-007,-1.39,good,"zone=3, batch=4"
evt-00004051,2026-01-01T00:05:59Z,sensor-007,3.13,good,"zone=1, batch=16"
evt-00004606,2026-01-01T00:05:59Z,sensor-007,-0.65,good,"zone=2, batch=18"
evt-00000567,2026-01-01T00:05:59Z,sensor-008,-3.12,good,"zone=3, batch=2"
evt-00001025,2026-01-01T00:05:59Z,sensor-011,1.26,good,"zone=2, batch=4"
evt-00003738,2026-01-01T00:06:00Z,sensor-002,28.21,suspect,"zone=3, batch=14"
evt-00003161,2026-01-01T00:06:00Z,sensor-004,-4.29,suspect,"zone=1, batch=12"
evt-00000395,2026-01-01T00:06:00Z,sensor-010,-7.41,good,"zone=3, batch=1"
evt-00004296,2026-01-01T00:06:00Z,sensor-010,-10.44,suspect,"zone=1, batch=17"
evt-00001015,2026-01-01T00:06:00Z,sensor-011,16.79,good,"zone=3, batch=4"
evt-00001323,2026-01-01T00:06:01Z,sensor-002,12.02,good,"zone=4, batch=5"
evt-00004228,2026-01-01T00:06:01Z,sensor-012,19.35,good,"zone=3, batch=16"
evt-00000273,2026-01-01T00:06:02Z,sensor-003,21.66,suspect,"zone=3, batch=1"
evt-00000357,2026-01-01T00:06:02Z,sensor-004,17.98,good,"zone=1, batch=1"
evt-00001417,2026-01-01T00:06:02Z,sensor-005,8.05,suspect,"zone=3, batch=5"
evt-00003912,2026-01-01T00:06:02Z,sensor-005,-5.65,good,"zone=1, batch=15"
evt-00004784,2026-01-01T00:06:02Z,sensor-009,-11.56,suspect,"zone=3, batch=19"
evt-00002911,2026-01-01T00:06:03Z,sensor-003,3.09,suspect,"zone=2, batch=11"
evt-00003367,2026-01-01T00:06:03Z,sensor-004,7.13,good,"zone=1, batch=13"
evt-00003600,2026-01-01T00:06:03Z,sensor-008,29.66,good,"zone=4, batch=14"
evt-00004291,2026-01-01T00:06:03Z,sensor-008,3.01,good,"zone=3, batch=17"
evt-00004638,2026-01-01T00:06:03Z,sensor-008,23.31,suspect,"zone=1, batch=18"
evt-00003874,2026-01-01T00:06:03Z,sensor-011,7.04,good,"zone=2, batch=15"
evt-00002106,2026-01-01T00:06:04Z,sensor-001,-1.61,good,"zone=2, batch=8"
evt-00003682,2026-01-01T00:06:04Z,sensor-001,26.42,suspect,"zone=1, batch=14"
evt-00002496,2026-01-01T00:06:04Z,sensor-002,15.26,good,"zone=4, batch=9"
evt-00003244,2026-01-01T00:06:04Z,sensor-002,1.33,good,"zone=1, batch=12"
evt-00004090,2026-01-01T00:06:04Z,sensor-004,20.83,good,"zone=2, batch=16"
evt-00000135,2026-01-01T00:06:04Z,sensor-006,3.07,good,"zone=1, batch=0"
evt-00003145,2026-01-01T00:06:04Z,sensor-006,-0.97,suspect,"zone=2, batch=12"
evt-00004145,2026-01-01T00:06:04Z,sensor-010,6.12,good,"zone=1, batch=16"
evt-00000289,2026-01-01T00:06:04Z,sensor-012,-1.08,good,"zone=2, batch=1"
evt-00001874,2026-01-01T00:06:04Z,sensor-012,5.27,good,"zone=2, batch=7"
evt-00000692,2026-01-01T00:06:05Z,sensor-005,5.28,suspect,"zone=3, batch=2"
evt-00004577,2026-01-01T00:06:05Z,sensor-010,-8.78,suspect,"zone=2, batch=18"
evt-00001064,2026-01-01T00:06:05Z,sensor-012,17.45,good,"zone=4, batch=4"
evt-00001123,2026-01-01T00:06:05Z,sensor-012,9.56,good,"zone=4, batch=4"
evt-00001678,2026-01-01T00:06:05Z,sensor-012,-10.12,good,"zone=4, batch=6"
evt-00003736,2026-01-01T00:06:05Z,sensor-012,-11.57,good,"zone=2, batch=14"
evt-00003104,2026-01-01T00:06:06Z,sensor-004,-8.00,suspect,"zone=2, batch=12"
evt-00004370,2026-01-01T00:06:06Z,sensor-009,-9.04,good,"zone=2, batch=17"
evt-00004537,2026-01-01T00:06:06Z,sensor-011,3.14,good,"zone=4, batch=18"
evt-00000741,2026-01-01T00:06:07Z,sensor-004,21.35,good,"zone=1, batch=2"
evt-00000063,2026-01-01T00:06:08Z,sensor-004,19.88,good,"zone=4, batch=0"
evt-00004956,2026-01-01T00:06:08Z,sensor-008,-10.95,good,"zone=2, batch=19"
evt-00003166,2026-01-01T00:06:08Z,sensor-009,36.60,suspect,"zone=3, batch=12"
evt-00000230,2026-01-01T00:06:09Z,sensor-002,22.69,good,"zone=2, batch=0"
evt-00000922,2026-01-01T00:06:09Z,sensor-002,-0.18,good,"zone=2, batch=3"
evt-00004440,2026-01-01T00:06:09Z,sensor-002,-9.84,good,"zone=3, batch=17"
evt-00004367,2026-01-01T00:06:09Z,sensor-005,5.16,good,"zone=3, batch=17"
evt-00000899,2026-01-01T00:06:09Z,sensor-010,-11.38,good,"zone=3, batch=3"
evt-00004432,2026-01-01T00:06:10Z,sensor-001,4.40,suspect,"zone=1, batch=17"
evt-00004500,2026-01-01T00:06:10Z,sensor-002,-7.63,suspect,"zone=4, batch=18"
evt-00003262,2026-01-01T00:06:10Z,sensor-005,21.68,suspect,"zone=3, batch=13"
evt-00004443,2026-01-01T00:06:10Z,sensor-010,-1.54,good,"zone=2, batch=17"
evt-00004654,2026-01-01T00:06:10Z,sensor-011,27.62,good,"zone=3, batch=18"
evt-00003226,2026-01-01T00:06:10Z,sensor-012,11.34,good,"zone=1, batch=12"
evt-00003941,2026-01-01T00:06:11Z,sensor-001,-2.01,suspect,"zone=4, batch=15"
evt-00000721,2026-01-01T00:06:11Z,sensor-002,-9.68,suspect,"zone=2, batch=2"
evt-00002505,2026-01-01T00:06:11Z,sensor-005,34.07,good,"zone=4, batch=10"
evt-00003852,2026-01-01T00:06:11Z,sensor-006,34.53,good,"zone=2, batch=15"
evt-00002960,2026-01-01T00:06:11Z,sensor-007,23.50,suspect,"zone=2, batch=11"
evt-00002740,2026-01-01T00:06:11Z,sensor-008,23.38,good,"zone=1, batch=10"
evt-00003256,2026-01-01T00:06:11Z,sensor-008,37.21,suspect,"zone=1, batch=13"
evt-00003284,2026-01-01T00:06:11Z,sensor-008,15.08,good,"zone=4, batch=13"
evt-00004599,2026-01-01T00:06:11Z,sensor-008,-3.76,good,"zone=3, batch=18"
evt-00003556,2026-01-01T00:06:11Z,sensor-010,24.84,good,"zone=4, batch=14"
evt-00004738,2026-01-01T00:06:12Z,sensor-001,-7.34,good,"zone=3, batch=18"
evt-00002186,2026-01-01T00:06:12Z,sensor-004,10.20,good,"zone=2, batch=8"
evt-00000269,2026-01-01T00:06:12Z,sensor-006,7.94,good,"zone=2, batch=1"
evt-00001861,2026-01-01T00:06:12Z,sensor-006,26.31,good,"zone=3, batch=7"
evt-00004672,2026-01-01T00:06:12Z,sensor-008,30.24,good,"zone=1, batch=18"
evt-00004916,2026-01-01T00:06:13Z,sensor-002,14.78,good,"zone=4, batch=19"
evt-00003789,2026-01-01T00:06:13Z,sensor-004,35.74,suspect,"zone=1, batch=15"
evt-00004616,2026-01-01T00:06:13Z,sensor-004,-5.16,good,"zone=4, batch=18"
evt-00000866,2026-01-01T00:06:13Z,sensor-006,16.11,good,"zone=4, batch=3"
evt-00004083,2026-01-01T00:06:14Z,sensor-003,20.61,good,"zone=1, batch=16"
evt-00001179,2026-01-01T00:06:14Z,sensor-005,34.31,good,"zone=4, batch=4"
evt-00004930,2026-01-01T00:06:14Z,sensor-007,-8.12,good,"zone=3, batch=19"
evt-00003603,2026-01-01T00:06:14Z,sensor-008,6.82,suspect,"zone=1, batch=14"
evt-00003647,2026-01-01T00:06:14Z,sensor-009,27.67,suspect,"zone=3, batch=14"
evt-00004218,2026-01-01T00:06:14Z,sensor-010,11.88,good,"zone=2, batch=16"
evt-00000793,2026-01-01T00:06:15Z,sensor-011,-7.07,suspect,"zone=1, batch=3"
evt-00003241,2026-01-01T00:06:16Z,sensor-007,-7.21,good,"zone=2, batch=12"
evt-00000807,2026-01-01T00:06:16Z,sensor-009,12.47,good,"zone=2, batch=3"
evt-00004835,2026-01-01T00:06:16Z,sensor-009,28.79,good,"zone=2, batch=19"
evt-00000990,2026-01-01T00:06:16Z,sensor-011,21.51,good,"zone=3, batch=3"
evt-00001290,2026-01-01T00:06:16Z,sensor-011,19.74,good,"zone=4, batch=5"
evt-00003947,2026-01-01T00:06:17Z,sensor-004,36.77,good,"zone=4, batch=15"
evt-00004551,2026-01-01T00:06:17Z,sensor-004,6.78,good,"zone=1, batch=18"
evt-00002272,2026-01-01T00:06:17Z,sensor-006,4.63,suspect,"zone=4, batch=9"
evt-00003921,2026-01-01T00:06:17Z,sensor-009,6.74,good,"zone=1, batch=15"
evt-00004921,2026-01-01T00:06:17Z,sensor-009,29.81,good,"zone=4, batch=19"
evt-00003750,2026-01-01T00:06:18Z,sensor-002,12.86,good,"zone=1, batch=15"
evt-00004037,2026-01-01T00:06:18Z,sensor-005,23.99,suspect,"zone=1, batch=16"
evt-00002410,2026-01-01T00:06:18Z,sensor-008,12.50,good,"zone=2, batch=9"
evt-00001749,2026-01-01T00:06:18Z,sensor-010,36.91,good,"zone=3, batch=6"
evt-00000925,2026-01-01T00:06:18Z,sensor-012,17.73,good,"zone=2, batch=3"
evt-00001361,2026-01-01T00:06:19Z,sensor-002,5.55,good,"zone=3, batch=5"
evt-00000384,2026-01-01T00:06:19Z,sensor-003,36.18,good,"zone=1, batch=1"
evt-00002870,2026-01-01T00:06:19Z,sensor-003,-8.65,good,"zone=1, batch=11"
evt-00004246,2026-01-01T00:06:19Z,sensor-004,19.53,suspect,"zone=1, batch=16"
evt-00001199,2026-01-01T00:06:19Z,sensor-007,-2.87,suspect,"zone=2, batch=4"
evt-00000892,2026-01-01T00:06:19Z,sensor-008,-1.78,suspect,"zone=4, batch=3"
evt-00004755,2026-01-01T00:06:19Z,sensor-009,-5.46,suspect,"zone=3, batch=19"
evt-00001625,2026-01-01T00:06:19Z,sensor-011,20.79,suspect,"zone=4, batch=6"
evt-00001931,2026-01-01T00:06:20Z,sensor-003,27.97,good,"zone=3, batch=7"
evt-00002047,2026-01-01T00:06:20Z,sensor-006,20.32,good,"zone=2, batch=8"
evt-00000031,2026-01-01T00:06:20Z,sensor-009,19.40,suspect,"zone=4, batch=0"
evt-00000952,2026-01-01T00:06:20Z,sensor-010,5.29,good,"zone=4, batch=3"
evt-00000708,2026-01-01T00:06:21Z,sensor-002,23.62,suspect,"zone=1, batch=2"
evt-00001677,2026-01-01T00:06:21Z,sensor-006,6.78,good,"zone=2, batch=6"
evt-00001408,2026-01-01T00:06:21Z,sensor-009,34.14,good,"zone=3, batch=5"
evt-00001599,2026-01-01T00:06:21Z,sensor-009,19.70,good,"zone=4, batch=6"
evt-00002036,2026-01-01T00:06:21Z,sensor-010,-1.06,suspect,"zone=3, batch=8"
evt-00000801,2026-01-01T00:06:22Z,sensor-002,-9.84,good,"zone=4, batch=3"
evt-00002738,2026-01-01T00:06:22Z,sensor-002,23.68,good,"zone=2, batch=10"
evt-00004765,2026-01-01T00:06:22Z,sensor-002,35.41,good,"zone=4, batch=19"
evt-00003329,2026-01-01T00:06:22Z,sensor-006,-5.63,good,"zone=3, batch=13"
evt-00003065,2026-01-01T00:06:22Z,sensor-008,18.77,suspect,"zone=4, batch=12"
evt-00002572,2026-01-01T00:06:22Z,sensor-009,0.42,good,"zone=1, batch=10"
evt-00004647,2026-01-01T00:06:22Z,sensor-010,11.03,good,"zone=2, batch=18"
evt-00004883,2026-01-01T00:06:22Z,sensor-011,-0.64,good,"zone=2, batch=19"
evt-00000303,2026-01-01T00:06:23Z,sensor-002,19.23,good,"zone=4, batch=1"
evt-00003664,2026-01-01T00:06:23Z,sensor-002,8.38,suspect,"zone=4, batch=14"
evt-00001061,2026-01-01T00:06:23Z,sensor-008,18.15,good,"zone=3, batch=4"
evt-00003900,2026-01-01T00:06:23Z,sensor-008,-8.27,good,"zone=3, batch=15"
evt-00000416,2026-01-01T00:06:23Z,sensor-010,22.19,good,"zone=1, batch=1"
evt-00002354,2026-01-01T00:06:23Z,sensor-011,6.05,good,"zone=2, batch=9"
evt-00003038,2026-01-01T00:06:23Z,sensor-012,-7.35,suspect,"zone=4, batch=12"
evt-00003328,2026-01-01T00:06:24Z,sensor-002,31.58,suspect,"zone=1, batch=13"
evt-00001895,2026-01-01T00:06:24Z,sensor-003,20.73,good,"zone=1, batch=7"
evt-00004522,2026-01-01T00:06:24Z,sensor-005,33.63,good,"zone=1, batch=18"
evt-00004553,2026-01-01T00:06:24Z,sensor-007,36.09,suspect,"zone=4, batch=18"
evt-00004808,2026-01-01T00:06:24Z,sensor-008,-10.66,suspect,"zone=3, batch=19"
evt-00001340,2026-01-01T00:06:24Z,sensor-009,35.55,good,"zone=1, batch=5"
evt-00002585,2026-01-01T00:06:24Z,sensor-010,34.31,good,"zone=2, batch=10"
evt-00003195,2026-01-01T00:06:25Z,sensor-002,8.89,good,"zone=1, batch=12"
evt-00000712,2026-01-01T00:06:25Z,sensor-004,26.67,suspect,"zone=2, batch=2"
evt-00003428,2026-01-01T00:06:25Z,sensor-004,26.73,good,"zone=2, batch=13"
evt-00003833,2026-01-01T00:06:25Z,sensor-009,23.72,good,"zone=3, batch=15"
evt-00002253,2026-01-01T00:06:25Z,sensor-010,35.52,good,"zone=4, batch=9"
evt-00001932,2026-01-01T00:06:25Z,sensor-011,1.17,good,"zone=1, batch=7"
evt-00002157,2026-01-01T00:06:26Z,sensor-001,-11.48,suspect,"zone=3, batch=8"
evt-00003948,2026-01-01T00:06:26Z,sensor-002,8.15,good,"zone=1, batch=15"
evt-00001791,2026-01-01T00:06:26Z,sensor-006,36.10,good,"zone=1, batch=7"
evt-00002665,2026-01-01T00:06:26Z,sensor-010,3.05,good,"zone=1, batch=10"
evt-00001060,2026-01-01T00:06:27Z,sensor-004,1.20,good,"zone=2, batch=4"
evt-00002423,2026-01-01T00:06:27Z,sensor-006,-9.26,good,"zone=4, batch=9"
evt-00003334,2026-01-01T00:06:27Z,sensor-006,24.59,good,"zone=3, batch=13"
evt-00004611,2026-01-01T00:06:27Z,sensor-006,33.53,suspect,"zone=2, batch=18"
evt-00000465,2026-01-01T00:06:27Z,sensor-008,-2.70,good,"zone=4, batch=1"
evt-00003318,2026-01-01T00:06:27Z,sensor-009,-8.42,good,"zone=4, batch=13"
evt-00003618,2026-01-01T00:06:27Z,sensor-012,23.78,suspect,"zone=1, batch=14"
evt-00002935,2026-01-01T00:06:28Z,sensor-002,35.37,good,"zone=2, batch=11"
evt-00002293,2026-01-01T00:06:28Z,sensor-007,13.77,suspect,"zone=4, batch=9"
evt-00003228,2026-01-01T00:06:28Z,sensor-007,-7.96,good,"zone=4, batch=12"
evt-00003298,2026-01-01T00:06:29Z,sensor-003,-10.51,good,"zone=1, batch=13"
evt-00004383,2026-01-01T00:06:29Z,sensor-004,24.45,suspect,"zone=1, batch=17"
evt-00000129,2026-01-01T00:06:29Z,sensor-007,31.02,suspect,"zone=4, batch=0"
evt-00004590,2026-01-01T00:06:29Z,sensor-008,10.74,good,"zone=3, batch=18"
evt-00000802,2026-01-01T00:06:29Z,sensor-010,1.45,suspect,"zone=3, batch=3"
evt-00003169,2026-01-01T00:06:29Z,sensor-012,2.58,suspect,"zone=2, batch=12"
evt-00001215,2026-01-01T00:06:30Z,sensor-001,-10.08,good,"zone=3, batch=4"
evt-00000077,2026-01-01T00:06:30Z,sensor-002,31.58,good,"zone=3, batch=0"
evt-00001014,2026-01-01T00:06:30Z,sensor-005,26.01,suspect,"zone=4, batch=4"
evt-00001881,2026-01-01T00:06:30Z,sensor-008,26.51,good,"zone=4, batch=7"
evt-00003765,2026-01-01T00:06:30Z,sensor-008,8.78,good,"zone=1, batch=15"
evt-00003285,2026-01-01T00:06:31Z,sensor-001,24.99,suspect,"zone=3, batch=13"
evt-00004922,2026-01-01T00:06:31Z,sensor-001,33.93,good,"zone=3, batch=19"
evt-00004998,2026-01-01T00:06:31Z,sensor-002,35.94,suspect,"zone=1, batch=19"
evt-00003824,2026-01-01T00:06:31Z,sensor-003,24.18,good,"zone=3, batch=15"
evt-00004255,2026-01-01T00:06:31Z,sensor-003,6.54,suspect,"zone=3, batch=17"
evt-00001964,2026-01-01T00:06:31Z,sensor-006,15.99,good,"zone=3, batch=7"
evt-00002118,2026-01-01T00:06:31Z,sensor-006,5.17,good,"zone=4, batch=8"
evt-00004231,2026-01-01T00:06:31Z,sensor-011,1.33,suspect,"zone=4, batch=16"
evt-00004422,2026-01-01T00:06:32Z,sensor-004,2.22,good,"zone=1, batch=17"
evt-00001974,2026-01-01T00:06:32Z,sensor-005,30.81,good,"zone=1, batch=7"
evt-00004219,2026-01-01T00:06:32Z,sensor-005,20.34,good,"zone=1, batch=16"
evt-00000066,2026-01-01T00:06:32Z,sensor-009,-3.24,good,"zone=3, batch=0"
evt-00004223,2026-01-01T00:06:32Z,sensor-009,1.12,good,"zone=3, batch=16"
evt-00000299,2026-01-01T00:06:33Z,sensor-001,27.67,suspect,"zone=4, batch=1"
evt-00002765,2026-01-01T00:06:33Z,sensor-003,2.80,suspect,"zone=1, batch=11"
evt-00004467,2026-01-01T00:06:33Z,sensor-003,6.38,suspect,"zone=1, batch=17"
evt-00000360,2026-01-01T00:06:33Z,sensor-005,29.84,good,"zone=3, batch=1"
evt-00004597,2026-01-01T00:06:33Z,sensor-007,22.08,good,"zone=1, batch=18"
evt-00000714,2026-01-01T00:06:33Z,sensor-010,26.94,good,"zone=3, batch=2"
evt-00003305,2026-01-01T00:06:33Z,sensor-011,16.14,suspect,"zone=1, batch=13"
evt-00004881,2026-01-01T00:06:34Z,sensor-001,26.06,suspect,"zone=4, batch=19"
evt-00001453,2026-01-01T00:06:34Z,sensor-003,28.75,good,"zone=4, batch=5"
evt-00003986,2026-01-01T00:06:34Z,sensor-004,13.37,suspect,"zone=2, batch=15"
evt-00004201,2026-01-01T00:06:34Z,sensor-005,3.03,suspect,"zone=4, batch=16"
evt-00001637,2026-01-01T00:06:34Z,sensor-006,19.63,good,"zone=1, batch=6"
evt-00000594,2026-01-01T00:06:34Z,sensor-007,1.73,good,"zone=3, batch=2"
evt-00000029,2026-01-01T00:06:34Z,sensor-008,29.56,suspect,"zone=1, batch=0"
evt-00001331,2026-01-01T00:06:34Z,sensor-008,23.21,good,"zone=4, batch=5"
evt-00000589,2026-01-01T00:06:34Z,sensor-009,33.56,good,"zone=1, batch=2"
evt-00003758,2026-01-01T00:06:34Z,sensor-009,-9.02,good,"zone=3, batch=15"
evt-00002799,2026-01-01T00:06:34Z,sensor-012,31.27,suspect,"zone=2, batch=11"
evt-00002722,2026-01-01T00:06:35Z,sensor-001,-3.01,good,"zone=1, batch=10"
evt-00004416,2026-01-01T00:06:35Z,sensor-001,1.27,good,"zone=1, batch=17"
evt-00001528,2026-01-01T00:06:35Z,sensor-007,3.56,suspect,"zone=3, batch=6"
evt-00002945,2026-01-01T00:06:35Z,sensor-011,26.76,good,"zone=4, batch=11"
evt-00004111,2026-01-01T00:06:35Z,sensor-011,0.45,suspect,"zone=1, batch=16"
evt-00003270,2026-01-01T00:06:36Z,sensor-005,-2.55,good,"zone=1, batch=13"
evt-00001442,2026-01-01T00:06:36Z,sensor-006,4.21,good,"zone=4, batch=5"
evt-00002486,2026-01-01T00:06:36Z,sensor-008,35.01,good,"zone=4, batch=9"
evt-00004552,2026-01-01T00:06:36Z,sensor-008,6.72,suspect,"zone=1, batch=18"
evt-00003443,2026-01-01T00:06:36Z,sensor-010,-1.02,suspect,"zone=3, batch=13"
evt-00003640,2026-01-01T00:06:36Z,sensor-010,37.85,suspect,"zone=2, batch=14"
evt-00002809,2026-01-01T00:06:36Z,sensor-011,34.86,good,"zone=1, batch=11"
evt-00001341,2026-01-01T00:06:37Z,sensor-006,-0.63,good,"zone=1, batch=5"
evt-00004447,2026-01-01T00:06:37Z,sensor-006,3.04,suspect,"zone=2, batch=17"
evt-00003439,2026-01-01T00:06:37Z,sensor-010,-1.40,good,"zone=1, batch=13"
evt-00000781,2026-01-01T00:06:37Z,sensor-012,37.80,good,"zone=1, batch=3"
evt-00001940,2026-01-01T00:06:37Z,sensor-012,7.17,suspect,"zone=4, batch=7"
evt-00002042,2026-01-01T00:06:38Z,sensor-001,1.71,good,"zone=2, batch=8"
evt-00004990,2026-01-01T00:06:38Z,sensor-009,25.92,good,"zone=4, batch=19"
evt-00003577,2026-01-01T00:06:38Z,sensor-010,8.99,good,"zone=2, batch=14"
evt-00000004,2026-01-01T00:06:39Z,sensor-006,-10.56,good,"zone=3, batch=0"
evt-00000938,2026-01-01T00:06:39Z,sensor-008,11.23,good,"zone=1, batch=3"
evt-00002228,2026-01-01T00:06:39Z,sensor-009,15.44,good,"zone=2, batch=8"
evt-00000747,2026-01-01T00:06:39Z,sensor-010,38.00,suspect,"zone=2, batch=2"
evt-00004393,2026-01-01T00:06:39Z,sensor-011,18.29,good,"zone=2, batch=17"
evt-00002713,2026-01-01T00:06:39Z,sensor-012,23.64,good,"zone=2, batch=10"
evt-00002266,2026-01-01T00:06:40Z,sensor-003,14.94,good,"zone=4, batch=9"
evt-00003176,2026-01-01T00:06:40Z,sensor-003,34.76,good,"zone=4, batch=12"
evt-00002415,2026-01-01T00:06:40Z,sensor-005,18.02,good,"zone=4, batch=9"
evt-00004860,2026-01-01T00:06:40Z,sensor-006,-2.61,good,"zone=4, batch=19"
evt-00003542,2026-01-01T00:06:41Z,sensor-002,6.01,good,"zone=1, batch=14"
evt-00001978,2026-01-01T00:06:41Z,sensor-003,-10.64,suspect,"zone=3, batch=7"
evt-00002819,2026-01-01T00:06:41Z,sensor-004,11.49,good,"zone=2, batch=11"
evt-00000933,2026-01-01T00:06:41Z,sensor-005,7.90,suspect,"zone=2, batch=3"
evt-00004558,2026-01-01T00:06:41Z,sensor-005,3.31,good,"zone=4, batch=18"
evt-00000726,2026-01-01T00:06:41Z,sensor-009,21.37,good,"zone=3, batch=2"
evt-00000626,2026-01-01T00:06:41Z,sensor-011,15.71,good,"zone=2, batch=2"
evt-00004347,2026-01-01T00:06:41Z,sensor-011,28.88,suspect,"zone=2, batch=17"
evt-00000646,2026-01-01T00:06:42Z,sensor-001,-7.38,good,"zone=3, batch=2"
evt-00003699,2026-01-01T00:06:42Z,sensor-002,37.98,suspect,"zone=2, batch=14"
evt-00003441,2026-01-01T00:06:42Z,sensor-006,0.23,good,"zone=1, batch=13"
evt-00004306,2026-01-01T00:06:42Z,sensor-009,24.81,good,"zone=1, batch=17"
evt-00000472,2026-01-01T00:06:42Z,sensor-011,21.09,suspect,"zone=2, batch=1"
evt-00003417,2026-01-01T00:06:42Z,sensor-012,-7.70,good,"zone=4, batch=13"
evt-00000597,2026-01-01T00:06:43Z,sensor-002,5.25,good,"zone=1, batch=2"
evt-00000865,2026-01-01T00:06:43Z,sensor-008,29.19,suspect,"zone=4, batch=3"
evt-00004826,2026-01-01T00:06:43Z,sensor-011,17.33,good,"zone=3, batch=19"
evt-00004174,2026-01-01T00:06:44Z,sensor-001,14.23,good,"zone=4, batch=16"
evt-00002550,2026-01-01T00:06:44Z,sensor-003,-4.23,suspect,"zone=3, batch=10"
evt-00001680,2026-01-01T00:06:44Z,sensor-005,15.97,good,"zone=3, batch=6"
evt-00001719,2026-01-01T00:06:44Z,sensor-010,-3.24,good,"zone=4, batch=6"
evt-00001774,2026-01-01T00:06:44Z,sensor-010,32.09,good,"zone=3, batch=7"
evt-00001782,2026-01-01T00:06:44Z,sensor-010,35.70,good,"zone=3, batch=7"
evt-00003856,2026-01-01T00:06:44Z,sensor-011,-5.95,good,"zone=4, batch=15"
evt-00004384,2026-01-01T00:06:44Z,sensor-012,6.16,suspect,"zone=2, batch=17"
evt-00003551,2026-01-01T00:06:45Z,sensor-001,-8.49,good,"zone=4, batch=14"
evt-00002705,2026-01-01T00:06:45Z,sensor-006,12.38,good,"zone=4, batch=10"
evt-00003621,2026-01-01T00:06:45Z,sensor-011,5.00,good,"zone=2, batch=14"
evt-00003782,2026-01-01T00:06:45Z,sensor-012,22.31,good,"zone=1, batch=15"
evt-00001995,2026-01-01T00:06:46Z,sensor-004,8.94,good,"zone=4, batch=7"
evt-00003076,2026-01-01T00:06:46Z,sensor-004,33.03,suspect,"zone=4, batch=12"
evt-00003167,2026-01-01T00:06:46Z,sensor-006,9.96,good,"zone=4, batch=12"
evt-00001837,2026-01-01T00:06:46Z,sensor-007,9.50,good,"zone=4, batch=7"
evt-00003258,2026-01-01T00:06:46Z,sensor-007,31.74,good,"zone=2, batch=13"
evt-00003222,2026-01-01T00:06:46Z,sensor-009,-2.71,good,"zone=4, batch=12"
evt-00004582,2026-01-01T00:06:46Z,sensor-009,0.69,suspect,"zone=3, batch=18"
evt-00000822,2026-01-01T00:06:46Z,sensor-010,20.16,good,"zone=2, batch=3"
evt-00004135,2026-01-01T00:06:46Z,sensor-012,18.01,good,"zone=2, batch=16"
evt-00002616,2026-01-01T00:06:47Z,sensor-003,5.95,suspect,"zone=3, batch=10"
evt-00004561,2026-01-01T00:06:47Z,sensor-003,17.85,good,"zone=1, batch=18"
evt-00000703,2026-01-01T00:06:47Z,sensor-004,-5.20,good,"zone=1, batch=2"
evt-00000914,2026-01-01T00:06:47Z,sensor-009,36.76,good,"zone=4, batch=3"
evt-00002668,2026-01-01T00:06:47Z,sensor-012,9.29,good,"zone=3, batch=10"
evt-00003064,2026-01-01T00:06:48Z,sensor-002,11.70,good,"zone=2, batch=12"
evt-00001469,2026-01-01T00:06:48Z,sensor-009,27.85,suspect,"zone=4, batch=5"
evt-00002708,2026-01-01T00:06:48Z,sensor-010,-0.52,suspect,"zone=3, batch=10"
evt-00002274,2026-01-01T00:06:49Z,sensor-001,2.92,good,"zone=4, batch=9"
evt-00004563,2026-01-01T00:06:49Z,sensor-002,-7.91,suspect,"zone=1, batch=18"
evt-00000907,2026-01-01T00:06:49Z,sensor-004,-9.02,good,"zone=2, batch=3"
evt-00001304,2026-01-01T00:06:49Z,sensor-007,22.69,suspect,"zone=1, batch=5"
evt-00002363,2026-01-01T00:06:49Z,sensor-007,2.78,good,"zone=2, batch=9"
evt-00002656,2026-01-01T00:06:49Z,sensor-007,-8.40,good,"zone=2, batch=10"
evt-00004204,2026-01-01T00:06:49Z,sensor-007,-8.13,good,"zone=4, batch=16"
evt-00001999,2026-01-01T00:06:49Z,sensor-010,7.51,good,"zone=2, batch=7"
evt-00000442,2026-01-01T00:06:50Z,sensor-001,-3.31,good,"zone=3, batch=1"
evt-00001135,2026-01-01T00:06:50Z,sensor-001,21.05,good,"zone=1, batch=4"
evt-00001695,2026-01-01T00:06:50Z,sensor-001,21.16,good,"zone=4, batch=6"
evt-00000519,2026-01-01T00:06:50Z,sensor-003,35.89,good,"zone=2, batch=2"
evt-00000047,2026-01-01T00:06:50Z,sensor-008,-11.05,good,"zone=4, batch=0"
evt-00002055,2026-01-01T00:06:51Z,sensor-004,-11.92,good,"zone=3, batch=8"
evt-00000546,2026-01-01T00:06:51Z,sensor-005,17.09,good,"zone=1, batch=2"
evt-00004206,2026-01-01T00:06:51Z,sensor-005,3.21,good,"zone=3, batch=16"
evt-00000647,2026-01-01T00:06:51Z,sensor-007,22.51,good,"zone=4, batch=2"
evt-00002398,2026-01-01T00:06:51Z,sensor-007,3.88,good,"zone=3, batch=9"
evt-00000099,2026-01-01T00:06:51Z,sensor-010,-4.93,good,"zone=1, batch=0"
evt-00003528,2026-01-01T00:06:51Z,sensor-010,0.71,suspect,"zone=4, batch=14"
evt-00004595,2026-01-01T00:06:51Z,sensor-010,18.80,good,"zone=2, batch=18"
evt-00002320,2026-01-01T00:06:51Z,sensor-011,12.03,good,"zone=2, batch=9"
evt-00000979,2026-01-01T00:06:51Z,sensor-012,12.31,good,"zone=1, batch=3"
evt-00001941,2026-01-01T00:06:52Z,sensor-003,37.14,good,"zone=2, batch=7"
evt-00002548,2026-01-01T00:06:52Z,sensor-005,4.44,suspect,"zone=3, batch=10"
evt-00004114,2026-01-01T00:06:52Z,sensor-006,1.82,good,"zone=3, batch=16"
evt-00003388,2026-01-01T00:06:52Z,sensor-010,25.96,good,"zone=1, batch=13"
evt-00003003,2026-01-01T00:06:52Z,sensor-011,33.63,good,"zone=1, batch=12"
evt-00002838,2026-01-01T00:06:52Z,sensor-012,25.90,suspect,"zone=4, batch=11"
evt-00002148,2026-01-01T00:06:53Z,sensor-004,28.32,good,"zone=2, batch=8"
evt-00002359,2026-01-01T00:06:53Z,sensor-004,7.76,good,"zone=4, batch=9"
evt-00000344,2026-01-01T00:06:53Z,sensor-005,13.58,good,"zone=1, batch=1"
evt-00003403,2026-01-01T00:06:53Z,sensor-011,4.71,good,"zone=2, batch=13"
evt-00001124,2026-01-01T00:06:53Z,sensor-012,37.96,good,"zone=3, batch=4"
evt-00004689,2026-01-01T00:06:53Z,sensor-012,23.58,good,"zone=2, batch=18"
evt-00003823,2026-01-01T00:06:54Z,sensor-006,25.89,good,"zone=4, batch=15"
evt-00004493,2026-01-01T00:06:54Z,sensor-006,37.86,good,"zone=2, batch=17"
evt-00001455,2026-01-01T00:06:55Z,sensor-001,0.30,good,"zone=3, batch=5"
evt-00001163,2026-01-01T00:06:55Z,sensor-012,30.28,good,"zone=3, batch=4"
evt-00004106,2026-01-01T00:06:56Z,sensor-001,0.17,good,"zone=1, batch=16"
evt-00001816,2026-01-01T00:06:56Z,sensor-005,3.24,suspect,"zone=4, batch=7"
evt-00000424,2026-01-01T00:06:56Z,sensor-006,14.76,good,"zone=3, batch=1"
evt-00001188,2026-01-01T00:06:56Z,sensor-010,17.61,suspect,"zone=2, batch=4"
evt-00002412,2026-01-01T00:06:56Z,sensor-010,32.77,suspect,"zone=3, batch=9"
evt-00004172,2026-01-01T00:06:56Z,sensor-011,31.06,suspect,"zone=3, batch=16"
evt-00003337,2026-01-01T00:06:56Z,sensor-012,-10.13,suspect,"zone=4, batch=13"
evt-00003821,2026-01-01T00:06:57Z,sensor-002,16.95,suspect,"zone=2, batch=15"
evt-00000613,2026-01-01T00:06:57Z,sensor-004,-5.41,good,"zone=4, batch=2"
evt-00000831,2026-01-01T00:06:57Z,sensor-006,24.96,good,"zone=2, batch=3"
evt-00000537,2026-01-01T00:06:57Z,sensor-007,18.82,good,"zone=2, batch=2"
evt-00003585,2026-01-01T00:06:57Z,sensor-011,33.85,good,"zone=2, batch=14"
evt-00003661,2026-01-01T00:06:58Z,sensor-006,14.40,good,"zone=3, batch=14"
evt-00002281,2026-01-01T00:06:59Z,sensor-005,14.47,good,"zone=1, batch=9"
evt-00004833,2026-01-01T00:06:59Z,sensor-005,-1.09,good,"zone=4, batch=19"
evt-00004918,2026-01-01T00:06:59Z,sensor-009,6.13,good,"zone=3, batch=19"
evt-00001701,2026-01-01T00:06:59Z,sensor-011,13.86,good,"zone=3, batch=6"
evt-00003348,2026-01-01T00:07:00Z,sensor-004,16.00,good,"zone=4, batch=13"
evt-00004234,2026-01-01T00:07:00Z,sensor-005,13.47,good,"zone=3, batch=16"
evt-00003570,2026-01-01T00:07:00Z,sensor-006,-11.95,good,"zone=2, batch=14"
evt-00001690,2026-01-01T00:07:00Z,sensor-009,20.71,suspect,"zone=1, batch=6"
evt-00000014,2026-01-01T00:07:01Z,sensor-004,7.77,suspect,"zone=3, batch=0"
evt-00003217,2026-01-01T00:07:01Z,sensor-007,7.71,good,"zone=4, batch=12"
evt-00003898,2026-01-01T00:07:01Z,sensor-007,34.68,good,"zone=3, batch=15"
evt-00004734,2026-01-01T00:07:02Z,sensor-006,8.11,suspect,"zone=2, batch=18"
evt-00000234,2026-01-01T00:07:02Z,sensor-010,-9.58,good,"zone=3, batch=0"
evt-00000237,2026-01-01T00:07:02Z,sensor-010,31.02,suspect,"zone=2, batch=0"
evt-00004979,2026-01-01T00:07:03Z,sensor-003,26.60,good,"zone=1, batch=19"
evt-00000148,2026-01-01T00:07:03Z,sensor-006,21.96,good,"zone=2, batch=0"
evt-00000296,2026-01-01T00:07:03Z,sensor-011,-7.71,suspect,"zone=3, batch=1"
evt-00001174,2026-01-01T00:07:04Z,sensor-001,17.29,good,"zone=4, batch=4"
evt-00002846,2026-01-01T00:07:04Z,sensor-007,17.66,good,"zone=3, batch=11"
evt-00004006,2026-01-01T00:07:04Z,sensor-007,25.81,good,"zone=1, batch=16"
evt-00000251,2026-01-01T00:07:04Z,sensor-008,16.16,suspect,"zone=2, batch=1"
evt-00001862,2026-01-01T00:07:05Z,sensor-001,-10.48,suspect,"zone=2, batch=7"
evt-00002973,2026-01-01T00:07:05Z,sensor-003,8.85,good,"zone=2, batch=11"
evt-00004326,2026-01-01T00:07:05Z,sensor-004,27.99,good,"zone=4, batch=17"
evt-00001529,2026-01-01T00:07:05Z,sensor-007,5.37,good,"zone=3, batch=6"
evt-00003282,2026-01-01T00:07:05Z,sensor-010,-1.12,good,"zone=4, batch=13"
evt-00003574,2026-01-01T00:07:05Z,sensor-011,5.43,good,"zone=4, batch=14"
evt-00001333,2026-01-01T00:07:05Z,sensor-012,-2.21,suspect,"zone=3, batch=5"
evt-00000771,2026-01-01T00:07:06Z,sensor-002,10.57,good,"zone=3, batch=3"
evt-00002772,2026-01-01T00:07:06Z,sensor-002,-0.33,good,"zone=4, batch=11"
evt-00003694,2026-01-01T00:07:06Z,sensor-002,-8.27,good,"zone=3, batch=14"
evt-00001337,2026-01-01T00:07:06Z,sensor-003,4.82,good,"zone=1, batch=5"
evt-00004783,2026-01-01T00:07:06Z,sensor-003,14.03,good,"zone=4, batch=19"
evt-00000374,2026-01-01T00:07:06Z,sensor-007,24.35,suspect,"zone=1, batch=1"
evt-00004744,2026-01-01T00:07:06Z,sensor-009,37.06,good,"zone=2, batch=18"
evt-00004995,2026-01-01T00:07:06Z,sensor-011,-6.00,good,"zone=2, batch=19"
evt-00004849,2026-01-01T00:07:07Z,sensor-010,26.71,suspect,"zone=4, batch=19"
evt-00004829,2026-01-01T00:07:07Z,sensor-011,36.93,suspect,"zone=4, batch=19"
evt-00002241,2026-01-01T00:07:07Z,sensor-012,22.90,good,"zone=2, batch=8"
evt-00001397,2026-01-01T00:07:08Z,sensor-006,-7.98,good,"zone=3, batch=5"
evt-00001222,2026-01-01T00:07:08Z,sensor-007,26.63,good,"zone=1, batch=4"
evt-00002678,2026-01-01T00:07:08Z,sensor-007,16.12,good,"zone=2, batch=10"
evt-00004618,2026-01-01T00:07:08Z,sensor-008,6.70,good,"zone=4, batch=18"
evt-00000877,2026-01-01T00:07:09Z,sensor-001,27.81,good,"zone=2, batch=3"
evt-00004733,2026-01-01T00:07:09Z,sensor-003,-2.68,good,"zone=4, batch=18"
evt-00004339,2026-01-01T00:07:09Z,sensor-004,16.78,good,"zone=1, batch=17"
evt-00004519,2026-01-01T00:07:09Z,sensor-004,19.50,good,"zone=3, batch=18"
evt-00000139,2026-01-01T00:07:09Z,sensor-005,6.18,good,"zone=1, batch=0"
evt-00004953,2026-01-01T00:07:09Z,sensor-006,6.61,good,"zone=4, batch=19"
evt-00000495,2026-01-01T00:07:09Z,sensor-008,19.09,good,"zone=4, batch=1"
evt-00004324,2026-01-01T00:07:09Z,sensor-009,37.21,good,"zone=2, batch=17"
evt-00004843,2026-01-01T00:07:09Z,sensor-011,34.93,good,"zone=1, batch=19"
evt-00003839,2026-01-01T00:07:10Z,sensor-002,9.55,good,"zone=2, batch=15"
evt-00001432,2026-01-01T00:07:10Z,sensor-005,24.27,good,"zone=2, batch=5"
evt-00003953,2026-01-01T00:07:10Z,sensor-005,10.36,suspect,"zone=2, batch=15"
evt-00001162,2026-01-01T00:07:10Z,sensor-007,26.72,good,"zone=4, batch=4"
evt-00004066,2026-01-01T00:07:10Z,sensor-007,-6.15,suspect,"zone=3, batch=16"
evt-00002443,2026-01-01T00:07:10Z,sensor-008,3.14,good,"zone=1, batch=9"
evt-00003555,2026-01-01T00:07:10Z,sensor-010,-0.72,good,"zone=4, batch=14"
evt-00002674,2026-01-01T00:07:11Z,sensor-004,-6.61,suspect,"zone=4, batch=10"
evt-00003425,2026-01-01T00:07:11Z,sensor-005,2.38,good,"zone=1, batch=13"
evt-00000587,2026-01-01T00:07:11Z,sensor-007,32.76,good,"zone=2, batch=2"
evt-00000540,2026-01-01T00:07:11Z,sensor-008,34.25,good,"zone=1, batch=2"
evt-00000593,2026-01-01T00:07:11Z,sensor-008,-7.64,good,"zone=1, batch=2"
evt-00001198,2026-01-01T00:07:12Z,sensor-002,22.38,suspect,"zone=4, batch=4"
evt-00001629,2026-01-01T00:07:12Z,sensor-010,10.95,good,"zone=2, batch=6"
evt-00002698,2026-01-01T00:07:12Z,sensor-011,29.18,suspect,"zone=2, batch=10"
evt-00000032,2026-01-01T00:07:13Z,sensor-001,5.49,good,"zone=3, batch=0"
evt-00003055,2026-01-01T00:07:13Z,sensor-001,-7.19,suspect,"zone=4, batch=12"
evt-00003390,2026-01-01T00:07:13Z,sensor-004,8.60,good,"zone=3, batch=13"
evt-00003583,2026-01-01T00:07:13Z,sensor-004,33.22,good,"zone=1, batch=14"
evt-00000973,2026-01-01T00:07:13Z,sensor-006,17.18,good,"zone=4, batch=3"
evt-00004483,2026-01-01T00:07:13Z,sensor-006,-3.06,good,"zone=3, batch=17"
evt-00001366,2026-01-01T00:07:13Z,sensor-007,14.74,good,"zone=3, batch=5"
evt-00002843,2026-01-01T00:07:13Z,sensor-007,26.05,suspect,"zone=3, batch=11"
evt-00002311,2026-01-01T00:07:13Z,sensor-010,12.50,good,"zone=4, batch=9"
evt-00004788,2026-01-01T00:07:14Z,sensor-003,27.59,good,"zone=3, batch=19"
evt-00004906,2026-01-01T00:07:14Z,sensor-006,35.08,suspect,"zone=4, batch=19"
evt-00000469,2026-01-01T00:07:14Z,sensor-008,-9.16,suspect,"zone=3, batch=1"
evt-00002260,2026-01-01T00:07:14Z,sensor-009,36.46,good,"zone=2, batch=9"
evt-00003480,2026-01-01T00:07:14Z,sensor-011,35.66,good,"zone=2, batch=13"
evt-00003952,2026-01-01T00:07:14Z,sensor-011,37.04,good,"zone=1, batch=15"
evt-00002116,2026-01-01T00:07:14Z,sensor-012,19.24,good,"zone=1, batch=8"
evt-00002086,2026-01-01T00:07:15Z,sensor-001,-10.34,suspect,"zone=3, batch=8"
evt-00004313,2026-01-01T00:07:15Z,sensor-003,25.09,good,"zone=2, batch=17"
evt-00000236,2026-01-01T00:07:15Z,sensor-004,10.93,suspect,"zone=1, batch=0"
evt-00001675,2026-01-01T00:07:15Z,sensor-005,24.51,good,"zone=2, batch=6"
evt-00004770,2026-01-01T00:07:15Z,sensor-009,2.04,suspect,"zone=4, batch=19"
evt-00003119,2026-01-01T00:07:16Z,sensor-003,29.41,good,"zone=3, batch=12"
evt-00002287,2026-01-01T00:07:16Z,sensor-004,13.57,suspect,"zone=4, batch=9"
evt-00001265,2026-01-01T00:07:16Z,sensor-005,-10.81,good,"zone=1, batch=5"
evt-00001190,2026-01-01T00:07:16Z,sensor-006,0.95,good,"zone=3, batch=4"
evt-00003935,2026-01-01T00:07:16Z,sensor-007,12.33,suspect,"zone=3, batch=15"
evt-00002127,2026-01-01T00:07:16Z,sensor-011,33.49,good,"zone=3, batch=8"
evt-00001010,2026-01-01T00:07:17Z,sensor-002,28.99,good,"zone=2, batch=4"
evt-00003144,2026-01-01T00:07:17Z,sensor-005,20.73,good,"zone=1, batch=12"
evt-00001704,2026-01-01T00:07:17Z,sensor-007,31.33,suspect,"zone=4, batch=6"
evt-00003363,2026-01-01T00:07:18Z,sensor-001,8.34,suspect,"zone=2, batch=13"
evt-00002011,2026-01-01T00:07:18Z,sensor-007,33.74,good,"zone=2, batch=8"
evt-00004960,2026-01-01T00:07:18Z,sensor-009,9.20,good,"zone=1, batch=19"
evt-00003292,2026-01-01T00:07:18Z,sensor-011,24.51,good,"zone=3, batch=13"
evt-00002820,2026-01-01T00:07:19Z,sensor-003,18.86,good,"zone=1, batch=11"
evt-00002741,2026-01-01T00:07:19Z,sensor-005,12.59,suspect,"zone=2, batch=10"
evt-00000454,2026-01-01T00:07:19Z,sensor-006,-7.35,good,"zone=4, batch=1"
evt-00001085,2026-01-01T00:07:19Z,sensor-009,2.16,suspect,"zone=3, batch=4"
evt-00001158,2026-01-01T00:07:19Z,sensor-009,10.11,good,"zone=4, batch=4"
evt-00001843,2026-01-01T00:07:19Z,sensor-012,9.15,suspect,"zone=3, batch=7"
evt-00000798,2026-01-01T00:07:20Z,sensor-001,1.90,suspect,"zone=4, batch=3"
evt-00000746,2026-01-01T00:07:20Z,sensor-002,6.76,suspect,"zone=1, batch=2"
evt-00001945,2026-01-01T00:07:20Z,sensor-007,-0.08,good,"zone=1, batch=7"
evt-00001196,2026-01-01T00:07:20Z,sensor-009,31.30,good,"zone=3, batch=4"
evt-00002494,2026-01-01T00:07:21Z,sensor-002,-11.86,good,"zone=3, batch=9"
evt-00000250,2026-01-01T00:07:21Z,sensor-003,17.70,good,"zone=3, batch=1"
evt-00002574,2026-01-01T00:07:21Z,sensor-003,26.70,good,"zone=3, batch=10"
evt-00000423,2026-01-01T00:07:21Z,sensor-005,20.95,suspect,"zone=1, batch=1"
evt-00002618,2026-01-01T00:07:21Z,sensor-006,4.33,suspect,"zone=2, batch=10"
evt-00000246,2026-01-01T00:07:21Z,sensor-007,20.96,good,"zone=3, batch=0"
evt-00003271,2026-01-01T00:07:21Z,sensor-007,20.78,good,"zone=2, batch=13"
evt-00001626,2026-01-01T00:07:21Z,sensor-011,-11.74,suspect,"zone=2, batch=6"
evt-00002725,2026-01-01T00:07:22Z,sensor-008,36.54,good,"zone=3, batch=10"
evt-00000035,2026-01-01T00:07:22Z,sensor-009,3.59,suspect,"zone=1, batch=0"
evt-00000700,2026-01-01T00:07:22Z,sensor-012,23.35,good,"zone=2, batch=2"
evt-00000316,2026-01-01T00:07:23Z,sensor-002,25.15,good,"zone=4, batch=1"
evt-00003125,2026-01-01T00:07:23Z,sensor-005,32.60,suspect,"zone=4, batch=12"
evt-00004225,2026-01-01T00:07:23Z,sensor-005,33.98,good,"zone=1, batch=16"
evt-00003560,2026-01-01T00:07:23Z,sensor-007,37.22,good,"zone=4, batch=14"
evt-00000358,2026-01-01T00:07:23Z,sensor-010,19.03,good,"zone=1, batch=1"
evt-00002430,2026-01-01T00:07:23Z,sensor-010,1.73,good,"zone=4, batch=9"
evt-00003894,2026-01-01T00:07:23Z,sensor-011,12.13,suspect,"zone=2, batch=15"
evt-00001003,2026-01-01T00:07:24Z,sensor-003,17.54,suspect,"zone=4, batch=4"
evt-00001119,2026-01-01T00:07:24Z,sensor-006,-5.09,good,"zone=2, batch=4"
evt-00004029,2026-01-01T00:07:24Z,sensor-008,14.48,good,"zone=4, batch=16"
evt-00000338,2026-01-01T00:07:24Z,sensor-011,36.78,good,"zone=1, batch=1"
evt-00002981,2026-01-01T00:07:24Z,sensor-011,8.94,good,"zone=1, batch=11"
evt-00003615,2026-01-01T00:07:24Z,sensor-012,-0.86,good,"zone=2, batch=14"
evt-00000199,2026-01-01T00:07:25Z,sensor-001,2.73,good,"zone=4, batch=0"
evt-00001930,2026-01-01T00:07:25Z,sensor-001,14.99,suspect,"zone=1, batch=7"
evt-00004758,2026-01-01T00:07:25Z,sensor-003,28.20,suspect,"zone=3, batch=19"
evt-00003253,2026-01-01T00:07:25Z,sensor-006,10.15,good,"zone=3, batch=13"
evt-00003131,2026-01-01T00:07:25Z,sensor-008,29.48,good,"zone=1, batch=12"
evt-00000145,2026-01-01T00:07:25Z,sensor-009,13.82,suspect,"zone=1, batch=0"
evt-00004298,2026-01-01T00:07:25Z,sensor-010,23.23,good,"zone=3, batch=17"
evt-00000259,2026-01-01T00:07:26Z,sensor-001,23.30,good,"zone=1, batch=1"
evt-00004987,2026-01-01T00:07:26Z,sensor-001,-9.62,good,"zone=1, batch=19"
evt-00000058,2026-01-01T00:07:26Z,sensor-003,-5.88,suspect,"zone=3, batch=0"
evt-00000203,2026-01-01T00:07:26Z,sensor-003,-6.08,good,"zone=1, batch=0"
evt-00003312,2026-01-01T00:07:26Z,sensor-003,18.00,good,"zone=4, batch=13"
evt-00002347,2026-01-01T00:07:26Z,sensor-007,-0.35,good,"zone=2, batch=9"
evt-00002417,2026-01-01T00:07:26Z,sensor-009,3.00,good,"zone=3, batch=9"
evt-00000073,2026-01-01T00:07:26Z,sensor-011,30.96,good,"zone=4, batch=0"
evt-00003779,2026-01-01T00:07:26Z,sensor-011,20.01,suspect,"zone=2, batch=15"
evt-00000052,2026-01-01T00:07:27Z,sensor-001,-11.72,good,"zone=3, batch=0"
evt-00002982,2026-01-01T00:07:27Z,sensor-001,17.03,suspect,"zone=2, batch=11"
evt-00003564,2026-01-01T00:07:27Z,sensor-002,22.20,good,"zone=3, batch=14"
evt-00000390,2026-01-01T00:07:27Z,sensor-005,-0.51,good,"zone=1, batch=1"
evt-00002414,2026-01-01T00:07:27Z,sensor-008,37.44,good,"zone=1, batch=9"
evt-00000803,2026-01-01T00:07:27Z,sensor-009,27.76,good,"zone=3, batch=3"
evt-00001572,2026-01-01T00:07:27Z,sensor-010,11.55,good,"zone=2, batch=6"
evt-00002697,2026-01-01T00:07:27Z,sensor-011,8.27,good,"zone=3, batch=10"
evt-00004275,2026-01-01T00:07:28Z,sensor-002,6.25,suspect,"zone=1, batch=17"
evt-00004417,2026-01-01T00:07:28Z,sensor-003,-4.09,suspect,"zone=1, batch=17"
evt-00004101,2026-01-01T00:07:28Z,sensor-004,8.61,good,"zone=3, batch=16"
evt-00000093,2026-01-01T00:07:28Z,sensor-005,25.74,good,"zone=4, batch=0"
evt-00001679,2026-01-01T00:07:28Z,sensor-009,-3.23,good,"zone=3, batch=6"
evt-00001468,2026-01-01T00:07:28Z,sensor-010,-10.46,suspect,"zone=2, batch=5"
evt-00001952,2026-01-01T00:07:29Z,sensor-003,31.27,good,"zone=4, batch=7"
evt-00004242,2026-01-01T00:07:29Z,sensor-005,9.47,suspect,"zone=4, batch=16"
evt-00000490,2026-01-01T00:07:29Z,sensor-006,2.00,good,"zone=1, batch=1"
evt-00002376,2026-01-01T00:07:29Z,sensor-009,37.72,good,"zone=3, batch=9"
evt-00003472,2026-01-01T00:07:30Z,sensor-001,3.14,good,"zone=4, batch=13"
evt-00004832,2026-01-01T00:07:30Z,sensor-001,6.91,good,"zone=1, batch=19"
evt-00001813,2026-01-01T00:07:30Z,sensor-002,10.47,suspect,"zone=3, batch=7"
evt-00001955,2026-01-01T00:07:30Z,sensor-004,21.93,good,"zone=1, batch=7"
evt-00000518,2026-01-01T00:07:30Z,sensor-005,26.76,suspect,"zone=3, batch=2"
evt-00000843,2026-01-01T00:07:30Z,sensor-005,30.41,good,"zone=4, batch=3"
evt-00004190,2026-01-01T00:07:30Z,sensor-005,7.91,good,"zone=3, batch=16"
evt-00004498,2026-01-01T00:07:30Z,sensor-007,18.85,good,"zone=2, batch=17"
evt-00000542,2026-01-01T00:07:30Z,sensor-008,-0.41,good,"zone=1, batch=2"
evt-00003553,2026-01-01T00:07:30Z,sensor-009,27.47,good,"zone=2, batch=14"
evt-00001920,2026-01-01T00:07:31Z,sensor-006,6.24,good,"zone=3, batch=7"
evt-00000001,2026-01-01T00:07:31Z,sensor-008,12.95,good,"zone=3, batch=0"
evt-00003436,2026-01-01T00:07:31Z,sensor-012,16.13,good,"zone=1, batch=13"
evt-00002747,2026-01-01T00:07:32Z,sensor-003,18.91,good,"zone=2, batch=10"
evt-00004873,2026-01-01T00:07:32Z,sensor-003,12.73,suspect,"zone=2, batch=19"
evt-00000249,2026-01-01T00:07:32Z,sensor-007,27.08,good,"zone=2, batch=0"
evt-00002751,2026-01-01T00:07:32Z,sensor-009,5.28,suspect,"zone=4, batch=11"
evt-00000491,2026-01-01T00:07:33Z,sensor-001,19.43,suspect,"zone=2, batch=1"
evt-00002984,2026-01-01T00:07:33Z,sensor-001,15.43,good,"zone=4, batch=11"
evt-00004103,2026-01-01T00:07:33Z,sensor-005,10.50,good,"zone=4, batch=16"
evt-00001531,2026-01-01T00:07:33Z,sensor-006,-3.34,suspect,"zone=2, batch=6"
evt-00003558,2026-01-01T00:07:33Z,sensor-007,2.09,good,"zone=1, batch=14"
evt-00002329,2026-01-01T00:07:33Z,sensor-008,16.36,good,"zone=1, batch=9"
evt-00003611,2026-01-01T00:07:33Z,sensor-012,19.19,good,"zone=1, batch=14"
evt-00003612,2026-01-01T00:07:34Z,sensor-001,7.91,good,"zone=2, batch=14"
evt-00001633,2026-01-01T00:07:34Z,sensor-002,22.89,good,"zone=3, batch=6"
evt-00004297,2026-01-01T00:07:34Z,sensor-006,35.49,good,"zone=2, batch=17"
evt-00002267,2026-01-01T00:07:34Z,sensor-008,-11.68,suspect,"zone=2, batch=9"
evt-00003303,2026-01-01T00:07:34Z,sensor-008,-6.84,good,"zone=4, batch=13"
evt-00002458,2026-01-01T00:07:34Z,sensor-011,-3.34,suspect,"zone=4, batch=9"
evt-00003466,2026-01-01T00:07:34Z,sensor-011,2.10,good,"zone=3, batch=13"
evt-00002868,2026-01-01T00:07:35Z,sensor-002,24.79,good,"zone=2, batch=11"
evt-00000482,2026-01-01T00:07:35Z,sensor-005,34.75,good,"zone=2, batch=1"
evt-00000767,2026-01-01T00:07:35Z,sensor-006,34.70,good,"zone=2, batch=3"
evt-00004585,2026-01-01T00:07:35Z,sensor-006,23.66,good,"zone=3, batch=18"
evt-00004149,2026-01-01T00:07:35Z,sensor-008,24.71,good,"zone=2, batch=16"
evt-00001035,2026-01-01T00:07:36Z,sensor-004,25.25,suspect,"zone=1, batch=4"
evt-00003333,2026-01-01T00:07:36Z,sensor-004,-9.20,suspect,"zone=2, batch=13"
evt-00003818,2026-01-01T00:07:36Z,sensor-005,-5.71,good,"zone=4, batch=15"
evt-00002226,2026-01-01T00:07:36Z,sensor-006,25.22,good,"zone=4, batch=8"
evt-00004182,2026-01-01T00:07:36Z,sensor-006,3.79,good,"zone=1, batch=16"
evt-00001109,2026-01-01T00:07:36Z,sensor-007,16.10,suspect,"zone=4, batch=4"
evt-00002573,2026-01-01T00:07:36Z,sensor-007,34.73,good,"zone=1, batch=10"
evt-00000615,2026-01-01T00:07:36Z,sensor-008,-0.74,good,"zone=1, batch=2"
evt-00004253,2026-01-01T00:07:36Z,sensor-008,10.73,good,"zone=4, batch=17"
evt-00000265,2026-01-01T00:07:36Z,sensor-010,18.91,good,"zone=4, batch=1"
evt-00000765,2026-01-01T00:07:36Z,sensor-010,10.45,suspect,"zone=2, batch=3"
evt-00002038,2026-01-01T00:07:37Z,sensor-001,-11.53,good,"zone=3, batch=8"
evt-00002188,2026-01-01T00:07:37Z,sensor-011,-4.60,suspect,"zone=2, batch=8"
evt-00004793,2026-01-01T00:07:38Z,sensor-001,22.44,good,"zone=1, batch=19"
evt-00003569,2026-01-01T00:07:38Z,sensor-006,19.33,good,"zone=3, batch=14"
evt-00003335,2026-01-01T00:07:38Z,sensor-009,23.64,good,"zone=3, batch=13"
evt-00000131,2026-01-01T00:07:38Z,sensor-011,-1.09,good,"zone=1, batch=0"
evt-00003781,2026-01-01T00:07:38Z,sensor-012,12.58,good,"zone=1, batch=15"
evt-00004011,2026-01-01T00:07:38Z,sensor-012,10.30,good,"zone=3, batch=16"
evt-00003619,2026-01-01T00:07:39Z,sensor-004,-3.18,good,"zone=3, batch=14"
evt-00003669,2026-01-01T00:07:39Z,sensor-004,8.90,good,"zone=1, batch=14"
evt-00000915,2026-01-01T00:07:39Z,sensor-005,22.57,good,"zone=2, batch=3"
evt-00003937,2026-01-01T00:07:39Z,sensor-006,31.16,good,"zone=1, batch=15"
evt-00000736,2026-01-01T00:07:39Z,sensor-009,17.25,suspect,"zone=4, batch=2"
evt-00002346,2026-01-01T00:07:39Z,sensor-009,20.14,good,"zone=1, batch=9"
evt-00002750,2026-01-01T00:07:39Z,sensor-010,-1.03,good,"zone=2, batch=11"
evt-00004199,2026-01-01T00:07:39Z,sensor-011,29.49,good,"zone=3, batch=16"
evt-00001564,2026-01-01T00:07:39Z,sensor-012,0.87,suspect,"zone=3, batch=6"
evt-00004540,2026-01-01T00:07:40Z,sensor-004,27.75,good,"zone=3, batch=18"
evt-00000137,2026-01-01T00:07:40Z,sensor-005,-7.21,suspect,"zone=3, batch=0"
evt-00001488,2026-01-01T00:07:40Z,sensor-005,-1.55,suspect,"zone=3, batch=5"
evt-00001536,2026-01-01T00:07:40Z,sensor-011,28.63,good,"zone=4, batch=6"
evt-00000030,2026-01-01T00:07:41Z,sensor-001,35.99,good,"zone=4, batch=0"
evt-00002659,2026-01-01T00:07:41Z,sensor-002,27.21,good,"zone=3, batch=10"
evt-00004720,2026-01-01T00:07:41Z,sensor-005,36.57,good,"zone=1, batch=18"
evt-00003247,2026-01-01T00:07:41Z,sensor-007,4.68,suspect,"zone=2, batch=12"
evt-00002356,2026-01-01T00:07:41Z,sensor-008,22.00,good,"zone=2, batch=9"
evt-00001114,2026-01-01T00:07:41Z,sensor-012,21.50,good,"zone=2, batch=4"
evt-00000448,2026-01-01T00:07:42Z,sensor-001,8.70,good,"zone=1, batch=1"
evt-00003044,2026-01-01T00:07:42Z,sensor-001,28.55,good,"zone=4, batch=12"
evt-00001306,2026-01-01T00:07:42Z,sensor-005,34.70,good,"zone=4, batch=5"
evt-00004584,2026-01-01T00:07:42Z,sensor-006,-1.09,good,"zone=4, batch=18"
evt-00003933,2026-01-01T00:07:42Z,sensor-009,17.49,suspect,"zone=3, batch=15"
evt-00000041,2026-01-01T00:07:43Z,sensor-001,1.05,good,"zone=3, batch=0"
evt-00003826,2026-01-01T00:07:43Z,sensor-001,13.29,good,"zone=3, batch=15"
evt-00004680,2026-01-01T00:07:43Z,sensor-003,-3.57,good,"zone=3, batch=18"
evt-00000527,2026-01-01T00:07:43Z,sensor-008,-2.79,good,"zone=1, batch=2"
evt-00001559,2026-01-01T00:07:43Z,sensor-011,18.03,suspect,"zone=4, batch=6"
evt-00002760,2026-01-01T00:07:44Z,sensor-001,34.20,good,"zone=4, batch=11"
evt-00001651,2026-01-01T00:07:44Z,sensor-003,25.65,suspect,"zone=1, batch=6"
evt-00000386,2026-01-01T00:07:44Z,sensor-004,23.70,good,"zone=3, batch=1"
evt-00003414,2026-01-01T00:07:44Z,sensor-006,2.12,good,"zone=4, batch=13"
evt-00004852,2026-01-01T00:07:44Z,sensor-006,13.57,good,"zone=2, batch=19"
evt-00004198,2026-01-01T00:07:44Z,sensor-009,10.39,suspect,"zone=4, batch=16"
evt-00003977,2026-01-01T00:07:44Z,sensor-011,34.79,good,"zone=4, batch=15"
evt-00000660,2026-01-01T00:07:45Z,sensor-002,33.07,suspect,"zone=4, batch=2"
evt-00002238,2026-01-01T00:07:45Z,sensor-003,26.06,suspect,"zone=1, batch=8"
evt-00000456,2026-01-01T00:07:45Z,sensor-006,10.29,good,"zone=2, batch=1"
evt-00003152,2026-01-01T00:07:45Z,sensor-008,5.01,suspect,"zone=4, batch=12"
evt-00000169,2026-01-01T00:07:45Z,sensor-009,6.49,good,"zone=4, batch=0"
evt-00001708,2026-01-01T00:07:46Z,sensor-001,4.59,good,"zone=1, batch=6"
evt-00002822,2026-01-01T00:07:46Z,sensor-002,14.28,good,"zone=3, batch=11"
evt-00001834,2026-01-01T00:07:46Z,sensor-004,-11.26,good,"zone=1, batch=7"
evt-00003688,2026-01-01T00:07:46Z,sensor-005,-10.61,good,"zone=3, batch=14"
evt-00001574,2026-01-01T00:07:46Z,sensor-007,34.63,good,"zone=4, batch=6"
evt-00001928,2026-01-01T00:07:46Z,sensor-009,17.78,suspect,"zone=1, batch=7"
evt-00001582,2026-01-01T00:07:46Z,sensor-011,31.83,good,"zone=2, batch=6"
evt-00004312,2026-01-01T00:07:47Z,sensor-003,0.21,good,"zone=1, batch=17"
evt-00003349,2026-01-01T00:07:47Z,sensor-004,11.35,good,"zone=1, batch=13"
evt-00004482,2026-01-01T00:07:47Z,sensor-009,23.43,good,"zone=3, batch=17"
evt-00004244,2026-01-01T00:07:47Z,sensor-010,0.73,good,"zone=2, batch=16"
evt-00001096,2026-01-01T00:07:47Z,sensor-011,-0.65,good,"zone=3, batch=4"
evt-00004245,2026-01-01T00:07:48Z,sensor-002,-6.46,suspect,"zone=2, batch=16"
evt-00001024,2026-01-01T00:07:48Z,sensor-005,33.34,good,"zone=2, batch=4"
evt-00000874,2026-01-01T00:07:48Z,sensor-006,26.66,good,"zone=3, batch=3"
evt-00003355,2026-01-01T00:07:48Z,sensor-006,29.90,good,"zone=2, batch=13"
evt-00001466,2026-01-01T00:07:48Z,sensor-009,11.10,suspect,"zone=2, batch=5"
evt-00002194,2026-01-01T00:07:48Z,sensor-012,21.82,good,"zone=4, batch=8"
evt-00003926,2026-01-01T00:07:48Z,sensor-012,29.83,good,"zone=3, batch=15"
evt-00001508,2026-01-01T00:07:49Z,sensor-005,24.64,good,"zone=1, batch=6"
evt-00001640,2026-01-01T00:07:50Z,sensor-008,2.60,good,"zone=4, batch=6"
evt-00003816,2026-01-01T00:07:50Z,sensor-010,27.68,good,"zone=2, batch=15"
evt-00004778,2026-01-01T00:07:50Z,sensor-012,-0.50,good,"zone=4, batch=19"
evt-00001806,2026-01-01T00:07:51Z,sensor-001,0.72,good,"zone=2, batch=7"
evt-00003599,2026-01-01T00:07:51Z,sensor-001,18.76,good,"zone=4, batch=14"
evt-00004640,2026-01-01T00:07:51Z,sensor-004,3.73,suspect,"zone=2, batch=18"
evt-00004605,2026-01-01T00:07:51Z,sensor-006,-7.89,good,"zone=1, batch=18"
evt-00002420,2026-01-01T00:07:51Z,sensor-008,3.41,good,"zone=1, batch=9"
evt-00002569,2026-01-01T00:07:51Z,sensor-008,18.60,suspect,"zone=3, batch=10"
evt-00004196,2026-01-01T00:07:51Z,sensor-012,4.98,good,"zone=3, batch=16"
evt-00004706,2026-01-01T00:07:52Z,sensor-003,-4.88,suspect,"zone=3, batch=18"
evt-00000806,2026-01-01T00:07:52Z,sensor-007,23.26,suspect,"zone=2, batch=3"
evt-00002851,2026-01-01T00:07:52Z,sensor-009,37.41,suspect,"zone=4, batch=11"
evt-00000414,2026-01-01T00:07:53Z,sensor-001,15.12,good,"zone=3, batch=1"
evt-00003214,2026-01-01T00:07:53Z,sensor-001,7.17,good,"zone=1, batch=12"
evt-00003352,2026-01-01T00:07:53Z,sensor-002,29.58,good,"zone=3, batch=13"
evt-00003978,2026-01-01T00:07:53Z,sensor-003,32.36,good,"zone=4, batch=15"
evt-00002307,2026-01-01T00:07:53Z,sensor-007,32.32,suspect,"zone=2, batch=9"
evt-00003906,2026-01-01T00:07:53Z,sensor-010,-7.39,suspect,"zone=1, batch=15"
evt-00001431,2026-01-01T00:07:54Z,sensor-001,27.63,good,"zone=1, batch=5"
evt-00002821,2026-01-01T00:07:54Z,sensor-003,22.87,good,"zone=3, batch=11"
evt-00001088,2026-01-01T00:07:54Z,sensor-007,26.39,suspect,"zone=2, batch=4"
evt-00001092,2026-01-01T00:07:54Z,sensor-007,-2.70,good,"zone=3, batch=4"
evt-00000351,2026-01-01T00:07:54Z,sensor-010,-9.48,good,"zone=2, batch=1"
evt-00003350,2026-01-01T00:07:54Z,sensor-010,-7.52,good,"zone=3, batch=13"
evt-00003017,2026-01-01T00:07:55Z,sensor-004,-6.08,good,"zone=4, batch=12"
evt-00000244,2026-01-01T00:07:55Z,sensor-006,35.78,good,"zone=4, batch=0"
evt-00002335,2026-01-01T00:07:55Z,sensor-006,35.12,suspect,"zone=1, batch=9"
evt-00004187,2026-01-01T00:07:55Z,sensor-006,24.20,suspect,"zone=2, batch=16"
evt-00001826,2026-01-01T00:07:55Z,sensor-008,37.99,suspect,"zone=1, batch=7"
evt-00000068,2026-01-01T00:07:55Z,sensor-009,34.38,good,"zone=3, batch=0"
evt-00004248,2026-01-01T00:07:55Z,sensor-011,10.96,good,"zone=1, batch=16"
evt-00000430,2026-01-01T00:07:55Z,sensor-012,-3.16,suspect,"zone=1, batch=1"
evt-00003394,2026-01-01T00:07:56Z,sensor-001,17.94,good,"zone=3, batch=13"
evt-00003149,2026-01-01T00:07:56Z,sensor-003,23.36,suspect,"zone=1, batch=12"
evt-00003965,2026-01-01T00:07:56Z,sensor-005,-4.52,suspect,"zone=4, batch=15"
evt-00001731,2026-01-01T00:07:56Z,sensor-006,25.00,good,"zone=1, batch=6"
evt-00000264,2026-01-01T00:07:56Z,sensor-008,1.71,suspect,"zone=4, batch=1"
evt-00002651,2026-01-01T00:07:56Z,sensor-008,11.75,good,"zone=1, batch=10"
evt-00003740,2026-01-01T00:07:56Z,sensor-008,30.48,suspect,"zone=3, batch=14"
evt-00000869,2026-01-01T00:07:56Z,sensor-009,-6.88,good,"zone=2, batch=3"
evt-00001389,2026-01-01T00:07:56Z,sensor-011,-5.78,suspect,"zone=4, batch=5"
evt-00004497,2026-01-01T00:07:56Z,sensor-012,22.69,good,"zone=3, batch=17"
evt-00000354,2026-01-01T00:07:57Z,sensor-001,5.79,good,"zone=1, batch=1"
evt-00003455,2026-01-01T00:07:57Z,sensor-001,15.73,good,"zone=2, batch=13"
evt-00000010,2026-01-01T00:07:57Z,sensor-008,31.53,good,"zone=3, batch=0"
evt-00004894,2026-01-01T00:07:57Z,sensor-008,-1.72,good,"zone=2, batch=19"
evt-00003645,2026-01-01T00:07:57Z,sensor-009,8.01,good,"zone=1, batch=14"
evt-00003895,2026-01-01T00:07:57Z,sensor-009,14.42,suspect,"zone=2, batch=15"
evt-00000638,2026-01-01T00:07:58Z,sensor-004,-7.68,suspect,"zone=3, batch=2"
evt-00000842,2026-01-01T00:07:58Z,sensor-007,23.44,good,"zone=4, batch=3"
evt-00002669,2026-01-01T00:07:58Z,sensor-007,27.63,suspect,"zone=2, batch=10"
evt-00002564,2026-01-01T00:07:58Z,sensor-010,2.69,good,"zone=1, batch=10"
evt-00004292,2026-01-01T00:07:58Z,sensor-011,26.31,good,"zone=4, batch=17"
evt-00002365,2026-01-01T00:07:58Z,sensor-012,15.59,good,"zone=1, batch=9"
evt-00001935,2026-01-01T00:07:59Z,sensor-003,-0.08,good,"zone=1, batch=7"
evt-00001419,2026-01-01T00:07:59Z,sensor-004,4.99,good,"zone=4, batch=5"
evt-00002527,2026-01-01T00:07:59Z,sensor-007,21.22,suspect,"zone=1, batch=10"
evt-00003568,2026-01-01T00:07:59Z,sensor-007,25.28,good,"zone=1, batch=14"
evt-00003302,2026-01-01T00:07:59Z,sensor-009,36.53,good,"zone=2, batch=13"
evt-00004414,2026-01-01T00:07:59Z,sensor-009,-10.97,good,"zone=4, batch=17"
evt-00001662,2026-01-01T00:07:59Z,sensor-010,36.11,suspect,"zone=4, batch=6"
evt-00004878,2026-01-01T00:07:59Z,sensor-011,31.09,suspect,"zone=4, batch=19"
evt-00002561,2026-01-01T00:08:00Z,sensor-002,7.66,suspect,"zone=3, batch=10"
evt-00003696,2026-01-01T00:08:00Z,sensor-004,10.66,good,"zone=1, batch=14"
evt-00003644,2026-01-01T00:08:00Z,sensor-005,19.54,good,"zone=3, batch=14"
evt-00002635,2026-01-01T00:08:00Z,sensor-008,33.39,good,"zone=1, batch=10"
evt-00001537,2026-01-01T00:08:00Z,sensor-009,25.93,good,"zone=2, batch=6"
evt-00002667,2026-01-01T00:08:00Z,sensor-009,-8.69,good,"zone=2, batch=10"
evt-00000341,2026-01-01T00:08:00Z,sensor-012,5.74,good,"zone=4, batch=1"
evt-00004749,2026-01-01T00:08:01Z,sensor-001,37.81,suspect,"zone=1, batch=18"
evt-00000342,2026-01-01T00:08:01Z,sensor-005,-4.45,suspect,"zone=1, batch=1"
evt-00001759,2026-01-01T00:08:01Z,sensor-006,22.31,good,"zone=4, batch=7"
evt-00004158,2026-01-01T00:08:01Z,sensor-006,-11.37,good,"zone=2, batch=16"
evt-00004806,2026-01-01T00:08:01Z,sensor-007,32.20,good,"zone=2, batch=19"
evt-00001314,2026-01-01T00:08:01Z,sensor-009,-4.08,good,"zone=2, batch=5"
evt-00002921,2026-01-01T00:08:01Z,sensor-009,-1.72,good,"zone=4, batch=11"
evt-00004868,2026-01-01T00:08:01Z,sensor-009,18.87,suspect,"zone=1, batch=19"
evt-00002343,2026-01-01T00:08:01Z,sensor-011,15.95,good,"zone=1, batch=9"
evt-00001144,2026-01-01T00:08:01Z,sensor-012,-9.12,good,"zone=2, batch=4"
evt-00001728,2026-01-01T00:08:02Z,sensor-001,21.93,good,"zone=2, batch=6"
evt-00000758,2026-01-01T00:08:02Z,sensor-005,-9.81,good,"zone=4, batch=3"
evt-00004333,2026-01-01T00:08:02Z,sensor-006,-3.61,good,"zone=2, batch=17"
evt-00003143,2026-01-01T00:08:03Z,sensor-005,26.58,good,"zone=3, batch=12"
evt-00002364,2026-01-01T00:08:03Z,sensor-012,27.12,good,"zone=3, batch=9"
evt-00002719,2026-01-01T00:08:04Z,sensor-001,3.44,good,"zone=3, batch=10"
evt-00002518,2026-01-01T00:08:04Z,sensor-002,16.85,suspect,"zone=3, batch=10"
evt-00004433,2026-01-01T00:08:04Z,sensor-007,-9.60,good,"zone=2, batch=17"
evt-00000840,2026-01-01T00:08:06Z,sensor-005,14.17,good,"zone=2, batch=3"
evt-00003457,2026-01-01T00:08:06Z,sensor-005,26.18,good,"zone=4, batch=13"
evt-00004423,2026-01-01T00:08:06Z,sensor-005,0.91,good,"zone=1, batch=17"
evt-00001074,2026-01-01T00:08:06Z,sensor-006,-6.31,good,"zone=1, batch=4"
evt-00004662,2026-01-01T00:08:06Z,sensor-006,13.12,suspect,"zone=3, batch=18"
evt-00000003,2026-01-01T00:08:07Z,sensor-003,28.76,good,"zone=3, batch=0"
evt-00004404,2026-01-01T00:08:07Z,sensor-003,12.59,good,"zone=3, batch=17"
evt-00002378,2026-01-01T00:08:07Z,sensor-004,-5.56,good,"zone=1, batch=9"
evt-00002348,2026-01-01T00:08:07Z,sensor-006,-0.20,good,"zone=4, batch=9"
evt-00000541,2026-01-01T00:08:07Z,sensor-008,14.29,good,"zone=1, batch=2"
evt-00003495,2026-01-01T00:08:07Z,sensor-010,24.70,good,"zone=1, batch=13"
evt-00003037,2026-01-01T00:08:07Z,sensor-011,-0.44,good,"zone=4, batch=12"
evt-00004445,2026-01-01T00:08:08Z,sensor-001,34.80,suspect,"zone=3, batch=17"
evt-00002432,2026-01-01T00:08:08Z,sensor-008,15.30,good,"zone=1, batch=9"
evt-00003693,2026-01-01T00:08:08Z,sensor-009,12.43,good,"zone=3, batch=14"
evt-00002753,2026-01-01T00:08:08Z,sensor-010,-7.11,suspect,"zone=3, batch=11"
evt-00002210,2026-01-01T00:08:08Z,sensor-011,13.56,good,"zone=2, batch=8"
evt-00003130,2026-01-01T00:08:09Z,sensor-001,8.48,good,"zone=2, batch=12"
evt-00004985,2026-01-01T00:08:09Z,sensor-001,27.75,good,"zone=4, batch=19"
evt-00001845,2026-01-01T00:08:09Z,sensor-002,10.57,good,"zone=4, batch=7"
evt-00002857,2026-01-01T00:08:09Z,sensor-006,-0.61,suspect,"zone=3, batch=11"
evt-00003458,2026-01-01T00:08:09Z,sensor-008,3.01,good,"zone=2, batch=13"
evt-00003532,2026-01-01T00:08:09Z,sensor-009,-0.18,good,"zone=1, batch=14"
evt-00000291,2026-01-01T00:08:10Z,sensor-001,-7.56,good,"zone=2, batch=1"
evt-00004128,2026-01-01T00:08:10Z,sensor-004,-11.77,suspect,"zone=4, batch=16"
evt-00001785,2026-01-01T00:08:10Z,sensor-008,0.76,good,"zone=2, batch=7"
evt-00000790,2026-01-01T00:08:10Z,sensor-009,5.36,good,"zone=2, batch=3"
evt-00000796,2026-01-01T00:08:10Z,sensor-009,27.09,suspect,"zone=3, batch=3"
evt-00002735,2026-01-01T00:08:10Z,sensor-010,-6.40,good,"zone=1, batch=10"
evt-00001790,2026-01-01T00:08:11Z,sensor-001,-3.70,good,"zone=2, batch=7"
evt-00000949,2026-01-01T00:08:11Z,sensor-005,-4.52,good,"zone=4, batch=3"
evt-00004063,2026-01-01T00:08:11Z,sensor-011,32.93,good,"zone=2, batch=16"
evt-00002961,2026-01-01T00:08:12Z,sensor-001,-8.32,suspect,"zone=1, batch=11"
evt-00002290,2026-01-01T00:08:12Z,sensor-003,22.64,good,"zone=2, batch=9"
evt-00002793,2026-01-01T00:08:12Z,sensor-003,36.96,suspect,"zone=4, batch=11"
evt-00000976,2026-01-01T00:08:12Z,sensor-010,35.29,good,"zone=1, batch=3"
evt-00004466,2026-01-01T00:08:12Z,sensor-010,-3.40,good,"zone=4, batch=17"
evt-00004803,2026-01-01T00:08:12Z,sensor-010,6.14,good,"zone=2, batch=19"
evt-00000460,2026-01-01T00:08:12Z,sensor-011,32.18,good,"zone=2, batch=1"
evt-00004359,2026-01-01T00:08:12Z,sensor-012,35.29,good,"zone=2, batch=17"
evt-00002131,2026-01-01T00:08:13Z,sensor-004,27.72,suspect,"zone=2, batch=8"
evt-00002361,2026-01-01T00:08:13Z,sensor-010,14.47,good,"zone=4, batch=9"
evt-00001262,2026-01-01T00:08:14Z,sensor-001,0.23,good,"zone=3, batch=5"
evt-00002151,2026-01-01T00:08:14Z,sensor-002,34.38,suspect,"zone=1, batch=8"
evt-00003651,2026-01-01T00:08:14Z,sensor-008,20.77,good,"zone=1, batch=14"
evt-00003829,2026-01-01T00:08:14Z,sensor-009,5.76,suspect,"zone=3, batch=15"
evt-00003746,2026-01-01T00:08:14Z,sensor-010,10.57,good,"zone=2, batch=14"
evt-00004224,2026-01-01T00:08:14Z,sensor-010,37.13,good,"zone=3, batch=16"
evt-00004455,2026-01-01T00:08:15Z,sensor-003,5.84,good,"zone=2, batch=17"
evt-00000856,2026-01-01T00:08:15Z,sensor-004,33.06,good,"zone=4, batch=3"
evt-00004311,2026-01-01T00:08:15Z,sensor-004,36.85,good,"zone=2, batch=17"
evt-00000074,2026-01-01T00:08:15Z,sensor-006,4.92,suspect,"zone=2, batch=0"
evt-00001286,2026-01-01T00:08:15Z,sensor-008,14.16,good,"zone=2, batch=5"
evt-00003668,2026-01-01T00:08:15Z,sensor-009,18.30,good,"zone=4, batch=14"
evt-00001835,2026-01-01T00:08:15Z,sensor-011,26.05,good,"zone=1, batch=7"
evt-00004212,2026-01-01T00:08:16Z,sensor-005,11.98,good,"zone=4, batch=16"
evt-00004874,2026-01-01T00:08:16Z,sensor-006,4.26,good,"zone=1, batch=19"
evt-00004928,2026-01-01T00:08:16Z,sensor-007,32.40,suspect,"zone=1, batch=19"
evt-00000056,2026-01-01T00:08:16Z,sensor-008,13.28,good,"zone=1, batch=0"
evt-00002445,2026-01-01T00:08:16Z,sensor-008,-9.57,good,"zone=3, batch=9"
evt-00000463,2026-01-01T00:08:16Z,sensor-012,35.28,good,"zone=4, batch=1"
evt-00003975,2026-01-01T00:08:17Z,sensor-002,24.32,suspect,"zone=2, batch=15"
evt-00004809,2026-01-01T00:08:17Z,sensor-002,29.31,good,"zone=4, batch=19"
evt-00004814,2026-01-01T00:08:17Z,sensor-002,12.16,good,"zone=4, batch=19"
evt-00001284,2026-01-01T00:08:17Z,sensor-005,11.65,suspect,"zone=3, batch=5"
evt-00000737,2026-01-01T00:08:17Z,sensor-007,33.20,good,"zone=4, batch=2"
evt-00004039,2026-01-01T00:08:17Z,sensor-007,5.89,good,"zone=4, batch=16"
evt-00004820,2026-01-01T00:08:17Z,sensor-010,16.79,suspect,"zone=2, batch=19"
evt-00004965,2026-01-01T00:08:17Z,sensor-011,-4.84,good,"zone=4, batch=19"
evt-00000873,2026-01-01T00:08:18Z,sensor-002,14.28,good,"zone=3, batch=3"
evt-00003316,2026-01-01T00:08:18Z,sensor-003,35.25,suspect,"zone=3, batch=13"
evt-00001443,2026-01-01T00:08:18Z,sensor-004,20.86,suspect,"zone=1, batch=5"
evt-00000757,2026-01-01T00:08:18Z,sensor-009,34.14,good,"zone=2, batch=3"
evt-00002645,2026-01-01T00:08:18Z,sensor-009,-2.75,good,"zone=3, batch=10"
evt-00004441,2026-01-01T00:08:18Z,sensor-010,-2.08,good,"zone=1, batch=17"
evt-00002323,2026-01-01T00:08:19Z,sensor-002,32.07,good,"zone=3, batch=9"
evt-00003954,2026-01-01T00:08:19Z,sensor-002,34.75,suspect,"zone=2, batch=15"
evt-00003573,2026-01-01T00:08:19Z,sensor-006,35.05,good,"zone=3, batch=14"
evt-00001984,2026-01-01T00:08:19Z,sensor-012,29.50,suspect,"zone=1, batch=7"
evt-00000724,2026-01-01T00:08:20Z,sensor-001,-6.86,good,"zone=2, batch=2"
evt-00002051,2026-01-01T00:08:20Z,sensor-002,24.78,good,"zone=1, batch=8"
evt-00003061,2026-01-01T00:08:20Z,sensor-011,10.40,good,"zone=2, batch=12"
evt-00004463,2026-01-01T00:08:21Z,sensor-003,3.42,good,"zone=2, batch=17"
evt-00004385,2026-01-01T00:08:21Z,sensor-004,-7.00,good,"zone=1, batch=17"
evt-00001988,2026-01-01T00:08:21Z,sensor-006,10.45,suspect,"zone=3, batch=7"
evt-00003220,2026-01-01T00:08:21Z,sensor-006,21.90,good,"zone=4, batch=12"
evt-00000850,2026-01-01T00:08:21Z,sensor-010,-7.31,good,"zone=1, batch=3"
evt-00001535,2026-01-01T00:08:21Z,sensor-010,11.40,good,"zone=1, batch=6"
evt-00001097,2026-01-01T00:08:21Z,sensor-011,25.85,good,"zone=1, batch=4"
evt-00000493,2026-01-01T00:08:22Z,sensor-001,31.60,good,"zone=1, batch=1"
evt-00003700,2026-01-01T00:08:22Z,sensor-002,-11.94,good,"zone=2, batch=14"
evt-00004473,2026-01-01T00:08:22Z,sensor-002,-11.77,good,"zone=4, batch=17"
evt-00000637,2026-01-01T00:08:22Z,sensor-005,-2.78,good,"zone=3, batch=2"
evt-00004031,2026-01-01T00:08:22Z,sensor-009,27.99,good,"zone=1, batch=16"
evt-00003174,2026-01-01T00:08:22Z,sensor-011,15.31,good,"zone=4, batch=12"
evt-00004967,2026-01-01T00:08:22Z,sensor-011,2.32,good,"zone=2, batch=19"
evt-00001725,2026-01-01T00:08:22Z,sensor-012,32.33,suspect,"zone=4, batch=6"
evt-00002198,2026-01-01T00:08:23Z,sensor-004,19.39,good,"zone=3, batch=8"
evt-00002273,2026-01-01T00:08:23Z,sensor-004,-10.61,good,"zone=2, batch=9"
evt-00004624,2026-01-01T00:08:23Z,sensor-007,19.17,good,"zone=3, batch=18"
evt-00000823,2026-01-01T00:08:23Z,sensor-010,-9.71,suspect,"zone=4, batch=3"
evt-00003788,2026-01-01T00:08:23Z,sensor-010,7.50,good,"zone=3, batch=15"
evt-00000649,2026-01-01T00:08:24Z,sensor-001,20.57,suspect,"zone=3, batch=2"
evt-00000000,2026-01-01T00:08:24Z,sensor-002,36.47,suspect,"zone=4, batch=0"
evt-00002691,2026-01-01T00:08:24Z,sensor-003,15.25,good,"zone=1, batch=10"
evt-00004949,2026-01-01T00:08:24Z,sensor-003,-5.55,good,"zone=2, batch=19"
evt-00000686,2026-01-01T00:08:24Z,sensor-005,29.39,good,"zone=3, batch=2"
evt-00001505,2026-01-01T00:08:24Z,sensor-005,30.27,good,"zone=1, batch=6"
evt-00000917,2026-01-01T00:08:24Z,sensor-006,21.52,good,"zone=2, batch=3"
evt-00002925,2026-01-01T00:08:24Z,sensor-007,13.43,suspect,"zone=4, batch=11"
evt-00000574,2026-01-01T00:08:24Z,sensor-008,2.42,good,"zone=3, batch=2"
evt-00002811,2026-01-01T00:08:24Z,sensor-008,31.28,good,"zone=1, batch=11"
evt-00004378,2026-01-01T00:08:25Z,sensor-001,31.13,good,"zone=4, batch=17"
evt-00000378,2026-01-01T00:08:25Z,sensor-003,9.06,suspect,"zone=4, batch=1"
evt-00004761,2026-01-01T00:08:25Z,sensor-003,24.51,suspect,"zone=1, batch=19"
evt-00002025,2026-01-01T00:08:25Z,sensor-006,21.34,suspect,"zone=3, batch=8"
evt-00002433,2026-01-01T00:08:25Z,sensor-008,25.61,good,"zone=2, batch=9"
evt-00002268,2026-01-01T00:08:25Z,sensor-009,-8.47,good,"zone=2, batch=9"
evt-00000394,2026-01-01T00:08:25Z,sensor-010,5.17,good,"zone=4, batch=1"
evt-00004080,2026-01-01T00:08:25Z,sensor-011,3.71,good,"zone=4, batch=16"
evt-00001022,2026-01-01T00:08:26Z,sensor-004,28.00,suspect,"zone=4, batch=4"
evt-00001756,2026-01-01T00:08:26Z,sensor-006,18.64,good,"zone=2, batch=7"
evt-00002133,2026-01-01T00:08:26Z,sensor-007,15.51,good,"zone=2, batch=8"
evt-00003113,2026-01-01T00:08:26Z,sensor-010,-5.30,good,"zone=3, batch=12"
evt-00000545,2026-01-01T00:08:26Z,sensor-011,1.12,good,"zone=4, batch=2"
evt-00004444,2026-01-01T00:08:26Z,sensor-011,9.60,good,"zone=4, batch=17"
evt-00002816,2026-01-01T00:08:27Z,sensor-001,25.65,good,"zone=1, batch=11"
evt-00001829,2026-01-01T00:08:27Z,sensor-002,32.69,good,"zone=1, batch=7"
evt-00004136,2026-01-01T00:08:27Z,sensor-003,28.83,suspect,"zone=1, batch=16"
evt-00002599,2026-01-01T00:08:27Z,sensor-005,-4.75,good,"zone=1, batch=10"
evt-00001252,2026-01-01T00:08:27Z,sensor-009,1.69,good,"zone=1, batch=5"
evt-00001587,2026-01-01T00:08:27Z,sensor-012,-4.47,good,"zone=3, batch=6"
evt-00000193,2026-01-01T00:08:28Z,sensor-010,3.27,good,"zone=2, batch=0"
evt-00004781,2026-01-01T00:08:28Z,sensor-010,5.45,good,"zone=2, batch=19"
evt-00003907,2026-01-01T00:08:28Z,sensor-011,35.42,good,"zone=4, batch=15"
evt-00003550,2026-01-01T00:08:29Z,sensor-001,29.50,good,"zone=2, batch=14"
evt-00001997,2026-01-01T00:08:29Z,sensor-004,26.31,good,"zone=4, batch=7"
evt-00000503,2026-01-01T00:08:29Z,sensor-005,-7.90,good,"zone=1, batch=2"
evt-00003071,2026-01-01T00:08:30Z,sensor-001,4.99,good,"zone=2, batch=12"
evt-00004728,2026-01-01T00:08:30Z,sensor-001,12.90,good,"zone=4, batch=18"
evt-00004752,2026-01-01T00:08:30Z,sensor-001,-4.96,good,"zone=2, batch=19"
evt-00001509,2026-01-01T00:08:30Z,sensor-002,20.49,good,"zone=3, batch=6"
evt-00000934,2026-01-01T00:08:30Z,sensor-003,35.95,good,"zone=1, batch=3"
evt-00000596,2026-01-01T00:08:30Z,sensor-005,20.86,suspect,"zone=4, batch=2"
evt-00002262,2026-01-01T00:08:30Z,sensor-005,-9.90,good,"zone=2, batch=9"
evt-00001072,2026-01-01T00:08:30Z,sensor-011,12.55,suspect,"zone=2, batch=4"
evt-00002598,2026-01-01T00:08:31Z,sensor-002,8.96,suspect,"zone=4, batch=10"
evt-00000848,2026-01-01T00:08:31Z,sensor-003,-2.74,good,"zone=2, batch=3"
evt-00001818,2026-01-01T00:08:31Z,sensor-003,31.75,good,"zone=1, batch=7"
evt-00003260,2026-01-01T00:08:31Z,sensor-003,21.88,suspect,"zone=4, batch=13"
evt-00004229,2026-01-01T00:08:31Z,sensor-005,10.89,good,"zone=3, batch=16"
evt-00000108,2026-01-01T00:08:31Z,sensor-007,13.59,suspect,"zone=4, batch=0"
evt-00001416,2026-01-01T00:08:31Z,sensor-007,-1.34,suspect,"zone=4, batch=5"
evt-00003524,2026-01-01T00:08:31Z,sensor-008,26.24,good,"zone=3, batch=14"
evt-00003922,2026-01-01T00:08:31Z,sensor-008,17.88,good,"zone=1, batch=15"
evt-00000277,2026-01-01T00:08:32Z,sensor-002,34.76,good,"zone=4, batch=1"
evt-00002734,2026-01-01T00:08:32Z,sensor-003,26.94,good,"zone=4, batch=10"
evt-00004859,2026-01-01T00:08:32Z,sensor-003,14.65,good,"zone=4, batch=19"
evt-00001663,2026-01-01T00:08:32Z,sensor-006,22.06,good,"zone=2, batch=6"
evt-00003973,2026-01-01T00:08:32Z,sensor-010,33.37,suspect,"zone=2, batch=15"
evt-00000418,2026-01-01T00:08:32Z,sensor-012,5.03,good,"zone=4, batch=1"
evt-00001657,2026-01-01T00:08:32Z,sensor-012,10.65,suspect,"zone=4, batch=6"
evt-00000588,2026-01-01T00:08:33Z,sensor-004,8.02,good,"zone=4, batch=2"
evt-00001982,2026-01-01T00:08:33Z,sensor-004,1.43,good,"zone=1, batch=7"
evt-00003179,2026-01-01T00:08:33Z,sensor-004,20.77,good,"zone=4, batch=12"
evt-00000420,2026-01-01T00:08:33Z,sensor-008,37.33,good,"zone=1, batch=1"
evt-00002661,2026-01-01T00:08:33Z,sensor-010,15.06,good,"zone=1, batch=10"
evt-00000098,2026-01-01T00:08:33Z,sensor-012,-7.71,good,"zone=2, batch=0"
evt-00004587,2026-01-01T00:08:33Z,sensor-012,37.90,suspect,"zone=3, batch=18"
evt-00003525,2026-01-01T00:08:34Z,sensor-001,1.23,good,"zone=1, batch=14"
evt-00002552,2026-01-01T00:08:34Z,sensor-004,-3.63,good,"zone=1, batch=10"
evt-00000835,2026-01-01T00:08:34Z,sensor-006,-5.80,good,"zone=1, batch=3"
evt-00004119,2026-01-01T00:08:34Z,sensor-006,16.46,suspect,"zone=2, batch=16"
evt-00001554,2026-01-01T00:08:34Z,sensor-008,-1.88,suspect,"zone=3, batch=6"
evt-00004325,2026-01-01T00:08:34Z,sensor-009,29.08,suspect,"zone=4, batch=17"
evt-00000033,2026-01-01T00:08:34Z,sensor-010,29.00,good,"zone=3, batch=0"
evt-00002065,2026-01-01T00:08:34Z,sensor-012,17.52,good,"zone=2, batch=8"
evt-00000281,2026-01-01T00:08:35Z,sensor-002,-0.10,good,"zone=3, batch=1"
evt-00001989,2026-01-01T00:08:35Z,sensor-002,21.65,good,"zone=4, batch=7"
evt-00001869,2026-01-01T00:08:35Z,sensor-004,5.55,good,"zone=3, batch=7"
evt-00002483,2026-01-01T00:08:35Z,sensor-005,4.73,good,"zone=4, batch=9"
evt-00000103,2026-01-01T00:08:35Z,sensor-008,24.05,suspect,"zone=1, batch=0"
evt-00003452,2026-01-01T00:08:35Z,sensor-008,27.55,good,"zone=3, batch=13"
evt-00003763,2026-01-01T00:08:36Z,sensor-003,35.20,good,"zone=1, batch=15"
evt-00000481,2026-01-01T00:08:36Z,sensor-005,-10.58,suspect,"zone=4, batch=1"
evt-00003547,2026-01-01T00:08:36Z,sensor-005,-0.02,good,"zone=1, batch=14"
evt-00001118,2026-01-01T00:08:37Z,sensor-001,2.30,good,"zone=3, batch=4"
evt-00002985,2026-01-01T00:08:37Z,sensor-002,23.49,good,"zone=4, batch=11"
evt-00001452,2026-01-01T00:08:37Z,sensor-003,8.09,good,"zone=4, batch=5"
evt-00003519,2026-01-01T00:08:37Z,sensor-003,-3.13,good,"zone=2, batch=14"
evt-00000607,2026-01-01T00:08:37Z,sensor-005,-2.75,suspect,"zone=4, batch=2"
evt-00000112,2026-01-01T00:08:37Z,sensor-008,11.10,good,"zone=3, batch=0"
evt-00002230,2026-01-01T00:08:37Z,sensor-010,19.11,good,"zone=2, batch=8"
evt-00001216,2026-01-01T00:08:37Z,sensor-011,6.26,good,"zone=2, batch=4"
evt-00001423,2026-01-01T00:08:37Z,sensor-012,19.61,good,"zone=2, batch=5"
evt-00002197,2026-01-01T00:08:37Z,sensor-012,-5.24,good,"zone=2, batch=8"
evt-00004170,2026-01-01T00:08:38Z,sensor-003,24.25,good,"zone=1, batch=16"
evt-00003345,2026-01-01T00:08:38Z,sensor-005,3.52,suspect,"zone=3, batch=13"
evt-00002737,2026-01-01T00:08:38Z,sensor-007,-8.30,good,"zone=3, batch=10"
evt-00001956,2026-01-01T00:08:38Z,sensor-008,34.93,good,"zone=4, batch=7"
evt-00004161,2026-01-01T00:08:38Z,sensor-012,-3.10,suspect,"zone=2, batch=16"
evt-00001581,2026-01-01T00:08:39Z,sensor-002,9.63,good,"zone=4, batch=6"
evt-00002428,2026-01-01T00:08:39Z,sensor-005,-0.22,suspect,"zone=4, batch=9"
evt-00000811,2026-01-01T00:08:39Z,sensor-006,5.36,good,"zone=3, batch=3"
evt-00001066,2026-01-01T00:08:39Z,sensor-006,1.43,good,"zone=2, batch=4"
evt-00003377,2026-01-01T00:08:39Z,sensor-009,7.27,good,"zone=3, batch=13"
evt-00002059,2026-01-01T00:08:39Z,sensor-012,9.26,good,"zone=4, batch=8"
evt-00001855,2026-01-01T00:08:40Z,sensor-001,2.33,good,"zone=2, batch=7"
evt-00003719,2026-01-01T00:08:40Z,sensor-001,32.77,suspect,"zone=4, batch=14"
evt-00003361,2026-01-01T00:08:40Z,sensor-002,23.56,good,"zone=4, batch=13"
evt-00004388,2026-01-01T00:08:40Z,sensor-003,-7.05,suspect,"zone=3, batch=17"
evt-00000734,2026-01-01T00:08:40Z,sensor-004,17.99,suspect,"zone=4, batch=2"
evt-00001494,2026-01-01T00:08:40Z,sensor-005,14.32,good,"zone=3, batch=5"
evt-00004717,2026-01-01T00:08:40Z,sensor-006,23.05,good,"zone=4, batch=18"
evt-00004604,2026-01-01T00:08:40Z,sensor-008,32.10,good,"zone=1, batch=18"
evt-00001550,2026-01-01T00:08:40Z,sensor-009,14.59,suspect,"zone=3, batch=6"
evt-00000977,2026-01-01T00:08:40Z,sensor-010,1.16,good,"zone=2, batch=3"
evt-00004159,2026-01-01T00:08:42Z,sensor-001,6.70,good,"zone=3, batch=16"
evt-00003084,2026-01-01T00:08:42Z,sensor-002,-1.73,good,"zone=3, batch=12"
evt-00000308,2026-01-01T00:08:42Z,sensor-004,17.43,good,"zone=4, batch=1"
evt-00002849,2026-01-01T00:08:42Z,sensor-006,31.36,good,"zone=1, batch=11"
evt-00003766,2026-01-01T00:08:42Z,sensor-008,7.55,good,"zone=3, batch=15"
evt-00003835,2026-01-01T00:08:42Z,sensor-011,-0.40,good,"zone=4, batch=15"
evt-00002997,2026-01-01T00:08:43Z,sensor-001,26.36,good,"zone=3, batch=11"
evt-00002551,2026-01-01T00:08:43Z,sensor-002,23.86,suspect,"zone=1, batch=10"
evt-00001435,2026-01-01T00:08:43Z,sensor-004,14.02,good,"zone=1, batch=5"
evt-00003938,2026-01-01T00:08:43Z,sensor-004,0.87,good,"zone=1, batch=15"
evt-00004371,2026-01-01T00:08:43Z,sensor-006,13.72,good,"zone=4, batch=17"
evt-00004071,2026-01-01T00:08:43Z,sensor-007,0.27,good,"zone=1, batch=16"
evt-00000487,2026-01-01T00:08:43Z,sensor-008,21.33,suspect,"zone=2, batch=1"
evt-00000533,2026-01-01T00:08:43Z,sensor-009,34.56,good,"zone=2, batch=2"
evt-00004795,2026-01-01T00:08:43Z,sensor-009,-5.74,good,"zone=1, batch=19"
evt-00004143,2026-01-01T00:08:43Z,sensor-010,-1.69,good,"zone=3, batch=16"
evt-00002757,2026-01-01T00:08:43Z,sensor-011,21.25,suspect,"zone=2, batch=11"
evt-00000797,2026-01-01T00:08:44Z,sensor-003,-1.90,good,"zone=1, batch=3"
evt-00001635,2026-01-01T00:08:44Z,sensor-005,15.87,good,"zone=1, batch=6"
evt-00004017,2026-01-01T00:08:44Z,sensor-007,10.72,good,"zone=1, batch=16"
evt-00004948,2026-01-01T00:08:44Z,sensor-010,19.95,suspect,"zone=2, batch=19"
evt-00001173,2026-01-01T00:08:44Z,sensor-011,-10.49,suspect,"zone=1, batch=4"
evt-00000575,2026-01-01T00:08:45Z,sensor-007,-11.91,good,"zone=3, batch=2"
evt-00000232,2026-01-01T00:08:45Z,sensor-008,5.75,good,"zone=1, batch=0"
evt-00003634,2026-01-01T00:08:45Z,sensor-009,0.84,good,"zone=2, batch=14"
evt-00002448,2026-01-01T00:08:45Z,sensor-012,18.68,good,"zone=1, batch=9"
evt-00001795,2026-01-01T00:08:46Z,sensor-001,32.00,suspect,"zone=1, batch=7"
evt-00002952,2026-01-01T00:08:46Z,sensor-001,-3.06,good,"zone=1, batch=11"
evt-00004268,2026-01-01T00:08:46Z,sensor-002,30.21,suspect,"zone=3, batch=17"
evt-00003859,2026-01-01T00:08:46Z,sensor-005,-11.20,good,"zone=3, batch=15"
evt-00000429,2026-01-01T00:08:46Z,sensor-006,33.41,suspect,"zone=2, batch=1"
evt-00003548,2026-01-01T00:08:46Z,sensor-007,27.81,good,"zone=3, batch=14"
evt-00000213,2026-01-01T00:08:46Z,sensor-010,-7.07,good,"zone=2, batch=0"
evt-00002416,2026-01-01T00:08:46Z,sensor-010,14.51,suspect,"zone=4, batch=9"
evt-00001400,2026-01-01T00:08:46Z,sensor-011,26.79,good,"zone=4, batch=5"
evt-00002052,2026-01-01T00:08:47Z,sensor-002,-8.01,good,"zone=3, batch=8"
evt-00002247,2026-01-01T00:08:47Z,sensor-002,5.90,suspect,"zone=2, batch=8"
evt-00003307,2026-01-01T00:08:47Z,sensor-003,35.00,good,"zone=1, batch=13"
evt-00002800,2026-01-01T00:08:47Z,sensor-004,13.11,good,"zone=4, batch=11"
evt-00004097,2026-01-01T00:08:47Z,sensor-006,11.21,good,"zone=4, batch=16"
evt-00001683,2026-01-01T00:08:47Z,sensor-007,-5.64,good,"zone=3, batch=6"
evt-00002057,2026-01-01T00:08:47Z,sensor-008,2.61,good,"zone=1, batch=8"
evt-00000718,2026-01-01T00:08:47Z,sensor-011,10.17,good,"zone=1, batch=2"
evt-00001164,2026-01-01T00:08:47Z,sensor-012,-1.52,good,"zone=1, batch=4"
evt-00004989,2026-01-01T00:08:48Z,sensor-003,22.12,good,"zone=2, batch=19"
evt-00003344,2026-01-01T00:08:48Z,sensor-005,-7.30,good,"zone=4, batch=13"
evt-00004188,2026-01-01T00:08:48Z,sensor-007,35.83,good,"zone=4, batch=16"
evt-00001047,2026-01-01T00:08:48Z,sensor-008,-1.82,good,"zone=1, batch=4"
evt-00001549,2026-01-01T00:08:48Z,sensor-008,-4.50,good,"zone=2, batch=6"
evt-00002031,2026-01-01T00:08:49Z,sensor-001,36.53,good,"zone=4, batch=8"
evt-00004671,2026-01-01T00:08:49Z,sensor-002,32.40,good,"zone=4, batch=18"
evt-00001429,2026-01-01T00:08:49Z,sensor-005,19.91,good,"zone=4, batch=5"
evt-00001918,2026-01-01T00:08:49Z,sensor-005,30.66,suspect,"zone=2, batch=7"
evt-00004056,2026-01-01T00:08:50Z,sensor-001,9.39,suspect,"zone=2, batch=16"
evt-00000697,2026-01-01T00:08:50Z,sensor-005,-4.41,good,"zone=4, batch=2"
evt-00000948,2026-01-01T00:08:50Z,sensor-008,13.03,good,"zone=1, batch=3"
evt-00004082,2026-01-01T00:08:50Z,sensor-009,3.33,good,"zone=3, batch=16"
evt-00004110,2026-01-01T00:08:50Z,sensor-011,17.62,good,"zone=4, batch=16"
evt-00001191,2026-01-01T00:08:51Z,sensor-002,16.41,suspect,"zone=4, batch=4"
evt-00002528,2026-01-01T00:08:51Z,sensor-002,19.41,good,"zone=3, batch=10"
evt-00004690,2026-01-01T00:08:51Z,sensor-003,37.05,good,"zone=2, batch=18"
evt-00001691,2026-01-01T00:08:51Z,sensor-010,16.95,good,"zone=1, batch=6"
evt-00004915,2026-01-01T00:08:52Z,sensor-002,-0.86,good,"zone=4, batch=19"
evt-00003024,2026-01-01T00:08:52Z,sensor-004,37.05,good,"zone=4, batch=12"
evt-00000085,2026-01-01T00:08:52Z,sensor-006,-0.29,good,"zone=4, batch=0"
evt-00001040,2026-01-01T00:08:52Z,sensor-006,21.82,good,"zone=2, batch=4"
evt-00000815,2026-01-01T00:08:52Z,sensor-008,-10.69,good,"zone=1, batch=3"
evt-00001667,2026-01-01T00:08:52Z,sensor-008,26.50,good,"zone=4, batch=6"
evt-00000515,2026-01-01T00:08:52Z,sensor-009,-10.21,good,"zone=4, batch=2"
evt-00001425,2026-01-01T00:08:52Z,sensor-010,36.67,good,"zone=1, batch=5"
evt-00003010,2026-01-01T00:08:52Z,sensor-011,-1.07,good,"zone=4, batch=12"
evt-00004400,2026-01-01T00:08:52Z,sensor-012,3.73,good,"zone=4, batch=17"
evt-00001968,2026-01-01T00:08:53Z,sensor-003,6.06,suspect,"zone=3, batch=7"
evt-00002465,2026-01-01T00:08:53Z,sensor-003,8.60,good,"zone=3, batch=9"
evt-00003846,2026-01-01T00:08:53Z,sensor-005,31.72,suspect,"zone=3, batch=15"
evt-00003014,2026-01-01T00:08:53Z,sensor-007,3.16,suspect,"zone=3, batch=12"
evt-00001385,2026-01-01T00:08:53Z,sensor-008,14.55,good,"zone=4, batch=5"
evt-00004879,2026-01-01T00:08:53Z,sensor-008,8.09,good,"zone=1, batch=19"
evt-00003132,2026-01-01T00:08:53Z,sensor-009,32.12,suspect,"zone=2, batch=12"
evt-00002874,2026-01-01T00:08:53Z,sensor-011,10.14,suspect,"zone=1, batch=11"
evt-00000113,2026-01-01T00:08:54Z,sensor-003,-0.53,good,"zone=1, batch=0"
evt-00003802,2026-01-01T00:08:54Z,sensor-005,28.47,good,"zone=2, batch=15"
evt-00000711,2026-01-01T00:08:54Z,sensor-006,21.50,suspect,"zone=4, batch=2"
evt-00001272,2026-01-01T00:08:54Z,sensor-008,34.27,suspect,"zone=3, batch=5"
evt-00004401,2026-01-01T00:08:54Z,sensor-008,3.33,suspect,"zone=2, batch=17"
evt-00002477,2026-01-01T00:08:54Z,sensor-009,10.89,good,"zone=1, batch=9"
evt-00000965,2026-01-01T00:08:55Z,sensor-001,15.04,good,"zone=1, batch=3"
evt-00002766,2026-01-01T00:08:55Z,sensor-001,5.85,good,"zone=3, batch=11"
evt-00004243,2026-01-01T00:08:55Z,sensor-001,33.57,good,"zone=2, batch=16"
evt-00004912,2026-01-01T00:08:55Z,sensor-007,-10.81,good,"zone=1, batch=19"
evt-00002350,2026-01-01T00:08:55Z,sensor-008,3.21,good,"zone=4, batch=9"
evt-00001134,2026-01-01T00:08:55Z,sensor-010,23.01,suspect,"zone=3, batch=4"
evt-00004122,2026-01-01T00:08:55Z,sensor-010,32.63,suspect,"zone=2, batch=16"
evt-00003526,2026-01-01T00:08:55Z,sensor-012,-3.28,suspect,"zone=2, batch=14"
evt-00001369,2026-01-01T00:08:56Z,sensor-001,30.62,good,"zone=2, batch=5"
evt-00002032,2026-01-01T00:08:56Z,sensor-001,-8.08,good,"zone=1, batch=8"
evt-00000149,2026-01-01T00:08:56Z,sensor-002,24.90,suspect,"zone=3, batch=0"
evt-00000261,2026-01-01T00:08:56Z,sensor-002,11.31,good,"zone=3, batch=1"
evt-00000007,2026-01-01T00:08:56Z,sensor-004,35.17,good,"zone=2, batch=0"
evt-00000163,2026-01-01T00:08:56Z,sensor-004,11.58,good,"zone=2, batch=0"
evt-00002525,2026-01-01T00:08:56Z,sensor-004,34.29,good,"zone=4, batch=10"
evt-00003192,2026-01-01T00:08:56Z,sensor-005,-10.93,good,"zone=1, batch=12"
evt-00002246,2026-01-01T00:08:56Z,sensor-007,27.70,suspect,"zone=1, batch=8"
evt-00004787,2026-01-01T00:08:56Z,sensor-007,7.97,suspect,"zone=3, batch=19"
evt-00002383,2026-01-01T00:08:57Z,sensor-002,32.06,good,"zone=2, batch=9"
evt-00004489,2026-01-01T00:08:57Z,sensor-006,8.85,suspect,"zone=4, batch=17"
evt-00000929,2026-01-01T00:08:57Z,sensor-007,-8.41,good,"zone=4, batch=3"
evt-00000340,2026-01-01T00:08:57Z,sensor-010,36.47,suspect,"zone=1, batch=1"
evt-00003879,2026-01-01T00:08:57Z,sensor-010,14.51,good,"zone=3, batch=15"
evt-00004663,2026-01-01T00:08:57Z,sensor-012,-9.86,good,"zone=2, batch=18"
evt-00003732,2026-01-01T00:08:58Z,sensor-001,31.74,good,"zone=2, batch=14"
evt-00004572,2026-01-01T00:08:58Z,sensor-002,16.70,good,"zone=2, batch=18"
evt-00003565,2026-01-01T00:08:58Z,sensor-003,-7.18,good,"zone=2, batch=14"
evt-00000611,2026-01-01T00:08:58Z,sensor-004,-3.48,suspect,"zone=3, batch=2"
evt-00003801,2026-01-01T00:08:58Z,sensor-004,34.67,good,"zone=3, batch=15"
evt-00003843,2026-01-01T00:08:58Z,sensor-005,-11.96,good,"zone=1, batch=15"
evt-00001618,2026-01-01T00:08:58Z,sensor-009,19.12,good,"zone=3, batch=6"
evt-00004397,2026-01-01T00:08:58Z,sensor-010,3.83,suspect,"zone=2, batch=17"
evt-00003234,2026-01-01T00:08:58Z,sensor-012,13.86,good,"zone=3, batch=12"
evt-00004934,2026-01-01T00:08:58Z,sensor-012,-0.60,good,"zone=2, batch=19"
evt-00003062,2026-01-01T00:08:59Z,sensor-004,13.47,suspect,"zone=4, batch=12"
evt-00003370,2026-01-01T00:08:59Z,sensor-004,27.70,good,"zone=2, batch=13"
evt-00000127,2026-01-01T00:08:59Z,sensor-005,20.30,good,"zone=3, batch=0"
evt-00004596,2026-01-01T00:08:59Z,sensor-005,-11.90,suspect,"zone=2, batch=18"
evt-00002927,2026-01-01T00:08:59Z,sensor-006,22.32,good,"zone=3, batch=11"
evt-00003097,2026-01-01T00:08:59Z,sensor-007,4.70,good,"zone=3, batch=12"
evt-00003011,2026-01-01T00:08:59Z,sensor-009,20.56,suspect,"zone=2, batch=12"
evt-00003422,2026-01-01T00:08:59Z,sensor-010,10.41,good,"zone=1, batch=13"
evt-00000559,2026-01-01T00:09:00Z,sensor-003,-2.83,good,"zone=2, batch=2"
evt-00003068,2026-01-01T00:09:00Z,sensor-004,7.85,good,"zone=4, batch=12"
evt-00004127,2026-01-01T00:09:00Z,sensor-008,-6.62,suspect,"zone=4, batch=16"
evt-00003478,2026-01-01T00:09:00Z,sensor-009,0.01,suspect,"zone=4, batch=13"
evt-00004593,2026-01-01T00:09:01Z,sensor-003,22.92,good,"zone=1, batch=18"
evt-00000013,2026-01-01T00:09:01Z,sensor-006,-7.58,good,"zone=1, batch=0"
evt-00000554,2026-01-01T00:09:01Z,sensor-006,12.94,good,"zone=1, batch=2"
evt-00001214,2026-01-01T00:09:01Z,sensor-006,36.17,good,"zone=2, batch=4"
evt-00000989,2026-01-01T00:09:02Z,sensor-005,-2.57,good,"zone=3, batch=3"
evt-00001944,2026-01-01T00:09:02Z,sensor-005,20.91,good,"zone=1, batch=7"
evt-00001103,2026-01-01T00:09:02Z,sensor-006,-5.63,good,"zone=4, batch=4"
evt-00003073,2026-01-01T00:09:02Z,sensor-007,22.42,suspect,"zone=1, batch=12"
evt-00002744,2026-01-01T00:09:02Z,sensor-009,-1.69,good,"zone=2, batch=10"
evt-00004840,2026-01-01T00:09:03Z,sensor-001,0.60,suspect,"zone=2, batch=19"
evt-00004202,2026-01-01T00:09:03Z,sensor-002,33.80,suspect,"zone=3, batch=16"
evt-00000641,2026-01-01T00:09:03Z,sensor-003,14.47,suspect,"zone=2, batch=2"
evt-00001308,2026-01-01T00:09:03Z,sensor-003,-10.50,good,"zone=3, batch=5"
evt-00002532,2026-01-01T00:09:03Z,sensor-005,13.09,good,"zone=3, batch=10"
evt-00003876,2026-01-01T00:09:03Z,sensor-008,32.69,suspect,"zone=4, batch=15"
evt-00000065,2026-01-01T00:09:03Z,sensor-009,5.33,suspect,"zone=2, batch=0"
evt-00000509,2026-01-01T00:09:04Z,sensor-002,35.68,good,"zone=3, batch=2"
evt-00001433,2026-01-01T00:09:04Z,sensor-004,3.27,good,"zone=1, batch=5"
evt-00001656,2026-01-01T00:09:04Z,sensor-004,-1.25,good,"zone=1, batch=6"
evt-00002156,2026-01-01T00:09:04Z,sensor-011,13.46,good,"zone=1, batch=8"
evt-00001067,2026-01-01T00:09:05Z,sensor-001,0.87,good,"zone=1, batch=4"
evt-00002748,2026-01-01T00:09:05Z,sensor-001,35.87,suspect,"zone=3, batch=10"
evt-00004308,2026-01-01T00:09:05Z,sensor-001,8.48,good,"zone=1, batch=17"
evt-00003445,2026-01-01T00:09:05Z,sensor-003,15.93,good,"zone=4, batch=13"
evt-00002296,2026-01-01T00:09:05Z,sensor-010,1.92,good,"zone=4, batch=9"
evt-00000215,2026-01-01T00:09:05Z,sensor-012,9.95,good,"zone=1, batch=0"
evt-00003692,2026-01-01T00:09:05Z,sensor-012,19.73,good,"zone=1, batch=14"
evt-00004988,2026-01-01T00:09:06Z,sensor-003,33.73,good,"zone=4, batch=19"
evt-00003404,2026-01-01T00:09:06Z,sensor-006,4.23,good,"zone=1, batch=13"
evt-00002604,2026-01-01T00:09:06Z,sensor-011,4.39,good,"zone=2, batch=10"
evt-00001716,2026-01-01T00:09:06Z,sensor-012,-0.01,good,"zone=4, batch=6"
evt-00001330,2026-01-01T00:09:07Z,sensor-004,-9.61,good,"zone=3, batch=5"
evt-00004409,2026-01-01T00:09:07Z,sensor-005,-7.49,good,"zone=3, batch=17"
evt-00004869,2026-01-01T00:09:07Z,sensor-007,-5.49,good,"zone=4, batch=19"
evt-00004627,2026-01-01T00:09:07Z,sensor-012,33.17,good,"zone=3, batch=18"
evt-00002436,2026-01-01T00:09:08Z,sensor-008,12.28,good,"zone=4, batch=9"
evt-00004981,2026-01-01T00:09:09Z,sensor-001,11.95,good,"zone=2, batch=19"
evt-00001898,2026-01-01T00:09:09Z,sensor-004,-11.37,suspect,"zone=3, batch=7"
evt-00001979,2026-01-01T00:09:09Z,sensor-005,12.77,suspect,"zone=2, batch=7"
evt-00003811,2026-01-01T00:09:09Z,sensor-006,37.10,good,"zone=4, batch=15"
evt-00000968,2026-01-01T00:09:09Z,sensor-011,27.88,good,"zone=1, batch=3"
evt-00003861,2026-01-01T00:09:09Z,sensor-011,1.88,good,"zone=2, batch=15"
evt-00003673,2026-01-01T00:09:10Z,sensor-001,9.00,good,"zone=2, batch=14"
evt-00003902,2026-01-01T00:09:10Z,sensor-001,-6.15,good,"zone=3, batch=15"
evt-00003056,2026-01-01T00:09:10Z,sensor-006,28.27,suspect,"zone=1, batch=12"
evt-00001949,2026-01-01T00:09:10Z,sensor-008,19.09,good,"zone=3, batch=7"
evt-00000183,2026-01-01T00:09:10Z,sensor-011,-10.78,suspect,"zone=4, batch=0"
evt-00002388,2026-01-01T00:09:10Z,sensor-011,27.29,good,"zone=3, batch=9"
evt-00003168,2026-01-01T00:09:10Z,sensor-012,24.19,suspect,"zone=1, batch=12"
evt-00000408,2026-01-01T00:09:11Z,sensor-003,8.18,suspect,"zone=4, batch=1"
evt-00003219,2026-01-01T00:09:11Z,sensor-003,0.05,good,"zone=1, batch=12"
evt-00002797,2026-01-01T00:09:11Z,sensor-004,7.22,good,"zone=2, batch=11"
evt-00004539,2026-01-01T00:09:11Z,sensor-005,-7.55,suspect,"zone=1, batch=18"
evt-00004805,2026-01-01T00:09:11Z,sensor-005,-0.20,suspect,"zone=1, batch=19"
evt-00004160,2026-01-01T00:09:11Z,sensor-006,26.45,suspect,"zone=1, batch=16"
evt-00004475,2026-01-01T00:09:11Z,sensor-007,21.40,good,"zone=4, batch=17"
evt-00004040,2026-01-01T00:09:12Z,sensor-004,32.12,good,"zone=1, batch=16"
evt-00004648,2026-01-01T00:09:12Z,sensor-007,7.06,good,"zone=2, batch=18"
evt-00002823,2026-01-01T00:09:12Z,sensor-008,30.49,good,"zone=1, batch=11"
evt-00004576,2026-01-01T00:09:12Z,sensor-009,-9.68,good,"zone=3, batch=18"
evt-00000295,2026-01-01T00:09:12Z,sensor-011,26.21,good,"zone=4, batch=1"
evt-00003862,2026-01-01T00:09:12Z,sensor-012,-4.33,good,"zone=2, batch=15"
evt-00003368,2026-01-01T00:09:13Z,sensor-001,4.92,good,"zone=2, batch=13"
evt-00004369,2026-01-01T00:09:13Z,sensor-001,23.56,suspect,"zone=2, batch=17"
evt-00002916,2026-01-01T00:09:13Z,sensor-003,8.93,good,"zone=2, batch=11"
evt-00000048,2026-01-01T00:09:13Z,sensor-005,6.02,good,"zone=3, batch=0"
evt-00002864,2026-01-01T00:09:13Z,sensor-007,6.45,suspect,"zone=3, batch=11"
evt-00001273,2026-01-01T00:09:13Z,sensor-009,-7.07,suspect,"zone=3, batch=5"
evt-00003966,2026-01-01T00:09:13Z,sensor-012,-3.08,suspect,"zone=1, batch=15"
evt-00000319,2026-01-01T00:09:14Z,sensor-003,21.54,good,"zone=2, batch=1"
evt-00004129,2026-01-01T00:09:14Z,sensor-005,36.49,good,"zone=2, batch=16"
evt-00000627,2026-01-01T00:09:14Z,sensor-008,18.27,good,"zone=3, batch=2"
evt-00001141,2026-01-01T00:09:14Z,sensor-009,25.35,good,"zone=1, batch=4"
evt-00004726,2026-01-01T00:09:15Z,sensor-001,33.91,suspect,"zone=2, batch=18"
evt-00004608,2026-01-01T00:09:15Z,sensor-010,4.89,good,"zone=4, batch=18"
evt-00001641,2026-01-01T00:09:16Z,sensor-005,1.96,good,"zone=1, batch=6"
evt-00003086,2026-01-01T00:09:16Z,sensor-006,-11.34,good,"zone=3, batch=12"
evt-00004764,2026-01-01T00:09:16Z,sensor-011,30.43,good,"zone=3, batch=19"
evt-00004677,2026-01-01T00:09:17Z,sensor-001,-9.68,good,"zone=2, batch=18"
evt-00000179,2026-01-01T00:09:17Z,sensor-002,7.36,suspect,"zone=4, batch=0"
evt-00003225,2026-01-01T00:09:17Z,sensor-003,23.88,good,"zone=2, batch=12"
evt-00000181,2026-01-01T00:09:17Z,sensor-005,-6.42,suspect,"zone=2, batch=0"
evt-00001883,2026-01-01T00:09:17Z,sensor-005,8.61,good,"zone=1, batch=7"
evt-00001404,2026-01-01T00:09:17Z,sensor-006,-11.25,good,"zone=1, batch=5"
evt-00002655,2026-01-01T00:09:17Z,sensor-006,16.57,suspect,"zone=4, batch=10"
evt-00004661,2026-01-01T00:09:17Z,sensor-007,36.70,suspect,"zone=3, batch=18"
evt-00004144,2026-01-01T00:09:17Z,sensor-011,-6.26,suspect,"zone=1, batch=16"
evt-00000744,2026-01-01T00:09:18Z,sensor-001,7.56,suspect,"zone=3, batch=2"
evt-00004341,2026-01-01T00:09:18Z,sensor-003,25.26,good,"zone=3, batch=17"
evt-00002801,2026-01-01T00:09:18Z,sensor-005,38.00,suspect,"zone=4, batch=11"
evt-00003398,2026-01-01T00:09:18Z,sensor-005,6.32,good,"zone=4, batch=13"
evt-00002254,2026-01-01T00:09:18Z,sensor-006,-8.80,good,"zone=2, batch=9"
evt-00004710,2026-01-01T00:09:18Z,sensor-006,16.74,good,"zone=2, batch=18"
evt-00001274,2026-01-01T00:09:18Z,sensor-008,-9.66,suspect,"zone=3, batch=5"
evt-00002996,2026-01-01T00:09:18Z,sensor-008,-7.75,good,"zone=4, batch=11"
evt-00000271,2026-01-01T00:09:18Z,sensor-009,-4.67,suspect,"zone=4, batch=1"
evt-00002736,2026-01-01T00:09:18Z,sensor-009,1.52,suspect,"zone=3, batch=10"
evt-00003186,2026-01-01T00:09:18Z,sensor-009,24.34,suspect,"zone=3, batch=12"
evt-00002015,2026-01-01T00:09:19Z,sensor-002,-11.07,suspect,"zone=3, batch=8"
evt-00002628,2026-01-01T00:09:19Z,sensor-002,31.24,suspect,"zone=2, batch=10"
evt-00002178,2026-01-01T00:09:19Z,sensor-003,-1.40,good,"zone=4, batch=8"
evt-00002900,2026-01-01T00:09:19Z,sensor-005,-0.57,suspect,"zone=1, batch=11"
evt-00004574,2026-01-01T00:09:19Z,sensor-005,7.99,suspect,"zone=1, batch=18"
evt-00001426,2026-01-01T00:09:20Z,sensor-003,13.16,good,"zone=3, batch=5"
evt-00004215,2026-01-01T00:09:20Z,sensor-006,15.01,good,"zone=2, batch=16"
evt-00004925,2026-01-01T00:09:20Z,sensor-007,-1.51,good,"zone=3, batch=19"
evt-00002165,2026-01-01T00:09:20Z,sensor-008,3.20,good,"zone=4, batch=8"
evt-00003936,2026-01-01T00:09:20Z,sensor-008,5.46,good,"zone=3, batch=15"
evt-00000306,2026-01-01T00:09:20Z,sensor-011,-9.13,good,"zone=3, batch=1"
evt-00002660,2026-01-01T00:09:21Z,sensor-001,31.74,good,"zone=2, batch=10"
evt-00004866,2026-01-01T00:09:21Z,sensor-001,15.09,good,"zone=4, batch=19"
evt-00000507,2026-01-01T00:09:21Z,sensor-002,-6.05,good,"zone=4, batch=2"
evt-00002815,2026-01-01T00:09:21Z,sensor-010,17.66,suspect,"zone=3, batch=11"
evt-00003901,2026-01-01T00:09:21Z,sensor-010,37.10,good,"zone=3, batch=15"
evt-00002519,2026-01-01T00:09:21Z,sensor-011,28.14,good,"zone=3, batch=10"
evt-00000194,2026-01-01T00:09:21Z,sensor-012,-2.83,good,"zone=2, batch=0"
evt-00000585,2026-01-01T00:09:22Z,sensor-001,22.28,suspect,"zone=3, batch=2"
evt-00004065,2026-01-01T00:09:22Z,sensor-011,5.90,suspect,"zone=2, batch=16"
evt-00003095,2026-01-01T00:09:23Z,sensor-001,23.57,good,"zone=3, batch=12"
evt-00002120,2026-01-01T00:09:23Z,sensor-003,33.40,suspect,"zone=2, batch=8"
evt-00004969,2026-01-01T00:09:23Z,sensor-007,0.01,suspect,"zone=1, batch=19"
evt-00002373,2026-01-01T00:09:23Z,sensor-009,-1.03,good,"zone=1, batch=9"
evt-00004506,2026-01-01T00:09:23Z,sensor-009,7.53,suspect,"zone=2, batch=18"
evt-00001487,2026-01-01T00:09:23Z,sensor-010,33.18,good,"zone=2, batch=5"
evt-00000284,2026-01-01T00:09:24Z,sensor-006,3.08,suspect,"zone=3, batch=1"
evt-00001422,2026-01-01T00:09:24Z,sensor-006,28.20,good,"zone=3, batch=5"
evt-00001285,2026-01-01T00:09:24Z,sensor-010,31.19,good,"zone=4, batch=5"
evt-00002583,2026-01-01T00:09:24Z,sensor-011,0.70,good,"zone=2, batch=10"
evt-00004226,2026-01-01T00:09:25Z,sensor-005,12.68,good,"zone=4, batch=16"
evt-00001430,2026-01-01T00:09:25Z,sensor-006,17.46,suspect,"zone=3, batch=5"
evt-00002454,2026-01-01T00:09:25Z,sensor-007,-3.58,suspect,"zone=2, batch=9"
evt-00000478,2026-01-01T00:09:25Z,sensor-008,-11.89,good,"zone=2, batch=1"
evt-00002374,2026-01-01T00:09:25Z,sensor-011,36.14,good,"zone=3, batch=9"
evt-00002677,2026-01-01T00:09:26Z,sensor-001,24.74,suspect,"zone=2, batch=10"
evt-00000489,2026-01-01T00:09:26Z,sensor-006,2.16,good,"zone=1, batch=1"
evt-00002322,2026-01-01T00:09:26Z,sensor-006,3.06,good,"zone=1, batch=9"
evt-00001084,2026-01-01T00:09:26Z,sensor-008,15.07,good,"zone=2, batch=4"
evt-00001211,2026-01-01T00:09:26Z,sensor-009,-10.02,good,"zone=4, batch=4"
evt-00004681,2026-01-01T00:09:26Z,sensor-009,17.55,good,"zone=3, batch=18"
evt-00000242,2026-01-01T00:09:27Z,sensor-003,-7.52,good,"zone=1, batch=0"
evt-00002060,2026-01-01T00:09:27Z,sensor-010,32.62,good,"zone=3, batch=8"
evt-00000598,2026-01-01T00:09:28Z,sensor-002,10.37,suspect,"zone=3, batch=2"
evt-00003575,2026-01-01T00:09:28Z,sensor-003,2.60,good,"zone=1, batch=14"
evt-00003433,2026-01-01T00:09:28Z,sensor-005,12.49,good,"zone=1, batch=13"
evt-00004515,2026-01-01T00:09:28Z,sensor-008,27.96,good,"zone=3, batch=18"
evt-00000602,2026-01-01T00:09:28Z,sensor-010,12.62,good,"zone=1, batch=2"
evt-00003680,2026-01-01T00:09:28Z,sensor-010,13.39,good,"zone=1, batch=14"
evt-00001485,2026-01-01T00:09:29Z,sensor-001,24.42,good,"zone=2, batch=5"
evt-00002144,2026-01-01T00:09:29Z,sensor-001,7.25,good,"zone=2, batch=8"
evt-00001413,2026-01-01T00:09:29Z,sensor-005,34.43,suspect,"zone=4, batch=5"
evt-00000028,2026-01-01T00:09:29Z,sensor-006,14.63,suspect,"zone=1, batch=0"
evt-00001476,2026-01-01T00:09:29Z,sensor-006,29.91,suspect,"zone=1, batch=5"
evt-00003353,2026-01-01T00:09:29Z,sensor-012,34.34,good,"zone=3, batch=13"
evt-00001912,2026-01-01T00:09:30Z,sensor-003,12.21,suspect,"zone=1, batch=7"
evt-00001360,2026-01-01T00:09:30Z,sensor-005,10.74,good,"zone=4, batch=5"
evt-00000018,2026-01-01T00:09:30Z,sensor-011,-2.33,good,"zone=3, batch=0"
evt-00000640,2026-01-01T00:09:30Z,sensor-011,36.08,good,"zone=1, batch=2"
evt-00001578,2026-01-01T00:09:31Z,sensor-002,25.78,good,"zone=4, batch=6"
evt-00004164,2026-01-01T00:09:31Z,sensor-004,-11.44,good,"zone=1, batch=16"
evt-00002074,2026-01-01T00:09:31Z,sensor-006,-6.76,suspect,"zone=4, batch=8"
evt-00004543,2026-01-01T00:09:31Z,sensor-012,-9.85,good,"zone=3, batch=18"
evt-00000799,2026-01-01T00:09:32Z,sensor-011,8.38,good,"zone=3, batch=3"
evt-00000188,2026-01-01T00:09:32Z,sensor-012,7.75,good,"zone=1, batch=0"
evt-00004838,2026-01-01T00:09:33Z,sensor-001,25.32,suspect,"zone=3, batch=19"
evt-00001981,2026-01-01T00:09:33Z,sensor-007,17.96,good,"zone=2, batch=7"
evt-00004885,2026-01-01T00:09:33Z,sensor-008,28.46,good,"zone=2, batch=19"
evt-00004531,2026-01-01T00:09:33Z,sensor-012,-6.75,good,"zone=4, batch=18"
evt-00001762,2026-01-01T00:09:34Z,sensor-001,-2.85,good,"zone=4, batch=7"
evt-00001910,2026-01-01T00:09:34Z,sensor-001,28.13,good,"zone=2, batch=7"
evt-00001110,2026-01-01T00:09:34Z,sensor-002,13.71,good,"zone=3, batch=4"
evt-00004952,2026-01-01T00:09:34Z,sensor-002,2.30,good,"zone=1, batch=19"
evt-00002029,2026-01-01T00:09:34Z,sensor-004,37.73,good,"zone=4, batch=8"
evt-00004867,2026-01-01T00:09:34Z,sensor-004,35.29,good,"zone=2, batch=19"
evt-00003117,2026-01-01T00:09:34Z,sensor-009,16.01,good,"zone=3, batch=12"
evt-00003045,2026-01-01T00:09:34Z,sensor-010,21.43,good,"zone=1, batch=12"
evt-00004153,2026-01-01T00:09:34Z,sensor-010,15.41,good,"zone=4, batch=16"
evt-00002018,2026-01-01T00:09:35Z,sensor-001,6.68,good,"zone=2, batch=8"
evt-00002621,2026-01-01T00:09:35Z,sensor-002,-2.20,good,"zone=1, batch=10"
evt-00002679,2026-01-01T00:09:35Z,sensor-002,-2.33,good,"zone=3, batch=10"
evt-00002804,2026-01-01T00:09:35Z,sensor-003,19.81,good,"zone=4, batch=11"
evt-00001648,2026-01-01T00:09:35Z,sensor-004,37.79,good,"zone=2, batch=6"
evt-00002071,2026-01-01T00:09:35Z,sensor-005,-11.84,good,"zone=3, batch=8"
evt-00004000,2026-01-01T00:09:35Z,sensor-008,-2.11,good,"zone=1, batch=16"
evt-00000451,2026-01-01T00:09:35Z,sensor-009,4.82,good,"zone=4, batch=1"
evt-00002463,2026-01-01T00:09:35Z,sensor-010,34.05,good,"zone=4, batch=9"
evt-00002375,2026-01-01T00:09:35Z,sensor-011,35.06,good,"zone=2, batch=9"
evt-00003448,2026-01-01T00:09:35Z,sensor-011,1.27,good,"zone=1, batch=13"
evt-00004365,2026-01-01T00:09:36Z,sensor-005,28.23,suspect,"zone=1, batch=17"
evt-00002155,2026-01-01T00:09:36Z,sensor-006,8.29,suspect,"zone=4, batch=8"
evt-00000773,2026-01-01T00:09:36Z,sensor-008,-10.88,suspect,"zone=2, batch=3"
evt-00002201,2026-01-01T00:09:36Z,sensor-009,12.25,suspect,"zone=2, batch=8"
evt-00003819,2026-01-01T00:09:37Z,sensor-005,36.86,good,"zone=1, batch=15"
evt-00002956,2026-01-01T00:09:37Z,sensor-009,18.99,good,"zone=3, batch=11"
evt-00004351,2026-01-01T00:09:37Z,sensor-011,14.28,good,"zone=4, batch=17"
evt-00001671,2026-01-01T00:09:38Z,sensor-006,7.20,good,"zone=3, batch=6"
evt-00002813,2026-01-01T00:09:38Z,sensor-007,33.82,suspect,"zone=4, batch=11"
evt-00004643,2026-01-01T00:09:39Z,sensor-001,16.12,suspect,"zone=2, batch=18"
evt-00003720,2026-01-01T00:09:39Z,sensor-003,27.13,good,"zone=3, batch=14"
evt-00002452,2026-01-01T00:09:39Z,sensor-007,26.85,good,"zone=1, batch=9"
evt-00001757,2026-01-01T00:09:39Z,sensor-009,-7.96,good,"zone=4, batch=7"
evt-00000558,2026-01-01T00:09:40Z,sensor-002,5.80,good,"zone=2, batch=2"
evt-00002389,2026-01-01T00:09:40Z,sensor-005,-9.65,good,"zone=1, batch=9"
evt-00000628,2026-01-01T00:09:40Z,sensor-007,18.20,good,"zone=3, batch=2"
evt-00004016,2026-01-01T00:09:40Z,sensor-010,-10.49,good,"zone=3, batch=16"
evt-00000963,2026-01-01T00:09:40Z,sensor-011,36.16,good,"zone=1, batch=3"
evt-00000422,2026-01-01T00:09:40Z,sensor-012,11.80,good,"zone=3, batch=1"
evt-00004821,2026-01-01T00:09:41Z,sensor-004,-8.90,good,"zone=3, batch=19"
evt-00004555,2026-01-01T00:09:41Z,sensor-008,12.40,suspect,"zone=1, batch=18"
evt-00003992,2026-01-01T00:09:41Z,sensor-010,15.11,good,"zone=1, batch=15"
evt-00002606,2026-01-01T00:09:41Z,sensor-011,-1.58,good,"zone=2, batch=10"
evt-00001659,2026-01-01T00:09:41Z,sensor-012,-1.95,good,"zone=3, batch=6"
evt-00001608,2026-01-01T00:09:42Z,sensor-002,31.62,good,"zone=4, batch=6"
evt-00001143,2026-01-01T00:09:42Z,sensor-004,-2.07,good,"zone=1, batch=4"
evt-00000536,2026-01-01T00:09:42Z,sensor-009,37.43,good,"zone=3, batch=2"
evt-00002654,2026-01-01T00:09:42Z,sensor-012,24.04,good,"zone=3, batch=10"
evt-00003604,2026-01-01T00:09:42Z,sensor-012,12.06,suspect,"zone=2, batch=14"
evt-00000401,2026-01-01T00:09:43Z,sensor-002,-10.10,good,"zone=2, batch=1"
evt-00001228,2026-01-01T00:09:43Z,sensor-007,25.33,good,"zone=3, batch=4"
evt-00000204,2026-01-01T00:09:43Z,sensor-010,-9.28,suspect,"zone=3, batch=0"
evt-00001236,2026-01-01T00:09:44Z,sensor-005,22.88,suspect,"zone=2, batch=4"
evt-00000078,2026-01-01T00:09:44Z,sensor-006,36.43,good,"zone=3, batch=0"
evt-00002474,2026-01-01T00:09:44Z,sensor-009,11.87,good,"zone=3, batch=9"
evt-00001328,2026-01-01T00:09:45Z,sensor-002,10.11,good,"zone=1, batch=5"
evt-00003561,2026-01-01T00:09:45Z,sensor-002,23.18,good,"zone=2, batch=14"
evt-00000920,2026-01-01T00:09:45Z,sensor-007,19.56,good,"zone=1, batch=3"
evt-00003423,2026-01-01T00:09:45Z,sensor-007,3.97,suspect,"zone=3, batch=13"
evt-00002726,2026-01-01T00:09:45Z,sensor-008,3.43,good,"zone=1, batch=10"
evt-00000684,2026-01-01T00:09:45Z,sensor-010,36.90,good,"zone=4, batch=2"
evt-00001804,2026-01-01T00:09:45Z,sensor-012,4.16,good,"zone=1, batch=7"
evt-00004217,2026-01-01T00:09:46Z,sensor-003,28.73,suspect,"zone=2, batch=16"
evt-00001102,2026-01-01T00:09:46Z,sensor-008,3.43,good,"zone=2, batch=4"
evt-00004166,2026-01-01T00:09:46Z,sensor-008,21.83,good,"zone=2, batch=16"
evt-00004632,2026-01-01T00:09:47Z,sensor-004,2.44,good,"zone=4, batch=18"
evt-00001411,2026-01-01T00:09:47Z,sensor-005,-11.89,good,"zone=1, batch=5"
evt-00000889,2026-01-01T00:09:47Z,sensor-006,27.21,good,"zone=3, batch=3"
evt-00000315,2026-01-01T00:09:47Z,sensor-007,25.54,suspect,"zone=2, batch=1"
evt-00001342,2026-01-01T00:09:47Z,sensor-007,26.74,good,"zone=1, batch=5"
evt-00003828,2026-01-01T00:09:48Z,sensor-001,16.26,good,"zone=2, batch=15"
evt-00001655,2026-01-01T00:09:48Z,sensor-003,24.83,suspect,"zone=4, batch=6"
evt-00001259,2026-01-01T00:09:48Z,sensor-004,29.86,good,"zone=4, batch=5"
evt-00002884,2026-01-01T00:09:48Z,sensor-004,-1.35,good,"zone=3, batch=11"
evt-00000580,2026-01-01T00:09:48Z,sensor-006,29.17,suspect,"zone=2, batch=2"
evt-00002948,2026-01-01T00:09:48Z,sensor-006,29.59,good,"zone=4, batch=11"
evt-00001753,2026-01-01T00:09:48Z,sensor-009,-7.58,good,"zone=2, batch=7"
evt-00002746,2026-01-01T00:09:48Z,sensor-010,-5.83,good,"zone=4, batch=10"
evt-00003126,2026-01-01T00:09:49Z,sensor-006,0.37,good,"zone=4, batch=12"
evt-00002509,2026-01-01T00:09:49Z,sensor-009,-0.25,good,"zone=4, batch=10"
evt-00000581,2026-01-01T00:09:50Z,sensor-005,31.83,good,"zone=3, batch=2"
evt-00003541,2026-01-01T00:09:51Z,sensor-001,16.17,good,"zone=2, batch=14"
evt-00002912,2026-01-01T00:09:51Z,sensor-004,18.68,good,"zone=1, batch=11"
evt-00003798,2026-01-01T00:09:52Z,sensor-001,-3.79,good,"zone=3, batch=15"
evt-00004580,2026-01-01T00:09:52Z,sensor-001,4.32,suspect,"zone=3, batch=18"
evt-00002714,2026-01-01T00:09:52Z,sensor-002,36.18,suspect,"zone=1, batch=10"
evt-00001329,2026-01-01T00:09:52Z,sensor-003,19.35,suspect,"zone=2, batch=5"
evt-00004140,2026-01-01T00:09:52Z,sensor-005,33.80,good,"zone=3, batch=16"
evt-00004165,2026-01-01T00:09:52Z,sensor-006,-2.30,suspect,"zone=1, batch=16"
evt-00000827,2026-01-01T00:09:52Z,sensor-010,21.83,good,"zone=1, batch=3"
evt-00004673,2026-01-01T00:09:52Z,sensor-011,35.48,good,"zone=4, batch=18"
evt-00000132,2026-01-01T00:09:53Z,sensor-007,35.26,suspect,"zone=3, batch=0"
evt-00002229,2026-01-01T00:09:53Z,sensor-011,22.44,good,"zone=1, batch=8"
evt-00003917,2026-01-01T00:09:54Z,sensor-001,19.70,good,"zone=3, batch=15"
evt-00000038,2026-01-01T00:09:54Z,sensor-003,28.67,good,"zone=4, batch=0"
evt-00004614,2026-01-01T00:09:54Z,sensor-004,-7.92,suspect,"zone=3, batch=18"
evt-00000310,2026-01-01T00:09:54Z,sensor-005,36.71,suspect,"zone=3, batch=1"
evt-00002944,2026-01-01T00:09:54Z,sensor-007,22.60,good,"zone=2, batch=11"
evt-00003054,2026-01-01T00:09:55Z,sensor-001,-3.46,suspect,"zone=4, batch=12"
evt-00000090,2026-01-01T00:09:55Z,sensor-002,1.10,good,"zone=2, batch=0"
evt-00003871,2026-01-01T00:09:55Z,sensor-004,-5.21,good,"zone=3, batch=15"
evt-00000723,2026-01-01T00:09:55Z,sensor-005,2.81,good,"zone=1, batch=2"
evt-00001836,2026-01-01T00:09:55Z,sensor-011,10.01,good,"zone=4, batch=7"
evt-00000320,2026-01-01T00:09:55Z,sensor-012,4.22,suspect,"zone=1, batch=1"
evt-00003142,2026-01-01T00:09:56Z,sensor-001,22.32,good,"zone=4, batch=12"
evt-00004094,2026-01-01T00:09:56Z,sensor-003,-7.04,good,"zone=2, batch=16"
evt-00001204,2026-01-01T00:09:56Z,sensor-004,31.89,good,"zone=2, batch=4"
evt-00003278,2026-01-01T00:09:56Z,sensor-004,7.04,good,"zone=3, batch=13"
evt-00001986,2026-01-01T00:09:56Z,sensor-005,-10.15,good,"zone=3, batch=7"
evt-00004861,2026-01-01T00:09:56Z,sensor-009,-5.68,good,"zone=1, batch=19"
evt-00003255,2026-01-01T00:09:57Z,sensor-001,17.84,good,"zone=3, batch=13"
evt-00002056,2026-01-01T00:09:57Z,sensor-002,-4.62,good,"zone=1, batch=8"
evt-00001576,2026-01-01T00:09:57Z,sensor-007,27.98,suspect,"zone=3, batch=6"
evt-00000516,2026-01-01T00:09:57Z,sensor-010,13.79,good,"zone=2, batch=2"
evt-00004641,2026-01-01T00:09:57Z,sensor-010,24.73,good,"zone=4, batch=18"
evt-00000293,2026-01-01T00:09:57Z,sensor-011,12.94,suspect,"zone=4, batch=1"
evt-00001649,2026-01-01T00:09:57Z,sensor-011,13.69,good,"zone=2, batch=6"
evt-00004183,2026-01-01T00:09:57Z,sensor-011,-10.66,good,"zone=1, batch=16"
evt-00001800,2026-01-01T00:09:58Z,sensor-004,30.47,good,"zone=4, batch=7"
evt-00003827,2026-01-01T00:09:58Z,sensor-004,25.23,good,"zone=3, batch=15"
evt-00001676,2026-01-01T00:09:58Z,sensor-008,9.10,good,"zone=1, batch=6"
evt-00002202,2026-01-01T00:09:58Z,sensor-011,35.59,suspect,"zone=4, batch=8"
evt-00004107,2026-01-01T00:09:59Z,sensor-002,29.58,good,"zone=1, batch=16"
evt-00000313,2026-01-01T00:09:59Z,sensor-003,35.90,good,"zone=4, batch=1"
evt-00002792,2026-01-01T00:09:59Z,sensor-005,20.18,good,"zone=4, batch=11"
evt-00002897,2026-01-01T00:09:59Z,sensor-006,37.02,suspect,"zone=2, batch=11"
evt-00004015,2026-01-01T00:09:59Z,sensor-007,36.21,suspect,"zone=4, batch=16"
evt-00000474,2026-01-01T00:09:59Z,sensor-010,-6.26,good,"zone=1, batch=1"
evt-00001220,2026-01-01T00:09:59Z,sensor-011,-10.56,good,"zone=4, batch=4"
evt-00000886,2026-01-01T00:10:00Z,sensor-001,-11.96,suspect,"zone=1, batch=3"
evt-00001601,2026-01-01T00:10:00Z,sensor-001,34.06,suspect,"zone=3, batch=6"
evt-00000560,2026-01-01T00:10:00Z,sensor-003,11.05,good,"zone=1, batch=2"
evt-00002949,2026-01-01T00:10:00Z,sensor-007,-10.72,suspect,"zone=4, batch=11"
evt-00004340,2026-01-01T00:10:00Z,sensor-009,13.05,good,"zone=3, batch=17"
evt-00002493,2026-01-01T00:10:00Z,sensor-012,22.84,suspect,"zone=2, batch=9"
evt-00000573,2026-01-01T00:10:01Z,sensor-002,15.95,good,"zone=4, batch=2"
evt-00000910,2026-01-01T00:10:01Z,sensor-002,-8.40,good,"zone=4, batch=3"
evt-00003544,2026-01-01T00:10:01Z,sensor-004,25.10,suspect,"zone=1, batch=14"
evt-00000287,2026-01-01T00:10:01Z,sensor-007,25.59,good,"zone=3, batch=1"
evt-00003726,2026-01-01T00:10:01Z,sensor-008,25.26,good,"zone=1, batch=14"
evt-00000431,2026-01-01T00:10:01Z,sensor-010,36.61,good,"zone=1, batch=1"
evt-00003674,2026-01-01T00:10:01Z,sensor-010,15.19,good,"zone=1, batch=14"
evt-00004801,2026-01-01T00:10:01Z,sensor-010,-5.82,good,"zone=1, batch=19"
evt-00004118,2026-01-01T00:10:02Z,sensor-005,-11.96,good,"zone=4, batch=16"
evt-00003757,2026-01-01T00:10:02Z,sensor-007,-7.43,good,"zone=1, batch=15"
evt-00001291,2026-01-01T00:10:02Z,sensor-010,27.39,good,"zone=3, batch=5"
evt-00004538,2026-01-01T00:10:03Z,sensor-001,3.19,suspect,"zone=1, batch=18"
evt-00002475,2026-01-01T00:10:03Z,sensor-002,-8.99,good,"zone=4, batch=9"
evt-00001610,2026-01-01T00:10:03Z,sensor-008,29.77,good,"zone=1, batch=6"
evt-00003754,2026-01-01T00:10:03Z,sensor-010,32.71,suspect,"zone=1, batch=15"
evt-00004289,2026-01-01T00:10:03Z,sensor-010,-0.37,suspect,"zone=3, batch=17"
evt-00002789,2026-01-01T00:10:03Z,sensor-012,-6.07,suspect,"zone=4, batch=11"
evt-00003122,2026-01-01T00:10:03Z,sensor-012,-1.85,suspect,"zone=4, batch=12"
evt-00003165,2026-01-01T00:10:04Z,sensor-001,29.36,good,"zone=4, batch=12"
evt-00001281,2026-01-01T00:10:04Z,sensor-002,-5.24,suspect,"zone=3, batch=5"
evt-00002446,2026-01-01T00:10:04Z,sensor-002,19.38,good,"zone=3, batch=9"
evt-00003987,2026-01-01T00:10:04Z,sensor-002,28.07,good,"zone=2, batch=15"
evt-00004526,2026-01-01T00:10:04Z,sensor-011,-8.29,good,"zone=3, batch=18"
evt-00001212,2026-01-01T00:10:05Z,sensor-005,-7.11,good,"zone=2, batch=4"
evt-00001784,2026-01-01T00:10:05Z,sensor-005,2.82,good,"zone=2, batch=7"
evt-00002636,2026-01-01T00:10:05Z,sensor-009,11.93,suspect,"zone=3, batch=10"
evt-00003503,2026-01-01T00:10:06Z,sensor-004,-3.38,good,"zone=4, batch=14"
evt-00002421,2026-01-01T00:10:06Z,sensor-009,11.21,suspect,"zone=2, batch=9"
evt-00002643,2026-01-01T00:10:06Z,sensor-009,18.68,good,"zone=4, batch=10"
evt-00004565,2026-01-01T00:10:06Z,sensor-009,5.33,suspect,"zone=3, batch=18"
evt-00004471,2026-01-01T00:10:06Z,sensor-011,1.71,good,"zone=4, batch=17"
evt-00004935,2026-01-01T00:10:06Z,sensor-011,21.50,good,"zone=2, batch=19"
evt-00004517,2026-01-01T00:10:07Z,sensor-001,-9.67,suspect,"zone=2, batch=18"
evt-00003237,2026-01-01T00:10:07Z,sensor-002,16.75,good,"zone=3, batch=12"
evt-00003913,2026-01-01T00:10:07Z,sensor-003,16.29,good,"zone=1, batch=15"
evt-00002191,2026-01-01T00:10:08Z,sensor-003,26.55,good,"zone=3, batch=8"
evt-00000107,2026-01-01T00:10:08Z,sensor-005,21.92,suspect,"zone=2, batch=0"
evt-00002054,2026-01-01T00:10:08Z,sensor-007,-12.00,suspect,"zone=1, batch=8"
evt-00003484,2026-01-01T00:10:08Z,sensor-009,-9.15,good,"zone=4, batch=13"
evt-00003066,2026-01-01T00:10:08Z,sensor-012,11.63,good,"zone=2, batch=12"
evt-00000009,2026-01-01T00:10:09Z,sensor-002,34.32,good,"zone=3, batch=0"
evt-00000586,2026-01-01T00:10:09Z,sensor-005,31.57,good,"zone=3, batch=2"
evt-00003469,2026-01-01T00:10:09Z,sensor-011,-0.96,good,"zone=2, batch=13"
evt-00001253,2026-01-01T00:10:09Z,sensor-012,-5.00,suspect,"zone=4, batch=5"
evt-00001877,2026-01-01T00:10:10Z,sensor-002,-1.95,good,"zone=3, batch=7"
evt-00003606,2026-01-01T00:10:10Z,sensor-002,-5.11,good,"zone=4, batch=14"
evt-00001071,2026-01-01T00:10:10Z,sensor-003,21.29,suspect,"zone=1, batch=4"
evt-00002169,2026-01-01T00:10:10Z,sensor-003,25.17,suspect,"zone=3, batch=8"
evt-00000034,2026-01-01T00:10:10Z,sensor-005,-5.99,good,"zone=3, batch=0"
evt-00002353,2026-01-01T00:10:10Z,sensor-006,25.42,suspect,"zone=1, batch=9"
evt-00001624,2026-01-01T00:10:10Z,sensor-011,5.90,good,"zone=3, batch=6"
evt-00002577,2026-01-01T00:10:10Z,sensor-011,24.43,suspect,"zone=3, batch=10"
evt-00004230,2026-01-01T00:10:10Z,sensor-011,2.55,good,"zone=4, batch=16"
evt-00002639,2026-01-01T00:10:10Z,sensor-012,31.34,good,"zone=4, batch=10"
evt-00003591,2026-01-01T00:10:10Z,sensor-012,25.28,good,"zone=2, batch=14"
evt-00003684,2026-01-01T00:10:10Z,sensor-012,-5.59,suspect,"zone=3, batch=14"
evt-00003582,2026-01-01T00:10:11Z,sensor-001,13.72,good,"zone=1, batch=14"
evt-00004042,2026-01-01T00:10:11Z,sensor-006,-7.11,good,"zone=1, batch=16"
evt-00002591,2026-01-01T00:10:11Z,sensor-011,28.86,good,"zone=1, batch=10"
evt-00001351,2026-01-01T00:10:12Z,sensor-001,12.05,good,"zone=3, batch=5"
evt-00004880,2026-01-01T00:10:12Z,sensor-006,6.58,good,"zone=1, batch=19"
evt-00000382,2026-01-01T00:10:12Z,sensor-009,-2.29,suspect,"zone=2, batch=1"
evt-00000960,2026-01-01T00:10:13Z,sensor-004,18.33,good,"zone=1, batch=3"
evt-00000079,2026-01-01T00:10:13Z,sensor-011,-0.96,good,"zone=2, batch=0"
evt-00003147,2026-01-01T00:10:13Z,sensor-011,11.34,good,"zone=3, batch=12"
evt-00004819,2026-01-01T00:10:13Z,sensor-011,22.99,suspect,"zone=4, batch=19"
evt-00003877,2026-01-01T00:10:13Z,sensor-012,-10.39,good,"zone=2, batch=15"
evt-00001983,2026-01-01T00:10:14Z,sensor-001,15.66,good,"zone=3, batch=7"
evt-00001264,2026-01-01T00:10:14Z,sensor-006,-10.07,good,"zone=1, batch=5"
evt-00002093,2026-01-01T00:10:14Z,sensor-009,-7.02,good,"zone=4, batch=8"
evt-00000557,2026-01-01T00:10:14Z,sensor-010,12.83,good,"zone=4, batch=2"
evt-00004319,2026-01-01T00:10:14Z,sensor-010,9.46,good,"zone=4, batch=17"
evt-00001623,2026-01-01T00:10:14Z,sensor-012,-6.43,suspect,"zone=4, batch=6"
evt-00004088,2026-01-01T00:10:15Z,sensor-002,-4.01,good,"zone=4, batch=16"
evt-00002317,2026-01-01T00:10:15Z,sensor-006,11.81,good,"zone=2, batch=9"
evt-00002932,2026-01-01T00:10:15Z,sensor-006,26.63,good,"zone=4, batch=11"
evt-00003026,2026-01-01T00:10:15Z,sensor-006,-5.91,suspect,"zone=4, batch=12"
evt-00004003,2026-01-01T00:10:15Z,sensor-007,36.94,good,"zone=4, batch=16"
evt-00003340,2026-01-01T00:10:15Z,sensor-008,4.19,good,"zone=4, batch=13"
evt-00003139,2026-01-01T00:10:15Z,sensor-012,21.69,good,"zone=3, batch=12"
evt-00003362,2026-01-01T00:10:15Z,sensor-012,-1.99,good,"zone=3, batch=13"
evt-00002856,2026-01-01T00:10:16Z,sensor-004,9.73,good,"zone=1, batch=11"
evt-00002275,2026-01-01T00:10:16Z,sensor-005,11.15,good,"zone=1, batch=9"
evt-00002203,2026-01-01T00:10:16Z,sensor-008,-6.08,suspect,"zone=1, batch=8"
evt-00002910,2026-01-01T00:10:16Z,sensor-011,35.13,good,"zone=3, batch=11"
evt-00004352,2026-01-01T00:10:16Z,sensor-011,20.38,good,"zone=3, batch=17"
evt-00003485,2026-01-01T00:10:16Z,sensor-012,-8.44,good,"zone=2, batch=13"
evt-00001566,2026-01-01T00:10:17Z,sensor-001,7.35,good,"zone=2, batch=6"
evt-00000622,2026-01-01T00:10:17Z,sensor-003,-7.25,suspect,"zone=3, batch=2"
evt-00002670,2026-01-01T00:10:17Z,sensor-005,-3.36,good,"zone=2, batch=10"
evt-00000370,2026-01-01T00:10:17Z,sensor-008,-11.01,good,"zone=3, batch=1"
evt-00001700,2026-01-01T00:10:17Z,sensor-010,7.15,good,"zone=3, batch=6"
evt-00001512,2026-01-01T00:10:17Z,sensor-012,26.10,good,"zone=2, batch=6"
evt-00003707,2026-01-01T00:10:18Z,sensor-002,33.76,good,"zone=1, batch=14"
evt-00000253,2026-01-01T00:10:18Z,sensor-005,12.27,good,"zone=2, batch=1"
evt-00001471,2026-01-01T00:10:18Z,sensor-010,20.04,suspect,"zone=2, batch=5"
evt-00002107,2026-01-01T00:10:18Z,sensor-010,-9.25,suspect,"zone=1, batch=8"
evt-00003381,2026-01-01T00:10:18Z,sensor-011,11.65,good,"zone=3, batch=13"
evt-00001851,2026-01-01T00:10:19Z,sensor-002,-10.00,suspect,"zone=1, batch=7"
evt-00001527,2026-01-01T00:10:19Z,sensor-006,19.70,suspect,"zone=3, batch=6"
evt-00002137,2026-01-01T00:10:19Z,sensor-007,7.85,good,"zone=4, batch=8"
evt-00000653,2026-01-01T00:10:19Z,sensor-008,8.53,good,"zone=1, batch=2"
evt-00000821,2026-01-01T00:10:19Z,sensor-009,-8.08,good,"zone=1, batch=3"
evt-00000376,2026-01-01T00:10:19Z,sensor-010,24.77,good,"zone=3, batch=1"
evt-00003735,2026-01-01T00:10:19Z,sensor-011,33.04,suspect,"zone=3, batch=14"
evt-00000080,2026-01-01T00:10:20Z,sensor-001,7.46,good,"zone=3, batch=0"
evt-00004335,2026-01-01T00:10:20Z,sensor-004,26.44,good,"zone=2, batch=17"
evt-00000140,2026-01-01T00:10:20Z,sensor-005,10.90,suspect,"zone=3, batch=0"
evt-00000852,2026-01-01T00:10:20Z,sensor-006,-2.93,good,"zone=1, batch=3"
evt-00001593,2026-01-01T00:10:20Z,sensor-012,33.17,suspect,"zone=2, batch=6"
evt-00000322,2026-01-01T00:10:22Z,sensor-003,-1.65,good,"zone=4, batch=1"
evt-00004442,2026-01-01T00:10:22Z,sensor-004,5.39,good,"zone=4, batch=17"
evt-00000176,2026-01-01T00:10:22Z,sensor-006,-10.51,good,"zone=2, batch=0"
evt-00000372,2026-01-01T00:10:22Z,sensor-007,6.77,good,"zone=1, batch=1"
evt-00002264,2026-01-01T00:10:22Z,sensor-010,27.74,good,"zone=4, batch=9"
evt-00001698,2026-01-01T00:10:23Z,sensor-001,-6.09,good,"zone=2, batch=6"
evt-00002136,2026-01-01T00:10:23Z,sensor-002,11.23,good,"zone=1, batch=8"
evt-00003462,2026-01-01T00:10:23Z,sensor-005,20.27,good,"zone=1, batch=13"
evt-00002595,2026-01-01T00:10:23Z,sensor-008,5.37,suspect,"zone=4, batch=10"
evt-00002675,2026-01-01T00:10:23Z,sensor-009,6.59,good,"zone=3, batch=10"
evt-00004668,2026-01-01T00:10:24Z,sensor-001,-2.93,good,"zone=1, batch=18"
evt-00000670,2026-01-01T00:10:24Z,sensor-005,34.54,suspect,"zone=1, batch=2"
evt-00004169,2026-01-01T00:10:24Z,sensor-006,31.63,good,"zone=3, batch=16"
evt-00001101,2026-01-01T00:10:24Z,sensor-010,-8.39,good,"zone=4, batch=4"
evt-00000756,2026-01-01T00:10:24Z,sensor-011,22.76,good,"zone=4, batch=3"
evt-00003100,2026-01-01T00:10:24Z,sensor-011,34.97,good,"zone=4, batch=12"
evt-00003207,2026-01-01T00:10:25Z,sensor-002,15.03,good,"zone=3, batch=12"
evt-00003508,2026-01-01T00:10:25Z,sensor-003,-9.59,suspect,"zone=2, batch=14"
evt-00000115,2026-01-01T00:10:25Z,sensor-005,30.30,good,"zone=1, batch=0"
evt-00001947,2026-01-01T00:10:25Z,sensor-005,5.77,suspect,"zone=1, batch=7"
evt-00003206,2026-01-01T00:10:25Z,sensor-007,-11.66,suspect,"zone=2, batch=12"
evt-00004434,2026-01-01T00:10:25Z,sensor-007,-0.51,good,"zone=3, batch=17"
evt-00003373,2026-01-01T00:10:26Z,sensor-001,35.49,good,"zone=2, batch=13"
evt-00000629,2026-01-01T00:10:26Z,sensor-004,4.89,good,"zone=1, batch=2"
evt-00002992,2026-01-01T00:10:26Z,sensor-004,-3.01,good,"zone=1, batch=11"
evt-00003498,2026-01-01T00:10:26Z,sensor-004,-6.85,good,"zone=3, batch=13"
evt-00003739,2026-01-01T00:10:26Z,sensor-011,35.57,good,"zone=3, batch=14"
evt-00004858,2026-01-01T00:10:27Z,sensor-003,28.90,suspect,"zone=4, batch=19"
evt-00003944,2026-01-01T00:10:27Z,sensor-004,6.73,good,"zone=2, batch=15"
evt-00004195,2026-01-01T00:10:27Z,sensor-005,8.15,good,"zone=1, batch=16"
evt-00002411,2026-01-01T00:10:27Z,sensor-008,28.42,suspect,"zone=1, batch=9"
evt-00003354,2026-01-01T00:10:27Z,sensor-008,16.77,good,"zone=2, batch=13"
evt-00000207,2026-01-01T00:10:27Z,sensor-011,25.96,good,"zone=3, batch=0"
evt-00004554,2026-01-01T00:10:27Z,sensor-011,32.65,suspect,"zone=3, batch=18"
evt-00002880,2026-01-01T00:10:28Z,sensor-001,34.81,good,"zone=3, batch=11"
evt-00000884,2026-01-01T00:10:28Z,sensor-003,17.20,good,"zone=1, batch=3"
evt-00000267,2026-01-01T00:10:28Z,sensor-005,29.25,good,"zone=4, batch=1"
evt-00001596,2026-01-01T00:10:28Z,sensor-012,-9.25,good,"zone=1, batch=6"
evt-00001500,2026-01-01T00:10:29Z,sensor-002,32.56,good,"zone=1, batch=6"
evt-00004260,2026-01-01T00:10:29Z,sensor-002,-7.05,good,"zone=4, batch=17"
evt-00004830,2026-01-01T00:10:29Z,sensor-006,15.79,good,"zone=3, batch=19"
evt-00000339,2026-01-01T00:10:30Z,sensor-003,4.02,good,"zone=2, batch=1"
evt-00000061,2026-01-01T00:10:30Z,sensor-005,-0.78,good,"zone=4, batch=0"
evt-00003336,2026-01-01T00:10:30Z,sensor-006,7.53,good,"zone=3, batch=13"
evt-00004410,2026-01-01T00:10:30Z,sensor-012,-6.23,good,"zone=1, batch=17"
evt-00003379,2026-01-01T00:10:31Z,sensor-001,-10.80,good,"zone=4, batch=13"
evt-00002875,2026-01-01T00:10:31Z,sensor-009,35.07,good,"zone=1, batch=11"
evt-00000486,2026-01-01T00:10:32Z,sensor-002,10.82,good,"zone=4, batch=1"
evt-00001684,2026-01-01T00:10:32Z,sensor-005,36.30,suspect,"zone=4, batch=6"
evt-00003934,2026-01-01T00:10:32Z,sensor-008,25.59,good,"zone=3, batch=15"
evt-00002006,2026-01-01T00:10:32Z,sensor-010,11.69,good,"zone=4, batch=8"
evt-00003932,2026-01-01T00:10:33Z,sensor-005,33.08,suspect,"zone=2, batch=15"
evt-00003135,2026-01-01T00:10:33Z,sensor-007,14.22,good,"zone=2, batch=12"
evt-00001111,2026-01-01T00:10:34Z,sensor-002,-7.13,good,"zone=4, batch=4"
evt-00000166,2026-01-01T00:10:34Z,sensor-003,18.18,suspect,"zone=1, batch=0"
evt-00000436,2026-01-01T00:10:34Z,sensor-003,26.42,good,"zone=2, batch=1"
evt-00001730,2026-01-01T00:10:34Z,sensor-004,10.31,good,"zone=3, batch=6"
evt-00000639,2026-01-01T00:10:34Z,sensor-006,-2.67,good,"zone=1, batch=2"
evt-00000551,2026-01-01T00:10:34Z,sensor-007,9.63,good,"zone=3, batch=2"
evt-00003246,2026-01-01T00:10:34Z,sensor-007,18.71,suspect,"zone=3, batch=12"
evt-00000735,2026-01-01T00:10:34Z,sensor-008,27.44,good,"zone=3, batch=2"
evt-00003867,2026-01-01T00:10:34Z,sensor-008,-9.23,good,"zone=4, batch=15"
evt-00001896,2026-01-01T00:10:34Z,sensor-009,8.84,good,"zone=4, batch=7"
evt-00004824,2026-01-01T00:10:35Z,sensor-001,29.13,good,"zone=1, batch=19"
evt-00004438,2026-01-01T00:10:35Z,sensor-003,19.72,good,"zone=2, batch=17"
evt-00002422,2026-01-01T00:10:35Z,sensor-004,5.59,good,"zone=2, batch=9"
evt-00004452,2026-01-01T00:10:35Z,sensor-004,-7.70,good,"zone=1, batch=17"
evt-00000256,2026-01-01T00:10:35Z,sensor-005,-10.30,good,"zone=4, batch=1"
evt-00000457,2026-01-01T00:10:35Z,sensor-006,-1.97,good,"zone=4, batch=1"
evt-00001256,2026-01-01T00:10:35Z,sensor-007,10.97,good,"zone=4, batch=5"
evt-00003796,2026-01-01T00:10:35Z,sensor-007,11.21,good,"zone=2, batch=15"
evt-00004786,2026-01-01T00:10:35Z,sensor-008,21.96,good,"zone=1, batch=19"
evt-00001415,2026-01-01T00:10:36Z,sensor-007,12.93,good,"zone=1, batch=5"
evt-00001946,2026-01-01T00:10:36Z,sensor-008,25.32,good,"zone=1, batch=7"
evt-00004054,2026-01-01T00:10:36Z,sensor-010,37.23,good,"zone=1, batch=16"
evt-00003786,2026-01-01T00:10:36Z,sensor-011,14.67,good,"zone=2, batch=15"
evt-00001276,2026-01-01T00:10:37Z,sensor-004,-11.30,good,"zone=2, batch=5"
evt-00004322,2026-01-01T00:10:37Z,sensor-006,-10.15,good,"zone=3, batch=17"
evt-00004810,2026-01-01T00:10:37Z,sensor-010,-2.97,good,"zone=3, batch=19"
evt-00004057,2026-01-01T00:10:37Z,sensor-011,12.42,good,"zone=1, batch=16"
evt-00003998,2026-01-01T00:10:38Z,sensor-002,32.14,good,"zone=3, batch=15"
evt-00003034,2026-01-01T00:10:38Z,sensor-007,33.99,suspect,"zone=3, batch=12"
evt-00001594,2026-01-01T00:10:38Z,sensor-011,-1.90,good,"zone=1, batch=6"
evt-00004974,2026-01-01T00:10:39Z,sensor-003,11.19,good,"zone=1, batch=19"
evt-00001009,2026-01-01T00:10:40Z,sensor-001,-7.77,good,"zone=4, batch=4"
evt-00000349,2026-01-01T00:10:40Z,sensor-002,-8.98,good,"zone=1, batch=1"
evt-00000239,2026-01-01T00:10:40Z,sensor-003,11.94,suspect,"zone=4, batch=0"
evt-00002692,2026-01-01T00:10:40Z,sensor-004,18.50,good,"zone=3, batch=10"
evt-00003112,2026-01-01T00:10:40Z,sensor-010,-2.26,good,"zone=3, batch=12"
evt-00000845,2026-01-01T00:10:41Z,sensor-003,15.37,suspect,"zone=4, batch=3"
evt-00003950,2026-01-01T00:10:41Z,sensor-004,3.21,good,"zone=3, batch=15"
evt-00001213,2026-01-01T00:10:41Z,sensor-009,14.60,suspect,"zone=2, batch=4"
evt-00001458,2026-01-01T00:10:41Z,sensor-009,1.42,good,"zone=4, batch=5"
evt-00001242,2026-01-01T00:10:41Z,sensor-010,7.31,good,"zone=2, batch=4"
evt-00004986,2026-01-01T00:10:41Z,sensor-011,-5.55,good,"zone=2, batch=19"
evt-00002003,2026-01-01T00:10:42Z,sensor-003,2.35,suspect,"zone=2, batch=8"
evt-00002545,2026-01-01T00:10:42Z,sensor-004,17.82,good,"zone=3, batch=10"
evt-00000317,2026-01-01T00:10:42Z,sensor-009,1.49,suspect,"zone=1, batch=1"
evt-00000496,2026-01-01T00:10:42Z,sensor-009,-4.89,good,"zone=4, batch=1"
evt-00003716,2026-01-01T00:10:42Z,sensor-010,-8.23,good,"zone=3, batch=14"
evt-00002767,2026-01-01T00:10:43Z,sensor-001,23.26,good,"zone=2, batch=11"
evt-00000511,2026-01-01T00:10:43Z,sensor-004,-7.99,good,"zone=4, batch=2"
evt-00002132,2026-01-01T00:10:43Z,sensor-006,-11.89,good,"zone=3, batch=8"
evt-00001203,2026-01-01T00:10:43Z,sensor-008,35.85,good,"zone=4, batch=4"
evt-00001132,2026-01-01T00:10:43Z,sensor-010,18.06,suspect,"zone=3, batch=4"
evt-00000881,2026-01-01T00:10:43Z,sensor-012,1.11,good,"zone=3, batch=3"
evt-00001350,2026-01-01T00:10:43Z,sensor-012,4.25,suspect,"zone=3, batch=5"
evt-00003020,2026-01-01T00:10:44Z,sensor-003,24.40,good,"zone=2, batch=12"
evt-00000681,2026-01-01T00:10:44Z,sensor-010,-6.33,good,"zone=3, batch=2"
evt-00002079,2026-01-01T00:10:44Z,sensor-011,8.12,suspect,"zone=1, batch=8"
evt-00003601,2026-01-01T00:10:44Z,sensor-012,25.46,good,"zone=3, batch=14"
evt-00004478,2026-01-01T00:10:44Z,sensor-012,-0.15,good,"zone=3, batch=17"
evt-00004636,2026-01-01T00:10:45Z,sensor-001,35.43,good,"zone=2, batch=18"
evt-00004019,2026-01-01T00:10:45Z,sensor-004,35.49,good,"zone=1, batch=16"
evt-00004327,2026-01-01T00:10:45Z,sensor-004,-2.73,good,"zone=2, batch=17"
evt-00004644,2026-01-01T00:10:45Z,sensor-004,35.33,good,"zone=1, batch=18"
evt-00000579,2026-01-01T00:10:45Z,sensor-007,0.53,good,"zone=1, batch=2"
evt-00000967,2026-01-01T00:10:46Z,sensor-001,26.32,suspect,"zone=4, batch=3"
evt-00001376,2026-01-01T00:10:46Z,sensor-004,3.06,good,"zone=3, batch=5"
evt-00004295,2026-01-01T00:10:46Z,sensor-005,-10.31,good,"zone=2, batch=17"
evt-00004525,2026-01-01T00:10:46Z,sensor-007,-4.60,good,"zone=1, batch=18"
evt-00004679,2026-01-01T00:10:46Z,sensor-009,32.08,good,"zone=4, batch=18"
evt-00003249,2026-01-01T00:10:47Z,sensor-003,21.73,good,"zone=2, batch=12"
evt-00003187,2026-01-01T00:10:47Z,sensor-006,6.54,good,"zone=1, batch=12"
evt-00004408,2026-01-01T00:10:48Z,sensor-002,15.83,good,"zone=2, batch=17"
evt-00004287,2026-01-01T00:10:48Z,sensor-003,-11.53,suspect,"zone=1, batch=17"
evt-00004524,2026-01-01T00:10:48Z,sensor-008,22.52,suspect,"zone=2, batch=18"
evt-00004834,2026-01-01T00:10:48Z,sensor-008,3.99,suspect,"zone=3, batch=19"
evt-00002999,2026-01-01T00:10:48Z,sensor-009,23.47,good,"zone=1, batch=11"
evt-00000947,2026-01-01T00:10:48Z,sensor-012,24.78,good,"zone=4, batch=3"
evt-00001802,2026-01-01T00:10:49Z,sensor-003,3.71,good,"zone=1, batch=7"
evt-00004332,2026-01-01T00:10:49Z,sensor-003,-6.56,good,"zone=4, batch=17"
evt-00000294,2026-01-01T00:10:49Z,sensor-006,6.67,good,"zone=2, batch=1"
evt-00003629,2026-01-01T00:10:49Z,sensor-011,31.96,good,"zone=1, batch=14"
evt-00004004,2026-01-01T00:10:49Z,sensor-011,31.16,good,"zone=3, batch=16"
evt-00004837,2026-01-01T00:10:50Z,sensor-004,35.37,suspect,"zone=1, batch=19"
evt-00000885,2026-01-01T00:10:50Z,sensor-008,25.62,good,"zone=3, batch=3"
evt-00000225,2026-01-01T00:10:50Z,sensor-009,-2.37,suspect,"zone=2, batch=0"
evt-00000851,2026-01-01T00:10:50Z,sensor-011,-8.88,suspect,"zone=4, batch=3"
evt-00002559,2026-01-01T00:10:50Z,sensor-012,1.79,suspect,"zone=3, batch=10"
evt-00003980,2026-01-01T00:10:51Z,sensor-001,4.69,suspect,"zone=2, batch=15"
evt-00004857,2026-01-01T00:10:51Z,sensor-001,-10.53,good,"zone=3, batch=19"
evt-00000720,2026-01-01T00:10:51Z,sensor-004,-5.35,good,"zone=4, batch=2"
evt-00002185,2026-01-01T00:10:51Z,sensor-011,36.91,good,"zone=2, batch=8"
evt-00001510,2026-01-01T00:10:52Z,sensor-001,24.11,suspect,"zone=3, batch=6"
evt-00002450,2026-01-01T00:10:52Z,sensor-001,1.75,good,"zone=4, batch=9"
evt-00000307,2026-01-01T00:10:52Z,sensor-002,3.93,suspect,"zone=2, batch=1"
evt-00000683,2026-01-01T00:10:53Z,sensor-002,16.73,good,"zone=4, batch=2"
evt-00002763,2026-01-01T00:10:53Z,sensor-002,-3.44,good,"zone=3, batch=11"
evt-00004208,2026-01-01T00:10:53Z,sensor-002,-3.62,good,"zone=1, batch=16"
evt-00000838,2026-01-01T00:10:53Z,sensor-006,22.23,good,"zone=2, batch=3"
evt-00001613,2026-01-01T00:10:53Z,sensor-007,2.87,good,"zone=1, batch=6"
evt-00002066,2026-01-01T00:10:53Z,sensor-007,19.65,good,"zone=3, batch=8"
evt-00002399,2026-01-01T00:10:53Z,sensor-008,33.60,good,"zone=4, batch=9"
evt-00000195,2026-01-01T00:10:53Z,sensor-009,22.14,good,"zone=4, batch=0"
evt-00004772,2026-01-01T00:10:53Z,sensor-009,11.03,good,"zone=3, batch=19"
evt-00000685,2026-01-01T00:10:54Z,sensor-005,4.84,good,"zone=4, batch=2"
evt-00000871,2026-01-01T00:10:54Z,sensor-008,-9.58,good,"zone=3, batch=3"
evt-00000362,2026-01-01T00:10:55Z,sensor-001,6.96,good,"zone=2, batch=1"
evt-00003653,2026-01-01T00:10:55Z,sensor-001,7.22,suspect,"zone=3, batch=14"
evt-00001913,2026-01-01T00:10:55Z,sensor-005,33.31,good,"zone=2, batch=7"
evt-00002729,2026-01-01T00:10:55Z,sensor-005,25.83,good,"zone=4, batch=10"
evt-00003148,2026-01-01T00:10:55Z,sensor-007,33.70,good,"zone=3, batch=12"
evt-00000426,2026-01-01T00:10:55Z,sensor-009,7.35,good,"zone=2, batch=1"
evt-00002461,2026-01-01T00:10:55Z,sensor-009,8.19,good,"zone=4, batch=9"
evt-00004419,2026-01-01T00:10:56Z,sensor-001,-4.22,good,"zone=1, batch=17"
evt-00002826,2026-01-01T00:10:56Z,sensor-005,3.48,suspect,"zone=2, batch=11"
evt-00001090,2026-01-01T00:10:56Z,sensor-006,14.40,good,"zone=3, batch=4"
evt-00001503,2026-01-01T00:10:56Z,sensor-008,30.64,good,"zone=4, batch=6"
evt-00003089,2026-01-01T00:10:56Z,sensor-010,32.43,good,"zone=3, batch=12"
evt-00001697,2026-01-01T00:10:56Z,sensor-011,-2.69,good,"zone=2, batch=6"
evt-00000693,2026-01-01T00:10:57Z,sensor-001,-1.61,good,"zone=2, batch=2"
evt-00004131,2026-01-01T00:10:57Z,sensor-001,2.04,good,"zone=4, batch=16"
evt-00004963,2026-01-01T00:10:57Z,sensor-002,12.22,good,"zone=3, batch=19"
evt-00002520,2026-01-01T00:10:57Z,sensor-004,0.03,good,"zone=4, batch=10"
evt-00003287,2026-01-01T00:10:57Z,sensor-004,2.51,good,"zone=2, batch=13"
evt-00003799,2026-01-01T00:10:57Z,sensor-005,21.97,good,"zone=3, batch=15"
evt-00004550,2026-01-01T00:10:58Z,sensor-004,24.12,suspect,"zone=1, batch=18"
evt-00003006,2026-01-01T00:10:58Z,sensor-005,27.97,good,"zone=3, batch=12"
evt-00004932,2026-01-01T00:10:58Z,sensor-008,12.97,good,"zone=3, batch=19"
evt-00003514,2026-01-01T00:10:58Z,sensor-012,15.19,suspect,"zone=4, batch=14"
evt-00002972,2026-01-01T00:10:59Z,sensor-001,30.23,good,"zone=1, batch=11"
evt-00004405,2026-01-01T00:10:59Z,sensor-001,31.37,suspect,"zone=3, batch=17"
evt-00000898,2026-01-01T00:10:59Z,sensor-003,2.64,good,"zone=1, batch=3"
evt-00002372,2026-01-01T00:10:59Z,sensor-003,36.10,good,"zone=1, batch=9"
evt-00003140,2026-01-01T00:10:59Z,sensor-004,25.35,suspect,"zone=2, batch=12"
evt-00000072,2026-01-01T00:10:59Z,sensor-006,9.85,suspect,"zone=1, batch=0"
evt-00000006,2026-01-01T00:10:59Z,sensor-009,35.25,good,"zone=2, batch=0"
evt-00004043,2026-01-01T00:11:00Z,sensor-002,31.11,good,"zone=1, batch=16"
evt-00004247,2026-01-01T00:11:00Z,sensor-002,12.89,suspect,"zone=2, batch=16"
evt-00004068,2026-01-01T00:11:00Z,sensor-009,36.95,good,"zone=2, batch=16"
evt-00003878,2026-01-01T00:11:00Z,sensor-011,32.26,good,"zone=3, batch=15"
evt-00004547,2026-01-01T00:11:00Z,sensor-011,3.62,good,"zone=3, batch=18"
evt-00004194,2026-01-01T00:11:01Z,sensor-001,12.61,good,"zone=3, batch=16"
evt-00001367,2026-01-01T00:11:01Z,sensor-002,13.28,good,"zone=1, batch=5"
evt-00001301,2026-01-01T00:11:01Z,sensor-004,34.92,good,"zone=4, batch=5"
evt-00003982,2026-01-01T00:11:02Z,sensor-005,31.94,good,"zone=1, batch=15"
evt-00002841,2026-01-01T00:11:02Z,sensor-006,31.63,suspect,"zone=4, batch=11"
evt-00001032,2026-01-01T00:11:03Z,sensor-009,24.99,good,"zone=2, batch=4"
evt-00002707,2026-01-01T00:11:03Z,sensor-010,22.20,good,"zone=3, batch=10"
evt-00002385,2026-01-01T00:11:03Z,sensor-011,24.02,good,"zone=4, batch=9"
evt-00002882,2026-01-01T00:11:04Z,sensor-004,6.14,suspect,"zone=1, batch=11"
evt-00000795,2026-01-01T00:11:04Z,sensor-005,2.23,good,"zone=3, batch=3"
evt-00001475,2026-01-01T00:11:04Z,sensor-008,2.51,suspect,"zone=1, batch=5"
evt-00003159,2026-01-01T00:11:04Z,sensor-008,13.48,good,"zone=3, batch=12"
evt-00001054,2026-01-01T00:11:04Z,sensor-010,33.01,good,"zone=1, batch=4"
evt-00002633,2026-01-01T00:11:04Z,sensor-010,33.25,good,"zone=1, batch=10"
evt-00004112,2026-01-01T00:11:05Z,sensor-001,-8.51,good,"zone=3, batch=16"
evt-00003162,2026-01-01T00:11:05Z,sensor-003,31.20,good,"zone=3, batch=12"
evt-00004077,2026-01-01T00:11:05Z,sensor-003,37.98,suspect,"zone=3, batch=16"
evt-00004823,2026-01-01T00:11:05Z,sensor-004,14.03,good,"zone=3, batch=19"
evt-00000730,2026-01-01T00:11:05Z,sensor-012,24.84,good,"zone=1, batch=2"
evt-00003806,2026-01-01T00:11:06Z,sensor-005,34.13,good,"zone=4, batch=15"
evt-00004299,2026-01-01T00:11:06Z,sensor-005,25.26,good,"zone=1, batch=17"
evt-00001812,2026-01-01T00:11:06Z,sensor-007,-9.00,suspect,"zone=1, batch=7"
evt-00003847,2026-01-01T00:11:06Z,sensor-007,16.92,good,"zone=2, batch=15"
evt-00003463,2026-01-01T00:11:07Z,sensor-006,9.75,suspect,"zone=2, batch=13"
evt-00002834,2026-01-01T00:11:07Z,sensor-007,-1.79,suspect,"zone=2, batch=11"
evt-00001583,2026-01-01T00:11:07Z,sensor-008,31.82,suspect,"zone=3, batch=6"
evt-00004272,2026-01-01T00:11:07Z,sensor-011,34.83,good,"zone=4, batch=17"
evt-00000794,2026-01-01T00:11:07Z,sensor-012,0.52,good,"zone=2, batch=3"
evt-00001917,2026-01-01T00:11:07Z,sensor-012,-9.00,good,"zone=2, batch=7"
evt-00000227,2026-01-01T00:11:08Z,sensor-002,-2.90,suspect,"zone=1, batch=0"
evt-00001320,2026-01-01T00:11:08Z,sensor-003,5.36,good,"zone=2, batch=5"
evt-00002974,2026-01-01T00:11:08Z,sensor-003,-1.92,good,"zone=2, batch=11"
evt-00002940,2026-01-01T00:11:08Z,sensor-004,19.03,suspect,"zone=4, batch=11"
evt-00000171,2026-01-01T00:11:09Z,sensor-001,18.16,suspect,"zone=1, batch=0"
evt-00000200,2026-01-01T00:11:09Z,sensor-003,22.03,good,"zone=4, batch=0"
evt-00004113,2026-01-01T00:11:09Z,sensor-004,-2.02,good,"zone=4, batch=16"
evt-00001409,2026-01-01T00:11:09Z,sensor-005,34.14,good,"zone=1, batch=5"
evt-00001390,2026-01-01T00:11:09Z,sensor-006,37.64,good,"zone=3, batch=5"
evt-00004060,2026-01-01T00:11:09Z,sensor-007,26.44,good,"zone=3, batch=16"
evt-00003512,2026-01-01T00:11:09Z,sensor-010,-7.21,good,"zone=2, batch=14"
evt-00004095,2026-01-01T00:11:09Z,sensor-012,29.80,good,"zone=1, batch=16"
evt-00001498,2026-01-01T00:11:10Z,sensor-001,0.66,good,"zone=2, batch=5"
evt-00003730,2026-01-01T00:11:10Z,sensor-003,13.63,good,"zone=1, batch=14"
evt-00002004,2026-01-01T00:11:10Z,sensor-004,14.26,good,"zone=1, batch=8"
evt-00003991,2026-01-01T00:11:10Z,sensor-008,23.10,good,"zone=1, batch=15"
evt-00002913,2026-01-01T00:11:10Z,sensor-009,-0.85,good,"zone=4, batch=11"
evt-00001652,2026-01-01T00:11:11Z,sensor-004,24.97,good,"zone=2, batch=6"
evt-00001575,2026-01-01T00:11:12Z,sensor-003,12.99,suspect,"zone=4, batch=6"
evt-00001702,2026-01-01T00:11:12Z,sensor-004,8.53,good,"zone=2, batch=6"
evt-00002484,2026-01-01T00:11:12Z,sensor-012,25.56,good,"zone=1, batch=9"
evt-00000247,2026-01-01T00:11:13Z,sensor-002,18.89,good,"zone=4, batch=0"
evt-00002983,2026-01-01T00:11:13Z,sensor-006,28.01,suspect,"zone=2, batch=11"
evt-00000636,2026-01-01T00:11:13Z,sensor-010,21.14,good,"zone=1, batch=2"
evt-00003545,2026-01-01T00:11:14Z,sensor-003,7.95,suspect,"zone=2, batch=14"
evt-00003995,2026-01-01T00:11:14Z,sensor-003,-7.17,good,"zone=2, batch=15"
evt-00000268,2026-01-01T00:11:14Z,sensor-006,20.06,good,"zone=4, batch=1"
evt-00002919,2026-01-01T00:11:14Z,sensor-008,14.45,good,"zone=1, batch=11"
evt-00003182,2026-01-01T00:11:14Z,sensor-009,-4.19,good,"zone=4, batch=12"
evt-00001187,2026-01-01T00:11:15Z,sensor-003,-11.73,good,"zone=3, batch=4"
evt-00003235,2026-01-01T00:11:15Z,sensor-003,21.21,suspect,"zone=3, batch=12"
evt-00003172,2026-01-01T00:11:15Z,sensor-005,36.84,suspect,"zone=2, batch=12"
evt-00002217,2026-01-01T00:11:15Z,sensor-007,24.91,suspect,"zone=3, batch=8"
evt-00001794,2026-01-01T00:11:15Z,sensor-009,36.93,suspect,"zone=1, batch=7"
evt-00003110,2026-01-01T00:11:15Z,sensor-009,-1.78,suspect,"zone=2, batch=12"
evt-00004348,2026-01-01T00:11:15Z,sensor-010,-9.99,suspect,"zone=2, batch=17"
evt-00004521,2026-01-01T00:11:15Z,sensor-010,-11.30,good,"zone=3, batch=18"
evt-00004667,2026-01-01T00:11:15Z,sensor-010,3.31,good,"zone=1, batch=18"
evt-00002146,2026-01-01T00:11:15Z,sensor-011,-2.81,suspect,"zone=4, batch=8"
evt-00004794,2026-01-01T00:11:15Z,sensor-012,34.68,good,"zone=2, batch=19"
evt-00003238,2026-01-01T00:11:16Z,sensor-004,14.60,suspect,"zone=3, batch=12"
evt-00004020,2026-01-01T00:11:16Z,sensor-005,30.38,good,"zone=4, batch=16"
evt-00000743,2026-01-01T00:11:16Z,sensor-006,4.91,good,"zone=1, batch=2"
evt-00001358,2026-01-01T00:11:16Z,sensor-006,30.56,suspect,"zone=1, batch=5"
evt-00001706,2026-01-01T00:11:16Z,sensor-007,5.23,suspect,"zone=3, batch=6"
evt-00001689,2026-01-01T00:11:16Z,sensor-008,14.12,good,"zone=4, batch=6"
evt-00004152,2026-01-01T00:11:16Z,sensor-010,35.92,suspect,"zone=1, batch=16"
evt-00000673,2026-01-01T00:11:16Z,sensor-011,23.98,good,"zone=1, batch=2"
evt-00003431,2026-01-01T00:11:16Z,sensor-011,32.45,good,"zone=4, batch=13"
evt-00002980,2026-01-01T00:11:17Z,sensor-001,5.00,good,"zone=1, batch=11"
evt-00003563,2026-01-01T00:11:17Z,sensor-001,28.99,good,"zone=3, batch=14"
evt-00003685,2026-01-01T00:11:17Z,sensor-001,-7.55,good,"zone=3, batch=14"
evt-00002252,2026-01-01T00:11:17Z,sensor-002,37.77,suspect,"zone=2, batch=9"
evt-00002896,2026-01-01T00:11:17Z,sensor-002,-7.99,suspect,"zone=4, batch=11"
evt-00003257,2026-01-01T00:11:17Z,sensor-003,-5.18,suspect,"zone=3, batch=13"
evt-00004018,2026-01-01T00:11:17Z,sensor-006,20.19,good,"zone=4, batch=16"
evt-00002858,2026-01-01T00:11:17Z,sensor-007,33.40,suspect,"zone=2, batch=11"
evt-00001511,2026-01-01T00:11:17Z,sensor-008,28.15,good,"zone=1, batch=6"
evt-00002425,2026-01-01T00:11:17Z,sensor-009,6.35,suspect,"zone=4, batch=9"
evt-00000950,2026-01-01T00:11:18Z,sensor-003,2.26,suspect,"zone=4, batch=3"
evt-00001388,2026-01-01T00:11:18Z,sensor-006,16.81,good,"zone=1, batch=5"
evt-00000402,2026-01-01T00:11:19Z,sensor-002,19.87,good,"zone=1, batch=1"
evt-00002030,2026-01-01T00:11:19Z,sensor-002,-11.36,good,"zone=1, batch=8"
evt-00000184,2026-01-01T00:11:19Z,sensor-004,18.84,good,"zone=2, batch=0"
evt-00002730,2026-01-01T00:11:19Z,sensor-005,0.04,good,"zone=4, batch=10"
evt-00001237,2026-01-01T00:11:19Z,sensor-007,34.19,good,"zone=3, batch=4"
evt-00001705,2026-01-01T00:11:19Z,sensor-010,18.05,suspect,"zone=3, batch=6"
evt-00004490,2026-01-01T00:11:20Z,sensor-001,15.46,good,"zone=1, batch=17"
evt-00002513,2026-01-01T00:11:20Z,sensor-003,24.02,good,"zone=1, batch=10"
evt-00001034,2026-01-01T00:11:20Z,sensor-004,-9.07,suspect,"zone=4, batch=4"
evt-00002805,2026-01-01T00:11:20Z,sensor-007,-1.18,good,"zone=4, batch=11"
evt-00000659,2026-01-01T00:11:20Z,sensor-008,-11.84,good,"zone=3, batch=2"
evt-00001951,2026-01-01T00:11:20Z,sensor-008,12.65,suspect,"zone=2, batch=7"
evt-00004274,2026-01-01T00:11:20Z,sensor-009,21.94,good,"zone=3, batch=17"
evt-00002138,2026-01-01T00:11:20Z,sensor-011,17.09,good,"zone=1, batch=8"
evt-00002929,2026-01-01T00:11:20Z,sensor-012,32.78,good,"zone=2, batch=11"
evt-00003293,2026-01-01T00:11:21Z,sensor-001,22.09,suspect,"zone=3, batch=13"
evt-00000982,2026-01-01T00:11:21Z,sensor-006,32.21,good,"zone=4, batch=3"
evt-00002460,2026-01-01T00:11:21Z,sensor-007,36.17,good,"zone=2, batch=9"
evt-00003106,2026-01-01T00:11:21Z,sensor-007,21.80,good,"zone=3, batch=12"
evt-00004256,2026-01-01T00:11:21Z,sensor-010,34.81,good,"zone=4, batch=17"
evt-00002220,2026-01-01T00:11:21Z,sensor-011,-9.20,good,"zone=2, batch=8"
evt-00003628,2026-01-01T00:11:22Z,sensor-002,20.88,good,"zone=2, batch=14"
evt-00000701,2026-01-01T00:11:22Z,sensor-005,2.72,good,"zone=1, batch=2"
evt-00000981,2026-01-01T00:11:22Z,sensor-005,33.94,good,"zone=1, batch=3"
evt-00003481,2026-01-01T00:11:22Z,sensor-006,12.46,good,"zone=4, batch=13"
evt-00002304,2026-01-01T00:11:22Z,sensor-007,23.47,good,"zone=3, batch=9"
evt-00004625,2026-01-01T00:11:22Z,sensor-011,6.37,good,"zone=4, batch=18"
evt-00004818,2026-01-01T00:11:22Z,sensor-012,6.38,good,"zone=4, batch=19"
evt-00003240,2026-01-01T00:11:23Z,sensor-002,30.43,good,"zone=4, batch=12"
evt-00002085,2026-01-01T00:11:23Z,sensor-006,13.83,good,"zone=3, batch=8"
evt-00002303,2026-01-01T00:11:23Z,sensor-006,33.79,suspect,"zone=2, batch=9"
evt-00004536,2026-01-01T00:11:23Z,sensor-008,22.19,good,"zone=4, batch=18"
evt-00002991,2026-01-01T00:11:23Z,sensor-009,-9.51,suspect,"zone=2, batch=11"
evt-00004541,2026-01-01T00:11:23Z,sensor-009,12.05,good,"zone=4, batch=18"
evt-00002871,2026-01-01T00:11:23Z,sensor-012,18.12,good,"zone=1, batch=11"
evt-00003658,2026-01-01T00:11:24Z,sensor-002,4.82,good,"zone=3, batch=14"
evt-00003814,2026-01-01T00:11:24Z,sensor-004,13.25,good,"zone=4, batch=15"
evt-00000479,2026-01-01T00:11:24Z,sensor-006,6.39,good,"zone=1, batch=1"
evt-00004424,2026-01-01T00:11:24Z,sensor-007,-11.65,good,"zone=4, batch=17"
evt-00000548,2026-01-01T00:11:24Z,sensor-009,28.08,good,"zone=2, batch=2"
evt-00003657,2026-01-01T00:11:24Z,sensor-011,-10.99,good,"zone=1, batch=14"
evt-00000776,2026-01-01T00:11:25Z,sensor-001,32.05,good,"zone=4, batch=3"
evt-00002531,2026-01-01T00:11:25Z,sensor-002,21.23,good,"zone=4, batch=10"
evt-00001247,2026-01-01T00:11:25Z,sensor-003,-8.89,suspect,"zone=4, batch=4"
evt-00002357,2026-01-01T00:11:25Z,sensor-003,27.95,suspect,"zone=2, batch=9"
evt-00000919,2026-01-01T00:11:25Z,sensor-006,24.12,good,"zone=2, batch=3"
evt-00001206,2026-01-01T00:11:25Z,sensor-006,-7.07,good,"zone=1, batch=4"
evt-00003493,2026-01-01T00:11:26Z,sensor-001,13.41,good,"zone=1, batch=13"
evt-00003203,2026-01-01T00:11:26Z,sensor-002,35.88,good,"zone=2, batch=12"
evt-00000332,2026-01-01T00:11:26Z,sensor-004,-5.76,good,"zone=2, batch=1"
evt-00003280,2026-01-01T00:11:26Z,sensor-004,28.23,good,"zone=2, batch=13"
evt-00003790,2026-01-01T00:11:26Z,sensor-004,37.13,good,"zone=4, batch=15"
evt-00000738,2026-01-01T00:11:26Z,sensor-006,-3.77,good,"zone=4, batch=2"
evt-00001234,2026-01-01T00:11:26Z,sensor-007,18.47,suspect,"zone=4, batch=4"
evt-00001020,2026-01-01T00:11:26Z,sensor-008,37.33,suspect,"zone=1, batch=4"
evt-00004773,2026-01-01T00:11:26Z,sensor-008,8.37,good,"zone=1, batch=19"
evt-00004391,2026-01-01T00:11:26Z,sensor-011,-3.26,suspect,"zone=1, batch=17"
evt-00002647,2026-01-01T00:11:27Z,sensor-001,5.14,good,"zone=1, batch=10"
evt-00000564,2026-01-01T00:11:27Z,sensor-002,12.86,good,"zone=4, batch=2"
evt-00002402,2026-01-01T00:11:27Z,sensor-002,-5.77,suspect,"zone=2, batch=9"
evt-00003067,2026-01-01T00:11:27Z,sensor-002,19.20,suspect,"zone=4, batch=12"
evt-00000476,2026-01-01T00:11:27Z,sensor-004,-0.93,good,"zone=4, batch=1"
evt-00003450,2026-01-01T00:11:27Z,sensor-005,26.45,good,"zone=3, batch=13"
evt-00000026,2026-01-01T00:11:27Z,sensor-006,18.87,good,"zone=1, batch=0"
evt-00003343,2026-01-01T00:11:27Z,sensor-007,14.75,suspect,"zone=2, batch=13"
evt-00000388,2026-01-01T00:11:27Z,sensor-010,4.91,good,"zone=4, batch=1"
evt-00004096,2026-01-01T00:11:27Z,sensor-010,0.88,good,"zone=3, batch=16"
evt-00003863,2026-01-01T00:11:27Z,sensor-012,27.83,good,"zone=1, batch=15"
evt-00000566,2026-01-01T00:11:28Z,sensor-001,-7.62,good,"zone=3, batch=2"
evt-00001590,2026-01-01T00:11:28Z,sensor-002,33.28,suspect,"zone=2, batch=6"
evt-00000931,2026-01-01T00:11:28Z,sensor-004,16.54,good,"zone=3, batch=3"
evt-00003248,2026-01-01T00:11:28Z,sensor-006,-0.00,good,"zone=2, batch=12"
evt-00001743,2026-01-01T00:11:28Z,sensor-012,16.21,suspect,"zone=4, batch=6"
evt-00001019,2026-01-01T00:11:29Z,sensor-001,-3.48,good,"zone=2, batch=4"
evt-00002413,2026-01-01T00:11:29Z,sensor-001,33.97,suspect,"zone=4, batch=9"
evt-00002624,2026-01-01T00:11:29Z,sensor-002,-10.42,good,"zone=4, batch=10"
evt-00000089,2026-01-01T00:11:29Z,sensor-006,17.04,suspect,"zone=3, batch=0"
evt-00002571,2026-01-01T00:11:29Z,sensor-007,-10.71,good,"zone=1, batch=10"
evt-00004163,2026-01-01T00:11:29Z,sensor-007,16.98,good,"zone=4, batch=16"
evt-00000218,2026-01-01T00:11:29Z,sensor-010,34.05,good,"zone=1, batch=0"
evt-00004146,2026-01-01T00:11:29Z,sensor-010,18.39,suspect,"zone=3, batch=16"
evt-00002081,2026-01-01T00:11:30Z,sensor-001,27.06,good,"zone=3, batch=8"
evt-00003173,2026-01-01T00:11:30Z,sensor-001,37.27,good,"zone=1, batch=12"
evt-00001438,2026-01-01T00:11:30Z,sensor-005,19.82,good,"zone=3, batch=5"
evt-00001933,2026-01-01T00:11:30Z,sensor-009,-9.06,good,"zone=4, batch=7"
evt-00004089,2026-01-01T00:11:30Z,sensor-011,1.55,good,"zone=3, batch=16"
evt-00002464,2026-01-01T00:11:31Z,sensor-006,-2.28,good,"zone=3, batch=9"
evt-00001797,2026-01-01T00:11:31Z,sensor-008,26.63,good,"zone=2, batch=7"
evt-00000160,2026-01-01T00:11:32Z,sensor-001,3.69,good,"zone=1, batch=0"
evt-00002848,2026-01-01T00:11:32Z,sensor-002,-6.05,suspect,"zone=2, batch=11"
evt-00000222,2026-01-01T00:11:32Z,sensor-003,4.78,good,"zone=4, batch=0"
evt-00001807,2026-01-01T00:11:32Z,sensor-003,34.36,good,"zone=3, batch=7"
evt-00003289,2026-01-01T00:11:32Z,sensor-003,-5.93,good,"zone=3, batch=13"
evt-00001112,2026-01-01T00:11:32Z,sensor-006,28.04,suspect,"zone=1, batch=4"
evt-00003923,2026-01-01T00:11:32Z,sensor-009,12.16,good,"zone=1, batch=15"
evt-00001297,2026-01-01T00:11:32Z,sensor-012,3.72,suspect,"zone=1, batch=5"
evt-00003624,2026-01-01T00:11:33Z,sensor-002,-5.82,good,"zone=1, batch=14"
evt-00000666,2026-01-01T00:11:33Z,sensor-004,4.78,good,"zone=2, batch=2"
evt-00002114,2026-01-01T00:11:33Z,sensor-006,6.83,good,"zone=3, batch=8"
evt-00002407,2026-01-01T00:11:33Z,sensor-008,6.39,good,"zone=1, batch=9"
evt-00002022,2026-01-01T00:11:33Z,sensor-009,35.57,good,"zone=1, batch=8"
evt-00002044,2026-01-01T00:11:33Z,sensor-009,9.17,good,"zone=4, batch=8"
evt-00001605,2026-01-01T00:11:33Z,sensor-010,-8.10,good,"zone=4, batch=6"
evt-00004249,2026-01-01T00:11:34Z,sensor-001,-1.99,good,"zone=1, batch=16"
evt-00004607,2026-01-01T00:11:34Z,sensor-001,29.02,good,"zone=1, batch=18"
evt-00004958,2026-01-01T00:11:34Z,sensor-004,-6.12,good,"zone=2, batch=19"
evt-00002774,2026-01-01T00:11:34Z,sensor-007,20.07,good,"zone=4, batch=11"
evt-00002000,2026-01-01T00:11:34Z,sensor-008,15.84,suspect,"zone=3, batch=8"
evt-00003364,2026-01-01T00:11:34Z,sensor-009,-11.24,good,"zone=3, batch=13"
evt-00000057,2026-01-01T00:11:34Z,sensor-012,33.00,suspect,"zone=3, batch=0"
evt-00002288,2026-01-01T00:11:35Z,sensor-001,-1.08,suspect,"zone=3, batch=9"
evt-00002632,2026-01-01T00:11:35Z,sensor-004,2.55,good,"zone=3, batch=10"
evt-00004070,2026-01-01T00:11:36Z,sensor-001,23.92,good,"zone=4, batch=16"
evt-00002215,2026-01-01T00:11:36Z,sensor-002,4.24,good,"zone=2, batch=8"
evt-00004214,2026-01-01T00:11:36Z,sensor-002,4.72,good,"zone=4, batch=16"
evt-00000067,2026-01-01T00:11:36Z,sensor-007,18.91,suspect,"zone=1, batch=0"
evt-00000715,2026-01-01T00:11:36Z,sensor-007,-2.86,good,"zone=3, batch=2"
evt-00000971,2026-01-01T00:11:36Z,sensor-012,-5.03,good,"zone=2, batch=3"
evt-00003654,2026-01-01T00:11:36Z,sensor-012,6.42,good,"zone=3, batch=14"
evt-00004458,2026-01-01T00:11:37Z,sensor-002,1.32,good,"zone=1, batch=17"
evt-00001039,2026-01-01T00:11:37Z,sensor-003,23.35,good,"zone=1, batch=4"
evt-00002652,2026-01-01T00:11:37Z,sensor-003,27.85,suspect,"zone=2, batch=10"
evt-00000669,2026-01-01T00:11:37Z,sensor-008,-9.40,suspect,"zone=2, batch=2"
evt-00000314,2026-01-01T00:11:37Z,sensor-009,6.63,suspect,"zone=3, batch=1"
evt-00003427,2026-01-01T00:11:38Z,sensor-002,32.87,good,"zone=3, batch=13"
evt-00001580,2026-01-01T00:11:38Z,sensor-003,26.57,suspect,"zone=1, batch=6"
evt-00002522,2026-01-01T00:11:38Z,sensor-004,8.29,suspect,"zone=3, batch=10"
evt-00000117,2026-01-01T00:11:38Z,sensor-008,8.85,good,"zone=2, batch=0"
evt-00001867,2026-01-01T00:11:38Z,sensor-009,-8.62,good,"zone=1, batch=7"
evt-00004213,2026-01-01T00:11:38Z,sensor-009,25.69,good,"zone=2, batch=16"
evt-00001897,2026-01-01T00:11:38Z,sensor-012,22.46,good,"zone=3, batch=7"
evt-00004091,2026-01-01T00:11:39Z,sensor-003,-5.81,good,"zone=3, batch=16"
evt-00001401,2026-01-01T00:11:39Z,sensor-005,30.08,suspect,"zone=4, batch=5"
evt-00003474,2026-01-01T00:11:40Z,sensor-008,24.11,good,"zone=1, batch=13"
evt-00003432,2026-01-01T00:11:41Z,sensor-004,7.70,good,"zone=1, batch=13"
evt-00000330,2026-01-01T00:11:41Z,sensor-006,4.59,good,"zone=3, batch=1"
evt-00004512,2026-01-01T00:11:41Z,sensor-006,-0.87,suspect,"zone=3, batch=18"
evt-00000087,2026-01-01T00:11:41Z,sensor-007,22.23,good,"zone=4, batch=0"
evt-00002113,2026-01-01T00:11:41Z,sensor-007,-2.10,good,"zone=2, batch=8"
evt-00001809,2026-01-01T00:11:42Z,sensor-001,-1.02,good,"zone=4, batch=7"
evt-00002926,2026-01-01T00:11:42Z,sensor-001,2.81,good,"zone=2, batch=11"
evt-00003315,2026-01-01T00:11:42Z,sensor-002,-9.82,suspect,"zone=3, batch=13"
evt-00002073,2026-01-01T00:11:42Z,sensor-004,35.68,good,"zone=1, batch=8"
evt-00004890,2026-01-01T00:11:42Z,sensor-007,22.74,suspect,"zone=4, batch=19"
evt-00002648,2026-01-01T00:11:42Z,sensor-008,22.69,suspect,"zone=1, batch=10"
evt-00002338,2026-01-01T00:11:43Z,sensor-005,21.42,suspect,"zone=3, batch=9"
evt-00003101,2026-01-01T00:11:43Z,sensor-005,-3.78,good,"zone=2, batch=12"
evt-00001888,2026-01-01T00:11:43Z,sensor-006,12.65,suspect,"zone=2, batch=7"
evt-00000905,2026-01-01T00:11:43Z,sensor-008,11.97,suspect,"zone=4, batch=3"
evt-00000829,2026-01-01T00:11:43Z,sensor-011,10.39,good,"zone=2, batch=3"
evt-00003181,2026-01-01T00:11:44Z,sensor-002,-9.02,suspect,"zone=3, batch=12"
evt-00004657,2026-01-01T00:11:44Z,sensor-011,20.80,good,"zone=1, batch=18"
evt-00001070,2026-01-01T00:11:45Z,sensor-003,14.13,suspect,"zone=2, batch=4"
evt-00002492,2026-01-01T00:11:46Z,sensor-003,37.39,good,"zone=3, batch=9"
evt-00000043,2026-01-01T00:11:46Z,sensor-004,13.04,good,"zone=4, batch=0"
evt-00004284,2026-01-01T00:11:46Z,sensor-004,-2.49,suspect,"zone=1, batch=17"
evt-00004530,2026-01-01T00:11:46Z,sensor-004,-4.28,good,"zone=1, batch=18"
evt-00001303,2026-01-01T00:11:46Z,sensor-007,-6.36,good,"zone=2, batch=5"
evt-00003909,2026-01-01T00:11:46Z,sensor-007,20.45,suspect,"zone=1, batch=15"
evt-00002686,2026-01-01T00:11:46Z,sensor-008,6.05,good,"zone=2, batch=10"
evt-00004692,2026-01-01T00:11:46Z,sensor-009,-7.12,good,"zone=1, batch=18"
evt-00004715,2026-01-01T00:11:47Z,sensor-003,18.39,suspect,"zone=4, batch=18"
evt-00000106,2026-01-01T00:11:47Z,sensor-005,13.85,good,"zone=4, batch=0"
evt-00002959,2026-01-01T00:11:47Z,sensor-006,11.92,good,"zone=3, batch=11"
evt-00003030,2026-01-01T00:11:47Z,sensor-007,3.22,good,"zone=3, batch=12"
evt-00002724,2026-01-01T00:11:47Z,sensor-010,22.89,suspect,"zone=1, batch=10"
evt-00004502,2026-01-01T00:11:47Z,sensor-011,25.18,good,"zone=2, batch=18"
evt-00004762,2026-01-01T00:11:47Z,sensor-011,27.44,good,"zone=2, batch=19"
evt-00001036,2026-01-01T00:11:47Z,sensor-012,22.98,good,"zone=4, batch=4"
evt-00004479,2026-01-01T00:11:48Z,sensor-002,-10.85,good,"zone=2, batch=17"
evt-00001777,2026-01-01T00:11:48Z,sensor-003,28.84,good,"zone=1, batch=7"
evt-00002400,2026-01-01T00:11:48Z,sensor-006,4.44,good,"zone=4, batch=9"
evt-00000502,2026-01-01T00:11:48Z,sensor-007,31.73,good,"zone=2, batch=2"
evt-00001568,2026-01-01T00:11:48Z,sensor-008,16.39,suspect,"zone=1, batch=6"
evt-00001126,2026-01-01T00:11:48Z,sensor-009,23.97,suspect,"zone=2, batch=4"
evt-00002481,2026-01-01T00:11:48Z,sensor-010,31.25,suspect,"zone=4, batch=9"
evt-00001769,2026-01-01T00:11:49Z,sensor-003,1.47,good,"zone=3, batch=7"
evt-00004947,2026-01-01T00:11:49Z,sensor-005,11.09,good,"zone=2, batch=19"
evt-00003702,2026-01-01T00:11:49Z,sensor-008,36.15,good,"zone=1, batch=14"
evt-00002567,2026-01-01T00:11:49Z,sensor-009,-10.46,suspect,"zone=3, batch=10"
evt-00000578,2026-01-01T00:11:50Z,sensor-001,-11.12,good,"zone=3, batch=2"
evt-00001903,2026-01-01T00:11:50Z,sensor-005,-10.72,good,"zone=1, batch=7"
evt-00002242,2026-01-01T00:11:50Z,sensor-005,-0.15,good,"zone=4, batch=8"
evt-00000664,2026-01-01T00:11:50Z,sensor-006,31.16,good,"zone=1, batch=2"
evt-00000764,2026-01-01T00:11:50Z,sensor-008,-2.24,good,"zone=2, batch=3"
evt-00003408,2026-01-01T00:11:50Z,sensor-010,35.94,good,"zone=2, batch=13"
evt-00003486,2026-01-01T00:11:50Z,sensor-012,1.01,good,"zone=1, batch=13"
evt-00004686,2026-01-01T00:11:51Z,sensor-001,27.79,good,"zone=2, batch=18"
evt-00003974,2026-01-01T00:11:51Z,sensor-004,20.62,suspect,"zone=2, batch=15"
evt-00003939,2026-01-01T00:11:51Z,sensor-006,-9.05,suspect,"zone=2, batch=15"
evt-00004813,2026-01-01T00:11:51Z,sensor-007,-11.88,good,"zone=3, batch=19"
evt-00000625,2026-01-01T00:11:51Z,sensor-008,22.46,suspect,"zone=4, batch=2"
evt-00000906,2026-01-01T00:11:51Z,sensor-008,20.80,good,"zone=1, batch=3"
evt-00000552,2026-01-01T00:11:51Z,sensor-009,-1.67,good,"zone=4, batch=2"
evt-00002341,2026-01-01T00:11:51Z,sensor-009,-11.82,good,"zone=1, batch=9"
evt-00000780,2026-01-01T00:11:51Z,sensor-011,34.03,good,"zone=4, batch=3"
evt-00002223,2026-01-01T00:11:51Z,sensor-012,13.98,good,"zone=2, batch=8"
evt-00002523,2026-01-01T00:11:52Z,sensor-001,21.25,suspect,"zone=1, batch=10"
evt-00004180,2026-01-01T00:11:52Z,sensor-002,2.67,suspect,"zone=2, batch=16"
evt-00000274,2026-01-01T00:11:52Z,sensor-004,32.11,good,"zone=1, batch=1"
evt-00001145,2026-01-01T00:11:52Z,sensor-006,28.92,suspect,"zone=1, batch=4"
evt-00002355,2026-01-01T00:11:52Z,sensor-008,14.25,suspect,"zone=2, batch=9"
evt-00001739,2026-01-01T00:11:53Z,sensor-002,7.32,good,"zone=2, batch=6"
evt-00002438,2026-01-01T00:11:53Z,sensor-004,37.09,good,"zone=4, batch=9"
evt-00002206,2026-01-01T00:11:53Z,sensor-006,-11.99,suspect,"zone=1, batch=8"
evt-00002742,2026-01-01T00:11:53Z,sensor-008,3.81,suspect,"zone=2, batch=10"
evt-00000262,2026-01-01T00:11:54Z,sensor-003,16.54,good,"zone=2, batch=1"
evt-00002321,2026-01-01T00:11:54Z,sensor-008,20.07,suspect,"zone=1, batch=9"
evt-00001737,2026-01-01T00:11:54Z,sensor-009,3.53,good,"zone=4, batch=6"
evt-00000750,2026-01-01T00:11:54Z,sensor-012,15.34,good,"zone=2, batch=3"
evt-00003567,2026-01-01T00:11:54Z,sensor-012,26.78,suspect,"zone=4, batch=14"
evt-00001121,2026-01-01T00:11:55Z,sensor-001,2.24,good,"zone=3, batch=4"
evt-00002500,2026-01-01T00:11:55Z,sensor-002,20.63,good,"zone=2, batch=10"
evt-00001349,2026-01-01T00:11:55Z,sensor-003,-7.20,good,"zone=1, batch=5"
evt-00003890,2026-01-01T00:11:55Z,sensor-004,37.20,good,"zone=3, batch=15"
evt-00000862,2026-01-01T00:11:55Z,sensor-005,34.44,good,"zone=1, batch=3"
evt-00002312,2026-01-01T00:11:55Z,sensor-010,20.90,good,"zone=4, batch=9"
evt-00004176,2026-01-01T00:11:55Z,sensor-011,-9.87,good,"zone=3, batch=16"
evt-00000049,2026-01-01T00:11:55Z,sensor-012,-9.69,good,"zone=4, batch=0"
evt-00002020,2026-01-01T00:11:55Z,sensor-012,8.55,good,"zone=2, batch=8"
evt-00003683,2026-01-01T00:11:55Z,sensor-012,25.98,good,"zone=4, batch=14"
evt-00000987,2026-01-01T00:11:56Z,sensor-003,-1.28,good,"zone=4, batch=3"
evt-00000400,2026-01-01T00:11:56Z,sensor-006,17.59,good,"zone=3, batch=1"
evt-00004676,2026-01-01T00:11:56Z,sensor-006,-3.58,good,"zone=2, batch=18"
evt-00000722,2026-01-01T00:11:56Z,sensor-007,9.54,suspect,"zone=2, batch=2"
evt-00003180,2026-01-01T00:11:56Z,sensor-007,21.14,good,"zone=3, batch=12"
evt-00000690,2026-01-01T00:11:56Z,sensor-008,24.61,good,"zone=1, batch=2"
evt-00001339,2026-01-01T00:11:57Z,sensor-002,-8.77,good,"zone=2, batch=5"
evt-00002187,2026-01-01T00:11:57Z,sensor-002,-1.17,good,"zone=3, batch=8"
evt-00002745,2026-01-01T00:11:57Z,sensor-003,32.96,suspect,"zone=4, batch=10"
evt-00004660,2026-01-01T00:11:57Z,sensor-003,29.44,good,"zone=2, batch=18"
evt-00002308,2026-01-01T00:11:57Z,sensor-004,10.34,good,"zone=4, batch=9"
evt-00003892,2026-01-01T00:11:57Z,sensor-006,6.01,good,"zone=4, batch=15"
evt-00003929,2026-01-01T00:11:57Z,sensor-006,36.70,good,"zone=3, batch=15"
evt-00004913,2026-01-01T00:11:57Z,sensor-006,-4.91,good,"zone=3, batch=19"
evt-00001449,2026-01-01T00:11:57Z,sensor-010,1.69,good,"zone=2, batch=5"
evt-00002771,2026-01-01T00:11:57Z,sensor-010,34.75,good,"zone=4, batch=11"
evt-00003708,2026-01-01T00:11:57Z,sensor-010,22.39,suspect,"zone=1, batch=14"
evt-00002780,2026-01-01T00:11:57Z,sensor-012,11.15,good,"zone=4, batch=11"
evt-00003231,2026-01-01T00:11:58Z,sensor-004,36.45,good,"zone=2, batch=12"
evt-00003884,2026-01-01T00:11:58Z,sensor-007,5.37,good,"zone=2, batch=15"
evt-00000346,2026-01-01T00:11:58Z,sensor-008,0.55,good,"zone=1, batch=1"
evt-00000105,2026-01-01T00:11:58Z,sensor-010,-8.22,good,"zone=1, batch=0"
evt-00002515,2026-01-01T00:11:58Z,sensor-010,9.03,good,"zone=3, batch=10"
evt-00003189,2026-01-01T00:11:58Z,sensor-010,-1.94,good,"zone=2, batch=12"
evt-00000060,2026-01-01T00:11:58Z,sensor-011,37.86,good,"zone=3, batch=0"
evt-00002824,2026-01-01T00:11:58Z,sensor-012,-8.35,suspect,"zone=3, batch=11"
evt-00003841,2026-01-01T00:11:58Z,sensor-012,-9.37,good,"zone=1, batch=15"
evt-00000760,2026-01-01T00:11:59Z,sensor-005,22.66,suspect,"zone=4, batch=3"
evt-00004637,2026-01-01T00:11:59Z,sensor-009,36.19,suspect,"zone=2, batch=18"
evt-00002104,2026-01-01T00:11:59Z,sensor-011,-5.29,good,"zone=2, batch=8"
evt-00000961,2026-01-01T00:12:00Z,sensor-004,17.58,suspect,"zone=3, batch=3"
evt-00004117,2026-01-01T00:12:00Z,sensor-007,3.92,suspect,"zone=2, batch=16"
evt-00002076,2026-01-01T00:12:00Z,sensor-010,-8.12,suspect,"zone=1, batch=8"
evt-00003375,2026-01-01T00:12:00Z,sensor-011,11.52,good,"zone=2, batch=13"
evt-00003078,2026-01-01T00:12:01Z,sensor-003,28.09,good,"zone=3, batch=12"
evt-00004074,2026-01-01T00:12:01Z,sensor-004,-8.33,good,"zone=3, batch=16"
evt-00001410,2026-01-01T00:12:01Z,sensor-008,19.66,good,"zone=3, batch=5"
evt-00000283,2026-01-01T00:12:01Z,sensor-010,15.22,good,"zone=2, batch=1"
evt-00003792,2026-01-01T00:12:02Z,sensor-004,8.42,good,"zone=3, batch=15"
evt-00003401,2026-01-01T00:12:02Z,sensor-011,30.44,suspect,"zone=1, batch=13"
evt-00000986,2026-01-01T00:12:03Z,sensor-004,24.84,good,"zone=3, batch=3"
evt-00003158,2026-01-01T00:12:03Z,sensor-005,12.95,suspect,"zone=2, batch=12"
evt-00004355,2026-01-01T00:12:03Z,sensor-005,5.47,good,"zone=1, batch=17"
evt-00003103,2026-01-01T00:12:03Z,sensor-007,28.07,good,"zone=1, batch=12"
evt-00004189,2026-01-01T00:12:03Z,sensor-010,15.09,suspect,"zone=4, batch=16"
evt-00001364,2026-01-01T00:12:03Z,sensor-011,-6.68,suspect,"zone=4, batch=5"
evt-00002844,2026-01-01T00:12:04Z,sensor-001,25.15,good,"zone=2, batch=11"
evt-00001761,2026-01-01T00:12:04Z,sensor-003,-1.34,suspect,"zone=3, batch=7"
evt-00002568,2026-01-01T00:12:04Z,sensor-004,35.57,good,"zone=4, batch=10"
evt-00003650,2026-01-01T00:12:04Z,sensor-009,21.75,good,"zone=2, batch=14"
evt-00004903,2026-01-01T00:12:04Z,sensor-010,-10.63,good,"zone=4, batch=19"
evt-00004612,2026-01-01T00:12:05Z,sensor-004,33.99,suspect,"zone=4, batch=18"
evt-00003866,2026-01-01T00:12:05Z,sensor-005,6.07,good,"zone=4, batch=15"
evt-00004387,2026-01-01T00:12:05Z,sensor-005,15.06,good,"zone=4, batch=17"
evt-00003435,2026-01-01T00:12:05Z,sensor-006,20.83,suspect,"zone=3, batch=13"
evt-00003778,2026-01-01T00:12:06Z,sensor-006,21.33,suspect,"zone=2, batch=15"
evt-00003718,2026-01-01T00:12:06Z,sensor-007,23.49,good,"zone=4, batch=14"
evt-00004013,2026-01-01T00:12:06Z,sensor-007,27.38,suspect,"zone=4, batch=16"
evt-00004193,2026-01-01T00:12:06Z,sensor-009,6.33,good,"zone=2, batch=16"
evt-00002115,2026-01-01T00:12:06Z,sensor-012,-11.25,suspect,"zone=4, batch=8"
evt-00004362,2026-01-01T00:12:07Z,sensor-001,28.04,good,"zone=1, batch=17"
evt-00000893,2026-01-01T00:12:07Z,sensor-007,29.33,good,"zone=1, batch=3"
evt-00004394,2026-01-01T00:12:07Z,sensor-008,24.91,good,"zone=1, batch=17"
evt-00002590,2026-01-01T00:12:07Z,sensor-010,31.40,good,"zone=1, batch=10"
evt-00003072,2026-01-01T00:12:07Z,sensor-010,-4.78,good,"zone=4, batch=12"
evt-00001658,2026-01-01T00:12:07Z,sensor-011,25.52,suspect,"zone=1, batch=6"
evt-00001822,2026-01-01T00:12:07Z,sensor-011,4.17,good,"zone=4, batch=7"
evt-00004093,2026-01-01T00:12:07Z,sensor-011,1.42,good,"zone=4, batch=16"
evt-00004711,2026-01-01T00:12:07Z,sensor-011,10.70,suspect,"zone=3, batch=18"
evt-00001714,2026-01-01T00:12:07Z,sensor-012,3.20,suspect,"zone=4, batch=6"
evt-00002687,2026-01-01T00:12:08Z,sensor-003,12.56,good,"zone=4, batch=10"
evt-00003188,2026-01-01T00:12:08Z,sensor-007,25.98,suspect,"zone=1, batch=12"
evt-00001595,2026-01-01T00:12:08Z,sensor-008,1.39,good,"zone=1, batch=6"
evt-00003479,2026-01-01T00:12:08Z,sensor-011,3.63,good,"zone=1, batch=13"
evt-00000121,2026-01-01T00:12:09Z,sensor-001,-6.31,good,"zone=1, batch=0"
evt-00001819,2026-01-01T00:12:09Z,sensor-001,27.45,suspect,"zone=1, batch=7"
evt-00001990,2026-01-01T00:12:09Z,sensor-007,11.83,good,"zone=2, batch=7"
evt-00000443,2026-01-01T00:12:09Z,sensor-009,-7.88,suspect,"zone=1, batch=1"
evt-00002431,2026-01-01T00:12:09Z,sensor-010,29.12,good,"zone=4, batch=9"
evt-00001832,2026-01-01T00:12:10Z,sensor-003,3.18,good,"zone=4, batch=7"
evt-00004239,2026-01-01T00:12:10Z,sensor-003,26.94,good,"zone=3, batch=16"
evt-00002490,2026-01-01T00:12:10Z,sensor-005,20.09,good,"zone=4, batch=9"
evt-00004556,2026-01-01T00:12:10Z,sensor-005,3.56,good,"zone=2, batch=18"
evt-00002152,2026-01-01T00:12:10Z,sensor-009,20.17,good,"zone=2, batch=8"
evt-00000165,2026-01-01T00:12:11Z,sensor-003,14.42,good,"zone=3, batch=0"
evt-00002508,2026-01-01T00:12:11Z,sensor-004,19.18,suspect,"zone=1, batch=10"
evt-00002462,2026-01-01T00:12:11Z,sensor-005,-6.73,suspect,"zone=4, batch=9"
evt-00002653,2026-01-01T00:12:11Z,sensor-005,37.91,suspect,"zone=4, batch=10"
evt-00002222,2026-01-01T00:12:11Z,sensor-006,-11.66,good,"zone=2, batch=8"
evt-00001810,2026-01-01T00:12:11Z,sensor-008,7.82,good,"zone=4, batch=7"
evt-00002778,2026-01-01T00:12:11Z,sensor-009,31.84,good,"zone=1, batch=11"
evt-00001866,2026-01-01T00:12:11Z,sensor-010,34.19,good,"zone=4, batch=7"
evt-00004027,2026-01-01T00:12:11Z,sensor-011,19.50,good,"zone=1, batch=16"
evt-00003325,2026-01-01T00:12:12Z,sensor-001,-1.49,good,"zone=1, batch=13"
evt-00000800,2026-01-01T00:12:12Z,sensor-003,15.90,suspect,"zone=4, batch=3"
evt-00002315,2026-01-01T00:12:12Z,sensor-003,12.05,good,"zone=3, batch=9"
evt-00003385,2026-01-01T00:12:12Z,sensor-007,-5.89,good,"zone=3, batch=13"
evt-00004257,2026-01-01T00:12:12Z,sensor-007,1.66,suspect,"zone=1, batch=17"
evt-00000024,2026-01-01T00:12:12Z,sensor-008,14.74,good,"zone=2, batch=0"
evt-00004064,2026-01-01T00:12:12Z,sensor-010,14.77,suspect,"zone=2, batch=16"
evt-00001461,2026-01-01T00:12:12Z,sensor-012,22.98,good,"zone=3, batch=5"
evt-00002332,2026-01-01T00:12:13Z,sensor-002,-7.12,good,"zone=4, batch=9"
evt-00001392,2026-01-01T00:12:13Z,sensor-003,30.91,good,"zone=1, batch=5"
evt-00003127,2026-01-01T00:12:13Z,sensor-003,5.37,good,"zone=3, batch=12"
evt-00001313,2026-01-01T00:12:13Z,sensor-005,24.66,good,"zone=4, batch=5"
evt-00002514,2026-01-01T00:12:13Z,sensor-008,18.96,good,"zone=2, batch=10"
evt-00001600,2026-01-01T00:12:13Z,sensor-009,-10.15,good,"zone=3, batch=6"
evt-00002134,2026-01-01T00:12:13Z,sensor-009,15.42,suspect,"zone=2, batch=8"
evt-00001193,2026-01-01T00:12:13Z,sensor-012,-7.50,good,"zone=1, batch=4"
evt-00000964,2026-01-01T00:12:14Z,sensor-002,7.57,good,"zone=2, batch=3"
evt-00004914,2026-01-01T00:12:14Z,sensor-002,2.68,good,"zone=3, batch=19"
evt-00000953,2026-01-01T00:12:14Z,sensor-004,21.88,good,"zone=2, batch=3"
evt-00000577,2026-01-01T00:12:14Z,sensor-006,25.13,suspect,"zone=1, batch=2"
evt-00001127,2026-01-01T00:12:14Z,sensor-008,-1.28,suspect,"zone=2, batch=4"
evt-00003202,2026-01-01T00:12:14Z,sensor-009,35.27,good,"zone=3, batch=12"
evt-00001467,2026-01-01T00:12:14Z,sensor-012,13.43,good,"zone=3, batch=5"
evt-00003446,2026-01-01T00:12:15Z,sensor-011,6.19,good,"zone=3, batch=13"
evt-00004573,2026-01-01T00:12:15Z,sensor-012,3.70,good,"zone=2, batch=18"
evt-00001078,2026-01-01T00:12:16Z,sensor-001,25.81,good,"zone=2, batch=4"
evt-00002480,2026-01-01T00:12:16Z,sensor-002,6.77,good,"zone=2, batch=9"
evt-00002876,2026-01-01T00:12:16Z,sensor-009,-2.94,good,"zone=2, batch=11"
evt-00002718,2026-01-01T00:12:16Z,sensor-011,-5.27,suspect,"zone=3, batch=10"
evt-00003393,2026-01-01T00:12:16Z,sensor-011,36.53,suspect,"zone=1, batch=13"
evt-00004251,2026-01-01T00:12:16Z,sensor-012,2.40,suspect,"zone=1, batch=17"
evt-00000223,2026-01-01T00:12:17Z,sensor-002,28.77,good,"zone=4, batch=0"
evt-00001225,2026-01-01T00:12:17Z,sensor-006,27.79,good,"zone=1, batch=4"
evt-00000936,2026-01-01T00:12:17Z,sensor-007,33.49,suspect,"zone=3, batch=3"
evt-00000446,2026-01-01T00:12:17Z,sensor-010,2.79,good,"zone=4, batch=1"
evt-00003027,2026-01-01T00:12:18Z,sensor-003,20.97,good,"zone=3, batch=12"
evt-00002558,2026-01-01T00:12:18Z,sensor-005,-3.15,suspect,"zone=4, batch=10"
evt-00004617,2026-01-01T00:12:18Z,sensor-007,11.34,suspect,"zone=2, batch=18"
evt-00004905,2026-01-01T00:12:18Z,sensor-008,-0.57,suspect,"zone=2, batch=19"
evt-00003266,2026-01-01T00:12:18Z,sensor-011,-10.19,good,"zone=3, batch=13"
evt-00003780,2026-01-01T00:12:19Z,sensor-001,1.22,good,"zone=2, batch=15"
evt-00003461,2026-01-01T00:12:19Z,sensor-004,15.19,good,"zone=2, batch=13"
evt-00004613,2026-01-01T00:12:19Z,sensor-004,-9.62,suspect,"zone=3, batch=18"
evt-00000039,2026-01-01T00:12:19Z,sensor-008,13.29,good,"zone=3, batch=0"
evt-00000631,2026-01-01T00:12:19Z,sensor-008,-5.32,good,"zone=2, batch=2"
evt-00002682,2026-01-01T00:12:19Z,sensor-010,20.76,good,"zone=1, batch=10"
evt-00004304,2026-01-01T00:12:19Z,sensor-011,10.07,good,"zone=3, batch=17"
evt-00004815,2026-01-01T00:12:20Z,sensor-001,1.58,suspect,"zone=4, batch=19"
evt-00001991,2026-01-01T00:12:20Z,sensor-002,-4.95,good,"zone=1, batch=7"
evt-00001565,2026-01-01T00:12:20Z,sensor-003,12.42,good,"zone=4, batch=6"
evt-00003365,2026-01-01T00:12:20Z,sensor-004,9.55,good,"zone=3, batch=13"
evt-00003384,2026-01-01T00:12:20Z,sensor-005,37.56,good,"zone=3, batch=13"
evt-00004771,2026-01-01T00:12:20Z,sensor-006,19.73,suspect,"zone=4, batch=19"
evt-00004177,2026-01-01T00:12:20Z,sensor-008,16.87,suspect,"zone=2, batch=16"
evt-00002955,2026-01-01T00:12:20Z,sensor-009,0.38,good,"zone=1, batch=11"
evt-00002426,2026-01-01T00:12:20Z,sensor-010,31.85,good,"zone=1, batch=9"
evt-00002427,2026-01-01T00:12:21Z,sensor-001,28.70,suspect,"zone=3, batch=9"
evt-00001482,2026-01-01T00:12:21Z,sensor-003,1.01,good,"zone=3, batch=5"
evt-00003677,2026-01-01T00:12:21Z,sensor-003,-0.26,good,"zone=2, batch=14"
evt-00001106,2026-01-01T00:12:21Z,sensor-004,20.28,suspect,"zone=3, batch=4"
evt-00002644,2026-01-01T00:12:21Z,sensor-004,26.28,good,"zone=1, batch=10"
evt-00003943,2026-01-01T00:12:21Z,sensor-004,24.73,good,"zone=4, batch=15"
evt-00001824,2026-01-01T00:12:21Z,sensor-005,1.51,good,"zone=1, batch=7"
evt-00003489,2026-01-01T00:12:21Z,sensor-006,29.70,good,"zone=2, batch=13"
evt-00003326,2026-01-01T00:12:21Z,sensor-007,3.38,good,"zone=4, batch=13"
evt-00003259,2026-01-01T00:12:22Z,sensor-001,16.58,good,"zone=4, batch=13"
evt-00004472,2026-01-01T00:12:22Z,sensor-001,-1.23,suspect,"zone=4, batch=17"
evt-00002755,2026-01-01T00:12:22Z,sensor-003,4.03,good,"zone=2, batch=11"
evt-00003501,2026-01-01T00:12:22Z,sensor-003,9.77,good,"zone=3, batch=14"
evt-00000331,2026-01-01T00:12:22Z,sensor-005,22.18,good,"zone=4, batch=1"
evt-00003997,2026-01-01T00:12:22Z,sensor-006,32.00,good,"zone=2, batch=15"
evt-00002817,2026-01-01T00:12:22Z,sensor-008,1.65,good,"zone=3, batch=11"
evt-00002366,2026-01-01T00:12:22Z,sensor-009,27.93,good,"zone=3, batch=9"
evt-00003184,2026-01-01T00:12:22Z,sensor-010,35.39,suspect,"zone=2, batch=12"
evt-00000214,2026-01-01T00:12:22Z,sensor-012,-11.06,good,"zone=2, batch=0"
evt-00002575,2026-01-01T00:12:23Z,sensor-003,36.79,good,"zone=4, batch=10"
evt-00004462,2026-01-01T00:12:23Z,sensor-004,12.48,good,"zone=3, batch=17"
evt-00002930,2026-01-01T00:12:23Z,sensor-005,37.49,good,"zone=3, batch=11"
evt-00004382,2026-01-01T00:12:24Z,sensor-005,4.91,good,"zone=2, batch=17"
evt-00001670,2026-01-01T00:12:24Z,sensor-008,30.07,good,"zone=4, batch=6"
evt-00002158,2026-01-01T00:12:24Z,sensor-008,13.39,good,"zone=1, batch=8"
evt-00002295,2026-01-01T00:12:24Z,sensor-008,26.52,good,"zone=2, batch=9"
evt-00001012,2026-01-01T00:12:24Z,sensor-011,35.39,good,"zone=2, batch=4"
evt-00004739,2026-01-01T00:12:25Z,sensor-001,-11.71,good,"zone=4, batch=18"
evt-00003981,2026-01-01T00:12:25Z,sensor-005,-0.93,good,"zone=2, batch=15"
evt-00001219,2026-01-01T00:12:25Z,sensor-006,9.21,good,"zone=4, batch=4"
evt-00001768,2026-01-01T00:12:25Z,sensor-006,15.31,good,"zone=1, batch=7"
evt-00001792,2026-01-01T00:12:25Z,sensor-009,25.48,good,"zone=4, batch=7"
evt-00002459,2026-01-01T00:12:25Z,sensor-009,36.13,good,"zone=2, batch=9"
evt-00003520,2026-01-01T00:12:26Z,sensor-003,3.74,good,"zone=3, batch=14"
evt-00001051,2026-01-01T00:12:26Z,sensor-004,3.95,good,"zone=4, batch=4"
evt-00001502,2026-01-01T00:12:26Z,sensor-004,-10.60,good,"zone=4, batch=6"
evt-00004269,2026-01-01T00:12:26Z,sensor-005,16.34,good,"zone=4, batch=17"
evt-00003946,2026-01-01T00:12:26Z,sensor-006,33.44,good,"zone=4, batch=15"
evt-00004507,2026-01-01T00:12:26Z,sensor-007,11.83,good,"zone=3, batch=18"
evt-00001943,2026-01-01T00:12:26Z,sensor-009,-2.29,good,"zone=1, batch=7"
evt-00000786,2026-01-01T00:12:27Z,sensor-002,2.10,good,"zone=4, batch=3"
evt-00004839,2026-01-01T00:12:27Z,sensor-004,4.72,good,"zone=3, batch=19"
evt-00002048,2026-01-01T00:12:27Z,sensor-007,3.46,suspect,"zone=1, batch=8"
evt-00004891,2026-01-01T00:12:27Z,sensor-008,28.18,suspect,"zone=3, batch=19"
evt-00004227,2026-01-01T00:12:27Z,sensor-010,-0.45,good,"zone=1, batch=16"
evt-00004389,2026-01-01T00:12:28Z,sensor-001,33.09,good,"zone=2, batch=17"
evt-00003969,2026-01-01T00:12:28Z,sensor-002,-4.01,good,"zone=4, batch=15"
evt-00002396,2026-01-01T00:12:28Z,sensor-003,8.49,suspect,"zone=1, batch=9"
evt-00002696,2026-01-01T00:12:28Z,sensor-004,2.42,good,"zone=1, batch=10"
evt-00001636,2026-01-01T00:12:28Z,sensor-007,10.43,good,"zone=1, batch=6"
evt-00004046,2026-01-01T00:12:28Z,sensor-007,36.08,good,"zone=3, batch=16"
evt-00001830,2026-01-01T00:12:28Z,sensor-008,-4.45,good,"zone=2, batch=7"
evt-00003275,2026-01-01T00:12:28Z,sensor-008,-11.04,suspect,"zone=1, batch=13"
evt-00003123,2026-01-01T00:12:28Z,sensor-011,13.70,good,"zone=2, batch=12"
evt-00002615,2026-01-01T00:12:28Z,sensor-012,-6.86,suspect,"zone=2, batch=10"
evt-00003940,2026-01-01T00:12:29Z,sensor-001,35.54,good,"zone=3, batch=15"
evt-00000350,2026-01-01T00:12:29Z,sensor-002,6.07,good,"zone=1, batch=1"
evt-00000301,2026-01-01T00:12:29Z,sensor-006,25.22,good,"zone=4, batch=1"
evt-00001504,2026-01-01T00:12:29Z,sensor-006,9.32,good,"zone=2, batch=6"
evt-00003496,2026-01-01T00:12:30Z,sensor-001,25.37,good,"zone=2, batch=13"
evt-00003533,2026-01-01T00:12:30Z,sensor-001,13.28,good,"zone=3, batch=14"
evt-00000833,2026-01-01T00:12:30Z,sensor-003,10.74,suspect,"zone=3, batch=3"
evt-00003666,2026-01-01T00:12:30Z,sensor-012,-6.67,suspect,"zone=1, batch=14"
evt-00004036,2026-01-01T00:12:30Z,sensor-012,17.63,good,"zone=3, batch=16"
evt-00000226,2026-01-01T00:12:31Z,sensor-006,0.06,good,"zone=4, batch=0"
evt-00003546,2026-01-01T00:12:31Z,sensor-006,8.26,good,"zone=3, batch=14"
evt-00003471,2026-01-01T00:12:31Z,sensor-007,-8.07,good,"zone=3, batch=13"
evt-00004488,2026-01-01T00:12:31Z,sensor-010,21.91,good,"zone=3, batch=17"
evt-00001942,2026-01-01T00:12:32Z,sensor-003,29.11,good,"zone=1, batch=7"
evt-00003411,2026-01-01T00:12:32Z,sensor-005,35.70,good,"zone=3, batch=13"
evt-00003710,2026-01-01T00:12:32Z,sensor-009,28.75,good,"zone=1, batch=14"
evt-00002939,2026-01-01T00:12:32Z,sensor-010,9.31,suspect,"zone=2, batch=11"
evt-00003087,2026-01-01T00:12:32Z,sensor-010,-1.53,good,"zone=3, batch=12"
evt-00004337,2026-01-01T00:12:32Z,sensor-010,20.51,suspect,"zone=1, batch=17"
evt-00002526,2026-01-01T00:12:32Z,sensor-011,6.61,good,"zone=3, batch=10"
evt-00001915,2026-01-01T00:12:33Z,sensor-001,1.48,good,"zone=3, batch=7"
evt-00001420,2026-01-01T00:12:33Z,sensor-003,3.24,good,"zone=2, batch=5"
evt-00004402,2026-01-01T00:12:33Z,sensor-004,30.61,good,"zone=4, batch=17"
evt-00004338,2026-01-01T00:12:33Z,sensor-006,17.67,good,"zone=1, batch=17"
evt-00004759,2026-01-01T00:12:33Z,sensor-007,30.92,good,"zone=4, batch=19"
evt-00000326,2026-01-01T00:12:33Z,sensor-008,26.15,suspect,"zone=3, batch=1"
evt-00001159,2026-01-01T00:12:33Z,sensor-010,11.79,suspect,"zone=2, batch=4"
evt-00004767,2026-01-01T00:12:33Z,sensor-010,35.61,good,"zone=3, batch=19"
evt-00003759,2026-01-01T00:12:34Z,sensor-001,19.66,good,"zone=3, batch=15"
evt-00001872,2026-01-01T00:12:34Z,sensor-006,12.76,good,"zone=1, batch=7"
evt-00004594,2026-01-01T00:12:34Z,sensor-006,6.49,good,"zone=3, batch=18"
evt-00001588,2026-01-01T00:12:34Z,sensor-008,27.62,good,"zone=1, batch=6"
evt-00000888,2026-01-01T00:12:34Z,sensor-009,10.10,good,"zone=1, batch=3"
evt-00000895,2026-01-01T00:12:34Z,sensor-009,19.81,good,"zone=1, batch=3"
evt-00003924,2026-01-01T00:12:34Z,sensor-010,24.37,good,"zone=1, batch=15"
evt-00004381,2026-01-01T00:12:34Z,sensor-011,37.48,suspect,"zone=2, batch=17"
evt-00001463,2026-01-01T00:12:34Z,sensor-012,35.63,good,"zone=2, batch=5"
evt-00003420,2026-01-01T00:12:34Z,sensor-012,-11.08,good,"zone=3, batch=13"
evt-00003810,2026-01-01T00:12:35Z,sensor-004,19.51,good,"zone=4, batch=15"
evt-00000985,2026-01-01T00:12:35Z,sensor-006,-0.99,suspect,"zone=4, batch=3"
evt-00001827,2026-01-01T00:12:35Z,sensor-006,31.96,suspect,"zone=4, batch=7"
evt-00000037,2026-01-01T00:12:35Z,sensor-011,-9.48,good,"zone=3, batch=0"
evt-00002263,2026-01-01T00:12:35Z,sensor-011,10.32,good,"zone=3, batch=9"
evt-00004876,2026-01-01T00:12:35Z,sensor-012,-5.38,good,"zone=2, batch=19"
evt-00000329,2026-01-01T00:12:36Z,sensor-002,29.28,good,"zone=3, batch=1"
evt-00001963,2026-01-01T00:12:36Z,sensor-003,-11.07,good,"zone=1, batch=7"
evt-00002578,2026-01-01T00:12:36Z,sensor-004,-1.01,good,"zone=4, batch=10"
evt-00003357,2026-01-01T00:12:36Z,sensor-004,-3.32,good,"zone=2, batch=13"
evt-00003392,2026-01-01T00:12:36Z,sensor-006,25.96,good,"zone=4, batch=13"
evt-00003581,2026-01-01T00:12:36Z,sensor-008,20.97,good,"zone=3, batch=14"
evt-00001317,2026-01-01T00:12:36Z,sensor-011,3.48,good,"zone=3, batch=5"
evt-00004658,2026-01-01T00:12:36Z,sensor-011,6.53,good,"zone=3, batch=18"
evt-00002434,2026-01-01T00:12:36Z,sensor-012,20.98,good,"zone=1, batch=9"
evt-00000970,2026-01-01T00:12:37Z,sensor-001,13.46,good,"zone=1, batch=3"
evt-00004474,2026-01-01T00:12:37Z,sensor-004,6.78,good,"zone=3, batch=17"
evt-00003371,2026-01-01T00:12:37Z,sensor-007,9.26,good,"zone=2, batch=13"
evt-00004850,2026-01-01T00:12:37Z,sensor-007,35.48,good,"zone=1, batch=19"
evt-00003341,2026-01-01T00:12:37Z,sensor-008,35.57,good,"zone=3, batch=13"
evt-00003687,2026-01-01T00:12:37Z,sensor-012,31.59,suspect,"zone=4, batch=14"
evt-00004449,2026-01-01T00:12:38Z,sensor-002,1.00,good,"zone=3, batch=17"
evt-00000891,2026-01-01T00:12:38Z,sensor-007,-8.68,good,"zone=1, batch=3"
evt-00004293,2026-01-01T00:12:38Z,sensor-007,19.12,good,"zone=3, batch=17"
evt-00000130,2026-01-01T00:12:39Z,sensor-005,19.04,good,"zone=3, batch=0"
evt-00001148,2026-01-01T00:12:39Z,sensor-006,-5.98,good,"zone=4, batch=4"
evt-00000367,2026-01-01T00:12:39Z,sensor-007,-5.62,good,"zone=2, batch=1"
evt-00001384,2026-01-01T00:12:39Z,sensor-007,-3.95,good,"zone=1, batch=5"
evt-00004294,2026-01-01T00:12:39Z,sensor-007,29.39,suspect,"zone=3, batch=17"
evt-00001013,2026-01-01T00:12:39Z,sensor-008,-10.53,good,"zone=2, batch=4"
evt-00004102,2026-01-01T00:12:39Z,sensor-009,23.53,good,"zone=3, batch=16"
evt-00000229,2026-01-01T00:12:39Z,sensor-010,34.07,good,"zone=4, batch=0"
evt-00003022,2026-01-01T00:12:39Z,sensor-012,-5.56,good,"zone=3, batch=12"
evt-00004945,2026-01-01T00:12:40Z,sensor-001,16.02,good,"zone=3, batch=19"
evt-00004827,2026-01-01T00:12:40Z,sensor-002,-4.36,good,"zone=1, batch=19"
evt-00000753,2026-01-01T00:12:40Z,sensor-003,30.38,good,"zone=4, batch=3"
evt-00002395,2026-01-01T00:12:40Z,sensor-005,21.34,good,"zone=3, batch=9"
evt-00004775,2026-01-01T00:12:40Z,sensor-008,18.70,suspect,"zone=1, batch=19"
evt-00003201,2026-01-01T00:12:40Z,sensor-009,9.70,good,"zone=1, batch=12"
evt-00000186,2026-01-01T00:12:41Z,sensor-002,20.09,suspect,"zone=3, batch=0"
evt-00002673,2026-01-01T00:12:41Z,sensor-002,36.54,suspect,"zone=3, batch=10"
evt-00003116,2026-01-01T00:12:41Z,sensor-003,19.18,good,"zone=2, batch=12"
evt-00002016,2026-01-01T00:12:41Z,sensor-004,27.26,good,"zone=1, batch=8"
evt-00003760,2026-01-01T00:12:41Z,sensor-006,25.62,good,"zone=2, batch=15"
evt-00002582,2026-01-01T00:12:41Z,sensor-008,-6.89,good,"zone=1, batch=10"
evt-00003196,2026-01-01T00:12:41Z,sensor-008,27.70,good,"zone=4, batch=12"
evt-00001489,2026-01-01T00:12:41Z,sensor-012,13.23,good,"zone=3, batch=5"
evt-00001318,2026-01-01T00:12:42Z,sensor-001,18.33,good,"zone=2, batch=5"
evt-00001043,2026-01-01T00:12:42Z,sensor-004,29.80,good,"zone=3, batch=4"
evt-00001885,2026-01-01T00:12:42Z,sensor-007,25.43,suspect,"zone=2, batch=7"
evt-00001733,2026-01-01T00:12:42Z,sensor-008,-1.62,good,"zone=3, batch=6"
evt-00003749,2026-01-01T00:12:42Z,sensor-008,27.99,good,"zone=3, batch=14"
evt-00004615,2026-01-01T00:12:42Z,sensor-009,9.03,good,"zone=2, batch=18"
evt-00003407,2026-01-01T00:12:42Z,sensor-011,32.23,good,"zone=4, batch=13"
evt-00000002,2026-01-01T00:12:43Z,sensor-006,-4.90,suspect,"zone=4, batch=0"
evt-00001573,2026-01-01T00:12:43Z,sensor-009,21.89,good,"zone=4, batch=6"
evt-00003602,2026-01-01T00:12:44Z,sensor-007,2.33,suspect,"zone=4, batch=14"
evt-00000957,2026-01-01T00:12:44Z,sensor-010,26.97,good,"zone=1, batch=3"
evt-00002704,2026-01-01T00:12:44Z,sensor-010,29.79,good,"zone=4, batch=10"
evt-00000128,2026-01-01T00:12:44Z,sensor-012,6.97,suspect,"zone=3, batch=0"
evt-00000927,2026-01-01T00:12:45Z,sensor-001,16.44,suspect,"zone=3, batch=3"
evt-00002306,2026-01-01T00:12:45Z,sensor-001,-3.78,good,"zone=2, batch=9"
evt-00004330,2026-01-01T00:12:45Z,sensor-004,37.16,good,"zone=3, batch=17"
evt-00004007,2026-01-01T00:12:45Z,sensor-009,11.62,good,"zone=1, batch=16"
evt-00002351,2026-01-01T00:12:45Z,sensor-011,-10.26,good,"zone=3, batch=9"
evt-00002544,2026-01-01T00:12:46Z,sensor-001,0.87,good,"zone=1, batch=10"
evt-00002325,2026-01-01T00:12:46Z,sensor-007,20.31,good,"zone=2, batch=9"
evt-00003566,2026-01-01T00:12:46Z,sensor-007,28.86,good,"zone=1, batch=14"
evt-00003836,2026-01-01T00:12:47Z,sensor-001,5.46,good,"zone=3, batch=15"
evt-00004951,2026-01-01T00:12:47Z,sensor-005,5.32,suspect,"zone=4, batch=19"
evt-00003959,2026-01-01T00:12:47Z,sensor-006,16.37,good,"zone=4, batch=15"
evt-00000076,2026-01-01T00:12:47Z,sensor-010,4.01,suspect,"zone=3, batch=0"
evt-00001089,2026-01-01T00:12:47Z,sensor-010,30.04,suspect,"zone=2, batch=4"
evt-00004575,2026-01-01T00:12:48Z,sensor-005,5.02,good,"zone=4, batch=18"
evt-00004175,2026-01-01T00:12:48Z,sensor-006,4.17,suspect,"zone=1, batch=16"
evt-00004635,2026-01-01T00:12:48Z,sensor-006,35.34,good,"zone=2, batch=18"
evt-00003299,2026-01-01T00:12:48Z,sensor-007,3.40,good,"zone=2, batch=13"
evt-00003915,2026-01-01T00:12:48Z,sensor-008,-4.31,good,"zone=1, batch=15"
evt-00001395,2026-01-01T00:12:48Z,sensor-009,7.62,good,"zone=4, batch=5"
evt-00002754,2026-01-01T00:12:48Z,sensor-010,6.27,good,"zone=2, batch=11"
evt-00004280,2026-01-01T00:12:48Z,sensor-012,-10.10,suspect,"zone=4, batch=17"
evt-00004460,2026-01-01T00:12:49Z,sensor-001,24.55,good,"zone=2, batch=17"
evt-00004470,2026-01-01T00:12:49Z,sensor-001,25.34,good,"zone=3, batch=17"
evt-00000086,2026-01-01T00:12:49Z,sensor-004,14.12,good,"zone=4, batch=0"
evt-00002914,2026-01-01T00:12:49Z,sensor-006,31.49,good,"zone=1, batch=11"
evt-00000298,2026-01-01T00:12:49Z,sensor-009,37.80,good,"zone=1, batch=1"
evt-00004712,2026-01-01T00:12:49Z,sensor-009,35.18,good,"zone=4, batch=18"
evt-00001223,2026-01-01T00:12:49Z,sensor-010,8.22,good,"zone=2, batch=4"
evt-00002466,2026-01-01T00:12:50Z,sensor-001,16.82,good,"zone=1, batch=9"
evt-00003057,2026-01-01T00:12:50Z,sensor-003,5.95,suspect,"zone=1, batch=12"
evt-00003039,2026-01-01T00:12:50Z,sensor-004,3.85,good,"zone=3, batch=12"
evt-00004099,2026-01-01T00:12:50Z,sensor-004,-2.48,good,"zone=3, batch=16"
evt-00002593,2026-01-01T00:12:50Z,sensor-007,23.48,good,"zone=4, batch=10"
evt-00001448,2026-01-01T00:12:50Z,sensor-009,-0.53,good,"zone=4, batch=5"
evt-00001934,2026-01-01T00:12:51Z,sensor-001,0.59,good,"zone=2, batch=7"
evt-00004147,2026-01-01T00:12:51Z,sensor-002,-9.79,good,"zone=3, batch=16"
evt-00004084,2026-01-01T00:12:51Z,sensor-003,32.08,good,"zone=2, batch=16"
evt-00000391,2026-01-01T00:12:51Z,sensor-005,31.64,good,"zone=4, batch=1"
evt-00000863,2026-01-01T00:12:51Z,sensor-008,6.02,suspect,"zone=3, batch=3"
evt-00003002,2026-01-01T00:12:51Z,sensor-009,16.78,good,"zone=1, batch=12"
evt-00000529,2026-01-01T00:12:52Z,sensor-003,12.88,good,"zone=1, batch=2"
evt-00000836,2026-01-01T00:12:52Z,sensor-005,-10.19,suspect,"zone=2, batch=3"
evt-00000523,2026-01-01T00:12:52Z,sensor-006,31.17,suspect,"zone=2, batch=2"
evt-00002382,2026-01-01T00:12:52Z,sensor-006,36.01,good,"zone=3, batch=9"
evt-00001747,2026-01-01T00:12:52Z,sensor-008,34.10,good,"zone=3, batch=6"
evt-00000185,2026-01-01T00:12:52Z,sensor-009,7.18,good,"zone=4, batch=0"
evt-00004933,2026-01-01T00:12:52Z,sensor-009,-5.74,good,"zone=4, batch=19"
evt-00000858,2026-01-01T00:12:53Z,sensor-005,16.48,good,"zone=1, batch=3"
evt-00001766,2026-01-01T00:12:53Z,sensor-007,-5.26,suspect,"zone=1, batch=7"
evt-00003857,2026-01-01T00:12:53Z,sensor-009,20.00,good,"zone=1, batch=15"
evt-00001936,2026-01-01T00:12:53Z,sensor-011,30.40,good,"zone=2, batch=7"
evt-00003324,2026-01-01T00:12:53Z,sensor-011,27.05,good,"zone=1, batch=13"
evt-00000962,2026-01-01T00:12:53Z,sensor-012,14.12,good,"zone=1, batch=3"
evt-00002902,2026-01-01T00:12:54Z,sensor-004,37.92,good,"zone=4, batch=11"
evt-00004937,2026-01-01T00:12:54Z,sensor-004,-7.71,suspect,"zone=3, batch=19"
evt-00001548,2026-01-01T00:12:54Z,sensor-005,16.87,good,"zone=4, batch=6"
evt-00004200,2026-01-01T00:12:54Z,sensor-007,25.04,good,"zone=2, batch=16"
evt-00004346,2026-01-01T00:12:54Z,sensor-011,19.64,good,"zone=2, batch=17"
evt-00001517,2026-01-01T00:12:55Z,sensor-001,14.38,good,"zone=2, batch=6"
evt-00002001,2026-01-01T00:12:55Z,sensor-003,2.96,good,"zone=3, batch=8"
evt-00000517,2026-01-01T00:12:55Z,sensor-004,10.62,good,"zone=2, batch=2"
evt-00000252,2026-01-01T00:12:55Z,sensor-006,12.88,good,"zone=3, batch=1"
evt-00003098,2026-01-01T00:12:55Z,sensor-006,22.96,suspect,"zone=4, batch=12"
evt-00004940,2026-01-01T00:12:55Z,sensor-009,15.26,good,"zone=2, batch=19"
evt-00001167,2026-01-01T00:12:56Z,sensor-002,32.23,good,"zone=1, batch=4"
evt-00002602,2026-01-01T00:12:56Z,sensor-004,14.91,good,"zone=1, batch=10"
evt-00003812,2026-01-01T00:12:56Z,sensor-005,29.33,good,"zone=2, batch=15"
evt-00000830,2026-01-01T00:12:56Z,sensor-011,2.18,suspect,"zone=3, batch=3"
evt-00004653,2026-01-01T00:12:56Z,sensor-011,4.44,good,"zone=2, batch=18"
evt-00003800,2026-01-01T00:12:56Z,sensor-012,24.62,good,"zone=3, batch=15"
evt-00001241,2026-01-01T00:12:57Z,sensor-004,22.37,suspect,"zone=2, batch=4"
evt-00001929,2026-01-01T00:12:57Z,sensor-004,-5.89,good,"zone=3, batch=7"
evt-00001027,2026-01-01T00:12:57Z,sensor-008,19.27,good,"zone=4, batch=4"
evt-00002791,2026-01-01T00:12:58Z,sensor-002,6.16,good,"zone=4, batch=11"
evt-00003855,2026-01-01T00:12:58Z,sensor-002,6.96,good,"zone=1, batch=15"
evt-00004529,2026-01-01T00:12:58Z,sensor-003,-7.69,good,"zone=4, batch=18"
evt-00001052,2026-01-01T00:12:58Z,sensor-011,19.95,good,"zone=4, batch=4"
evt-00002310,2026-01-01T00:12:58Z,sensor-011,15.33,good,"zone=4, batch=9"
evt-00003586,2026-01-01T00:12:59Z,sensor-003,5.85,good,"zone=2, batch=14"
evt-00002831,2026-01-01T00:12:59Z,sensor-004,31.19,good,"zone=4, batch=11"
evt-00003845,2026-01-01T00:12:59Z,sensor-007,14.45,good,"zone=1, batch=15"
evt-00001472,2026-01-01T00:12:59Z,sensor-009,21.60,good,"zone=1, batch=5"
evt-00002259,2026-01-01T00:12:59Z,sensor-011,26.98,good,"zone=3, batch=9"
evt-00002080,2026-01-01T00:12:59Z,sensor-012,23.03,suspect,"zone=2, batch=8"
evt-00001567,2026-01-01T00:13:00Z,sensor-002,12.76,good,"zone=4, batch=6"
evt-00000808,2026-01-01T00:13:00Z,sensor-003,4.59,good,"zone=4, batch=3"
evt-00003733,2026-01-01T00:13:00Z,sensor-004,23.89,good,"zone=2, batch=14"
evt-00002181,2026-01-01T00:13:00Z,sensor-006,29.37,good,"zone=4, batch=8"
evt-00003768,2026-01-01T00:13:00Z,sensor-007,28.34,good,"zone=1, batch=15"
evt-00000405,2026-01-01T00:13:00Z,sensor-008,-11.95,good,"zone=1, batch=1"
evt-00004277,2026-01-01T00:13:00Z,sensor-008,35.95,good,"zone=4, batch=17"
evt-00001310,2026-01-01T00:13:00Z,sensor-012,13.53,good,"zone=3, batch=5"
evt-00003886,2026-01-01T00:13:01Z,sensor-001,36.60,good,"zone=4, batch=15"
evt-00001926,2026-01-01T00:13:01Z,sensor-002,-2.21,good,"zone=2, batch=7"
evt-00003216,2026-01-01T00:13:01Z,sensor-004,15.25,good,"zone=4, batch=12"
evt-00002119,2026-01-01T00:13:01Z,sensor-006,-5.76,good,"zone=4, batch=8"
evt-00002941,2026-01-01T00:13:01Z,sensor-006,-5.47,good,"zone=1, batch=11"
evt-00003864,2026-01-01T00:13:01Z,sensor-011,-5.83,good,"zone=3, batch=15"
evt-00003487,2026-01-01T00:13:02Z,sensor-001,18.20,good,"zone=4, batch=13"
evt-00004977,2026-01-01T00:13:02Z,sensor-001,36.61,suspect,"zone=2, batch=19"
evt-00002377,2026-01-01T00:13:02Z,sensor-002,22.11,good,"zone=4, batch=9"
evt-00002216,2026-01-01T00:13:02Z,sensor-008,-3.43,good,"zone=1, batch=8"
evt-00004496,2026-01-01T00:13:02Z,sensor-008,24.74,good,"zone=3, batch=17"
evt-00004702,2026-01-01T00:13:02Z,sensor-010,36.78,good,"zone=4, batch=18"
evt-00003304,2026-01-01T00:13:03Z,sensor-001,9.71,good,"zone=3, batch=13"
evt-00002612,2026-01-01T00:13:03Z,sensor-004,14.36,good,"zone=4, batch=10"
evt-00002786,2026-01-01T00:13:03Z,sensor-005,29.46,good,"zone=2, batch=11"
evt-00000348,2026-01-01T00:13:04Z,sensor-001,-9.91,good,"zone=3, batch=1"
evt-00002088,2026-01-01T00:13:04Z,sensor-003,2.05,good,"zone=3, batch=8"
evt-00003743,2026-01-01T00:13:04Z,sensor-003,10.89,good,"zone=1, batch=14"
evt-00003473,2026-01-01T00:13:04Z,sensor-005,7.76,suspect,"zone=1, batch=13"
evt-00000616,2026-01-01T00:13:04Z,sensor-010,-1.01,suspect,"zone=4, batch=2"
evt-00002607,2026-01-01T00:13:05Z,sensor-001,25.28,good,"zone=2, batch=10"
evt-00002790,2026-01-01T00:13:05Z,sensor-001,33.95,suspect,"zone=3, batch=11"
evt-00000707,2026-01-01T00:13:05Z,sensor-003,0.80,good,"zone=1, batch=2"
evt-00002327,2026-01-01T00:13:05Z,sensor-003,24.22,good,"zone=2, batch=9"
evt-00000449,2026-01-01T00:13:05Z,sensor-008,1.24,good,"zone=4, batch=1"
evt-00001207,2026-01-01T00:13:05Z,sensor-008,30.12,good,"zone=4, batch=4"
evt-00003416,2026-01-01T00:13:05Z,sensor-008,-0.03,good,"zone=3, batch=13"
evt-00001711,2026-01-01T00:13:05Z,sensor-009,-6.64,good,"zone=1, batch=6"
evt-00001814,2026-01-01T00:13:05Z,sensor-012,-0.83,suspect,"zone=3, batch=7"
evt-00002557,2026-01-01T00:13:05Z,sensor-012,27.05,good,"zone=1, batch=10"
evt-00003442,2026-01-01T00:13:06Z,sensor-001,-11.81,suspect,"zone=4, batch=13"
evt-00003492,2026-01-01T00:13:06Z,sensor-002,27.90,suspect,"zone=1, batch=13"
evt-00000999,2026-01-01T00:13:06Z,sensor-003,-9.71,suspect,"zone=2, batch=3"
evt-00001238,2026-01-01T00:13:06Z,sensor-003,-0.89,good,"zone=2, batch=4"
evt-00002901,2026-01-01T00:13:06Z,sensor-005,25.00,good,"zone=3, batch=11"
evt-00003079,2026-01-01T00:13:06Z,sensor-006,19.46,good,"zone=2, batch=12"
evt-00000008,2026-01-01T00:13:06Z,sensor-007,-8.80,good,"zone=3, batch=0"
evt-00002886,2026-01-01T00:13:06Z,sensor-009,7.82,good,"zone=4, batch=11"
evt-00001168,2026-01-01T00:13:07Z,sensor-006,36.37,good,"zone=1, batch=4"
evt-00003764,2026-01-01T00:13:07Z,sensor-006,0.83,good,"zone=3, batch=15"
evt-00000231,2026-01-01T00:13:07Z,sensor-009,7.27,good,"zone=2, batch=0"
evt-00004683,2026-01-01T00:13:07Z,sensor-012,34.43,good,"zone=4, batch=18"
evt-00003048,2026-01-01T00:13:08Z,sensor-002,2.29,good,"zone=3, batch=12"
evt-00004261,2026-01-01T00:13:08Z,sensor-002,28.82,good,"zone=4, batch=17"
evt-00002988,2026-01-01T00:13:08Z,sensor-006,19.51,suspect,"zone=4, batch=11"
evt-00001542,2026-01-01T00:13:08Z,sensor-007,12.58,good,"zone=3, batch=6"
evt-00002013,2026-01-01T00:13:08Z,sensor-008,-10.17,good,"zone=2, batch=8"
evt-00004546,2026-01-01T00:13:08Z,sensor-008,-0.92,suspect,"zone=1, batch=18"
evt-00004716,2026-01-01T00:13:08Z,sensor-008,21.77,good,"zone=4, batch=18"
evt-00004534,2026-01-01T00:13:08Z,sensor-011,17.29,good,"zone=4, batch=18"
evt-00001907,2026-01-01T00:13:09Z,sensor-002,32.68,good,"zone=1, batch=7"
evt-00004513,2026-01-01T00:13:09Z,sensor-004,27.15,good,"zone=3, batch=18"
evt-00004571,2026-01-01T00:13:09Z,sensor-004,10.57,good,"zone=4, batch=18"
evt-00004816,2026-01-01T00:13:09Z,sensor-004,-2.18,good,"zone=2, batch=19"
evt-00000595,2026-01-01T00:13:09Z,sensor-007,16.59,good,"zone=2, batch=2"
evt-00004533,2026-01-01T00:13:09Z,sensor-008,12.42,good,"zone=3, batch=18"
evt-00000323,2026-01-01T00:13:09Z,sensor-011,15.62,good,"zone=1, batch=1"
evt-00000427,2026-01-01T00:13:10Z,sensor-005,-5.26,suspect,"zone=2, batch=1"
evt-00003437,2026-01-01T00:13:10Z,sensor-006,19.46,suspect,"zone=4, batch=13"
evt-00001149,2026-01-01T00:13:11Z,sensor-002,-11.42,suspect,"zone=1, batch=4"
evt-00003774,2026-01-01T00:13:11Z,sensor-002,-9.43,suspect,"zone=2, batch=15"
evt-00004682,2026-01-01T00:13:11Z,sensor-002,15.40,good,"zone=3, batch=18"
evt-00000187,2026-01-01T00:13:11Z,sensor-009,15.41,suspect,"zone=2, batch=0"
evt-00002193,2026-01-01T00:13:11Z,sensor-011,-3.92,good,"zone=3, batch=8"
evt-00002062,2026-01-01T00:13:12Z,sensor-001,15.16,good,"zone=2, batch=8"
evt-00002103,2026-01-01T00:13:12Z,sensor-001,31.37,good,"zone=1, batch=8"
evt-00001412,2026-01-01T00:13:12Z,sensor-003,-3.74,good,"zone=1, batch=5"
evt-00004984,2026-01-01T00:13:12Z,sensor-003,19.17,good,"zone=2, batch=19"
evt-00001427,2026-01-01T00:13:12Z,sensor-005,7.41,good,"zone=3, batch=5"
evt-00004364,2026-01-01T00:13:12Z,sensor-006,14.52,suspect,"zone=3, batch=17"
evt-00000525,2026-01-01T00:13:12Z,sensor-008,-10.14,good,"zone=1, batch=2"
evt-00004768,2026-01-01T00:13:12Z,sensor-010,26.49,good,"zone=3, batch=19"
evt-00000345,2026-01-01T00:13:12Z,sensor-012,-10.06,suspect,"zone=4, batch=1"
evt-00004842,2026-01-01T00:13:12Z,sensor-012,23.73,suspect,"zone=3, batch=19"
evt-00000634,2026-01-01T00:13:13Z,sensor-001,8.75,good,"zone=4, batch=2"
evt-00000966,2026-01-01T00:13:13Z,sensor-002,7.88,good,"zone=1, batch=3"
evt-00001224,2026-01-01T00:13:13Z,sensor-003,30.57,good,"zone=3, batch=4"
evt-00000635,2026-01-01T00:13:13Z,sensor-008,-2.25,good,"zone=1, batch=2"
evt-00004578,2026-01-01T00:13:13Z,sensor-008,12.90,good,"zone=1, batch=18"
evt-00001251,2026-01-01T00:13:13Z,sensor-010,-2.89,good,"zone=2, batch=5"
evt-00001781,2026-01-01T00:13:13Z,sensor-010,25.98,good,"zone=2, batch=7"
evt-00002541,2026-01-01T00:13:13Z,sensor-011,7.10,good,"zone=2, batch=10"
evt-00002440,2026-01-01T00:13:14Z,sensor-001,6.84,good,"zone=1, batch=9"
evt-00002969,2026-01-01T00:13:14Z,sensor-001,4.64,good,"zone=2, batch=11"
evt-00003118,2026-01-01T00:13:14Z,sensor-001,-3.27,good,"zone=1, batch=12"
evt-00001592,2026-01-01T00:13:14Z,sensor-003,28.80,good,"zone=2, batch=6"
evt-00002140,2026-01-01T00:13:14Z,sensor-005,14.73,good,"zone=1, batch=8"
evt-00001459,2026-01-01T00:13:14Z,sensor-008,9.06,suspect,"zone=4, batch=5"
evt-00000440,2026-01-01T00:13:14Z,sensor-010,28.77,suspect,"zone=1, batch=1"
evt-00003865,2026-01-01T00:13:14Z,sensor-011,21.17,good,"zone=3, batch=15"
evt-00001654,2026-01-01T00:13:14Z,sensor-012,36.51,suspect,"zone=1, batch=6"
evt-00004209,2026-01-01T00:13:15Z,sensor-001,34.11,good,"zone=2, batch=16"
evt-00001644,2026-01-01T00:13:15Z,sensor-002,37.15,good,"zone=2, batch=6"
evt-00002759,2026-01-01T00:13:15Z,sensor-002,25.90,good,"zone=3, batch=11"
evt-00003595,2026-01-01T00:13:15Z,sensor-005,35.91,good,"zone=3, batch=14"
evt-00003951,2026-01-01T00:13:15Z,sensor-006,31.23,good,"zone=2, batch=15"
evt-00001155,2026-01-01T00:13:15Z,sensor-011,29.38,good,"zone=3, batch=4"
evt-00002334,2026-01-01T00:13:16Z,sensor-001,24.77,good,"zone=1, batch=9"
evt-00000812,2026-01-01T00:13:16Z,sensor-002,15.83,suspect,"zone=1, batch=3"
evt-00001729,2026-01-01T00:13:16Z,sensor-002,0.35,good,"zone=4, batch=6"
evt-00000393,2026-01-01T00:13:16Z,sensor-003,25.93,good,"zone=3, batch=1"
evt-00000428,2026-01-01T00:13:16Z,sensor-004,18.70,good,"zone=1, batch=1"
evt-00001454,2026-01-01T00:13:16Z,sensor-007,19.93,good,"zone=2, batch=5"
evt-00003970,2026-01-01T00:13:16Z,sensor-007,12.02,good,"zone=4, batch=15"
evt-00000260,2026-01-01T00:13:16Z,sensor-008,0.24,good,"zone=1, batch=1"
evt-00002706,2026-01-01T00:13:17Z,sensor-003,36.96,good,"zone=2, batch=10"
evt-00004724,2026-01-01T00:13:17Z,sensor-006,33.45,good,"zone=2, batch=18"
evt-00002340,2026-01-01T00:13:17Z,sensor-007,14.10,good,"zone=4, batch=9"
evt-00000810,2026-01-01T00:13:17Z,sensor-009,3.51,good,"zone=3, batch=3"
evt-00003204,2026-01-01T00:13:18Z,sensor-002,2.13,good,"zone=3, batch=12"
evt-00000804,2026-01-01T00:13:18Z,sensor-003,9.89,good,"zone=3, batch=3"
evt-00001496,2026-01-01T00:13:18Z,sensor-006,3.11,suspect,"zone=3, batch=5"
evt-00001201,2026-01-01T00:13:18Z,sensor-008,-5.56,suspect,"zone=4, batch=4"
evt-00004053,2026-01-01T00:13:18Z,sensor-012,14.84,good,"zone=4, batch=16"
evt-00000729,2026-01-01T00:13:19Z,sensor-003,8.98,good,"zone=2, batch=2"
evt-00001230,2026-01-01T00:13:19Z,sensor-007,21.66,good,"zone=3, batch=4"
evt-00001849,2026-01-01T00:13:19Z,sensor-011,6.34,good,"zone=3, batch=7"
evt-00003608,2026-01-01T00:13:20Z,sensor-002,16.17,good,"zone=1, batch=14"
evt-00002863,2026-01-01T00:13:20Z,sensor-006,12.82,good,"zone=3, batch=11"
evt-00004569,2026-01-01T00:13:20Z,sensor-007,27.10,suspect,"zone=3, batch=18"
evt-00001563,2026-01-01T00:13:21Z,sensor-001,17.47,good,"zone=3, batch=6"
evt-00002923,2026-01-01T00:13:21Z,sensor-005,35.25,good,"zone=1, batch=11"
evt-00004722,2026-01-01T00:13:21Z,sensor-005,-10.63,good,"zone=4, batch=18"
evt-00004130,2026-01-01T00:13:21Z,sensor-006,24.55,good,"zone=4, batch=16"
evt-00004121,2026-01-01T00:13:21Z,sensor-010,6.10,good,"zone=2, batch=16"
evt-00001038,2026-01-01T00:13:22Z,sensor-003,22.17,good,"zone=3, batch=4"
evt-00001850,2026-01-01T00:13:22Z,sensor-003,3.51,good,"zone=2, batch=7"
evt-00004436,2026-01-01T00:13:22Z,sensor-003,-10.19,suspect,"zone=2, batch=17"
evt-00002830,2026-01-01T00:13:22Z,sensor-006,-11.01,good,"zone=4, batch=11"
evt-00000543,2026-01-01T00:13:22Z,sensor-010,-3.15,good,"zone=2, batch=2"
evt-00004980,2026-01-01T00:13:22Z,sensor-011,-2.90,good,"zone=4, batch=19"
evt-00001002,2026-01-01T00:13:22Z,sensor-012,36.53,suspect,"zone=1, batch=4"
evt-00002406,2026-01-01T00:13:23Z,sensor-001,3.29,good,"zone=1, batch=9"
evt-00003882,2026-01-01T00:13:23Z,sensor-001,19.79,good,"zone=2, batch=15"
evt-00002943,2026-01-01T00:13:23Z,sensor-002,27.51,suspect,"zone=3, batch=11"
evt-00001136,2026-01-01T00:13:23Z,sensor-007,15.21,good,"zone=4, batch=4"
evt-00000691,2026-01-01T00:13:23Z,sensor-008,34.80,good,"zone=1, batch=2"
evt-00001456,2026-01-01T00:13:23Z,sensor-009,25.91,good,"zone=1, batch=5"
evt-00000974,2026-01-01T00:13:23Z,sensor-012,-1.92,good,"zone=2, batch=3"
evt-00004001,2026-01-01T00:13:24Z,sensor-001,15.04,good,"zone=2, batch=16"
evt-00000913,2026-01-01T00:13:24Z,sensor-003,24.77,good,"zone=4, batch=3"
evt-00004707,2026-01-01T00:13:24Z,sensor-003,-1.19,suspect,"zone=1, batch=18"
evt-00000157,2026-01-01T00:13:25Z,sensor-004,30.37,good,"zone=2, batch=0"
evt-00004639,2026-01-01T00:13:25Z,sensor-005,21.06,good,"zone=3, batch=18"
evt-00003157,2026-01-01T00:13:25Z,sensor-009,15.97,suspect,"zone=4, batch=12"
evt-00001394,2026-01-01T00:13:26Z,sensor-009,-6.10,good,"zone=2, batch=5"
evt-00003358,2026-01-01T00:13:27Z,sensor-001,6.85,suspect,"zone=4, batch=13"
evt-00001742,2026-01-01T00:13:27Z,sensor-002,15.03,good,"zone=1, batch=6"
evt-00002806,2026-01-01T00:13:27Z,sensor-008,11.07,suspect,"zone=3, batch=11"
evt-00000202,2026-01-01T00:13:27Z,sensor-009,-1.16,good,"zone=1, batch=0"
evt-00001547,2026-01-01T00:13:27Z,sensor-010,23.77,good,"zone=3, batch=6"
evt-00002990,2026-01-01T00:13:27Z,sensor-012,28.13,good,"zone=1, batch=11"
evt-00000151,2026-01-01T00:13:28Z,sensor-001,27.71,good,"zone=1, batch=0"
evt-00000444,2026-01-01T00:13:28Z,sensor-002,-6.69,good,"zone=3, batch=1"
evt-00001418,2026-01-01T00:13:28Z,sensor-005,33.52,good,"zone=2, batch=5"
evt-00003092,2026-01-01T00:13:28Z,sensor-007,-5.99,good,"zone=2, batch=12"
evt-00004904,2026-01-01T00:13:28Z,sensor-008,35.05,good,"zone=2, batch=19"
evt-00001938,2026-01-01T00:13:28Z,sensor-009,31.96,suspect,"zone=1, batch=7"
evt-00003885,2026-01-01T00:13:28Z,sensor-009,9.69,suspect,"zone=4, batch=15"
evt-00002142,2026-01-01T00:13:28Z,sensor-010,-4.02,good,"zone=1, batch=8"
evt-00003339,2026-01-01T00:13:28Z,sensor-011,12.24,good,"zone=3, batch=13"
evt-00004630,2026-01-01T00:13:28Z,sensor-012,34.53,good,"zone=2, batch=18"
evt-00004628,2026-01-01T00:13:29Z,sensor-004,22.50,good,"zone=3, batch=18"
evt-00002827,2026-01-01T00:13:29Z,sensor-008,14.63,suspect,"zone=3, batch=11"
evt-00002237,2026-01-01T00:13:30Z,sensor-001,-2.95,good,"zone=1, batch=8"
evt-00003834,2026-01-01T00:13:30Z,sensor-001,5.96,suspect,"zone=2, batch=15"
evt-00004487,2026-01-01T00:13:30Z,sensor-007,3.93,good,"zone=1, batch=17"
evt-00000705,2026-01-01T00:13:30Z,sensor-008,10.54,suspect,"zone=3, batch=2"
evt-00002392,2026-01-01T00:13:30Z,sensor-009,3.22,good,"zone=2, batch=9"
evt-00004877,2026-01-01T00:13:30Z,sensor-011,36.18,suspect,"zone=2, batch=19"
evt-00000144,2026-01-01T00:13:31Z,sensor-001,-8.04,suspect,"zone=3, batch=0"
evt-00002694,2026-01-01T00:13:31Z,sensor-001,9.85,good,"zone=3, batch=10"
evt-00003808,2026-01-01T00:13:31Z,sensor-008,22.17,suspect,"zone=2, batch=15"
evt-00003321,2026-01-01T00:13:31Z,sensor-009,2.35,good,"zone=3, batch=13"
evt-00004897,2026-01-01T00:13:31Z,sensor-012,13.80,good,"zone=4, batch=19"
evt-00001497,2026-01-01T00:13:32Z,sensor-003,32.98,good,"zone=3, batch=5"
evt-00004769,2026-01-01T00:13:32Z,sensor-003,-2.89,good,"zone=3, batch=19"
evt-00000152,2026-01-01T00:13:32Z,sensor-005,13.93,suspect,"zone=3, batch=0"
evt-00001365,2026-01-01T00:13:32Z,sensor-005,4.66,suspect,"zone=4, batch=5"
evt-00001406,2026-01-01T00:13:32Z,sensor-011,33.64,good,"zone=1, batch=5"
evt-00001621,2026-01-01T00:13:33Z,sensor-001,-10.86,good,"zone=2, batch=6"
evt-00003607,2026-01-01T00:13:33Z,sensor-003,31.47,good,"zone=1, batch=14"
evt-00001094,2026-01-01T00:13:33Z,sensor-005,-3.59,good,"zone=1, batch=4"
evt-00002556,2026-01-01T00:13:33Z,sensor-006,22.36,good,"zone=3, batch=10"
evt-00001751,2026-01-01T00:13:33Z,sensor-008,-10.91,suspect,"zone=3, batch=7"
evt-00003744,2026-01-01T00:13:33Z,sensor-011,34.83,good,"zone=1, batch=14"
evt-00001324,2026-01-01T00:13:34Z,sensor-001,32.35,good,"zone=1, batch=5"
evt-00001722,2026-01-01T00:13:34Z,sensor-002,37.39,good,"zone=3, batch=6"
evt-00000155,2026-01-01T00:13:34Z,sensor-004,30.53,suspect,"zone=4, batch=0"
evt-00004705,2026-01-01T00:13:34Z,sensor-007,7.73,good,"zone=4, batch=18"
evt-00000665,2026-01-01T00:13:34Z,sensor-008,14.91,suspect,"zone=3, batch=2"
evt-00001246,2026-01-01T00:13:34Z,sensor-009,15.47,good,"zone=4, batch=4"
evt-00003467,2026-01-01T00:13:34Z,sensor-012,-4.55,good,"zone=2, batch=13"
evt-00004430,2026-01-01T00:13:35Z,sensor-007,33.29,suspect,"zone=2, batch=17"
evt-00004076,2026-01-01T00:13:35Z,sensor-009,16.56,good,"zone=4, batch=16"
evt-00000618,2026-01-01T00:13:35Z,sensor-010,3.87,good,"zone=3, batch=2"
evt-00000937,2026-01-01T00:13:35Z,sensor-010,25.83,good,"zone=4, batch=3"
evt-00002600,2026-01-01T00:13:36Z,sensor-001,29.55,good,"zone=2, batch=10"
evt-00001634,2026-01-01T00:13:36Z,sensor-004,14.85,good,"zone=2, batch=6"
evt-00004302,2026-01-01T00:13:36Z,sensor-004,8.48,suspect,"zone=4, batch=17"
evt-00001720,2026-01-01T00:13:36Z,sensor-008,9.32,good,"zone=1, batch=6"
evt-00004802,2026-01-01T00:13:36Z,sensor-008,23.41,good,"zone=2, batch=19"
evt-00002067,2026-01-01T00:13:36Z,sensor-011,9.60,good,"zone=3, batch=8"
evt-00003697,2026-01-01T00:13:37Z,sensor-001,1.97,good,"zone=4, batch=14"
evt-00001309,2026-01-01T00:13:37Z,sensor-002,-11.65,good,"zone=3, batch=5"
evt-00002285,2026-01-01T00:13:37Z,sensor-002,22.41,suspect,"zone=3, batch=9"
evt-00004480,2026-01-01T00:13:37Z,sensor-002,-1.58,good,"zone=2, batch=17"
evt-00003584,2026-01-01T00:13:37Z,sensor-003,-1.95,good,"zone=2, batch=14"
evt-00000969,2026-01-01T00:13:37Z,sensor-005,15.22,good,"zone=2, batch=3"
evt-00000678,2026-01-01T00:13:37Z,sensor-006,-11.17,good,"zone=4, batch=2"
evt-00002358,2026-01-01T00:13:37Z,sensor-008,-1.04,good,"zone=2, batch=9"
evt-00003099,2026-01-01T00:13:37Z,sensor-008,23.20,good,"zone=2, batch=12"
evt-00000783,2026-01-01T00:13:37Z,sensor-012,27.94,good,"zone=4, batch=3"
evt-00002233,2026-01-01T00:13:37Z,sensor-012,21.83,good,"zone=2, batch=8"
evt-00004309,2026-01-01T00:13:38Z,sensor-001,37.38,suspect,"zone=1, batch=17"
evt-00001853,2026-01-01T00:13:38Z,sensor-006,30.51,good,"zone=3, batch=7"
evt-00000126,2026-01-01T00:13:38Z,sensor-008,34.93,good,"zone=2, batch=0"
evt-00002091,2026-01-01T00:13:38Z,sensor-010,19.12,suspect,"zone=3, batch=8"
evt-00001192,2026-01-01T00:13:39Z,sensor-003,31.09,good,"zone=1, batch=4"
evt-00002099,2026-01-01T00:13:39Z,sensor-008,17.10,suspect,"zone=4, batch=8"
evt-00004699,2026-01-01T00:13:39Z,sensor-009,22.14,good,"zone=2, batch=18"
evt-00000788,2026-01-01T00:13:39Z,sensor-011,3.67,suspect,"zone=1, batch=3"
evt-00002965,2026-01-01T00:13:39Z,sensor-011,11.34,suspect,"zone=4, batch=11"
evt-00004025,2026-01-01T00:13:39Z,sensor-011,4.85,good,"zone=1, batch=16"
evt-00001028,2026-01-01T00:13:40Z,sensor-002,18.97,suspect,"zone=1, batch=4"
evt-00003093,2026-01-01T00:13:40Z,sensor-003,-11.86,good,"zone=4, batch=12"
evt-00002517,2026-01-01T00:13:40Z,sensor-004,-4.69,good,"zone=3, batch=10"
evt-00002695,2026-01-01T00:13:40Z,sensor-005,20.30,suspect,"zone=3, batch=10"
evt-00004216,2026-01-01T00:13:40Z,sensor-006,-3.47,good,"zone=1, batch=16"
evt-00000133,2026-01-01T00:13:40Z,sensor-012,30.34,good,"zone=2, batch=0"
evt-00001172,2026-01-01T00:13:41Z,sensor-001,21.06,good,"zone=3, batch=4"
evt-00003356,2026-01-01T00:13:41Z,sensor-001,-3.39,good,"zone=2, batch=13"
evt-00002265,2026-01-01T00:13:41Z,sensor-003,4.12,good,"zone=3, batch=9"
evt-00002770,2026-01-01T00:13:41Z,sensor-006,29.90,suspect,"zone=4, batch=11"
evt-00001444,2026-01-01T00:13:41Z,sensor-007,-10.28,good,"zone=4, batch=5"
evt-00000161,2026-01-01T00:13:41Z,sensor-008,2.00,good,"zone=3, batch=0"
evt-00001289,2026-01-01T00:13:41Z,sensor-010,15.55,suspect,"zone=3, batch=5"
evt-00001356,2026-01-01T00:13:41Z,sensor-010,7.16,suspect,"zone=4, batch=5"
evt-00001609,2026-01-01T00:13:41Z,sensor-011,-5.45,good,"zone=2, batch=6"
evt-00002442,2026-01-01T00:13:42Z,sensor-003,14.48,good,"zone=1, batch=9"
evt-00001857,2026-01-01T00:13:42Z,sensor-006,35.46,suspect,"zone=1, batch=7"
evt-00001887,2026-01-01T00:13:42Z,sensor-006,5.48,good,"zone=4, batch=7"
evt-00002562,2026-01-01T00:13:42Z,sensor-008,-3.51,good,"zone=2, batch=10"
evt-00003627,2026-01-01T00:13:42Z,sensor-011,23.10,suspect,"zone=4, batch=14"
evt-00003096,2026-01-01T00:13:43Z,sensor-005,5.77,good,"zone=1, batch=12"
evt-00001561,2026-01-01T00:13:43Z,sensor-009,33.59,good,"zone=2, batch=6"
evt-00004049,2026-01-01T00:13:43Z,sensor-011,30.80,good,"zone=3, batch=16"
evt-00001577,2026-01-01T00:13:43Z,sensor-012,21.07,good,"zone=4, batch=6"
evt-00001817,2026-01-01T00:13:43Z,sensor-012,4.93,good,"zone=4, batch=7"
evt-00001499,2026-01-01T00:13:44Z,sensor-001,27.94,suspect,"zone=1, batch=5"
evt-00004081,2026-01-01T00:13:44Z,sensor-001,9.55,suspect,"zone=3, batch=16"
evt-00001591,2026-01-01T00:13:44Z,sensor-002,33.77,suspect,"zone=3, batch=6"
evt-00004586,2026-01-01T00:13:44Z,sensor-006,0.20,good,"zone=3, batch=18"
evt-00001161,2026-01-01T00:13:44Z,sensor-009,16.26,good,"zone=4, batch=4"
evt-00004059,2026-01-01T00:13:44Z,sensor-011,32.11,suspect,"zone=4, batch=16"
evt-00000044,2026-01-01T00:13:44Z,sensor-012,13.40,good,"zone=3, batch=0"
evt-00000991,2026-01-01T00:13:45Z,sensor-001,24.24,good,"zone=2, batch=3"
evt-00001724,2026-01-01T00:13:45Z,sensor-002,-3.29,good,"zone=1, batch=6"
evt-00004002,2026-01-01T00:13:45Z,sensor-003,14.89,suspect,"zone=1, batch=16"
evt-00002108,2026-01-01T00:13:45Z,sensor-004,17.99,good,"zone=4, batch=8"
evt-00001113,2026-01-01T00:13:45Z,sensor-005,2.63,suspect,"zone=1, batch=4"
evt-00003154,2026-01-01T00:13:45Z,sensor-007,28.73,suspect,"zone=3, batch=12"
evt-00004350,2026-01-01T00:13:45Z,sensor-009,-3.44,good,"zone=1, batch=17"
evt-00000062,2026-01-01T00:13:45Z,sensor-012,2.50,good,"zone=4, batch=0"
evt-00000717,2026-01-01T00:13:45Z,sensor-012,14.79,good,"zone=1, batch=2"
evt-00003001,2026-01-01T00:13:46Z,sensor-002,-7.63,good,"zone=3, batch=12"
evt-00003672,2026-01-01T00:13:46Z,sensor-002,26.86,good,"zone=1, batch=14"
evt-00003662,2026-01-01T00:13:46Z,sensor-003,-10.58,good,"zone=3, batch=14"
evt-00004345,2026-01-01T00:13:46Z,sensor-003,11.17,good,"zone=1, batch=17"
evt-00001255,2026-01-01T00:13:46Z,sensor-004,-2.56,good,"zone=4, batch=5"
evt-00003837,2026-01-01T00:13:46Z,sensor-005,3.52,good,"zone=4, batch=15"
evt-00002394,2026-01-01T00:13:46Z,sensor-010,36.69,good,"zone=1, batch=9"
evt-00000312,2026-01-01T00:13:46Z,sensor-011,10.94,good,"zone=1, batch=1"
evt-00004368,2026-01-01T00:13:46Z,sensor-012,-5.86,suspect,"zone=3, batch=17"
evt-00001280,2026-01-01T00:13:47Z,sensor-001,22.25,good,"zone=4, batch=5"
evt-00002302,2026-01-01T00:13:47Z,sensor-004,20.89,good,"zone=4, batch=9"
evt-00004377,2026-01-01T00:13:47Z,sensor-005,10.17,good,"zone=3, batch=17"
evt-00003323,2026-01-01T00:13:47Z,sensor-010,31.66,good,"zone=4, batch=13"
evt-00004972,2026-01-01T00:13:48Z,sensor-006,27.47,good,"zone=1, batch=19"
evt-00004062,2026-01-01T00:13:48Z,sensor-011,3.26,good,"zone=2, batch=16"
evt-00003613,2026-01-01T00:13:48Z,sensor-012,21.31,good,"zone=1, batch=14"
evt-00000485,2026-01-01T00:13:49Z,sensor-003,10.20,good,"zone=4, batch=1"
evt-00003993,2026-01-01T00:13:49Z,sensor-004,32.92,good,"zone=3, batch=15"
evt-00003671,2026-01-01T00:13:49Z,sensor-005,27.52,good,"zone=2, batch=14"
evt-00002908,2026-01-01T00:13:49Z,sensor-006,25.02,suspect,"zone=4, batch=11"
evt-00003531,2026-01-01T00:13:49Z,sensor-007,8.67,good,"zone=3, batch=14"
evt-00004929,2026-01-01T00:13:49Z,sensor-008,5.87,good,"zone=2, batch=19"
evt-00002570,2026-01-01T00:13:49Z,sensor-011,36.02,good,"zone=3, batch=10"
evt-00004437,2026-01-01T00:13:50Z,sensor-004,19.12,good,"zone=1, batch=17"
evt-00001495,2026-01-01T00:13:50Z,sensor-007,35.17,good,"zone=4, batch=5"
evt-00004701,2026-01-01T00:13:50Z,sensor-007,10.29,good,"zone=3, batch=18"
evt-00001373,2026-01-01T00:13:50Z,sensor-009,31.30,good,"zone=1, batch=5"
evt-00004649,2026-01-01T00:13:50Z,sensor-009,10.04,good,"zone=1, batch=18"
evt-00000568,2026-01-01T00:13:51Z,sensor-005,16.41,good,"zone=2, batch=2"
evt-00001645,2026-01-01T00:13:51Z,sensor-005,21.74,suspect,"zone=2, batch=6"
evt-00002535,2026-01-01T00:13:51Z,sensor-005,34.21,suspect,"zone=1, batch=10"
evt-00004048,2026-01-01T00:13:51Z,sensor-005,19.01,suspect,"zone=4, batch=16"
evt-00004186,2026-01-01T00:13:51Z,sensor-010,23.03,suspect,"zone=2, batch=16"
evt-00004124,2026-01-01T00:13:51Z,sensor-011,25.49,suspect,"zone=2, batch=16"
evt-00004742,2026-01-01T00:13:51Z,sensor-011,1.89,good,"zone=1, batch=18"
evt-00000606,2026-01-01T00:13:51Z,sensor-012,29.80,good,"zone=4, batch=2"
evt-00004642,2026-01-01T00:13:52Z,sensor-001,25.24,suspect,"zone=1, batch=18"
evt-00002170,2026-01-01T00:13:52Z,sensor-003,-10.02,suspect,"zone=3, batch=8"
evt-00004714,2026-01-01T00:13:52Z,sensor-003,25.10,good,"zone=4, batch=18"
evt-00001570,2026-01-01T00:13:52Z,sensor-006,-0.33,good,"zone=4, batch=6"
evt-00002447,2026-01-01T00:13:52Z,sensor-007,15.09,suspect,"zone=3, batch=9"
evt-00003405,2026-01-01T00:13:52Z,sensor-007,25.94,suspect,"zone=1, batch=13"
evt-00004892,2026-01-01T00:13:52Z,sensor-011,16.63,good,"zone=4, batch=19"
evt-00001017,2026-01-01T00:13:52Z,sensor-012,-11.18,good,"zone=2, batch=4"
evt-00003851,2026-01-01T00:13:52Z,sensor-012,37.79,good,"zone=3, batch=15"
evt-00003138,2026-01-01T00:13:53Z,sensor-003,16.95,good,"zone=3, batch=12"
evt-00003820,2026-01-01T00:13:53Z,sensor-003,16.85,good,"zone=2, batch=15"
evt-00002318,2026-01-01T00:13:53Z,sensor-006,19.99,good,"zone=1, batch=9"
evt-00002437,2026-01-01T00:13:53Z,sensor-009,26.32,good,"zone=4, batch=9"
evt-00000311,2026-01-01T00:13:53Z,sensor-010,-6.19,suspect,"zone=4, batch=1"
evt-00001381,2026-01-01T00:13:53Z,sensor-012,31.75,suspect,"zone=3, batch=5"
evt-00003454,2026-01-01T00:13:53Z,sensor-012,26.16,good,"zone=4, batch=13"
evt-00002069,2026-01-01T00:13:54Z,sensor-001,26.48,good,"zone=2, batch=8"
evt-00002014,2026-01-01T00:13:54Z,sensor-010,-11.04,good,"zone=1, batch=8"
evt-00004777,2026-01-01T00:13:55Z,sensor-001,6.96,good,"zone=2, batch=19"
evt-00001398,2026-01-01T00:13:55Z,sensor-002,7.40,suspect,"zone=2, batch=5"
evt-00004804,2026-01-01T00:13:55Z,sensor-003,30.87,suspect,"zone=2, batch=19"
evt-00002130,2026-01-01T00:13:55Z,sensor-006,-0.52,good,"zone=2, batch=8"
evt-00004959,2026-01-01T00:13:55Z,sensor-009,-4.64,good,"zone=2, batch=19"
evt-00000732,2026-01-01T00:13:56Z,sensor-001,13.62,good,"zone=3, batch=2"
evt-00002162,2026-01-01T00:13:56Z,sensor-001,32.94,good,"zone=2, batch=8"
evt-00001283,2026-01-01T00:13:56Z,sensor-006,23.22,good,"zone=3, batch=5"
evt-00004798,2026-01-01T00:13:56Z,sensor-006,31.96,good,"zone=1, batch=19"
evt-00000404,2026-01-01T00:13:56Z,sensor-008,24.89,good,"zone=4, batch=1"
evt-00004994,2026-01-01T00:13:56Z,sensor-009,1.88,good,"zone=4, batch=19"
evt-00001958,2026-01-01T00:13:57Z,sensor-001,-6.37,good,"zone=4, batch=7"
evt-00004545,2026-01-01T00:13:57Z,sensor-008,21.77,good,"zone=3, batch=18"
evt-00000150,2026-01-01T00:13:57Z,sensor-010,14.35,good,"zone=2, batch=0"
evt-00001446,2026-01-01T00:13:57Z,sensor-011,20.83,good,"zone=4, batch=5"
evt-00001715,2026-01-01T00:13:57Z,sensor-011,13.63,good,"zone=4, batch=6"
evt-00000532,2026-01-01T00:13:58Z,sensor-002,37.95,good,"zone=4, batch=2"
evt-00000538,2026-01-01T00:13:58Z,sensor-003,18.42,good,"zone=4, batch=2"
evt-00003413,2026-01-01T00:13:58Z,sensor-005,9.91,good,"zone=1, batch=13"
evt-00001481,2026-01-01T00:13:58Z,sensor-007,7.14,good,"zone=4, batch=5"
evt-00001840,2026-01-01T00:13:58Z,sensor-010,-5.92,suspect,"zone=1, batch=7"
evt-00000371,2026-01-01T00:13:58Z,sensor-011,0.39,good,"zone=3, batch=1"
evt-00000544,2026-01-01T00:13:58Z,sensor-011,8.69,suspect,"zone=2, batch=2"
evt-00002145,2026-01-01T00:13:58Z,sensor-011,13.02,suspect,"zone=3, batch=8"
evt-00004349,2026-01-01T00:13:58Z,sensor-011,21.37,suspect,"zone=3, batch=17"
evt-00004133,2026-01-01T00:13:59Z,sensor-003,-11.29,good,"zone=4, batch=16"
evt-00000854,2026-01-01T00:13:59Z,sensor-008,22.28,good,"zone=3, batch=3"
evt-00002097,2026-01-01T00:13:59Z,sensor-008,22.06,good,"zone=4, batch=8"
evt-00004737,2026-01-01T00:13:59Z,sensor-012,-3.62,good,"zone=3, batch=18"
evt-00004361,2026-01-01T00:14:00Z,sensor-001,17.42,good,"zone=1, batch=17"
evt-00000290,2026-01-01T00:14:00Z,sensor-002,35.70,good,"zone=1, batch=1"
evt-00004978,2026-01-01T00:14:00Z,sensor-004,28.85,good,"zone=1, batch=19"
evt-00002663,2026-01-01T00:14:00Z,sensor-006,28.80,suspect,"zone=2, batch=10"
evt-00003911,2026-01-01T00:14:00Z,sensor-008,30.75,good,"zone=3, batch=15"
evt-00000102,2026-01-01T00:14:00Z,sensor-009,25.16,good,"zone=1, batch=0"
evt-00002516,2026-01-01T00:14:00Z,sensor-010,16.68,suspect,"zone=4, batch=10"
evt-00002825,2026-01-01T00:14:00Z,sensor-010,32.52,suspect,"zone=3, batch=11"
evt-00003904,2026-01-01T00:14:00Z,sensor-010,21.67,good,"zone=4, batch=15"
evt-00001746,2026-01-01T00:14:00Z,sensor-012,16.86,good,"zone=2, batch=6"
evt-00002495,2026-01-01T00:14:00Z,sensor-012,17.13,good,"zone=3, batch=9"
evt-00003015,2026-01-01T00:14:00Z,sensor-012,13.11,suspect,"zone=2, batch=12"
evt-00004342,2026-01-01T00:14:00Z,sensor-012,-0.05,good,"zone=3, batch=17"
evt-00004579,2026-01-01T00:14:00Z,sensor-012,31.61,good,"zone=4, batch=18"
evt-00003678,2026-01-01T00:14:01Z,sensor-002,22.57,suspect,"zone=1, batch=14"
evt-00000553,2026-01-01T00:14:01Z,sensor-005,26.55,good,"zone=1, batch=2"
evt-00003838,2026-01-01T00:14:01Z,sensor-007,27.01,good,"zone=4, batch=15"
evt-00002101,2026-01-01T00:14:01Z,sensor-010,21.29,suspect,"zone=1, batch=8"
evt-00004991,2026-01-01T00:14:01Z,sensor-011,20.12,good,"zone=1, batch=19"
evt-00004203,2026-01-01T00:14:02Z,sensor-002,20.71,good,"zone=3, batch=16"
evt-00000755,2026-01-01T00:14:02Z,sensor-003,28.46,good,"zone=3, batch=3"
evt-00002529,2026-01-01T00:14:02Z,sensor-007,34.61,suspect,"zone=4, batch=10"
evt-00001011,2026-01-01T00:14:02Z,sensor-009,-10.44,good,"zone=2, batch=4"
evt-00003985,2026-01-01T00:14:02Z,sensor-009,20.78,good,"zone=2, batch=15"
evt-00003252,2026-01-01T00:14:02Z,sensor-012,16.74,good,"zone=1, batch=13"
evt-00001692,2026-01-01T00:14:03Z,sensor-005,-9.76,suspect,"zone=4, batch=6"
evt-00001037,2026-01-01T00:14:03Z,sensor-006,25.76,good,"zone=1, batch=4"
evt-00000084,2026-01-01T00:14:03Z,sensor-010,8.27,good,"zone=4, batch=0"
evt-00002553,2026-01-01T00:14:03Z,sensor-010,-6.31,good,"zone=1, batch=10"
evt-00001616,2026-01-01T00:14:03Z,sensor-012,-0.16,good,"zone=1, batch=6"
evt-00001916,2026-01-01T00:14:04Z,sensor-005,16.49,suspect,"zone=4, batch=7"
evt-00004957,2026-01-01T00:14:04Z,sensor-006,0.94,good,"zone=1, batch=19"
evt-00000644,2026-01-01T00:14:04Z,sensor-007,-0.18,good,"zone=3, batch=2"
evt-00002384,2026-01-01T00:14:04Z,sensor-008,24.70,good,"zone=4, batch=9"
evt-00004179,2026-01-01T00:14:04Z,sensor-010,-10.97,suspect,"zone=1, batch=16"
evt-00000025,2026-01-01T00:14:04Z,sensor-011,13.87,good,"zone=1, batch=0"
evt-00000050,2026-01-01T00:14:04Z,sensor-012,0.10,suspect,"zone=4, batch=0"
evt-00001571,2026-01-01T00:14:04Z,sensor-012,20.46,good,"zone=4, batch=6"
evt-00001660,2026-01-01T00:14:04Z,sensor-012,-5.91,suspect,"zone=4, batch=6"
evt-00002892,2026-01-01T00:14:05Z,sensor-001,23.00,suspect,"zone=1, batch=11"
evt-00001838,2026-01-01T00:14:05Z,sensor-002,30.39,good,"zone=4, batch=7"
evt-00003210,2026-01-01T00:14:05Z,sensor-003,12.56,good,"zone=1, batch=12"
evt-00000769,2026-01-01T00:14:05Z,sensor-004,2.72,good,"zone=3, batch=3"
evt-00003366,2026-01-01T00:14:05Z,sensor-008,26.04,suspect,"zone=2, batch=13"
evt-00002832,2026-01-01T00:14:05Z,sensor-010,19.59,suspect,"zone=1, batch=11"
evt-00002362,2026-01-01T00:14:05Z,sensor-012,30.79,good,"zone=2, batch=9"
evt-00002455,2026-01-01T00:14:06Z,sensor-005,-9.32,good,"zone=4, batch=9"
evt-00004825,2026-01-01T00:14:06Z,sensor-006,-3.95,good,"zone=3, batch=19"
evt-00000335,2026-01-01T00:14:06Z,sensor-007,17.09,good,"zone=2, batch=1"
evt-00002521,2026-01-01T00:14:06Z,sensor-008,14.92,suspect,"zone=1, batch=10"
evt-00003676,2026-01-01T00:14:06Z,sensor-008,-6.86,good,"zone=2, batch=14"
evt-00001631,2026-01-01T00:14:06Z,sensor-010,-10.91,suspect,"zone=3, batch=6"
evt-00003075,2026-01-01T00:14:07Z,sensor-002,9.45,good,"zone=4, batch=12"
evt-00003962,2026-01-01T00:14:07Z,sensor-003,6.46,good,"zone=3, batch=15"
evt-00001868,2026-01-01T00:14:07Z,sensor-009,16.74,suspect,"zone=3, batch=7"
evt-00001950,2026-01-01T00:14:07Z,sensor-011,19.24,good,"zone=1, batch=7"
evt-00003191,2026-01-01T00:14:07Z,sensor-012,9.66,good,"zone=2, batch=12"
evt-00002043,2026-01-01T00:14:08Z,sensor-002,32.50,good,"zone=1, batch=8"
evt-00002690,2026-01-01T00:14:08Z,sensor-005,29.69,good,"zone=4, batch=10"
evt-00002905,2026-01-01T00:14:08Z,sensor-005,34.46,good,"zone=4, batch=11"
evt-00004232,2026-01-01T00:14:09Z,sensor-002,-11.20,good,"zone=4, batch=16"
evt-00000763,2026-01-01T00:14:09Z,sensor-005,-6.97,good,"zone=1, batch=3"
evt-00003752,2026-01-01T00:14:09Z,sensor-005,31.20,good,"zone=2, batch=15"
evt-00001770,2026-01-01T00:14:09Z,sensor-007,30.76,suspect,"zone=3, batch=7"
evt-00002936,2026-01-01T00:14:09Z,sensor-007,28.50,suspect,"zone=2, batch=11"
evt-00003723,2026-01-01T00:14:09Z,sensor-012,35.93,suspect,"zone=4, batch=14"
evt-00001139,2026-01-01T00:14:10Z,sensor-001,-11.83,good,"zone=4, batch=4"
evt-00001229,2026-01-01T00:14:10Z,sensor-004,3.64,suspect,"zone=2, batch=4"
evt-00003622,2026-01-01T00:14:10Z,sensor-004,5.86,good,"zone=4, batch=14"
evt-00002641,2026-01-01T00:14:10Z,sensor-006,4.12,good,"zone=4, batch=10"
evt-00003107,2026-01-01T00:14:10Z,sensor-008,-8.88,good,"zone=2, batch=12"
evt-00000114,2026-01-01T00:14:11Z,sensor-001,-11.68,good,"zone=2, batch=0"
evt-00001858,2026-01-01T00:14:11Z,sensor-001,-2.30,good,"zone=3, batch=7"
evt-00001639,2026-01-01T00:14:11Z,sensor-003,-2.39,good,"zone=4, batch=6"
evt-00003261,2026-01-01T00:14:11Z,sensor-004,19.39,good,"zone=1, batch=13"
evt-00003049,2026-01-01T00:14:11Z,sensor-006,28.09,good,"zone=1, batch=12"
evt-00001403,2026-01-01T00:14:11Z,sensor-008,26.67,good,"zone=2, batch=5"
evt-00003424,2026-01-01T00:14:11Z,sensor-010,13.77,good,"zone=4, batch=13"
evt-00000109,2026-01-01T00:14:12Z,sensor-005,4.41,good,"zone=1, batch=0"
evt-00001208,2026-01-01T00:14:12Z,sensor-007,18.24,suspect,"zone=2, batch=4"
evt-00002688,2026-01-01T00:14:12Z,sensor-007,-7.43,good,"zone=4, batch=10"
evt-00003301,2026-01-01T00:14:12Z,sensor-008,11.50,good,"zone=2, batch=13"
evt-00001736,2026-01-01T00:14:12Z,sensor-010,26.77,good,"zone=4, batch=6"
evt-00004073,2026-01-01T00:14:12Z,sensor-010,27.09,suspect,"zone=4, batch=16"
evt-00001614,2026-01-01T00:14:13Z,sensor-002,23.74,suspect,"zone=1, batch=6"
evt-00001183,2026-01-01T00:14:13Z,sensor-006,-10.55,good,"zone=1, batch=4"
evt-00002468,2026-01-01T00:14:13Z,sensor-007,6.52,good,"zone=2, batch=9"
evt-00001682,2026-01-01T00:14:13Z,sensor-008,14.62,good,"zone=4, batch=6"
evt-00004817,2026-01-01T00:14:13Z,sensor-008,2.46,suspect,"zone=2, batch=19"
evt-00002693,2026-01-01T00:14:13Z,sensor-011,-10.82,good,"zone=1, batch=10"
evt-00002861,2026-01-01T00:14:14Z,sensor-002,12.48,good,"zone=1, batch=11"
evt-00004845,2026-01-01T00:14:14Z,sensor-002,32.12,good,"zone=3, batch=19"
evt-00002360,2026-01-01T00:14:14Z,sensor-004,-0.00,good,"zone=3, batch=9"
evt-00003963,2026-01-01T00:14:14Z,sensor-004,11.73,good,"zone=1, batch=15"
evt-00000725,2026-01-01T00:14:14Z,sensor-007,11.24,good,"zone=1, batch=2"
evt-00001316,2026-01-01T00:14:14Z,sensor-008,9.79,good,"zone=4, batch=5"
evt-00001007,2026-01-01T00:14:14Z,sensor-010,22.99,good,"zone=3, batch=4"
evt-00001555,2026-01-01T00:14:14Z,sensor-011,13.33,good,"zone=4, batch=6"
evt-00002012,2026-01-01T00:14:14Z,sensor-011,33.87,good,"zone=2, batch=8"
evt-00000716,2026-01-01T00:14:15Z,sensor-002,-0.87,good,"zone=3, batch=2"
evt-00003887,2026-01-01T00:14:15Z,sensor-003,-9.62,good,"zone=3, batch=15"
evt-00001966,2026-01-01T00:14:15Z,sensor-004,21.73,good,"zone=3, batch=7"
evt-00001470,2026-01-01T00:14:15Z,sensor-005,6.11,good,"zone=2, batch=5"
evt-00000792,2026-01-01T00:14:15Z,sensor-006,13.69,suspect,"zone=4, batch=3"
evt-00002485,2026-01-01T00:14:15Z,sensor-006,-6.02,good,"zone=3, batch=9"
evt-00002035,2026-01-01T00:14:16Z,sensor-001,28.57,good,"zone=4, batch=8"
evt-00000706,2026-01-01T00:14:16Z,sensor-003,28.99,good,"zone=1, batch=2"
evt-00001919,2026-01-01T00:14:16Z,sensor-003,36.70,good,"zone=2, batch=7"
evt-00000396,2026-01-01T00:14:16Z,sensor-004,-6.15,good,"zone=2, batch=1"
evt-00000021,2026-01-01T00:14:16Z,sensor-007,4.41,good,"zone=3, batch=0"
evt-00003052,2026-01-01T00:14:16Z,sensor-009,9.00,good,"zone=3, batch=12"
evt-00004796,2026-01-01T00:14:16Z,sensor-010,13.71,good,"zone=3, batch=19"
evt-00001959,2026-01-01T00:14:16Z,sensor-012,-4.32,good,"zone=3, batch=7"
evt-00004907,2026-01-01T00:14:16Z,sensor-012,10.45,good,"zone=2, batch=19"
evt-00001146,2026-01-01T00:14:17Z,sensor-001,-11.64,suspect,"zone=3, batch=4"
evt-00002637,2026-01-01T00:14:17Z,sensor-003,11.81,suspect,"zone=2, batch=10"
evt-00004363,2026-01-01T00:14:17Z,sensor-008,8.53,good,"zone=1, batch=17"
evt-00004844,2026-01-01T00:14:17Z,sensor-008,36.68,suspect,"zone=4, batch=19"
evt-00003983,2026-01-01T00:14:17Z,sensor-009,21.69,good,"zone=4, batch=15"
evt-00000285,2026-01-01T00:14:18Z,sensor-001,-11.15,good,"zone=3, batch=1"
evt-00002889,2026-01-01T00:14:18Z,sensor-001,17.96,good,"zone=2, batch=11"
evt-00003751,2026-01-01T00:14:18Z,sensor-005,14.26,suspect,"zone=2, batch=15"
evt-00003809,2026-01-01T00:14:18Z,sensor-009,28.02,good,"zone=1, batch=15"
evt-00004058,2026-01-01T00:14:18Z,sensor-011,0.49,good,"zone=3, batch=16"
evt-00000221,2026-01-01T00:14:18Z,sensor-012,31.91,good,"zone=1, batch=0"
evt-00002040,2026-01-01T00:14:19Z,sensor-002,32.30,good,"zone=3, batch=8"
evt-00002251,2026-01-01T00:14:19Z,sensor-003,29.67,good,"zone=3, batch=9"
evt-00001760,2026-01-01T00:14:19Z,sensor-005,13.95,good,"zone=3, batch=7"
evt-00002301,2026-01-01T00:14:19Z,sensor-005,25.45,good,"zone=2, batch=9"
evt-00002584,2026-01-01T00:14:19Z,sensor-006,31.63,good,"zone=2, batch=10"
evt-00004005,2026-01-01T00:14:19Z,sensor-010,-1.17,good,"zone=2, batch=16"
evt-00003850,2026-01-01T00:14:20Z,sensor-006,31.15,suspect,"zone=3, batch=15"
evt-00003930,2026-01-01T00:14:20Z,sensor-006,19.13,suspect,"zone=2, batch=15"
evt-00000305,2026-01-01T00:14:20Z,sensor-009,16.98,good,"zone=4, batch=1"
evt-00004379,2026-01-01T00:14:20Z,sensor-009,28.48,suspect,"zone=4, batch=17"
evt-00002895,2026-01-01T00:14:20Z,sensor-011,-3.37,good,"zone=4, batch=11"
evt-00002909,2026-01-01T00:14:20Z,sensor-011,19.65,good,"zone=1, batch=11"
evt-00003290,2026-01-01T00:14:20Z,sensor-011,24.02,suspect,"zone=4, batch=13"
evt-00000477,2026-01-01T00:14:21Z,sensor-004,5.84,good,"zone=1, batch=1"
evt-00001612,2026-01-01T00:14:21Z,sensor-006,11.45,good,"zone=1, batch=6"
evt-00000206,2026-01-01T00:14:21Z,sensor-008,-4.76,suspect,"zone=2, batch=0"
evt-00004155,2026-01-01T00:14:21Z,sensor-011,19.34,good,"zone=4, batch=16"
evt-00004009,2026-01-01T00:14:22Z,sensor-002,9.52,good,"zone=1, batch=16"
evt-00003517,2026-01-01T00:14:22Z,sensor-003,-1.07,suspect,"zone=1, batch=14"
evt-00003639,2026-01-01T00:14:22Z,sensor-007,4.76,good,"zone=3, batch=14"
evt-00003153,2026-01-01T00:14:22Z,sensor-011,18.54,suspect,"zone=4, batch=12"
evt-00001154,2026-01-01T00:14:23Z,sensor-001,-4.89,good,"zone=1, batch=4"
evt-00004924,2026-01-01T00:14:23Z,sensor-001,8.89,good,"zone=3, batch=19"
evt-00001338,2026-01-01T00:14:23Z,sensor-003,32.30,suspect,"zone=3, batch=5"
evt-00004670,2026-01-01T00:14:24Z,sensor-003,23.42,good,"zone=4, batch=18"
evt-00003849,2026-01-01T00:14:24Z,sensor-004,-7.14,good,"zone=1, batch=15"
evt-00001669,2026-01-01T00:14:24Z,sensor-005,17.87,good,"zone=2, batch=6"
evt-00003572,2026-01-01T00:14:24Z,sensor-009,34.77,good,"zone=4, batch=14"
evt-00004698,2026-01-01T00:14:25Z,sensor-002,4.68,suspect,"zone=2, batch=18"
evt-00003842,2026-01-01T00:14:25Z,sensor-008,24.82,good,"zone=2, batch=15"
evt-00004395,2026-01-01T00:14:25Z,sensor-012,-8.90,good,"zone=3, batch=17"
evt-00004567,2026-01-01T00:14:25Z,sensor-012,26.88,suspect,"zone=1, batch=18"
evt-00000059,2026-01-01T00:14:26Z,sensor-001,-11.88,good,"zone=3, batch=0"
evt-00002292,2026-01-01T00:14:26Z,sensor-002,-11.93,suspect,"zone=3, batch=9"
evt-00002987,2026-01-01T00:14:26Z,sensor-004,-0.47,good,"zone=3, batch=11"
evt-00003881,2026-01-01T00:14:26Z,sensor-004,8.70,suspect,"zone=4, batch=15"
evt-00002050,2026-01-01T00:14:26Z,sensor-007,15.98,good,"zone=3, batch=8"
evt-00001975,2026-01-01T00:14:27Z,sensor-002,-5.29,good,"zone=1, batch=7"
evt-00000992,2026-01-01T00:14:27Z,sensor-004,16.75,suspect,"zone=2, batch=3"
evt-00001405,2026-01-01T00:14:27Z,sensor-005,3.29,good,"zone=4, batch=5"
evt-00000642,2026-01-01T00:14:27Z,sensor-010,33.84,suspect,"zone=1, batch=2"
evt-00004790,2026-01-01T00:14:27Z,sensor-010,17.58,suspect,"zone=3, batch=19"
evt-00000141,2026-01-01T00:14:27Z,sensor-012,-0.83,good,"zone=2, batch=0"
evt-00004882,2026-01-01T00:14:28Z,sensor-001,-2.67,good,"zone=2, batch=19"
evt-00000417,2026-01-01T00:14:28Z,sensor-002,6.05,good,"zone=1, batch=1"
evt-00004623,2026-01-01T00:14:28Z,sensor-004,14.52,good,"zone=4, batch=18"
evt-00003317,2026-01-01T00:14:28Z,sensor-005,-9.55,good,"zone=4, batch=13"
evt-00001879,2026-01-01T00:14:28Z,sensor-009,-1.71,good,"zone=1, batch=7"
evt-00002810,2026-01-01T00:14:28Z,sensor-009,27.97,good,"zone=3, batch=11"
evt-00001922,2026-01-01T00:14:28Z,sensor-010,35.57,good,"zone=4, batch=7"
evt-00002609,2026-01-01T00:14:29Z,sensor-002,26.71,good,"zone=1, batch=10"
evt-00001534,2026-01-01T00:14:29Z,sensor-003,37.69,good,"zone=4, batch=6"
evt-00000425,2026-01-01T00:14:29Z,sensor-004,17.78,good,"zone=4, batch=1"
evt-00000280,2026-01-01T00:14:29Z,sensor-007,22.01,good,"zone=1, batch=1"
evt-00001082,2026-01-01T00:14:29Z,sensor-009,-8.02,good,"zone=1, batch=4"
evt-00000699,2026-01-01T00:14:29Z,sensor-010,8.90,good,"zone=2, batch=2"
evt-00002711,2026-01-01T00:14:30Z,sensor-001,22.51,suspect,"zone=4, batch=10"
evt-00003896,2026-01-01T00:14:30Z,sensor-004,-6.58,suspect,"zone=2, batch=15"
evt-00002282,2026-01-01T00:14:30Z,sensor-006,10.56,good,"zone=1, batch=9"
evt-00002833,2026-01-01T00:14:30Z,sensor-009,-9.80,suspect,"zone=3, batch=11"
evt-00002542,2026-01-01T00:14:30Z,sensor-010,14.65,good,"zone=4, batch=10"
evt-00003460,2026-01-01T00:14:30Z,sensor-011,1.58,good,"zone=1, batch=13"
evt-00004756,2026-01-01T00:14:31Z,sensor-006,29.49,good,"zone=2, batch=19"
evt-00001138,2026-01-01T00:14:31Z,sensor-008,-7.21,suspect,"zone=4, batch=4"
evt-00003150,2026-01-01T00:14:31Z,sensor-008,13.01,good,"zone=3, batch=12"
evt-00003648,2026-01-01T00:14:31Z,sensor-008,-5.66,good,"zone=4, batch=14"
evt-00004087,2026-01-01T00:14:31Z,sensor-009,16.16,good,"zone=2, batch=16"
evt-00001805,2026-01-01T00:14:31Z,sensor-010,20.28,good,"zone=1, batch=7"
evt-00002189,2026-01-01T00:14:31Z,sensor-011,-7.62,good,"zone=3, batch=8"
evt-00003036,2026-01-01T00:14:31Z,sensor-012,-7.67,good,"zone=4, batch=12"
evt-00003133,2026-01-01T00:14:31Z,sensor-012,28.97,suspect,"zone=2, batch=12"
evt-00002845,2026-01-01T00:14:32Z,sensor-001,3.06,good,"zone=1, batch=11"
evt-00002887,2026-01-01T00:14:32Z,sensor-003,28.78,good,"zone=4, batch=11"
evt-00001750,2026-01-01T00:14:32Z,sensor-010,12.98,good,"zone=4, batch=7"
evt-00001026,2026-01-01T00:14:33Z,sensor-003,27.50,good,"zone=2, batch=4"
evt-00003643,2026-01-01T00:14:33Z,sensor-003,14.44,suspect,"zone=1, batch=14"
evt-00000879,2026-01-01T00:14:33Z,sensor-006,37.85,suspect,"zone=3, batch=3"
evt-00002211,2026-01-01T00:14:33Z,sensor-012,6.81,good,"zone=4, batch=8"
evt-00004884,2026-01-01T00:14:34Z,sensor-006,3.93,suspect,"zone=3, batch=19"
evt-00002586,2026-01-01T00:14:34Z,sensor-009,-9.18,good,"zone=2, batch=10"
evt-00000652,2026-01-01T00:14:34Z,sensor-012,36.30,suspect,"zone=3, batch=2"
evt-00001927,2026-01-01T00:14:34Z,sensor-012,20.43,good,"zone=3, batch=7"
evt-00004760,2026-01-01T00:14:35Z,sensor-001,-11.57,suspect,"zone=2, batch=19"
evt-00003873,2026-01-01T00:14:35Z,sensor-003,29.34,suspect,"zone=2, batch=15"
evt-00000051,2026-01-01T00:14:35Z,sensor-005,-11.91,suspect,"zone=2, batch=0"
evt-00003753,2026-01-01T00:14:35Z,sensor-005,19.12,good,"zone=1, batch=15"
evt-00000648,2026-01-01T00:14:35Z,sensor-006,-11.38,good,"zone=3, batch=2"
evt-00001748,2026-01-01T00:14:35Z,sensor-008,21.30,good,"zone=1, batch=6"
evt-00001370,2026-01-01T00:14:35Z,sensor-010,24.16,good,"zone=1, batch=5"
evt-00002938,2026-01-01T00:14:36Z,sensor-001,22.77,good,"zone=3, batch=11"
evt-00003242,2026-01-01T00:14:36Z,sensor-011,15.53,suspect,"zone=1, batch=12"
evt-00000473,2026-01-01T00:14:36Z,sensor-012,-7.25,good,"zone=3, batch=1"
evt-00004207,2026-01-01T00:14:37Z,sensor-003,7.83,suspect,"zone=4, batch=16"
evt-00000778,2026-01-01T00:14:37Z,sensor-004,30.39,suspect,"zone=4, batch=3"
evt-00004380,2026-01-01T00:14:37Z,sensor-005,23.00,good,"zone=1, batch=17"
evt-00003009,2026-01-01T00:14:37Z,sensor-011,30.85,good,"zone=2, batch=12"
evt-00002538,2026-01-01T00:14:38Z,sensor-002,1.39,good,"zone=2, batch=10"
evt-00002524,2026-01-01T00:14:38Z,sensor-003,32.89,good,"zone=3, batch=10"
evt-00000461,2026-01-01T00:14:38Z,sensor-005,17.37,good,"zone=2, batch=1"
evt-00001707,2026-01-01T00:14:39Z,sensor-003,22.25,suspect,"zone=1, batch=6"
evt-00002167,2026-01-01T00:14:39Z,sensor-005,-3.51,good,"zone=1, batch=8"
evt-00003378,2026-01-01T00:14:39Z,sensor-009,-4.05,good,"zone=4, batch=13"
evt-00003853,2026-01-01T00:14:39Z,sensor-009,-7.56,suspect,"zone=4, batch=15"
evt-00000111,2026-01-01T00:14:39Z,sensor-012,7.21,suspect,"zone=3, batch=0"
evt-00002239,2026-01-01T00:14:39Z,sensor-012,8.98,good,"zone=1, batch=8"
evt-00004150,2026-01-01T00:14:40Z,sensor-002,13.32,good,"zone=2, batch=16"
evt-00000462,2026-01-01T00:14:40Z,sensor-003,32.64,suspect,"zone=2, batch=1"
evt-00001598,2026-01-01T00:14:40Z,sensor-005,7.23,suspect,"zone=2, batch=6"
evt-00001465,2026-01-01T00:14:40Z,sensor-007,9.56,good,"zone=3, batch=5"
evt-00002594,2026-01-01T00:14:40Z,sensor-010,34.08,suspect,"zone=4, batch=10"
evt-00000583,2026-01-01T00:14:40Z,sensor-011,-11.12,suspect,"zone=2, batch=2"
evt-00002408,2026-01-01T00:14:40Z,sensor-012,9.13,good,"zone=1, batch=9"
evt-00004560,2026-01-01T00:14:40Z,sensor-012,32.66,good,"zone=4, batch=18"
evt-00001117,2026-01-01T00:14:41Z,sensor-003,22.10,good,"zone=1, batch=4"
evt-00002592,2026-01-01T00:14:41Z,sensor-006,30.43,good,"zone=2, batch=10"
evt-00004621,2026-01-01T00:14:41Z,sensor-007,29.43,good,"zone=4, batch=18"
evt-00001105,2026-01-01T00:14:41Z,sensor-008,29.88,good,"zone=2, batch=4"
evt-00003465,2026-01-01T00:14:41Z,sensor-010,35.88,good,"zone=3, batch=13"
evt-00003690,2026-01-01T00:14:41Z,sensor-012,-6.87,good,"zone=1, batch=14"
evt-00004754,2026-01-01T00:14:41Z,sensor-012,33.24,good,"zone=2, batch=19"
evt-00003770,2026-01-01T00:14:42Z,sensor-002,26.65,good,"zone=4, batch=15"
evt-00003083,2026-01-01T00:14:42Z,sensor-005,4.29,good,"zone=4, batch=12"
evt-00001914,2026-01-01T00:14:42Z,sensor-006,19.76,suspect,"zone=3, batch=7"
evt-00003309,2026-01-01T00:14:42Z,sensor-009,5.53,suspect,"zone=1, batch=13"
evt-00000824,2026-01-01T00:14:42Z,sensor-010,-8.06,good,"zone=3, batch=3"
evt-00002662,2026-01-01T00:14:42Z,sensor-011,13.37,good,"zone=1, batch=10"
evt-00002743,2026-01-01T00:14:43Z,sensor-001,17.19,good,"zone=2, batch=10"
evt-00003209,2026-01-01T00:14:43Z,sensor-001,26.80,suspect,"zone=3, batch=12"
evt-00001302,2026-01-01T00:14:43Z,sensor-003,16.48,good,"zone=1, batch=5"
evt-00003105,2026-01-01T00:14:43Z,sensor-006,25.59,good,"zone=2, batch=12"
evt-00003523,2026-01-01T00:14:43Z,sensor-010,-1.05,good,"zone=2, batch=14"
evt-00004265,2026-01-01T00:14:43Z,sensor-011,-3.11,good,"zone=1, batch=17"
evt-00002995,2026-01-01T00:14:43Z,sensor-012,19.38,good,"zone=3, batch=11"
evt-00002248,2026-01-01T00:14:44Z,sensor-005,27.34,good,"zone=1, batch=8"
evt-00000667,2026-01-01T00:14:44Z,sensor-008,3.79,suspect,"zone=1, batch=2"
evt-00004038,2026-01-01T00:14:44Z,sensor-009,12.16,suspect,"zone=2, batch=16"
evt-00004865,2026-01-01T00:14:44Z,sensor-010,24.64,good,"zone=2, batch=19"
evt-00000689,2026-01-01T00:14:44Z,sensor-011,8.13,good,"zone=4, batch=2"
evt-00000926,2026-01-01T00:14:44Z,sensor-011,-3.60,good,"zone=3, batch=3"
evt-00001973,2026-01-01T00:14:44Z,sensor-012,0.81,good,"zone=2, batch=7"
evt-00004191,2026-01-01T00:14:45Z,sensor-001,36.67,good,"zone=1, batch=16"
evt-00000445,2026-01-01T00:14:45Z,sensor-002,37.36,suspect,"zone=2, batch=1"
evt-00003102,2026-01-01T00:14:45Z,sensor-007,8.90,suspect,"zone=2, batch=12"
evt-00003698,2026-01-01T00:14:45Z,sensor-007,37.81,good,"zone=1, batch=14"
evt-00003483,2026-01-01T00:14:45Z,sensor-009,28.48,good,"zone=4, batch=13"
evt-00001131,2026-01-01T00:14:45Z,sensor-011,7.06,suspect,"zone=2, batch=4"
evt-00003053,2026-01-01T00:14:45Z,sensor-012,-6.56,suspect,"zone=3, batch=12"
evt-00001875,2026-01-01T00:14:46Z,sensor-002,4.04,good,"zone=4, batch=7"
evt-00003530,2026-01-01T00:14:46Z,sensor-002,14.99,good,"zone=1, batch=14"
evt-00004317,2026-01-01T00:14:46Z,sensor-002,33.11,good,"zone=2, batch=17"
evt-00001786,2026-01-01T00:14:47Z,sensor-003,19.07,good,"zone=2, batch=7"
evt-00000674,2026-01-01T00:14:47Z,sensor-006,35.79,good,"zone=1, batch=2"
evt-00002506,2026-01-01T00:14:47Z,sensor-006,-7.87,good,"zone=2, batch=10"
evt-00000512,2026-01-01T00:14:47Z,sensor-009,7.20,good,"zone=2, batch=2"
evt-00003008,2026-01-01T00:14:47Z,sensor-010,-8.18,good,"zone=3, batch=12"
evt-00001484,2026-01-01T00:14:48Z,sensor-005,16.32,good,"zone=3, batch=5"
evt-00003914,2026-01-01T00:14:48Z,sensor-005,22.84,good,"zone=4, batch=15"
evt-00002283,2026-01-01T00:14:48Z,sensor-006,21.58,good,"zone=1, batch=9"
evt-00002533,2026-01-01T00:14:48Z,sensor-008,3.27,suspect,"zone=3, batch=10"
evt-00003199,2026-01-01T00:14:49Z,sensor-001,24.95,good,"zone=3, batch=12"
evt-00002349,2026-01-01T00:14:49Z,sensor-009,-4.20,good,"zone=1, batch=9"
evt-00003724,2026-01-01T00:14:49Z,sensor-009,1.57,good,"zone=1, batch=14"
evt-00002404,2026-01-01T00:14:49Z,sensor-012,28.86,good,"zone=4, batch=9"
evt-00003114,2026-01-01T00:14:50Z,sensor-001,11.00,good,"zone=3, batch=12"
evt-00004542,2026-01-01T00:14:50Z,sensor-001,2.80,suspect,"zone=3, batch=18"
evt-00000932,2026-01-01T00:14:50Z,sensor-009,31.70,suspect,"zone=4, batch=3"
evt-00001063,2026-01-01T00:14:50Z,sensor-009,-8.04,suspect,"zone=3, batch=4"
evt-00001516,2026-01-01T00:14:50Z,sensor-009,-3.27,suspect,"zone=2, batch=6"
evt-00002924,2026-01-01T00:14:50Z,sensor-010,35.98,good,"zone=1, batch=11"
evt-00003004,2026-01-01T00:14:50Z,sensor-010,25.65,good,"zone=2, batch=12"
evt-00001457,2026-01-01T00:14:50Z,sensor-011,-5.01,good,"zone=4, batch=5"
evt-00002565,2026-01-01T00:14:50Z,sensor-011,32.60,suspect,"zone=1, batch=10"
evt-00004782,2026-01-01T00:14:51Z,sensor-001,-8.15,good,"zone=3, batch=19"
evt-00002179,2026-01-01T00:14:52Z,sensor-003,8.99,suspect,"zone=1, batch=8"
evt-00000754,2026-01-01T00:14:52Z,sensor-005,-3.86,good,"zone=2, batch=3"
evt-00002776,2026-01-01T00:14:52Z,sensor-006,14.23,good,"zone=2, batch=11"
evt-00003369,2026-01-01T00:14:52Z,sensor-007,31.74,suspect,"zone=4, batch=13"
evt-00000549,2026-01-01T00:14:52Z,sensor-008,28.79,good,"zone=3, batch=2"
evt-00000662,2026-01-01T00:14:52Z,sensor-011,-6.84,good,"zone=3, batch=2"
evt-00004358,2026-01-01T00:14:52Z,sensor-011,8.43,suspect,"zone=1, batch=17"
evt-00001884,2026-01-01T00:14:53Z,sensor-007,27.03,suspect,"zone=4, batch=7"
evt-00003033,2026-01-01T00:14:53Z,sensor-010,13.95,good,"zone=2, batch=12"
evt-00003111,2026-01-01T00:14:53Z,sensor-010,-3.39,good,"zone=1, batch=12"
evt-00003213,2026-01-01T00:14:53Z,sensor-010,16.76,suspect,"zone=1, batch=12"
evt-00001231,2026-01-01T00:14:54Z,sensor-001,3.74,good,"zone=3, batch=4"
evt-00001414,2026-01-01T00:14:54Z,sensor-002,30.34,suspect,"zone=1, batch=5"
evt-00004936,2026-01-01T00:14:54Z,sensor-004,27.93,suspect,"zone=4, batch=19"
evt-00000994,2026-01-01T00:14:54Z,sensor-005,15.72,good,"zone=4, batch=3"
evt-00001878,2026-01-01T00:14:54Z,sensor-006,6.35,good,"zone=4, batch=7"
evt-00000777,2026-01-01T00:14:54Z,sensor-009,10.90,good,"zone=3, batch=3"
evt-00001235,2026-01-01T00:14:55Z,sensor-001,-3.59,good,"zone=1, batch=4"
evt-00002135,2026-01-01T00:14:55Z,sensor-001,20.75,suspect,"zone=2, batch=8"
evt-00000676,2026-01-01T00:14:55Z,sensor-004,-4.25,good,"zone=3, batch=2"
evt-00002112,2026-01-01T00:14:55Z,sensor-004,24.72,good,"zone=2, batch=8"
evt-00003360,2026-01-01T00:14:55Z,sensor-004,23.00,good,"zone=2, batch=13"
evt-00004468,2026-01-01T00:14:55Z,sensor-004,21.18,suspect,"zone=4, batch=17"
evt-00000286,2026-01-01T00:14:55Z,sensor-005,-11.99,good,"zone=4, batch=1"
evt-00003007,2026-01-01T00:14:55Z,sensor-006,0.77,suspect,"zone=4, batch=12"
evt-00003715,2026-01-01T00:14:55Z,sensor-006,-8.75,good,"zone=3, batch=14"
evt-00000878,2026-01-01T00:14:55Z,sensor-009,26.66,suspect,"zone=4, batch=3"
evt-00003459,2026-01-01T00:14:56Z,sensor-003,24.16,good,"zone=1, batch=13"
evt-00004646,2026-01-01T00:14:56Z,sensor-003,0.47,good,"zone=3, batch=18"
evt-00000713,2026-01-01T00:14:56Z,sensor-004,15.92,suspect,"zone=4, batch=2"
evt-00004301,2026-01-01T00:14:56Z,sensor-005,18.30,suspect,"zone=1, batch=17"
evt-00004510,2026-01-01T00:14:56Z,sensor-005,3.75,good,"zone=3, batch=18"
evt-00001152,2026-01-01T00:14:56Z,sensor-011,8.93,good,"zone=2, batch=4"
evt-00002879,2026-01-01T00:14:56Z,sensor-012,26.62,suspect,"zone=3, batch=11"
evt-00004901,2026-01-01T00:14:56Z,sensor-012,11.49,good,"zone=2, batch=19"
evt-00002840,2026-01-01T00:14:57Z,sensor-001,17.25,good,"zone=2, batch=11"
evt-00003889,2026-01-01T00:14:57Z,sensor-002,23.47,good,"zone=1, batch=15"
evt-00002888,2026-01-01T00:14:57Z,sensor-010,31.77,good,"zone=3, batch=11"
evt-00003194,2026-01-01T00:14:58Z,sensor-002,6.69,good,"zone=2, batch=12"
evt-00003374,2026-01-01T00:14:58Z,sensor-002,18.02,good,"zone=4, batch=13"
evt-00002472,2026-01-01T00:14:58Z,sensor-003,-2.71,good,"zone=2, batch=9"
evt-00001752,2026-01-01T00:14:58Z,sensor-004,28.15,good,"zone=2, batch=7"
evt-00002219,2026-01-01T00:14:58Z,sensor-005,-9.43,good,"zone=1, batch=8"
evt-00000958,2026-01-01T00:14:58Z,sensor-007,-7.38,suspect,"zone=4, batch=3"
evt-00003332,2026-01-01T00:14:58Z,sensor-007,-9.82,good,"zone=1, batch=13"
evt-00002610,2026-01-01T00:14:58Z,sensor-010,25.80,good,"zone=4, batch=10"
evt-00004920,2026-01-01T00:14:58Z,sensor-010,8.28,good,"zone=4, batch=19"
evt-00000768,2026-01-01T00:14:58Z,sensor-012,36.42,good,"zone=3, batch=3"
evt-00000441,2026-01-01T00:14:59Z,sensor-008,11.81,good,"zone=3, batch=1"
evt-00000924,2026-01-01T00:14:59Z,sensor-012,1.72,good,"zone=4, batch=3"
