scholarship_index,education_years,wage_index,experience_index,oracle_ability
1.708819176925465,15.216268146986451,28.746799832171202,1.3515774962229512,-1.3688982893772774
-0.3038780568095537,10.845079600586901,25.884071841105317,0.8663971427563117,0.6525295977083198
1.6128886216854903,14.189977067534716,22.849434928714327,0.7743339492908542,-1.8907938280956404
0.73063728747053,14.827163842268327,25.571782200725856,-0.6484239140180404,0.7068044596642084
0.4442647749059827,12.613750649733847,24.672609397565395,1.2392758742886434,-0.6249043951720257
-0.4748167417339052,11.57157813964437,17.372195848224724,-0.33558787415124036,-0.2056481186987421
2.016390904725798,11.562665314389571,14.603674734712616,0.24876898943181222,-2.568313789011217
1.5942084109691153,15.169298298125488,27.319405441618137,0.87449208156291,-0.2665932640736914
0.3313976505495514,16.748347011491717,38.32959899597156,1.546106784700563,1.6862942479421368
-2.1829587142230684,7.614606522690406,20.994148753707112,-1.3294467354007948,0.06720294538198786
0.40688162223203217,11.157676455507714,16.630824689570186,-0.3466485170002666,-1.889307613450449
-0.08718364904071604,10.16854756203383,14.13847007795166,0.02863199854310428,-0.7985827158972352
0.43147488679883156,17.212838650691495,38.661292255423426,0.8113780731352814,2.177945822467263
0.2950191684737584,10.079427945748005,10.434843426270675,-0.1681066567733659,-1.1476959562735864
-0.4948944565477612,10.759867562453989,16.679718711084778,-1.8187430321497926,0.10842108442847524
-1.6422005358693414,8.562524824984244,16.31276012645232,-1.5186124608958123,0.5323655318748274
-2.169661750415171,5.4851220544068635,14.030647465989206,-1.844168988631825,0.9364435860351487
2.052924977427579,13.087405025266573,20.254460907220967,0.15279382682154227,-0.457152197826691
0.673407491078363,15.193188386724469,36.58336932541147,2.2362146560214717,0.046728808842618534
0.4339333862970306,13.139486370233481,25.782264319274194,-0.3587678364312285,1.3548237142312647
-0.20337739590289602,9.811630302419143,8.497384908637192,-0.5810916553467507,-1.1127160008827057
-0.7782738796466003,9.438838944698666,16.6613009288918,-0.35939814851937235,-1.008333267528041
-1.025892225652705,9.799100505415023,15.364988977230334,0.3352509660756853,-0.03069687148275344
0.2984984333989799,14.74847520917963,28.954935570657504,0.4454297817404982,0.2953818821609877
-0.6241073720376605,12.082624165577872,18.06822529236846,-0.9524474983872628,-0.20554634382069512
0.2165887525085686,11.538853293355295,17.933058323165092,0.5591170481625524,-1.3248890556040471
0.796351274747329,14.473267351809232,31.25410954992923,-0.059721964394052716,1.328110908689893
1.3077426303637356,15.19153000399042,35.18922038667414,0.7259308725872281,0.46279647523704154
-0.2703439253843617,11.528768192940866,20.016896481080543,1.0813394560462184,-1.12889557963255
1.4611747632816598,13.789149851365634,23.62896852161589,-1.0386451467719322,1.0929259764012949
-0.3830354422358621,13.918526410234566,28.735071476361316,0.6146296198457027,1.1052437967282376
-1.8950509606518278,10.49057129870429,20.797728753723394,-1.3602877822506196,0.5684753082433814
0.173806640083623,9.925184771633523,14.988576661391466,-1.3143623741702657,-0.05885336183011807
-0.2544937220330948,12.282252670718071,24.980852295434676,-0.7537771102532876,1.191772442831385
-0.8053172700054213,7.0977361037732525,9.753291682362569,-0.7701547499485569,-0.26345972700044606
3.002391521219688,17.654843405971395,37.26798984306846,1.1453289572835204,0.5312332866348456
-0.2571224579616666,12.188424778946928,24.452829539693578,0.20520351906816756,-0.21354084846905896
2.151523811408676,15.631436999271664,29.20127015525476,1.1874404347615437,-0.892893130170721
-1.9076548157799147,8.45245574923536,13.680151037999662,-1.7746041281532738,-0.24056411014916831
-0.3850229162137542,10.437164068982504,21.406089320351654,-0.5439846957612039,-0.10224684059422519
0.2578303822938164,15.84524413784477,31.36169492677967,0.43696411979762123,0.753124634580608
-0.8154053952484417,10.27488714288185,17.352029552398857,0.8037430238746257,-2.19185638018534
-0.38231860140473123,8.837913157098654,17.12876971060383,-0.7613404981558252,-0.9453520894774871
0.08307903474917483,16.030478593064238,36.12976089800813,-0.6447664583845121,0.6174328424530054
0.08904641688025394,15.457513612042234,25.88982122925463,-0.0733923550570482,-0.876050269575532
1.351000307239141,12.930162865025283,25.984047273439028,-0.20294398323822854,-0.07613434075084735
1.591933664517753,17.940373387780635,39.03943944354838,1.5506157658650228,1.3100245320438197
0.4144573894305784,15.034657185702153,31.772810354000477,0.507412590824986,1.1680468404420041
0.7158212874217533,15.465621788392966,34.60132105023395,1.0331839833600007,1.666817836254069
0.4856841177031284,14.409407034371583,30.078723610479095,0.706401253133567,0.41057320914003254
1.2856802551498636,14.129678200533194,24.76804713883793,1.1476631566432138,-1.0853212358351148
-2.046024784445121,8.0149791947785,21.75157613203526,0.0690811274354251,0.5589885840411621
-0.6388134030631817,12.17484403105168,23.09524887758216,-0.7389775072588928,0.24871307113463936
-0.3370216550635614,12.299125588446381,24.218251453115965,-0.7299704283330899,0.609599872768663
0.27718250502092745,14.683887981715639,30.75186732223108,-1.224190719421053,0.4885477739314738
-0.46974943133521674,9.235993116755644,11.457878882823834,-0.9827387116185247,-0.6206981780965788
1.6118520405650236,15.032649899498098,27.045925386518025,-0.39530627896759707,0.7122764950614475
-3.196588244361862,7.837784008686259,18.0001485916492,-0.5474347948591332,0.5848672852079402
1.1997976381420268,16.97225345761632,35.87000878483177,0.2989135265913738,0.996629967638622
-0.5454984299049874,11.962858066936294,24.692948608456728,0.5507360352919138,0.2317041023088755
0.4690323525708582,5.203639557248065,2.051667796680082,-0.6598668939738572,-2.155832296436293
2.2915324503606964,14.251643184836862,23.30875373405489,0.48808762499690944,-0.5096257884394568
-0.8767364979909518,13.228712710740831,28.22442331745794,2.1212474016825165,0.9054416623777568
0.9958095682345207,14.798397246978116,27.712032973017337,1.7210361590039216,-0.06150722903668189
0.9243585580402259,15.681776637116775,31.107546642834507,0.5385749220519287,0.5664243697561103
0.32994514077923953,14.9449260376892,25.686761062636023,1.1668061116900694,-1.865602681396485
1.0456412213558555,17.41141226658254,34.74092611571017,1.1440625938117752,0.89036412705376
-1.545757509942569,7.06342857182671,9.94737767980092,-0.41055526779067697,0.38421073041834064
0.700851918453135,12.521356274237721,25.840716353884986,1.6476580622119872,0.08538571344995532
-0.6325273222570131,10.925238135004545,20.756231210787792,-1.1662873910571785,0.6111511312832341
-1.8496700367078502,8.101063578250008,15.731322821868527,-1.6786896668176068,1.3909839544299187
0.712491072647194,10.184969486543094,17.8433451322697,-0.7746522376712872,-1.0101425360829832
-2.8080489466820686,8.591964539182596,14.261134895950242,-0.21191166301223857,0.26612419751788563
0.11492579466861275,14.551955046810154,26.9921049724481,-0.10526761253258828,-0.4820224883100376
-0.5769476662811734,10.686664657848942,12.605886239883679,0.5486570558509981,-1.8886685630395028
-3.0550377684850014,6.863684672260094,13.024821048157957,-1.0380911599835232,-0.5319102563167746
0.17236826669817495,14.062373633424361,30.70431180360597,1.2070349361511075,-0.48740689934918596
0.06267559668314635,14.543404217315533,35.18502689568651,0.18939148381006848,1.3789785341529956
-0.7568057431136872,12.107552805240363,28.58767028744918,1.7362530907861902,0.06713713693523272
0.639257651631807,11.93872405140465,21.08343179138178,-0.3559834426872401,-0.4876857264652691
1.092354569296411,11.140142758788407,18.549008838033853,-0.15847541626256934,-0.7526821836766918
-1.2021715556172308,9.185496648485184,20.651251556124024,-1.3175051821511181,0.14039626342627443
0.12551279894606304,6.0811336707747365,8.917445329912628,-0.8033402121277122,-2.1321143700731646
0.7980684736338447,12.40144608321131,22.661909168084723,0.7873164855213546,-1.1011011013360361
-0.7225572585431068,10.045045310695565,13.108186870785936,-0.09883435233415887,-0.6440180737429962
-3.283809880865133,8.308947218570433,15.625502375928273,-0.9124394461741835,-0.48466329610288417
-1.9119159717476597,7.341325566549701,15.251166023481156,-0.9861531763721045,0.24820604278069944
0.258411915300246,15.56499834835032,33.53147070774037,-0.3216437781821943,2.2852091170324837
-0.23787102758139167,11.074851846989034,24.0455907276492,0.2826104542223884,-0.07566978589497989
-0.3013658017703413,10.146115700273477,20.806862773591305,0.44664014710139066,-0.019235060392233636
0.7478984822284874,12.71523097274909,26.726667964835983,0.2565405565495081,0.026919971189824823
-1.321376097375314,5.869610264748193,11.969011295300682,-0.7328761095393576,-1.2086808745572726
-1.2270038340757488,6.649878144624846,10.877747475130855,-1.682177727653132,-0.8120312468111929
1.9390570407004746,13.938821767280517,31.583083515962272,1.9439673728529374,-0.8481311056016814
1.6275199134691622,13.787589008284856,31.13965207336992,0.27446113749731554,-0.3348712100139464
0.45279713984281217,15.206612014073428,25.856685545798126,-0.06367415628364323,-0.31112065097330094
-1.0321312872739048,13.907004391734256,22.793998250727256,-0.4948189250112792,0.2819670910281344
-0.40525799147338115,13.98456912559458,33.24628987994122,0.9647363771979957,0.6369229467044305
-0.19777904174270172,12.905755809468355,32.33247578871242,0.6787490367583241,1.6966507344347819
-0.4362446498677879,9.38294318194641,26.057221972223637,0.346182194125265,0.5580738248246949
-1.1938044140768076,9.100084199359006,20.896235509198466,-0.4814476573645102,0.9102397725733515
-0.5025205772086683,11.298261966996066,21.716442050917447,-1.9941450392910485,0.2655656447895406
0.8467929810037311,12.236769041758727,23.609474754169636,0.3856467955068381,-0.601813188098741
-1.5038181906213253,5.195161204819148,8.92721494655497,-2.7037605715742754,0.2925084449719573
2.006488137397378,17.246822835384556,38.00341583864251,1.0361035769429763,0.7353428135132198
-0.6244936233482357,11.115321180638817,25.571057946225075,0.6634063590472834,-0.20746450876124084
0.9544364994425067,13.75273788467507,28.066613698496237,-0.46261542744103684,0.441017411214367
2.5161490566185396,14.200948616597048,21.849858590792646,0.10165586846612763,-0.55096591347044
1.5370797831189857,13.466912955033385,17.487547815966405,-0.39736747193364697,-1.8552358840894123
2.011827771110338,19.066132002582997,43.516374160737506,1.7807868170352577,1.596230893041044
-1.002804177415087,6.708748146820663,10.036817146738429,-2.0726339040868207,-1.0400435526444316
1.4264192455968447,16.46521165601926,29.9027791477158,0.46722516445059337,-0.02646783913539403
1.210771614039114,14.867809181290436,22.66817947836183,0.9522304520196447,-2.6557415224221743
-0.012128695668784939,9.680624009371268,18.726661293043612,-0.8462467086039349,0.6028833381239946
-0.12645259662821948,10.821888508219663,20.357822577561922,0.15071258108228708,-1.054176668913626
-0.8080383685432471,10.159154249269708,16.32875334088581,-0.2512924653971805,-1.0943815931211989
1.9708262499937161,13.948976313512727,29.34479058926661,1.708245366757132,-0.3821852023415639
-0.5171254379099132,9.38709120444414,16.54085530171584,0.17310354941052342,-0.4236723389299217
0.926294522247436,12.331791560101458,16.77825068981226,-0.43791930928900014,-1.718368928080593
-0.23609598578405674,12.720521896609307,28.384639429733774,-0.3828204550659116,0.9050047061461279
-1.2453853471460392,9.263568517925677,17.287387695288707,0.8157369853504151,-1.9324704220344902
0.06610353475120034,10.994271701361704,22.338070312885634,-0.6571672413864782,0.8301045464465702
-1.0077151551400365,10.417795605301922,19.943142372894584,-0.6495420931679776,0.44714259028805303
-0.9083422759705292,9.401830799307355,14.14734364071439,-1.5138862679763447,-0.07011335224731143
0.20384268342032952,12.70049254911688,24.318375793493338,1.610082027230472,-0.2400815890556751
0.03127869018948165,16.491638348373343,34.05164533274625,0.3316993044438876,1.5193909587096615
-0.4072676935189336,10.321769917271844,18.191130132876648,-0.7097673711100195,-0.44330750852021894
-1.5048947247467956,8.052107701479853,17.654997970833435,-0.8936828581833008,-0.42718244059912197
0.9489153268082945,12.6999085874992,28.933437224840752,-0.23357929242610032,-0.003477735178681228
1.037981771027438,18.55127344182472,41.92130665483791,0.27160604054930954,3.3457184377120908
-1.9033235360010394,8.061148843674294,13.490373456821812,-0.47498498329823025,-0.6750460342679635
1.895765332730059,16.37838141946347,28.86425926329001,1.8316503011380272,-0.5462831185882426
-1.1148535322570718,10.48887630562702,26.535716349801937,-0.8699049107532167,1.851438184817261
-0.20190040523297648,10.761277597232148,14.575064586835447,-1.431434465554327,-0.14684729428737425
-0.24612393672932753,10.231733357563147,23.423787327738932,-0.14122554533591222,0.8027061821856067
-0.043561439567692956,8.984296589019035,15.240777980396881,-0.3347867881131247,-0.5406821723833513
-0.3916887064562536,12.73741675528862,19.250672034524648,-0.013787080094750688,-1.893283795354643
-1.1535786262593026,9.86223774957559,17.292473901642598,-0.8996797238999876,0.20503784555218646
-0.5106025634752936,9.883943792393003,20.951213418605683,0.019272029597157,-1.6113227585174534
0.2582806301757218,12.264659060849716,26.85453289706557,1.5241730480947486,-0.2295593085680986
0.13798997551267522,14.005453138906196,30.551433931430957,1.3982449134537989,0.45376564894821825
0.15072188233773243,13.085164682414051,23.605060065136843,0.36832040848725983,-0.18406898062139146
-1.5810313812727241,13.60207228389275,30.427180662132816,-0.7956638304939407,1.5035192108779551
0.7436033124891743,15.240372005412574,31.435295151609573,0.7046379581662374,1.1678884890223524
0.020069893353603097,12.448528674700986,25.19470263774272,-1.5306768275359615,0.8707326134011479
0.04910259115507709,10.093993124485305,22.74919563804288,1.553049620842847,-0.655424793754253
0.785692598415668,14.801337287016455,26.369806806196863,-0.5257394621536223,0.5335769054148489
-0.8774136511641655,11.300017454569987,21.08784063135728,-0.1808865748842005,0.3011799139511073
-0.6277084094796266,14.420369602228797,30.229290755382777,0.7492637729478753,0.6159051895800985
-0.10734961007362676,15.239289206273853,33.32684104090233,-0.5012091181633728,1.658809304940769
0.5476048189289947,11.919665565790021,26.24332226092531,0.04408718573130563,0.9816477138916692
1.9039557303433794,13.51676334449933,20.570825493940237,-1.4006142553375258,0.26019096601702235
-0.3425029348278047,12.698475401672072,29.610573311210043,-0.18955323671056923,1.2156463619113667
0.29442135366622324,13.436363980270114,27.66372411066446,-0.7868517406420554,1.6498906344708524
-2.8390981310497274,6.267807318988184,18.261106956331304,-0.7917069676879569,1.532468937597962
-1.1292507788235266,11.458512306058482,24.681942887959913,-0.7932819150082587,1.7198439946265358
1.5404591622048653,14.849633192334288,22.821038482309774,0.8385166975143841,-0.9363531417682862
0.9477399915574046,13.368846412170681,26.888784058744733,-1.2062904353859056,1.3489411799745603
1.4033713489580157,15.385911251050903,27.577657350838265,1.1663549436583236,-0.8542426874067774
1.6087853966026007,16.314803827218192,33.635950810421555,1.7934830255367167,0.4780106477661766
-0.9133682882378606,7.345275684175963,18.28656106421697,-0.3992271096486611,0.015419381114165681
1.8797029061773647,14.317499840195861,30.4715569282231,1.1567182374102523,0.46952335531708317
-0.10800891006705615,14.558733048692158,25.410078316106162,1.4045223688009512,-0.9398758346095949
-0.25641460703038577,11.508445353487067,20.272513934001104,-0.5586649043803368,-0.5876508708443949
2.0168746923618266,14.25335953105872,28.154808779302783,0.7481478229118649,-0.8589758646391924
0.3774707341398024,10.504323013677622,18.37822936065416,-0.16590227598193072,-1.9588068019682576
-0.8160144234771598,13.251803898105827,25.4067044356127,-1.200990267772606,0.29593849367996633
-0.5446512696702366,14.379289281654938,30.594806238398636,0.7090035384476103,1.0891847587947348
1.1846959156900196,12.25750722363243,20.00091105098687,-0.9572366070583663,-0.2614486597249572
-0.28423206215892866,12.96137607298138,21.190413478270266,0.7753096446201411,-0.7560312363659333
-1.1079110673615373,7.658432013932561,12.823274418941661,-2.1413969405917688,-0.9183034888613129
-1.4673020408600164,7.097152060466357,16.879459995831933,0.21674900564238359,-0.5111750920778352
-0.5756163650405176,8.252423867566877,5.758644806834813,-0.25652574456541616,-1.172046413739256
-1.0798958013728317,9.07323887844721,10.59022152761196,-1.346391117860186,-1.479514810974775
0.25172709908579105,14.881296184557087,32.70085311415458,-0.3577375290790842,2.560202570684086
1.20388411107246,15.188713711397293,30.415061795760323,0.007577138389162463,-0.14521765684529614
-0.1543824502402236,10.344745691676192,24.619072102054957,-0.2952494045535172,0.18015248370849685
-0.5860478225654984,10.87470312747296,19.505362372011298,-1.7661096522034507,1.5459003850168411
1.2000137635584396,18.147735076590294,31.484516901584072,0.5651341527714822,-0.36721237585440264
-1.1593461722841076,7.423888372154421,18.38696926097809,0.03670678161458064,-0.616081654290211
0.0036841364826586953,13.04977004452324,27.66217199428696,0.6106119821006936,0.8081957300774552
-0.25765021069717753,9.892597852012369,6.707837984995423,-0.7652035360240481,-1.8897453887327813
-0.12393730909688883,10.641038913884882,20.612444200789337,-0.8130005300067825,0.059569631170628856
2.3806853019910954,18.313169126771708,37.2460270227896,2.0822775353927443,0.661108941803873
-1.5643002105433905,7.970242504089459,13.634037352007695,0.6374748365507705,-0.4584412761000253
-0.687362056027214,8.298408582709211,18.96198700172383,-0.12595272425766452,-1.4584246703497585
0.4106536209179295,10.722287860175669,18.36731203222327,-0.022126555955757885,-1.0018682425563241
-0.11649640250420916,13.288840221712816,23.266975609982488,0.12872460698239074,0.1411205870947037
1.2535681025269456,16.47263175147512,34.287013293076676,0.5778500072721703,1.2168867807865456
-1.29580921448728,10.592297571780257,27.49635136114628,-0.29044990620378514,0.8655342160675469
-0.0204140495337891,14.182721153016798,19.974211631963165,-0.15976098303562813,-1.0374457380435291
2.481535178896261,16.110655931452204,33.0327583658729,0.7614297363816203,0.5069995079147015
-1.0863004881475924,6.520231155382727,9.130514482400464,-2.0982219722826367,-0.1429115636013949
1.114080760680059,14.998888881229842,28.48012077059582,-1.067350777889822,1.7389927853557154
-0.5371784927586393,11.947751238679901,24.076481255562562,0.1333261096635575,-0.22008245393526263
-2.6883706057020023,6.860892587040444,10.202729245752153,-1.9164090831141334,0.571142425532803
-0.4544564399102406,10.709935884583206,12.914992669283329,-0.6458285578992882,-0.6339682652111248
-0.7837472479959314,11.6924995206646,22.379356276853684,-0.3303130662607025,0.6010605390644732
-0.18793120790316564,8.480014730600168,15.667911961456337,-1.529260425842367,-0.28924902516477563
-1.4651342419585396,3.68499025097576,4.7621164636326725,-0.9028369677291288,-1.3165638477283381
-0.4526985983619791,16.34655986532497,32.257449126545566,1.5413554428332599,0.37623764159092987
-0.05461589306131842,11.765538108884387,21.09667909711899,-0.9022729606561591,-0.7338541574881551
1.8468061847645312,12.054971211008699,18.19541265441566,0.07336641710552846,-2.4331776365626734
0.5447416332600654,12.972471351712562,27.53195448126253,0.009839601650155443,0.6316482423833693
1.1319208996905201,13.836603613514427,20.165763501637926,0.09616346937756758,-1.1164406837054655
1.2378115053778365,17.669785404403537,32.90004696770737,0.5490275303614135,0.2236094368905145
-1.2902610167305848,9.370996531705332,15.169595277194865,-1.2432379191073981,-0.16824595951862623
-0.23863958351156248,12.180464355517293,23.550317201007513,0.09763207318249272,0.3210622700642183
-0.22932572292782094,13.907030088937166,35.79387080402508,1.004084649381891,1.4784855263611483
0.19357221010100728,15.41209735024933,31.249562369661422,-0.4248412729266707,1.0546189990304018
0.4622721693709488,14.293696482815484,24.56994070848134,-0.13131961034051595,0.31582905881696005
2.606727132603036,19.92376173579413,36.532143707373,1.988998204219018,-0.30805844040250285
-0.8911842063026787,11.416882920551231,22.480713720761894,0.5858929651183196,-0.12151807661109829
1.3084020166751427,16.65684559328759,31.29259124134944,1.1466789962730084,0.12869445763789242
1.8442618571608047,19.39858417537397,41.32357762538666,1.055668457537761,0.7230782195942582
0.050241362147923435,12.576383280763864,22.033898739366272,-0.03896615602330848,-0.5205502143947348
2.915390114732289,17.710685909925164,33.740103718310166,1.411738267894751,-0.7971394923691922
1.000490344208325,16.25643858628365,30.379341555298762,1.255718294120258,-0.2254702659383707
0.6083125927093718,11.642228094778226,23.734305172814956,0.5049744660095129,-0.33559304194961453
0.6115360467431411,10.958987953440484,15.913840486007972,-0.8125436540265295,-1.0664102588699567
-1.6271592852196846,11.319963143605827,22.19133758759111,-0.35665863349665666,0.03059524057440999
0.9116814079071486,14.615027884680925,28.948838915088412,1.4794758757718278,-1.4298448880091523
1.550333007329192,13.120502157992748,30.34504739644416,2.0309870973134885,-0.3643001070482169
-0.644314272098296,11.348925592237304,20.05258113196141,-1.04087929265383,-0.8185327318408518
-2.290962099646563,7.853683226474994,23.621914172418663,0.045500554762554955,1.2331329439890288
-1.4053533437365222,7.5719652628762315,15.406293472738328,-2.5410289286398275,0.32119474995258
-0.2277415823562413,10.114463587273514,17.21850271484481,1.1703128053325793,-2.363032928370355
-0.2000846021082944,13.979740932763402,27.7787944275454,0.33974970164649737,0.29201791615975237
1.2294355168252906,12.625080643652579,22.43714828189896,0.25182145963225766,-1.1156550667874225
-0.2061189661946672,15.630486172364368,26.668706790320453,-0.5342839322836584,0.4374745567575115
0.1538597757653079,13.734151877682969,17.467292210995332,-0.35950709407471165,-1.0523439255642129
0.15531830719260006,11.375291213210579,19.48881979139997,-0.1933175751991787,-0.5705024238822068
0.884500205141337,13.068585655868677,29.363871657887177,0.2756925744161078,0.656661245743837
-0.24332030931248882,11.029170853028015,14.707589718934056,-0.9497626298032795,-0.9747995700122052
0.059190562146168996,10.381615805752453,14.390915136564809,-0.1495263238290293,-0.35957716650513327
-2.4375966936349336,6.273655297017,5.294807306609049,-1.6754250546218141,-0.6301945764037604
-0.27210214507215713,11.872847105612834,22.99622552967108,-2.088177884488187,0.7611373962729986
0.40177565620794353,11.178543712756255,21.97777325522536,-0.3324171862688972,-0.3349426449135542
-0.1868399543368956,8.82851090288041,10.182034999253991,-1.3646208227903367,-1.1203289601571342
0.5900724474559242,11.841519281102077,28.46881283891077,0.45911460587999114,0.7423406940286581
-2.0414702723921168,8.470383934072007,17.66970227681813,-1.275639485828497,0.9376544643405594
0.44517316376826666,12.996134677672606,28.124832180994513,-0.17589332225785112,0.10156987256921719
-0.47679928758365064,7.520549687990902,13.823123708742315,-1.2737078840864156,-0.2642241817444176
1.2618143854543393,13.921506362329135,26.59023126862466,0.7651924336254123,-1.3563254810573406
1.7560543291868402,20.53876598041955,42.86692999538519,1.0088976874923872,1.0084129623500164
1.1414259284279042,11.238946058550765,14.877980802110837,-1.048070708311406,-1.1617387155928183
0.9852523963490452,10.167073938282819,19.25126430725409,-0.34036689802234404,-0.5634179353971009
1.1013564810867393,12.91913792039098,26.83864357400198,-1.3365655052603664,0.9751024164307732
0.9005903043877475,14.819564309014954,22.896795479155845,-0.6929173377175782,-0.8710878613720631
0.5004586677570966,11.828957247397879,16.824319607343416,-0.2769602497922613,-0.4727130260337321
0.2979085869378497,10.884932266679307,16.190326955680742,0.9487677252246903,-2.216791457468989
0.4413448440056126,14.586430766173248,28.507113378973575,-0.1621992815993884,1.1955266275431717
0.3244729576005485,14.90568322262146,31.800488000931157,0.13301753150093784,0.675237564716019
0.3158335720740588,14.867809086640882,33.24552496475801,1.2746769196643666,0.4565276332703289
-0.8948491023250255,10.90486738132841,19.305857415243,-1.854492662807425,0.8334955420965339
2.4030867815027435,16.342454457593245,30.24538117221939,0.5961231406604917,0.9057010548114921
-0.5091164390917859,10.996296064469282,18.030515623221923,-0.23364922098890453,-0.9621178468468715
-0.35639678359342264,13.539382225579132,30.79788237650706,0.11794900749641153,1.4079280391792774
1.197787216317462,16.18529577416289,37.36619646216839,0.5477503550276955,1.3861974663813
1.171969332005802,10.99853879362898,12.446372189231026,-0.5968472120847353,-1.4180804538441238
-0.408483632275143,12.85313547584977,23.516469688253157,0.811893612282553,-0.1626813063582525
0.160581945161143,15.444034983230694,21.193251981983124,-2.408810644709417,0.4293147316274223
-0.40935121032379085,10.785073467138242,19.672555507650117,-0.730866069740275,-0.5161378651406519
1.6301930385479595,15.879882308600102,31.253773169676414,0.37608976058779936,0.1530790494526426
0.9812470400356961,14.452901890943666,26.159020174421634,-0.19254041459015428,-0.20447684783151182
1.5760243028953618,15.052941118067734,23.457900253739897,0.5736292160504796,-0.5159426768777791
-0.5501772446349392,10.561798988019964,25.342506638089816,-0.09007413359335621,-0.1753378946224918
1.3834968430045758,16.719528044752003,43.23235633313622,-0.6588719033907623,3.4868501815781445
1.8570537064401917,17.35424826740409,36.79093429310694,0.5693639326759838,1.229893557742636
1.0335234524301617,18.84197245520436,34.72536206261138,-0.31852641741701365,1.7132678134818848
-0.40599259620597555,12.221641951250273,23.76374045199049,-1.1285821326749947,0.726620247164652
0.2650246154283605,12.141621961820467,20.685561329684013,-0.01724812823369046,-1.0386051251978399
-0.275300302091228,10.588168586213076,23.17386599916469,-0.04405852251075218,0.645226126584005
-0.3206759201439422,12.582852149366914,18.58919460976296,1.081921628598201,-1.3480278137236137
-1.6669996328595187,5.480207919377623,8.01845188489398,-1.3538448858010952,-0.40349556634993344
0.21806354170878103,12.032092253804011,25.957774726995947,-0.26375577268641404,-0.39822297229585246
0.6690675785180505,14.762137139052093,29.25372526060468,0.589891620854768,-0.24467309855710845
0.022315296608913848,9.98915531192876,14.785957076697775,-1.0577461390218919,-1.219235313855056
-0.1939755464805505,9.950559223455581,16.687334461365133,-1.3274620184914756,0.04462807664185685
-1.8871541410550194,12.192992533502299,27.51452912808974,0.9231316365873024,0.3892785492291697
3.2832051532918403,18.9425009110104,29.52908512284259,1.6378520039864135,-0.720715983450177
1.0577619819427169,14.063592160533794,21.867523114595272,0.22208549897725313,-0.3465972016199089
-0.4076303864596706,16.13891168855924,39.16725940520829,0.6983162512876915,2.3623852536276626
0.009085620890494084,9.4934373019717,13.842772707429008,-0.64162308796437,-1.4653076735142916
0.542009034002703,12.171137155608886,21.35329304564023,1.2008110280734197,-0.8649323290023113
1.08634853721165,15.134280150308953,36.5893314410375,0.3083578872581693,1.2911025674695027
-0.868236412482131,13.183305500661719,29.254728905026433,0.8921327698793993,1.0868057078733118
-1.1252547477375772,10.142886643479557,18.879354058854627,-0.7109962934749428,0.06356078679755102
1.3837613152264194,12.699385371403906,25.35857564710713,1.0725979768929161,-0.3960969243930201
1.183230163201019,12.85999184764648,20.94125106876391,1.262605218792623,-1.5410342000763035
1.220974572002011,13.376062962535757,26.18729744725698,-0.20761608570315465,-0.22996843584824922
-2.061639854833832,6.1380946716560025,6.274677363573652,-2.1333951532898054,-0.6700507974158997
0.4184279239622234,12.535030438602794,19.813019829466676,-0.6727305063226587,0.5594460499316924
-0.153947260072028,12.881233257524656,27.376961117583704,-0.3693903294282123,0.6065053596620769
-0.2846113119175224,11.319302977496863,26.128795049197482,-0.14897761916851399,1.5706710360053884
-1.9441157740892654,4.471978279743358,2.5948930457664714,-1.6152048908765353,-1.45272103665835
1.854954397081532,14.115727727507094,27.120780993360526,1.1505141386983575,-0.09918183927458264
1.217087138844629,19.068489259914017,37.23124005370968,-0.57135770265875,1.996856995037232
1.3724183146062092,12.999554449652823,25.889474982464698,1.0409890191721007,-1.6717252567496257
2.954209362476882,21.365569177345108,38.75313657423099,0.8873768673617344,1.4850550128177755
-1.3491216121458633,6.350934825983725,7.380774465174653,-1.614239352377225,-1.3534787131379373
0.6356664381436903,11.449979951672056,15.375022737310424,-0.17390034283690387,-0.9364569783259398
1.2520768386913004,14.099175002676464,25.936667337731574,-0.43561403615044675,-0.4077199156507332
1.5927813739341388,17.202934230336844,32.57071268289466,1.1652126741589786,-1.0029431343291013
-0.1099052711418147,17.34947270759866,41.73081045218516,1.9878965436820215,2.190981101679837
0.833502194655298,10.866432056079951,17.462905370664014,-1.014118651026136,-0.46075603828369305
0.2602077854651147,9.180043253602133,21.307927739181057,0.6526597905907694,-0.008102596031545808
-1.4871902826674466,10.974456410945034,23.780302933246404,-0.7911658735249484,1.5094979379234195
0.4040391299325097,12.98392346040891,25.551683574771022,-0.28721520130779926,-0.06041065173325227
1.1828963285637564,18.329964203090423,33.87562025520133,0.6252961487002915,0.7247030298244576
-0.5768460355741145,8.12470835955596,15.743327726463754,-0.00673176660534652,-1.0231666313720138
-0.0508713408325967,12.811009923170165,24.063098525655427,1.0271296652613622,0.9940713514884746
-0.7683131520564643,11.277388168447631,21.533261052428397,-1.0414365370989849,1.0863941610321957
-1.699989355336184,9.727884776107768,16.27046318640298,0.2348092161754345,-0.7315210801782736
0.04483013212037135,13.83126339579224,26.706589620729034,-0.5628552550994526,0.9975111703895759
-0.27879258816645,13.176299044144072,28.061133399626474,0.02817619148688833,0.2644376643142645
-0.9369765807558259,9.042674326687134,14.748208075412702,-2.4891324931694485,1.5539717427029547
0.26826509171835344,12.04070061687987,23.191317413977163,-0.38082801946266504,0.877816812240962
1.659976961861359,14.548050218596513,22.567812031660324,-0.03198792401542147,0.17688878609283168
-0.45047687980476847,9.951326705075875,19.482869471878068,0.21484581892347293,-0.9948823051394439
-0.9446637885928082,15.026532878858347,31.562363941066504,0.3968534864799583,0.7926949207812272
-2.81289873847179,9.700152925708224,23.45787173551996,-0.24250773452953234,1.4648351350644655
-1.6356762371656717,9.155530900100992,13.996635009764029,-0.5129135561588911,0.18978224587318315
-2.06386051848136,8.278187044331757,14.97136816021065,-2.141613462528859,0.7804303123158564
1.9380715786125444,16.987523463665273,33.93818647207452,0.5780739237487158,1.3505094852798478
-1.650676099842604,10.264155855525114,14.482156236476282,-1.3075201366608573,-0.5965445111612491
0.7547285752368015,15.90490086322202,35.423808569303326,1.0383278248919956,1.4068182540027527
0.9757758485228235,16.282059524064536,28.060441495598397,1.2743807910660185,-0.29046476491582396
-0.7039847945281926,8.519015879054962,13.75359531324111,-0.45043591201459526,-0.7657860362901121
-1.0388086249178414,10.739492340113978,29.460604553367567,-0.1992544719825644,0.641973914484528
1.762919307086959,15.123770658899561,31.61117547282219,-0.3323014781048912,0.5698237675746594
0.1397272983057293,11.934030277691004,29.445975613477053,0.24510449148760113,0.8945885608067289
0.18728794432988202,10.352136959690814,20.287042301623618,-0.3376145708018152,-0.10709999106004611
0.3860497427366568,11.842196541409455,24.001321728024287,0.5288433857736116,-0.1789949560196758
0.7589150158517466,11.821108230322402,17.070199382312452,0.8635127292199705,-2.13294092631733
0.8692866038446349,16.43577921794624,32.78120970008997,0.5772823456272937,0.9308345184208046
0.04109820559316396,11.449415749435715,24.204894843019673,0.3038631067249676,-0.10816827626416813
-0.4954530201668087,10.54999775675805,18.03827427784436,-0.7501098785223448,-0.4471151896564282
-1.3384145586246035,8.1202093421899,12.523983653087653,-1.3227936050611384,-0.6047154132552229
-0.1678095617450333,12.18312758942789,26.82886739081535,0.44502230527860437,0.25353540015467285
-0.7083342514098973,11.211560897304008,19.709063576458988,-0.23560468498108986,-1.0746896303963227
-0.8475233618866528,11.893360164836661,21.381532404234687,0.1937004967199661,0.6060147749256536
0.7057130040789675,8.397386431775123,15.250312568232157,-1.142229750394944,-1.168594363897763
-1.5643776804606464,9.000216131676185,18.108717403083876,-1.3290240664562223,0.5371106838396439
-1.5691035535664755,11.17885882543793,22.080520642846835,-1.1428354555680673,1.3929409144068552
1.0480222045257743,16.06178022138387,28.81740065459404,-0.5341903099697216,1.6889236514471357
0.9829795150832926,14.183838089838977,22.6734515716891,0.9157796564488049,-0.8063113393213769
0.2706021913256582,12.521394525199595,28.665548534823444,1.7916303234280695,0.4617258549941819
-1.1717073623616234,9.399017900437558,20.39288653988857,-0.8810773159650737,0.9157560438283443
-2.068636129428202,6.243339944700457,10.409026414412182,-2.3367879466701216,1.0798477414527614
-1.7483141693783206,7.13182965970087,12.196678938789296,-0.6373912558010056,-1.4333465387830755
-1.3278931236481368,12.145195356648665,27.510908733090293,-0.9934061272433037,0.8390530015350197
-0.23213662750220354,9.863441867483107,20.4084057690945,-0.08845653536816031,-0.249160269340852
0.5870836723551275,12.001942550578912,22.951423803906625,0.6692358966174268,-1.9351599542580777
-0.31674964057315347,11.8965238763435,20.85978244508528,0.3471217792591128,0.015721362715996688
-0.6846099749482213,7.4733535981635075,18.296749128545063,0.7711528226187033,-0.5262150049706955
1.48395830572424,16.92927164378466,33.254125487408274,0.8438670892146561,0.2537740515868578
-0.21314699465238582,10.85529812482933,21.781664022278818,-0.6120033334111279,0.362456555104046
0.9982545224951993,12.36722975015283,22.216347536565497,0.6043614585816091,-0.8546314763181747
0.2550654349609221,9.413533383083017,20.49872422390104,-0.6103916881244721,0.13140859898219778
0.926371347607482,15.562457275396643,33.954511434129486,-0.22270504595292093,2.800272327094847
-0.3305440606081397,9.45883443421765,11.403321882932294,0.162440553140405,-2.54090130196833
0.19891176787260556,13.796572894816483,34.95587771777186,1.2288923555158613,0.4186288782299607
0.7688197944236459,17.59666378097092,37.27626919459121,0.4969694153506641,1.0637032670959592
1.4731141648077841,16.669192370620433,34.83902695010295,0.5948467738238544,1.4235524039967244
1.4307414549154065,19.378139305005522,43.94332600888059,3.146402852283628,0.6565161450942526
2.044296490709774,16.696823774227536,31.41501580108507,1.8338029852748159,0.6546605280570776
0.18163356856389756,14.792990298923648,31.481843281753605,0.9859007855169211,-0.018506711171714166
0.9950817329696886,13.21149034792298,21.727063390065926,-0.29164998834902395,0.10813551707491986
-1.4836764859181917,10.729439739933449,21.379913868191256,0.49138446826758087,0.0913395944380636
1.0018196943078936,14.255199334147658,29.494337435958517,0.8300897686029172,0.6184037111113511
1.144048321970452,15.908571452872156,34.93816682034553,-0.15619758680266524,0.8243255133313842
-0.8685943189351069,12.661870280385132,29.51016821823971,0.21945221605279605,0.32307100040626363
-0.33826943913783986,13.724416799129596,26.79262206500237,0.2806204887114495,0.7761245379408414
-1.5669670839018002,8.798952585910799,19.50084457507849,-0.179760853755332,0.36788694083041795
1.6858424554526605,13.13578673304419,23.973090595911668,1.1534885444642546,-2.679280068510743
0.04258777818023679,13.452837123569422,24.151387267238576,0.3213869314403578,0.18119118689849198
1.3286346225945374,13.152516848494406,22.32545783369123,1.267399376384143,-1.4708127711388848
0.08991268348082598,8.567850992050126,11.566952653897854,0.8683017489826009,-2.4257344642481873
-1.0453228128218095,7.988167058841154,12.30264429995817,-0.3209741861423773,-1.3455161726286542
1.6647491070186005,13.670888325611918,22.22276849568805,-0.6723327871923812,0.7102737446949888
-1.625074690639968,10.774948988289083,18.246196068555562,-0.8838823662399069,0.5707476489642106
-0.5285494315210701,10.06300429813576,19.313349255301464,0.27019212136040044,-0.8859544990055784
-0.21184152630302805,15.653272967919683,35.33202346716047,0.5327750336275964,1.2483261355380897
-0.8357953023637777,11.618484407514492,23.608671599232324,0.7630467693429671,-0.05455121322932043
-0.5581866722391684,9.01001933118436,17.32391853068328,-0.7194082461089145,-0.29461604869246666
-0.8362123509444386,12.780077447094262,26.223334097594986,0.7346797061746243,0.5233535886241002
-0.21917473147983016,13.381403477153198,25.202453955159534,-0.45852040529280624,0.07554632933945563
-0.44672547744183233,9.828759213349349,19.47231586357747,0.27433517319470524,-0.21783079466847222
-0.10185745859314926,9.342591734854507,18.037831589247293,-0.7556534237199356,-1.3030925191026996
-0.7549848085178644,10.246218051838238,28.904995788797706,1.3349336040257973,0.8447485525816163
1.6971899965151955,12.965452251649229,13.053053648198258,-0.9978502844693549,-1.552303586892723
2.2223407329070817,15.493511267131034,28.820873780637786,0.4727180849729165,-0.6673054838514977
-0.2984871799280416,12.529243642102594,26.91760392006608,0.6245964625832902,0.632024171778142
-0.4009032432696499,14.740787939156174,27.827343457290333,1.3506690900577676,-0.5277054074083241
1.037033543893235,18.190174637325462,41.87301166945344,2.603200410858668,0.9021131093271209
0.5398155464150096,10.308664540146506,7.203818688533007,-2.5982683068289925,-1.8312448606855993
2.81267504890297,18.51457860666875,38.72947757202602,1.6959340590161245,0.4920407227880656
1.250868913509498,12.037409370910076,14.105991389046629,-1.0381865940795403,-1.8916287575991242
-0.06873712591662817,11.724140830835664,17.18637824566988,-0.5625308785249428,0.26807589163812345
-1.0964244225927084,10.514635336332484,17.839946175849047,-1.0331308970486632,-0.029657044550080003
1.1982473988478568,13.375848384672183,18.13798734950969,0.1503631982535082,-1.103873199167048
0.8833776107287937,10.442696733974353,21.506174236494218,-0.8627090164656073,0.7046571559494264
-1.483046240122423,9.698282971502316,20.614474085604424,-1.1504540619210832,1.291464749158102
-1.375255918076474,6.529211041256504,7.57458056013475,0.26719837980348843,-1.896710813141611
0.4246629995661918,15.90087575185434,34.1296018514371,2.268984703983638,-0.9845715531408049
-1.4181365083978716,12.434218786516421,26.342910023170166,0.6625309091399405,0.1449582446088377
-0.48859582197965823,14.001040785074267,23.949934504541154,-0.4986131259706218,0.38798568852371157
-1.9426145820870513,5.3839302211548,10.424339498957655,-2.555982976437155,0.420907264693249
-0.610998682145921,10.939704867668093,17.3667697747792,0.11311252320167932,-0.6392787575036719
1.2148289209666983,15.243077692664325,35.986691411971066,1.6618297255732346,0.31297165478775146
0.6540576125125208,11.601858013097017,19.858633292389527,0.03444979721944787,-0.35319541941503313
0.6845497812361904,11.573670976566563,17.8014213353296,-0.9476051317837363,-0.12297584669946382
2.5232127371477073,15.66466310248659,26.822551179259015,2.01132887409535,-0.6089381921506095
1.0033484559610941,13.834119359679832,28.784458832450355,1.2110064890833427,-0.012503228312740216
1.3627826358927584,14.926151005572931,25.04879543900406,0.2085627740237786,-1.8417881715380535
0.8108679379097319,15.38114335716201,29.706776943127384,0.9156633117043256,0.6260601473805292
-1.590520578487485,9.303664468341651,23.44182121732474,-0.8193019204750325,0.6527719409838267
-1.6317544931499497,9.190446417043638,18.007015302951498,-1.1126296973512286,-1.3424780568492714
-1.5656635188367627,7.518125903739766,15.338593051348179,-0.524018320454428,-0.40037840732014657
1.3380284640093194,16.07214538678982,33.88412395435254,1.0492303474871472,-0.43362865900264264
0.42819662370820993,16.580805487963787,35.819665756864296,-0.5354283925066667,1.7004242957286038
1.0252445133413266,15.540807930302487,37.52547815927663,0.5076285856104575,1.7742045189053308
-0.11420918218843235,12.77507261817117,24.716064088249723,1.5423077558628873,0.06082050086249114
0.19851919082403816,10.019817212181415,20.05247389203774,0.680459332375316,0.32921116027553476
0.7090201517592903,15.42825097530941,31.967391033821954,1.8638880361894024,0.19139961785778756
1.408844389548075,13.641939954064016,31.478978081811285,0.5915192407283385,0.15787013961489765
0.9279806033216971,14.955236106061657,30.768585969387598,0.6199850561175504,0.21489454430072977
0.37161019891765623,12.581146348720152,22.646798883546627,0.10077572217414488,-0.2725710963784779
-2.97165273339018,7.837107775460801,14.480602124447124,-1.6093199719378406,-0.4554953370949893
0.7134550185584021,15.247837667076645,22.882400964607783,-0.5524939214527065,-0.21763706927164964
-1.491730287286416,7.760953132296898,16.564784602578612,-1.6936819981301128,0.8368111554767909
-1.5914031164080926,6.28404589974895,9.942980374959948,-0.8035046433964814,-1.2363291562634424
-0.5947152178636615,10.975209701997304,23.461894882942847,-1.5241852148350217,-1.1656187017456139
0.27045584333027467,8.791866645083863,10.85907306403497,0.474594667120582,-1.916071662955344
0.4184820274481707,13.411498133390708,22.353983478220336,0.40523319398626045,-0.6372371767857656
0.505415163218611,11.563596059231081,21.56224870052058,-1.855626325686622,0.986229339679207
0.6015192468519497,15.09399971924418,35.952028423592296,1.4818448974604412,0.9191308846508912
2.3059340390830387,18.20037121831253,39.32750428672013,1.049109387316532,0.9177200609717071
0.5756168772490119,14.777530695594553,27.114207255528864,0.3382952328722211,0.09136574732298425
-1.257806345699326,8.989257522022001,18.541171506635404,-0.999994741312163,0.4443175191604348
1.8971451586020383,15.287813718214776,29.731111240029026,0.9564739861785796,-0.16640172565265582
-0.2593431422261995,10.388244061013461,24.222797514455984,1.4863427122504949,-1.199840183234204
-0.35604706954817245,7.674355774681973,5.6715836744670645,-0.7333244277061901,-1.8034903932256543
-0.22579055889645389,10.67784072655167,18.275719483759833,0.541839865112932,-0.8467463024969738
2.910938518468596,14.374592661859843,23.720495748804023,1.928487602030129,-1.32311622746301
-0.27878132250919996,10.299536472895202,21.316700713556806,0.8052895162910427,0.4308154870735665
0.633983349613944,11.929547093932586,17.483684369595522,0.48056706963271134,0.3832636714926406
0.09002033314125056,12.751137738460681,23.322478838974504,0.1246922395455557,-0.2313181500459751
-0.6399923344238739,10.736669747398977,25.295171821687315,-0.431212373255661,1.396364921364902
-1.0379146686248972,8.958643065141008,14.984454815292557,0.6688327898918315,-1.3261894963618133
2.64728070453224,20.181917713244324,44.6197858424743,2.396467039428069,0.28327342246257786
-0.2893018522762708,10.75986535175522,15.092082800005928,-0.17910467608307784,-1.175154289970901
-1.0504290798185614,9.201302705564327,20.703685582870015,-0.6134562558863816,-0.544726571065032
-0.26076368453883947,10.042058269231864,16.931578640610752,-1.8770141464837342,-0.03171721382085281
0.39932329793032734,13.517618441672324,26.192731546976102,-0.5968350202657634,0.7330160214778164
-0.6345696228787905,13.799800646567341,27.046640642753427,-0.18025050357665257,1.1128629645502197
1.2346926933145717,13.780677928701232,30.708662729279155,1.0180402496977377,0.30140631116412964
-0.8275846420810615,7.93748782281572,11.820140032609213,-0.5271882386921303,-1.2389421996411427
0.6770765658013366,13.115009886953318,26.862293338723898,2.146917639858121,0.6542571417211229
-2.7812245599808154,8.86325303973182,13.630295892219772,-2.3906036105568353,0.7200622880819367
0.5634417488706704,11.323165115036852,26.048410881816157,0.09571145109650382,0.6377220569060542
-0.7945044970305186,9.219606061680299,13.07124508437063,-0.5323270175269712,-1.9906608744821936
-0.31154141418342784,10.991757421194807,17.738376683633927,-1.7770478221948767,-0.3233874303429233
1.3508499491504042,14.265676450988282,26.83839813835906,1.1691556326857697,-1.9932259457799226
0.7209536382170307,14.443855154709716,31.715205091705037,-0.30156503188520184,1.020696919401221
-0.01737997880532155,11.079252262200628,22.287128511996734,-0.31343843911306957,0.6799663890109994
-0.26153363867160706,12.332637604734812,22.71897429260836,-0.7408665832855389,1.4417270909454394
0.6958606255082493,17.438400970452317,39.02050803755031,1.8047950227434533,0.746249587841432
-0.22632129438689352,14.409499091947763,30.667980925909387,1.991645997144872,0.2796943867182305
0.6276397694956557,14.39763108844741,25.143859004593097,-0.5859764759759174,1.8390988556077832
0.7319035437989279,12.464508573280213,20.896573696353457,-0.41801305996527804,0.11519877063332108
-0.022680070072980493,8.713866748051084,14.458579727800482,-0.22955526904248394,-0.36066023501255406
0.2205962288927809,12.03446363785167,25.051020868675142,-0.4140423041703231,2.0432625862352998
-1.1731217944524723,7.440057493032626,12.18848417639178,-1.068185834208013,-0.42542820672723214
-1.8763040841481216,11.988782391510169,27.28696749038553,-1.2810820050468248,2.4559541397191365
0.48053646551536244,13.428145932489949,23.272655589381166,-0.883333425865842,0.1363326738500352
-1.1422933254385532,10.467897907411333,19.08788612713736,-0.5276994476410907,0.7933382426536275
0.5195573238971567,13.120474476053497,27.68584947262366,-0.817068160565571,1.3127452825694759
-0.49717287356145995,11.834234353704764,24.042970041329937,0.06639744864290706,0.5593496971156071
0.34759535987179935,10.403044088264341,16.53319098400342,-0.25097019367460893,-0.49964778881930444
-0.4805543071211176,14.558618883711969,30.369585870862867,0.12770234730998528,0.782673045411746
1.6697810221592304,18.496736691105,36.89708868970123,0.4360015107874551,0.599623955214031
-1.7934097036913292,7.225042263282546,14.384606732863045,-1.1103694651789917,-0.2918850962069781
-1.0909735265974345,11.960149503287392,24.29295419439227,-0.12183154220346633,0.39788666631930186
-1.3169685827477013,10.499767372656247,26.631075018222006,-0.5794037073775801,0.8132411468430524
-0.23679184989822483,14.47430519737162,26.791207990269758,-0.8687546597860826,0.7359059353593249
1.3159271925878153,16.63349578592979,31.787740585951425,1.1622816660452937,0.37962260412338167
-1.805335460547006,7.597201912643515,17.996272114688093,-0.5737074685547875,1.3673597571399743
1.309824415484902,11.400138637912631,20.67271289292529,-0.9046900839173764,-0.7010623312544071
0.2317025342548209,9.508186217283455,12.706237099815691,-1.7439982740873101,-1.0442444254275236
0.9797638000463489,13.162580028536336,20.333842700853413,-0.7938258269268342,-0.38182945529562773
0.7468398685158593,14.86099952793542,32.52755090058722,2.037384291128194,0.725884978743582
0.41078686571586953,16.252906205008884,41.24212716979118,1.0693354732955977,2.222066696167762
-0.27170950082492834,15.19783921890774,24.26730742501818,0.24505684190118568,1.0902230610483403
0.7625420638950116,12.63333268376563,22.807325429790218,-0.24146436742519048,-0.09404295453808097
0.15780125234395004,10.970434183512376,23.621396960493772,-1.6196858222835258,-0.2251684291628222
-0.7599346461743383,11.926591286439468,24.202935106758495,-0.9935728802609592,1.8485668119289553
1.4811451809858662,13.667085150069097,29.659629947845595,-0.14934040726221276,-0.05893067432758808
-0.39296351032553245,11.551491483747073,23.248627952485254,-1.022578491854663,0.993274587865479
0.640054779505133,16.452388526001645,34.940178758669894,2.7821712130491294,0.4918843711431577
0.2268904513414432,13.484986693575102,25.97344489727106,0.9026841754416136,-0.4966071390039156
0.0538261559056078,13.622176500270465,28.998482984980484,1.2452085698526898,0.19415655926269584
-1.7059647653725025,13.104952657023444,33.049532473776274,-0.12548397908969686,1.844889080476777
-1.4375743808959058,11.579373907605625,24.510087704903427,0.387354385698631,-0.05548206125011468
-0.32947126365663404,13.880511549698667,29.348942434283554,1.202200222775606,0.9442756941409624
-0.3880440633559975,12.057542526669915,27.23380285126072,1.1931386870711778,0.6366028266369637
-2.071223565070554,7.061578630400898,13.881161182145872,-1.2625318018934497,0.43687379086947475
0.4292101055804456,17.44293780986015,33.65913941335869,0.2740692356095336,1.0049140538247519
-0.7521453294011697,9.681288738909341,15.588694240526808,-1.1400720562328437,-0.5269136996078969
1.8268072365499683,13.718940575582284,23.57410183346846,-0.4312700295418041,0.6181519910587248
2.472570970175114,17.447032816715385,30.911406867984617,0.24771064011910005,-0.3353726386836281
-1.028360101474861,7.392306317137598,14.65851688963355,-0.42396605054771175,-1.119753322159937
0.2542966804310377,14.930778203477898,36.29903760070214,1.7520784199733692,0.5439669745992831
-2.1026245505267216,8.193216828445962,11.88272015454556,-1.0204020399312916,-0.6907946153626989
-0.3457288454047872,9.611448287481405,16.32869719840189,-0.517355738850148,0.1484916165950219
-0.7843220660412508,12.115442312214174,25.77249728559416,1.2717337229539858,0.6822900422234073
-1.1678091304274771,9.265698212310403,14.480439916160389,-1.4807754139357145,-1.0656953764031851
1.0326892359744482,14.590028446299044,33.06008470648773,0.3187382549333101,0.9104785938589367
-1.2227957003956569,11.565646919844422,31.570848716267804,0.43231047267846867,1.2805376535184774
0.027204084047251997,12.877526551643767,31.946750022517396,-0.5148205269509155,1.6659263258339068
0.9517278583631452,16.43191186668857,37.54431312522354,1.3120067906088513,0.5912255881358011
0.0964357742102045,9.99580220856226,19.30449468928456,-0.21762024412478642,-0.5540155642145936
0.5342099084368296,13.557288224846967,29.22808607713264,2.02395745712355,-0.8757884253260891
1.627997966669449,18.017884015257913,34.50590643893181,1.7041223106362484,0.1440231432753264
-0.1905151375313297,13.588781061017114,28.954669754170027,0.45445182664358785,2.0393025805282674
0.7895412141282612,12.184737242138697,23.197347255331945,0.762782915420298,-0.07071388166373353
-1.4076730806324584,6.4095561055106405,13.942861853357286,-0.40401566128504207,-0.7665763817268704
0.8183292806787599,11.256729259378567,23.643547118675738,0.42029801455776106,-0.3071321237330121
0.15598315608091168,11.115510075144618,26.058604244159497,1.0660005024094525,0.9558317150657393
0.4080775799264089,14.827769165352443,29.711646348829102,-1.0035725004642815,1.5741281088098102
0.1945466943215573,14.780712436291033,31.915697683153702,-0.36608668354300156,0.5247290871236429
-0.11790072007221775,11.053795712438895,14.404607055868675,0.8800922542218993,-1.241024729896177
-1.2757720724797876,8.087092663532022,13.229513531696762,-1.9171601596451124,-0.3663884857570397
-0.6148037207358401,9.76016917791577,13.062597665486063,-0.5696788755286704,-0.4072299233279157
1.292426527679055,11.469709067081176,18.654816918003483,0.4748182587515047,-1.1859045120810492
0.32774168544302573,11.630919121642489,24.507563244020393,-0.9005297286599172,0.8056832138486687
-0.23634547204585266,14.166685670314703,33.90243612987522,0.8170812250768316,1.1130454809891106
-0.662659982894267,9.266405800637354,14.224590107232041,0.0786136990119074,-1.9198023843602425
0.46004945742511794,12.175422225775161,19.956115379754984,0.7640209753809731,-0.8833747129806978
-2.105810346656891,7.360901730805379,13.752632321865766,-0.6427492093744779,-0.2802053495520912
3.0642680129176316,16.459040754463583,31.53264422699107,0.7598490135520227,-0.5356347175950772
-1.607227362906173,11.38032468599815,15.569899382829451,-1.1891868309786935,0.5700472246788125
-0.7782331506155491,10.43610005529283,23.986565766719398,0.5098043780352453,-0.13578668929956605
0.5944161381999211,17.904301967967612,32.70299781804095,-1.2831913028013124,2.020919198703988
-0.4991019083816858,12.059143051244515,18.732810363889023,0.348517581372667,-0.7928004021259921
-2.181209755999573,10.836505253768886,23.704041628656817,-1.7177215199411222,2.297004843325659
-0.17728748165970226,11.76919489841233,22.463077423019385,0.12871231416600062,0.18827353520595771
-0.6581698285156472,13.392623110355174,25.706662029951477,0.02783311325692899,-0.23585946073185426
0.6300199665521365,12.590033147007253,24.87874242129627,1.0071921981397691,-0.5683688487468285
1.7886674771888784,17.681687870828114,37.965554905595056,1.046143773428014,1.5420460276332866
-0.580975439450688,12.119113461977568,25.39448481278322,1.51192698645952,-0.1944006385547677
0.25179681103228,9.254116683505128,12.115013834805739,-1.2321186301691613,-1.8429580764380145
-1.3391896115999506,3.961652080417071,5.543651902880778,-1.4335679204987508,-0.8339929365916962
1.358542428310768,15.681443351248253,33.62272239187237,0.6305503643613035,1.2833115124397063
0.4305052249238124,12.530921881923113,20.16529709502518,0.2194126674433443,0.36510298215067155
-1.6070666451375086,8.94387317942935,18.55369782248217,-0.6153000035539464,0.5139814759326464
0.3756962775900128,12.223905253013688,25.956507042050433,0.08324775237954109,-0.7554649786281562
-1.2973620149117253,10.62136429326501,21.31348965551416,0.21084781256071983,-0.5271709462809822
-0.5807872855466386,12.082288116560516,24.385456648744686,-0.8920959825102622,0.20219352246768085
-3.0296462253554015,-1.8845108086573248,-12.81299979756528,-3.2242804307963593,-1.722508967493115
1.2076022900892995,11.906785464520048,25.070045750049594,-0.006043729023299787,-0.7435458046730035
0.4703187368854579,11.271199895451,21.791599788031725,-1.4764056592636723,-0.6663800893732688
-0.8917588622390888,11.741478329449366,21.681806383347656,0.23465647201294768,-7.568275051133763e-06
0.5229511761287715,13.81480133175901,27.747513595872306,-0.0759134694123767,0.7998878114948792
-1.2985565153636518,12.568415213495303,24.79358072786921,-0.8826689920838721,1.489553725324978
-0.0003934377390646393,10.66826617047623,21.909900094532766,1.473044424446804,-0.4367156252862085
0.7814064790401803,14.628345339311984,27.912908411793982,0.5910609503794312,0.7475565147858106
0.5703016752503568,18.07525144198985,31.79421445926239,1.6807999554706448,-0.33785937471602506
-0.4152990261063171,12.925084978667442,28.110498354081688,-0.9204705993757666,1.448996135904659
-1.3600251241507002,8.690286915242979,15.822624663596894,-0.6464169710103982,0.9146971180884186
0.9459699271108937,13.797954383289738,26.062460142486806,1.0675759330253576,-1.345578585128476
0.813916199742786,11.649882012281383,23.906356773509827,2.0847152045337842,-0.6401149246390947
-0.3695484902204805,11.104470957289381,23.23955529920397,0.09567418036665713,-0.015479962737332332
0.07748361851582841,14.423915561010908,29.277914571080778,1.3716243221785314,-0.5408842646990413
-0.42716079050832606,11.511659235331377,22.507597433064188,0.7391475079116295,0.12083443638360718
-0.33228476626460834,14.24595440451509,32.514062337884944,0.3524713989039815,1.7249502424621421
-0.8752941873875901,11.77956440111883,31.695059833921704,0.4344662477943015,0.5059515281002447
-1.7878643862335117,9.446294671289328,16.432644266477126,-0.0645015672152116,-0.07598541387083911
-2.7473898171255042,5.93613013723378,14.339052722604524,-1.4786989879601822,0.8557037468647952
-0.9902184093964338,12.409644068717448,20.48192797684224,-1.7112061286468925,0.7344275812082821
0.8353490248366798,13.164115805296998,27.203474755394137,-0.38899982729424026,0.5678938859096123
0.3064027681874388,13.832132085799286,23.51311749232192,0.9301982613181291,0.9066413122754221
-0.025143851913867532,14.657375951417803,29.254427543360684,0.545506763809948,0.6872301925615325
0.7021101289283475,14.455425335452757,26.70734509316734,-1.2602486949241118,1.1023841557896208
1.5853547508361518,16.29835878677462,32.13552800083195,1.3780046536889423,0.10267718413035815
-0.4547987421704792,15.520514441077765,32.73024632310801,1.2300507519350914,-0.0540459123500363
1.1283723459006747,14.609269474439133,23.9267463861422,-0.21460837164393412,-0.1899618942609924
-1.3270702378865495,8.504990284992097,20.34215874479613,-1.161876096227858,-0.174884094322545
0.3604478386322582,13.773126548897313,25.571769843576163,-0.5528298820465104,-0.7675190928032009
1.3342237177714638,11.162974506719767,20.629068540985223,0.061319920032262304,0.5798979611365428
-1.7544053309360068,10.216753967453801,21.455059051558592,0.20266395042538338,-0.10194891451894288
0.35211998088912366,15.745870590200619,33.346467197455794,1.5582574887751992,1.2117775450948323
-0.8337370098078446,9.441667378433456,22.380673369658357,0.32464254940191656,0.48651119750643324
0.052741843575290215,14.012238762745074,27.38623782773587,0.3949675835171061,-0.05751925560048779
0.9327704485625915,13.597486168074148,29.488954260287557,0.17940335795607207,1.1700128349875154
0.934859541969783,15.140987971943755,30.53242827626419,0.024828880977544404,1.2177491761892119
1.3940201539980572,15.549712629276044,30.140333106849642,0.1520601796145629,0.6161508385934015
0.1399527897182531,10.031192045707265,19.11564560479113,-1.2954161199090852,1.5566042860809846
-1.9446483766205276,8.524696623313154,17.2472112222443,-0.5610003185972102,-0.20619677295426847
0.12370845371446237,9.580318522023273,15.918916416394664,-0.3288502210305631,0.39106417377680897
0.3284504262289205,10.746551679182886,23.05770306197196,-0.985810535629568,-0.04143759981368779
2.1034608825389514,16.021155134498375,26.057580950358687,1.7811885978822564,-2.334482537922039
-1.0792130713639576,13.926445662381475,24.14283312914036,-1.6811445837616548,0.5130024085886645
0.6293651936434311,11.93114572729242,23.623351319138784,-0.35683898152841115,-0.10648056083614167
-1.3287819075933436,11.227095672918875,21.63193763814476,-1.2568060829283678,-0.006824826992070894
-0.5619398769493736,10.192027839107183,15.571007195518174,-0.17864818031123705,-0.699977367949773
0.2691603854801037,12.35236295365624,26.53426439289909,0.26573589952854515,-0.134420072213261
0.6544566232039326,14.403678418623517,27.24073842888646,-0.6149309143395821,0.590048914640084
-1.435723678779113,7.450735091433353,10.390273058616268,0.083941606499642,-0.4139300839607787
-0.1665538492058367,15.199358831170988,31.196819194855436,0.5710782275710552,2.0822332004661885
-0.10798968180803976,13.610988740029827,28.32478571881102,-0.3037909315692223,1.763617175554373
1.8468731685624833,14.177798336548523,27.942991994344272,1.6759171654736604,-0.36220297023936043
0.36084190144769424,11.19965612901951,15.102548450735043,0.27660172144377276,-0.661916625839593
-2.3168934854841075,8.728354026574996,14.043709377506804,-1.9103025651940655,-0.027593079044773608
1.1818476168763183,15.472954507257533,32.34965122599964,2.0002133486584612,-0.013712138676642161
-2.149466135033941,3.9521121957401313,9.172266858678059,-0.9788328045763758,0.002540318941882893
0.2585633117642445,7.528904274330035,11.770128086507526,-2.3353228814273557,0.3274958558201751
-0.3401817708115964,11.934998151772195,19.90244539536227,1.3297583416393148,-1.2286342798244052
-0.34939485332251935,8.957190307118085,13.706359072958787,-0.7414736184664765,-1.0386242798094247
-0.9365095448385892,8.064841117844223,11.640848506630212,-0.9133666476591872,-1.3356068721723187
-0.92510839963488,11.29089718959938,14.979548105050695,-1.6012694859146837,0.33469509449569973
-2.5182185650025373,4.310300472625091,4.9147420407872335,-1.2820423600818516,-1.475059826964127
-0.5528116865701127,8.674287986744014,12.009751274034691,-1.2791275599974847,0.042229168793794236
0.46036924043863725,11.711751101175704,22.58114651876851,1.2738553305085,-1.429118410536875
1.0681772993380645,15.286059668260569,28.388542177262636,0.36591909171690845,0.9467253750308019
-0.17441015645017974,10.34569049635325,21.0090876017668,-0.30416546251604315,-0.03717455348582318
0.3290138810163767,14.579843671130975,26.66488812965355,0.6168151297225509,-0.4526949256748158
0.7084879335678864,14.943522987719051,33.77718148325814,0.751600550835395,1.9737654699951903
-0.03209613798006561,13.502521066237918,29.27385816221581,0.8969019770847042,0.7028887125594699
0.3177506701304803,11.696863492813375,24.161217758088455,0.10681435501656379,1.247233736489422
0.1880003215304706,15.004566043774556,27.021709478289903,0.6636371195088283,0.06415316021403088
-0.9688977325213207,9.480036967065262,12.418697204954125,-0.05535934869666548,-1.2448314997843342
-0.3345284698270129,13.663878784787958,33.5142373957776,0.1280514404250495,1.7659591872432823
0.4982526858535735,18.578783108784826,42.99089215818276,1.767059757378604,1.6878644430267191
-0.5847621086674416,10.937455773169242,16.863256039194813,-0.5896148527649904,-0.7659300740344934
-1.1528915903193118,10.107894448426991,21.92583268233307,-1.6567340333936718,0.749108705996577
-0.8321036061923537,9.617243070020496,12.563177216247038,-0.2332092624206401,-0.6610827146599412
1.7713330455543428,16.29978982167509,34.47510646458642,1.327801089800889,0.2063001223734299
-0.007146608572367041,13.6657171760049,28.82215753768103,0.922725306179102,0.2954019833305496
-2.6709207103343826,6.207948650692739,9.633741696531798,-1.4214344229520095,-0.223229902147389
-0.7029985152869902,9.84691104187175,19.43547398115479,1.0894970311970336,-0.7086462331038116
3.0559498831045904,18.35301446595078,37.52630276381879,-0.832579811648148,2.0885460563251907
0.5580474004614464,10.33205814025399,17.39883722054534,-0.24672568476262446,0.7356367912622745
1.2604086832266457,13.361558711466829,22.16885964572395,-0.09422923427313547,-1.3103613648695853
0.8973048948573812,11.836568820431086,28.330021825517896,0.20338968517674774,0.4771928345958464
-1.9429496971591185,11.068777748029122,24.22493602296457,0.0548042827076933,1.1330299429813628
-0.2960728906317768,10.271635195254598,20.309047324789162,-0.13189520684228687,-0.8657520736328047
-0.12341734587313857,9.879451906668988,23.12686050553328,-0.4101980097039999,0.7277727287167548
0.24568365789691315,9.826230055987457,20.657880072112963,-0.3023635204299264,0.22569288888648345
-0.21996493329285133,12.012789256242717,28.755605330382952,0.32725933997153983,0.9906400652056192
-1.0037750563338492,8.867049817787535,13.582700543263924,-1.5063686886070409,-0.05584278151253273
2.480174251557584,15.15809629280848,33.16204000081369,1.7039189526553709,-0.5913995264492585
2.771694421062014,15.441912201181934,29.51486989706935,0.23804628839256994,-1.2356886232072413
2.056340811232558,16.55439827702408,25.64140978976362,1.1156991467939885,-0.5773318577941655
0.7218451585074914,15.476015790924325,31.93236835107843,1.3435164614560193,0.30007688720211295
0.28210104675696657,12.185346946717747,15.318564013009354,-0.8010881645298483,-0.611816913512661
-0.3422031362037682,10.719238096813086,23.941816239152928,0.7221581183955783,0.13670106036990132
1.3034849060010245,12.286323436537064,23.97324892113616,-0.4840878831143697,0.5196040153510102
0.37011262128976674,14.281133880740018,28.413570998681205,1.6215241137619094,-0.24625268307412465
0.43801989287819865,10.743703831067208,21.3821836491944,-0.1472361389107063,-0.2542116167256789
1.5820119280305533,17.323624613400927,32.59416297303959,3.0766317370588365,-0.44164715990992526
-2.3511240291081084,8.153357866404924,8.880820249650633,-0.97535321375329,-0.9471128816477814
-0.25415936380409787,11.675642740937892,24.235994514832587,-1.2326340095988226,1.0685424448943084
-3.6127861181874352,5.886570701740453,8.02679707915129,-1.7099251785210308,-1.3969979966443842
-1.2956487743721894,10.95463416870651,28.553469862960384,0.5921849275134896,0.9666492633542716
-1.1439348560368086,9.296576979319912,25.500265425786445,0.1015006541839514,0.7716809042423523
0.26811587994114716,9.665791005577614,16.874825013985145,0.8263923441272415,-0.8983693559442473
0.18831036338053792,8.879017525382523,17.58114943836771,0.8752575795973594,-0.529794939194337
1.428106073983034,16.11546583699361,33.720797526194175,0.9653595632115684,0.9634040183859828
0.3166126019996375,13.307105678548258,18.832343575396425,-1.02115349799823,-0.33281507282451134
0.17747535954559168,9.813491567611736,17.117585907356226,-0.9340051098152323,-0.3118789633970708
-0.7087059946806729,12.111077176890381,29.671934632478237,-0.6491595568890228,2.1344579560711536
-1.6590953179024817,8.0832499250985,14.079253044157468,-0.022704532931098524,-0.46219654279595346
1.487849776938229,17.355010738024152,37.49237452668132,0.36346600662891465,1.2046266057933244
0.6469838860148871,13.733203274199237,27.87965773678477,0.6564038671412876,1.4684387544229947
1.17693262315502,16.417830443984677,35.094380110153345,0.5456470423728568,0.8462836710066894
1.8347718737132745,19.291237740033033,34.93048578470744,0.5810861175687989,0.7875498463739631
0.8351700031649267,12.722294276837378,20.533033512471658,0.5840890778287771,-0.862712657610948
2.676857163088582,15.31706037186355,24.68473330121246,-0.5439018659679319,-0.656863990368514
-1.894908106362858,6.398441532806389,12.57032539252552,-0.7879793218460811,-0.1596532531120701
0.1426272783771982,9.048592982191794,18.972185343680717,0.1494054579564882,-0.2690889677282571
-0.4558457909173281,11.825652898442126,20.76446395530121,-0.34540852169093134,-0.570952123235854
-0.3480608684490219,12.731288040531764,20.27305434219141,-1.1217786309775235,1.221361815749276
-1.2227906071138506,11.59934950893119,25.999182308445,1.4081812890862428,-0.06468235867263523
-0.5407510043153176,10.538355013007033,16.71538285692865,-1.7247955369097572,-0.7149590569636637
1.5426415175948098,15.020137206261706,26.779378487720447,1.373439579838025,-1.0272013198918903
-0.7406855702893607,10.174463823506608,16.45906534409165,0.4417746802936036,-1.5351911126294544
1.3325590918321475,15.153548174663316,31.018114492195952,1.0197056429038909,0.5892421958587011
-1.055182842012257,11.013280416660615,19.2971480782616,0.13988889833654045,-0.22856244289921163
-0.9732291686136296,11.789363026928779,18.93572591406358,-0.22814660624549749,-0.1365117800058368
-1.2056240490042809,6.522633678841599,15.089520923251674,-0.524612495711609,0.26019020192025005
-1.3921145632270613,8.79713899646655,19.64973241476656,-0.7842909872179015,1.1102794938608247
0.8939108833127939,14.001835942428611,22.19011317570385,-0.586997114485473,-0.6948003490867569
-0.8990295588745272,14.104252864794075,25.24623314144009,0.8003819510434151,1.2373582638516043
-0.08399808696162991,12.46807971321784,27.930239527724975,1.7966965146634808,-0.4934706824175397
-1.3482570250038926,8.195674673138067,11.73137654137775,-1.1258621909278048,0.21618031866643964
-1.5459622550457586,7.7152422175301805,18.805776736507358,-1.122384072411189,0.13786638229563186
-0.05823897053856608,14.038827392180934,30.981807020187453,0.8123143573555625,0.25400291598575125
1.6195316595580802,14.721821207019474,28.60432820866018,0.10971773467249271,0.4322278035540198
2.7113664873333865,14.107062389615173,22.072883195465163,0.32311601689542385,-0.5644197235048174
-0.2415600281932478,9.328659772386509,15.915545178756055,-0.5887729395468212,-0.1397338621633299
-0.39860882388504953,11.233076776256565,19.838725514465683,0.22712844502135318,-0.3821511866756149
1.6821206434100149,14.74827123619307,29.83661098374859,1.1161065871299234,0.06813223137671053
-0.8982585213116838,8.256364761372119,8.31311400019746,-1.3904540207156528,-1.419394174229944
0.6403692206657982,9.662604947249,15.048587037592894,-1.2833648343702273,-1.701625391386456
1.216810508351963,16.60500615602252,28.530427823786226,0.36929263893562714,-0.6007128336482525
0.7117982943659174,16.21791129255704,31.030834978951635,1.4990135235242488,0.2498923091975707
1.1511199579618037,10.669314295245961,13.359370099552885,-0.5939256797763312,-2.4062851388070317
-0.7713586530439915,6.977967271157051,11.898117738852163,-0.45768037955687063,-0.5980861356282023
-0.8320851469457984,7.332072360280135,12.684944161194885,0.00901778959151478,-0.4466739381414092
-0.6946399260093563,9.759854243391112,20.61752497337812,-0.4501181225927026,0.5963637382872031
-0.12701109549825862,11.613381558213648,17.747830399915035,-1.6890922569626863,0.21076231829051942
-1.8036772882636,6.977794513588119,8.284625182344994,-0.3528259983828857,-0.3237628606285796
0.6623624413217565,15.462604627733558,34.821847615112546,2.028167339257952,-0.16763834836767005
0.7034643163646379,15.50965250025434,27.608213969655317,-0.6087784376932558,0.9799550824990174
1.6956856317388356,15.107006763471839,36.980119063854715,2.021683715262625,-0.5355946226425355
0.8522585305014454,15.061979586955692,27.222376635208857,1.4013397099845046,-0.27314684633525677
1.9486508202523751,15.525266336377305,35.29224330381666,1.8196661701146741,0.4851289366463554
-0.23165083994995786,10.844273467001653,21.362143178657384,-0.31867079141895993,-0.0238933058952789
0.11882075384825799,13.707660711119146,31.733626646848776,0.2636503853845836,1.5792014341614313
-2.6009694614812213,6.946980609271493,16.34078831797417,-1.1152485739879248,1.5451726494321432
-1.0857029756426455,13.038665968221757,26.90384153481454,0.5941494194457967,0.4694730904428445
-0.9002475437573613,10.895458919819822,24.846700563931037,0.00021898880932745205,0.23532261558033785
-0.7938559042451101,8.942988942479403,19.350344480392067,-0.45753597303748356,-0.127859342870728
1.632326841647225,15.323105208849348,30.289457974303613,1.1515719795451593,0.22200799542398253
-0.02925044397686865,12.451386146412771,31.559469766031285,0.06680887952521987,0.5836553762426886
-0.9957897288050584,8.92685685130322,14.738041731233437,-1.6467025346279942,-0.6407068003514064
-0.8106961534536209,11.561446912812746,19.42038261730367,0.3564550041566452,-0.5625889819209168
-0.5370397761139963,11.18839674389343,19.19570328484066,0.6898954077635391,-0.42627462707733
-0.023086080655070285,11.750884837179932,23.175091445682074,-0.33542388449452076,0.6730044059464287
2.034971651095454,16.3343637014282,29.89230256240495,1.6454027111689662,0.280314574601502
-0.7371933713159018,11.694598866437993,22.8377705322689,-0.6391161367285432,0.12743615024688082
-0.14181775108041755,11.407466920666435,22.51828519543705,-0.1882705332993795,-0.31595924409713205
0.7063280764143867,9.909789478112561,11.991790710030292,-0.789124914450019,-1.3430166513762343
-2.808186672071339,7.622807962822831,17.513764580514696,0.7601911665725799,0.2021602705125939
0.8765028672284791,13.496270263464012,28.046907639584106,-0.5982453649366751,0.4840843148196515
1.5801861808196693,16.920273316489048,29.6429866097814,1.0297147808040839,-0.46035718777443074
0.12959151988778078,14.755465643814379,23.415739547537765,-0.30332532326012934,-0.02229179547572606
2.5579671412087857,15.323207260865114,33.06630817434754,1.365101764579663,0.44225165374091047
-1.7948221666533009,8.372511687928322,12.299347492838475,-1.6917041348300446,0.19755678638152946
1.7585781134620375,13.654706320511506,17.998897887560062,-0.5572093536309601,-0.8742457455305429
-0.8805692653522925,11.711106578530812,20.19841349045141,0.41230386096373267,0.054756772418670205
0.4896750731157766,16.49833446335019,32.720542412097664,1.9186572857592445,-0.005724763822389944
-1.0067495847980588,11.20917546832453,28.169056972883773,-0.22035446999219696,1.2524914552802278
-1.4292810867064625,9.02263922981861,15.97522156933242,0.00862182316116361,-0.9934359719024021
1.6492332754311063,15.384675572738782,26.77352651140587,0.24026389041329008,0.670991305359883
1.3567471199424723,10.916801430448603,20.75347404702292,-0.07730028171958385,-0.27985057876142844
1.3043807032511587,15.133336264412593,29.03610736931223,0.5253159548729379,0.24498415136200213
1.905606435999434,18.62478415704698,36.881581997151926,1.4249394476767723,0.06798987592877148
-1.3065433193450233,11.923960286869733,20.53463211892654,-0.6444692374549962,0.3782919545524609
-0.32186752461223067,11.747068311308194,27.27472287335103,-0.7971888321785408,2.4893288911651146
1.1331822488259098,13.195171105230715,22.23826600723705,0.8749626926578663,-1.6071812166972927
-0.2349497599686597,12.572160719484362,24.42932070090524,0.5386600362497441,-0.3137541843694805
0.4324397709073412,11.88063177452647,24.324887106781738,0.19635234834595727,0.14268755923011636
-0.12591346454929694,12.300870598681652,22.180149276434033,0.3167734084625998,0.4817968315354703
1.63526624242247,13.868983143005494,34.629140743415476,0.766269347387157,-0.06978680494662239
0.8047988154136031,14.512120087280056,32.041740092276235,-0.41457721787850665,1.376704636936475
-0.5163106073576703,8.82554143548855,12.080707259096348,-0.5283585109458473,-0.881016090205362
-0.5763501021054321,9.25643824066144,19.596016860655425,-1.80869689138291,0.41898243088991033
-1.1125671837588489,11.539613563920703,26.503380492283224,0.03678219485381,-0.19121755081683728
0.7148671411462322,13.999808808690556,27.712134157841398,-0.07003558447151642,1.207924748539756
2.0258181151292045,20.78442948550131,48.02009764803322,2.8804069295730352,1.6402153248641789
1.0209204338736102,14.852769804008604,24.893458789598313,0.09888344497985993,-0.02087095720565797
1.58235321051042,16.49601621532898,36.165605472817944,1.4249858723900035,0.17137356102674597
0.9363382320839345,13.75131634640285,33.277992340737704,0.8636751668498897,0.30372346728210275
-0.048755736847120396,12.856517676911235,25.718563645765027,-0.3282119972128222,0.39549646462863686
0.5424907487371451,13.486271505232907,31.5513014960742,2.445669876497283,-0.0663631969899646
-0.5882123104145928,14.29759899188565,30.732277936379557,1.2148053014911018,1.3382275478505492
1.7920853715586103,13.85857312642176,22.524350397521555,-0.3833344479598645,-0.9277605010199628
-2.144401457756485,6.673530125533738,15.878331510237166,-1.0756864687192715,1.3626309979810856
-0.4868136215654838,8.165363893594757,5.422937575052158,-1.1420053189208892,-0.15866310522331514
0.4649117820611911,12.66802469810209,22.82101565553245,0.35223975858879353,-0.3894885564669225
-0.046162205788634614,12.518974362216676,21.23840612057701,-1.7777558876145338,1.3366090800856816
-0.22679694974294543,12.008257780739239,18.291334145756515,-0.2711198412056217,-0.8540999187186675
2.13234999456101,17.029252743268124,33.281096301059506,0.7969105528420722,0.1379202354113313
1.420192468545336,16.21543606955433,32.051891745011694,-0.5231949379928402,-0.16508548678140675
-1.2165780210143315,11.002637660405684,15.320886847440894,0.06858706592652661,-1.475074550985466
-0.15256895382366123,10.327610047547465,13.84093284927896,0.07166722040069151,-2.0750083745361776
-2.748713975174035,7.078922592185397,14.730344613066954,0.013609037113659215,-0.5650632893657386
-0.5506727811624045,11.067636982630264,21.09308734698379,-0.3245296269798635,-0.30258565678431437
-2.9213419971169747,6.404046182359308,20.127837926381428,0.6087217556130506,-0.16068027780804256
1.1464766957075345,12.505994324656939,25.048962775598838,0.3100404039858998,-0.552176166040201
-0.35347054778253306,9.487245066744993,13.697288670268412,-1.590925050946217,-0.6250763933068243
-0.17533139152654115,12.523740130911412,20.170933766794164,0.7836526143017395,-1.5720708391715397
0.21504447039625735,13.565525299474078,29.213081933997397,0.4972717514333377,0.1644854161816348
-0.2389296525447076,9.11853741977064,17.50629327583154,-0.9144118492814186,-1.5246299110337467
-0.8160675153311037,7.620799841561373,17.174948333571574,-0.06909919130927789,-1.1798993787358483
0.4930049638539599,11.370749613820454,18.990615613510588,1.0298585181770343,-1.065155885342386
1.7453053167772028,15.78490015195656,34.0056910101617,1.271075067693676,-0.10546617137049184
1.4548834183463197,15.29281616758057,28.146188515673657,2.5073760209175164,-1.2097291846991263
0.708627515433733,14.271177610350108,27.24315262333475,0.09574159508459429,1.4078830866259608
-1.0922306025614064,8.083922404338846,15.787833809234016,-0.496784433845332,-0.18385464716191294
2.2559712702809414,15.394548283447282,23.807196349850667,0.7675091981681873,-1.1568275067931304
1.6959626035594155,14.80485803019214,30.050066863778994,0.7934370920994835,0.3544907855315172
-2.0193969341755533,9.212652383566537,23.636001498646067,-0.029497348032368056,1.0181777624932773
-1.20153754670641,8.102611324439343,9.853396522810016,-0.3144244291377483,-1.1617620915106304
-0.2050747362253421,11.97825298934632,18.314716098013275,-0.2054876363836669,-0.07064945418347106
0.06932564554913723,17.31768580247044,30.326214139797173,-0.4984872223155174,0.40798878909857983
0.7958308882794811,13.843357096349024,24.16000091487588,-0.7410655604170355,-0.4992980649976935
-1.329945938046985,8.555952334527339,12.16643068993238,-1.253828014517819,-0.05664263632377651
1.955900673023293,12.93291171827784,24.125726423301906,-1.1973550218001332,1.2251599868766447
1.960169949772618,17.211673994721334,32.77947669415038,1.5069120535221212,0.46933292064715376
2.0929722345802535,15.926778973167549,31.267387807335123,0.7362440170520987,-0.09601550073520247
0.08813453525447204,10.73913552750779,19.85290550533458,0.5591517659099294,0.11697766606544364
0.24698655117691007,12.250550254490511,21.362473084521298,-0.09645572264905565,0.22720363664954166
-1.0325033428414874,12.473561874442238,28.83954902524744,0.47278935122385995,0.8231537524801409
-0.8374733022459367,8.635810235157226,13.453163172324286,-1.220031553242255,-0.9225657301844572
0.0939836468632469,14.624523334508755,25.92408937734063,0.6184215295341174,-0.10398456148351702
1.9603612788345108,15.26807553892472,25.145854178841414,0.5464775843520726,-0.4385860726915403
0.11523705998888746,11.516793976965202,20.036322992564795,0.37343655215490457,-0.24496338897830738
-0.6573220253580891,9.623467201646388,18.223475715181863,-0.3202343166969465,-1.7629073544668308
1.2514170675773684,16.331286350931116,33.82324485278863,2.02850361292984,0.9083463352630987
0.9373579346359876,14.366287999965262,21.070786842118714,1.2717066909228965,-1.4126666850528358
1.451382580685926,12.639950710987684,19.54386390223164,0.1310720208419935,-1.7227106951250757
1.3290189601427818,15.609946979347804,29.508859151287766,1.9128895699301387,-0.3739019380569256
0.9214452208194392,15.977669503716594,30.07382667699381,1.1333460590411046,0.5253184117149905
1.9927549026608853,17.696631666196808,37.855633629547654,0.04343402026054013,0.5250699320538281
-1.6108025285669698,5.228287927524507,9.90423835155212,-0.918307580374435,-0.6014388102738063
-0.6410431036204505,11.342056386903147,22.20099060271318,0.776966275782028,0.4211815293939263
0.6888359296489891,11.819301370945375,21.2361260966882,0.18032471795493232,-1.061306449249958
-1.4845643030576403,10.187886927004865,16.733815868390668,-0.13637003311141976,-0.3065217105248981
-0.29919980493406956,11.548940918729162,19.5915362453025,0.45874391762169764,-0.36224563992214226
-3.112659525521943,4.024404663363785,3.492508734002535,-2.867299668534439,0.22837196823799222
1.9833305005087767,16.43878608671256,32.02402312992217,1.5999735727192288,0.4516441266905996
0.04583126655975006,14.100851631632269,32.26751687746363,0.7396243524022786,1.3758183493206273
1.252451174201735,12.73886062382175,34.26704105997106,0.8736433698175857,0.08356096826221442
0.6632461301623936,10.188393462276856,14.19112979032273,-0.1357737119250345,-1.6227000448498918
-0.7007954987190992,12.17924952982785,23.829956796326357,-0.736774035147413,0.7056800241049541
-0.2789429605330238,14.880891563697444,26.454207208155548,-0.45764671169141813,0.798939420502266
0.9578935815743017,17.948102462125767,36.26589120019396,-0.08762664677709661,1.2519237543965998
-0.04790162243345514,7.6184442160002295,5.56785311025696,-0.8624688870709953,-2.8011050459331543
-1.2194121859207718,8.249466927043242,7.667561685839756,-0.9817438059374319,-1.3777313543466763
-1.2103911329363788,2.4947514681569105,-4.2588679032919,-1.1772525597305756,-3.4599549381648513
-1.6695306777692251,11.400960024191031,25.360081352479522,-0.09733963169623451,1.3524884521445761
-0.08275736869119563,9.996079075405984,19.371220432747307,0.10572329462338405,0.17090444596309748
-0.4132445898131546,9.269650980292832,15.038170469804774,0.5867325156577041,-1.4219949511299375
0.8772043417164113,13.940515522062913,27.64919394272278,0.37058771826132014,0.6806380821099652
1.2871278980416814,11.535459957780041,16.227852361497106,1.1127705511347863,-1.4717932584248512
1.0475660039839272,14.794079884460121,32.053527173651794,1.3515206822788453,-0.06467979326002436
1.961490740834095,17.167465267226348,32.27017644121297,0.9696668589085558,-0.583913563429179
-0.03365554323121156,11.811696187507149,22.11323422945829,0.189061540240052,-0.8920341367388075
1.357735230950404,16.057511088346892,28.940168357589922,1.7768284149615001,-0.6875007357363254
0.7977812825051569,15.00283820511272,25.252342569389505,1.350225687873254,-0.6037117421849207
-0.6901745164939962,8.92668474550776,11.745143150492437,-0.12841056341675694,-2.3317340641177755
-0.8791882456678537,10.277802332361857,16.562548794847533,-0.5361486932872173,-0.018061161696998382
1.8174451465296662,14.329725314475237,29.63019616820639,1.0726161699896324,-0.05687760037953696
-0.1366231042963354,10.974966095960902,25.412769816659775,1.4959292753258282,0.06580130475736631
-0.7608073937146429,9.655206469813285,25.369376889298167,0.0564306804154018,1.1071782476372312
1.245433561233674,15.28385590774647,28.591964773717994,0.41085786986442585,-0.06671920875843547
0.9067032520847343,9.643681432926531,20.064978192379908,-0.8475137605744882,-0.5281927409684123
2.7495933081059722,17.301312822463114,36.99474227265639,0.3991806333518502,1.62344387956628
2.0641884634178473,14.189270262592766,24.666005253342654,1.1405196850067147,-2.0729254175231024
2.1790184124666725,16.467030406494683,37.395226263914196,1.9883596548401337,0.5467997362920651
-1.674277955733035,14.731696450727146,27.293769421776318,-0.12010523087213135,1.2297866319609445
1.8586056145212453,17.528622062668227,34.779987729117835,1.1171494020478008,-0.3765759486762486
-1.8829608764865096,10.47677988563971,21.008377919565607,-1.2664233110184286,1.0383300222234682
0.2544225209941243,13.793070943520032,25.839871433348648,-0.3169008379790688,-0.08022387456351118
0.3610074311202932,13.154259711839499,21.587256518686658,-0.8608230818348326,-0.3581381843291937
1.044861180240109,18.247916028589195,37.05622806091618,-0.3120316430148163,1.728307487155567
1.2562804016984044,11.25969556750722,19.97041994609502,-0.5398997295212125,-0.5394197611012258
-1.4231720476053416,8.035503263557521,12.20821028059212,-0.9864057042959666,0.4670302953856049
0.9709255855541365,15.645379575071393,26.509060629633613,0.6980035495394069,-1.3711471948469978
0.673652287968765,11.593790089504441,15.918474027382672,1.309418930520238,-2.322381750173622
-0.48090614136716026,11.939903486205615,23.072531038582078,0.8734879668690735,-0.22479648083152318
1.3696137170142835,12.479606802414947,17.813921496292828,0.296870238742822,-1.7785460367968573
-1.1635834844919108,10.069580172720984,15.673390413018643,-0.3666279308952461,0.17796615459148582
-1.2994997851371304,9.724802341845287,23.13871410614313,-1.130831370725155,1.005405598475945
-1.3926614109388202,8.632686533694443,21.52083274809266,0.03803242241775071,0.24156146256726746
0.02397722446382322,15.207839523098244,23.723124277052477,-1.4634569631022143,1.0977582082031505
-0.3330730643176971,11.86407454332262,17.539434216336957,-1.9004768208494993,-0.24305007281107582
0.9026024904947996,14.360646394622592,33.77691933934713,1.191187270906131,0.1319564077751081
0.06293047079890779,11.613630807694467,16.311764357023257,-2.0959175842943747,-0.24259171685887007
0.716125172078824,11.543079761942874,19.60156655984826,0.40563638555395587,-1.474673455802164
-0.6397282478107041,10.553559618883668,19.913179144267854,0.8347848875098276,-1.8186161414585713
1.2450745170163804,16.784648656715067,33.7056755528458,1.334342625597622,1.6204628509456458
-1.239390686070885,6.711058954152066,3.276003461232974,-1.958430160017735,-1.3755101331698525
0.03750913209410453,12.759601025517531,24.331178511087902,-0.2838809298684113,0.27184028345111116
-0.6573959379673392,10.230908725496127,20.158918195043015,0.31840314748043314,-0.28879480453032663
1.7036452212490734,15.049191777731915,24.04489020555989,-0.5031089489823163,-0.0020571834318455023
-0.7525354297997933,11.64124340834613,18.140357543075496,0.059401032025159964,-0.18542185914541068
-1.856547336168103,7.964620496580305,13.442873262578965,-0.8699608836376099,-0.748172928658327
-1.0589664317342637,9.620931547526464,22.828433427023576,0.7718022543359985,0.07854319677711175
-1.4598984629492162,9.171369929830332,17.177642692912848,0.5273205188739638,-1.3373054766810606
0.15411379561008,12.762321720104948,21.531448319404134,0.047797002407410465,-1.2193420162996855
-3.5589041383123323,3.4905404098191157,5.101431294115317,-0.5688828412218022,-1.1000723004006674
-0.3319072663262841,10.693128877661914,21.587416748726604,-0.10289424079769419,-0.997721080535807
-0.33442200340905565,10.76984010674929,16.549859949025105,-0.01564436771037529,-0.3673212298200664
0.2639597570520522,10.285112679505497,21.2180701253489,-0.9017758950143124,-0.2679772498728586
-1.1070025607018925,9.604045405252075,23.68732462115078,-0.7741752774254,0.06385931483950638
1.5726192101770247,14.929102068055931,32.38966350963651,0.5579935514507235,0.18760197593882866
0.8618753356074563,15.041968466040018,33.39441362893528,1.4177984068349951,1.2975354479415169
-1.950426970814265,8.684944686049354,20.926579535954627,-1.0441859086622978,1.9115111371628173
-0.6280520384051969,8.43728982477729,10.448283093403054,-0.24094102532020786,-1.312413332610956
-1.1705667507361979,10.445782329108843,20.802943535120097,-1.2977084533296859,0.35309800919676226
-1.0473176826496715,6.766736708783248,11.084387456739018,-3.1173065092972094,0.16608435306355357
-0.41832902785636017,10.851956173887608,17.847290981442498,-0.4347833223327189,-0.10250147321811669
-0.4512345584140327,12.879592900869826,26.245692175965733,0.39795755774629643,0.1354906623662672
2.7651458687157566,18.28085340892598,34.29887128694832,2.317368588446226,-0.712929421671586
-0.06972770066239525,6.9245494705536155,11.59487373206671,-0.11800115208299615,-1.2454811836672368
0.7949178493790205,14.552962540897804,29.314758625950233,-0.23969026696617038,0.33856771779299094
-2.051167531754723,9.620838554238782,25.971417346651336,0.9745143673752427,0.6124510474905932
0.3136274965218675,12.289680783925986,17.379408519008297,-0.9769358096447849,-0.9680826349523044
0.29209318727839917,9.30174764450327,13.38096027401355,0.32627357818840513,-1.8694711178254837
-0.9326493645944086,9.728239286192599,17.201485138465824,-1.338736048133201,0.23315577515627084
1.0909954857815172,16.479194320148018,29.346097664465255,0.06038330351486975,-0.44621212051518233
-1.390101804896822,7.606328224452679,9.229502666681894,-1.5745262854127404,-0.40038858513053893
0.3566683038988786,10.094916292578487,17.37337145279937,0.06965634355467827,-0.7695629322945273
-2.3059739918723663,8.867049250413908,16.87654410792739,-1.516883700463657,0.04866059847521589
0.05753453259210417,14.635491575166746,31.28822986333076,-1.0410179508862472,1.2773877879251312
-0.308398325595959,10.688967643103492,14.286801290228553,0.5115309022060026,-1.1288691872778576
0.24745832615618105,13.148276035472104,32.70373860695467,-0.23403173189511475,0.7354673125231211
1.8632821306902008,16.02371292705157,36.16924108209686,0.9388176168897095,0.7528495093538913
-0.2507892274146303,10.595058479798649,24.027933759120184,-1.2893925787148441,-0.05054814098229736
0.18283812310395786,13.757451672248347,24.330020255581616,0.8547587338098674,-0.47017253094156297
-1.5081032932441791,9.143306383239262,14.939454375464377,0.058638997619468954,-0.3791931691064152
-0.9715418540746346,9.578696678009882,19.975596180263853,0.49333386504196786,0.4658242207749928
0.503909108893659,16.169198292900173,33.77956750469294,0.3949140922656758,1.5637142524121574
0.23921854352073235,15.278148551954992,31.375080295238515,2.232542110785588,0.007662563981195703
-0.12901167445121386,10.355828730125472,18.925020709378902,0.8916312709595878,-0.8044118101150618
1.5773526379877527,17.425921523633292,31.18882464087029,1.2495165845512206,-0.7510621632455755
0.9458190923507486,14.0358346356911,23.360066519537032,-1.7158299934461367,0.1750782547054299
0.5078368584495196,13.747234738951363,19.161887498523424,0.9019388186417684,-1.2881285541173657
-1.7273896835451001,4.431703695224091,4.50176840472847,-1.0739161591289126,-0.5887244335562364
0.7304199033312027,13.632773702814536,20.957547002020505,-0.5314657072516937,-1.1554969843787113
0.5873586395759786,14.189207788275683,27.487016435492933,0.7426569710764203,0.8126198628961699
1.9091029285756238,12.482774444166385,17.761678168604355,2.009667175148251,-1.9429688282989936
0.2538777830363459,10.219331160373173,19.621590920203,-0.12106850987071423,-0.015337608087392065
-0.033025241648614145,13.278048007442482,26.21514459766097,-0.37532976843015536,0.3562074743166434
0.9095881086842977,13.978001274009706,26.69951648101692,-0.8101699389556607,0.8170261638278598
0.2921165882754674,12.704474587084455,23.54871168377081,0.37553934793226856,-1.7726923708536537
0.22870521216135797,8.398811754907255,6.238782884939368,-2.24520442933251,-1.8327278792802497
-0.11314310352924828,10.566605269668132,19.382219881131054,-1.301545586606482,-0.3490264337858726
0.6178116025878996,12.213370115729973,20.64398799962041,0.1328917762542393,-0.9112035832967481
0.5548628637558568,9.89567706168046,9.657248859420392,0.14373174334028863,-2.0810819064030475
2.6882435861174767,18.200541028247372,29.458897948048296,0.8155768028186529,0.2771335890288511
0.3069449144592596,15.367572784080695,29.48070253268488,0.08268489499032956,-0.10122092330717557
-0.04897012040407388,13.033938476782039,20.899554802122044,0.1509694575691112,-0.8344797093492183
-0.24066690468676027,13.64774616747227,29.60310676730984,-0.31886496380198437,0.82342759123052
0.9963319677366229,11.155556824599362,22.368392593159893,0.34079664425091455,-0.7646239261700982
-0.6369330380900284,7.268421916307595,12.020268971551536,-1.1831785457259025,-0.4424894033370585
0.25846129316305677,10.58194744685089,18.47494865738822,-1.3098945473003698,-0.3451277655567482
-0.17815835776953076,11.780160475339114,25.942144071290308,-0.8257842041887236,1.3710119194840602
-0.39148368570093506,9.780850418250347,16.812986094087172,-1.232809038836724,-0.5857838720270041
-0.48059831812929077,13.124885715771628,29.690258395235627,0.593350946490171,1.0327619821252674
-0.2496768470258145,11.936374422683386,21.14004327470112,-0.14991482700752765,0.19060252526982066
0.12296499569640812,14.904272441138014,27.460576918512537,0.8752748488485055,0.4600184913780331
-0.6723823059599104,11.859892595713896,24.438369275333063,-1.5978209415628992,0.5272030808146784
0.07903701883540332,8.60406749560223,19.864713492306432,0.6864558107173828,-0.3360603808101835
-0.14054062477178328,12.547275646349963,31.32483823269793,-0.5285394304686504,1.9966030364902014
0.8282037275797363,12.464609187059272,24.713631019438846,0.15095276505412103,-0.320392910127198
-1.4765758405888363,7.845828770414662,13.449209223555336,-1.4537065028701623,-0.453989946593512
-1.1379973438179838,6.506088808245311,8.359274092892448,-0.9220544442065586,-0.10283431633120305
2.091383594430162,15.973532737236972,33.06413922438146,0.6453575242187778,0.9622608712756738
3.650267109118162,18.32052960226485,32.839536473905426,1.836705946928693,0.5007025435540428
0.844638491353352,14.833837895957318,27.95295900999669,1.5601928983303006,-0.08772318167629606
-1.791499193195274,7.514922489210534,11.946680680983688,-0.7055610341256854,-0.8053248708426701
0.2374284480147918,10.836194575229097,21.533010752886053,-1.1630171187246283,0.7368772238292477
1.5432377279607716,15.000236349926086,30.413885143314936,2.7433843058744447,-0.7617232145463956
0.20000037487148734,12.120115690332442,17.69639250754628,0.3488107903162599,-1.8189012557467803
0.7979723637597732,14.34521647162414,23.32496261213477,-0.02640535464470228,0.22273841107743966
1.3334781213097555,11.731902561890504,22.38602920869685,0.32646625828222753,-0.7028528299594045
-1.7424930649593735,12.411659118756733,28.71216759500179,0.624506433365122,0.9387047681923517
-0.7171134506756748,11.226002335422455,23.697990218539978,-1.6825611750973197,0.044054199798948104
-0.5736897708194201,13.071592360884202,28.619100134343576,-0.710724946931201,0.5708087150978131
1.0492992319055046,14.383916350409386,27.362863014148417,0.0018810930653159182,0.811626057916095
0.5025149326104635,10.010938032075593,15.000846673389425,0.0590936147907083,-1.33157249891773
-1.5169275792387915,12.903736538872726,26.969752686488217,0.2346559964624514,1.3537942149523585
1.051933027653447,11.44791435006714,20.224305043150647,-0.9842618351537527,-0.24610041163155516
0.3306082348775221,13.066600688173175,24.482677544562822,-1.376055056124732,0.29792374309751685
-1.04615032566108,12.57086203695981,24.38466488974525,1.2468447333922161,-0.43171765741737095
-1.0915614463575452,14.342068593219789,30.778916219312624,-0.008219806230936705,0.8766337293710282
1.6066788515995072,14.898899176639008,22.308984795911986,-0.23936201162367957,-0.6035332867211198
-0.03306468390819489,10.425188268237234,23.768236930554487,0.23308229671442848,0.09378518838747382
-0.823277370318362,11.230650004999196,25.492361444014012,0.43254089687393044,1.4018113995659733
1.9159570126100185,20.647573176046922,33.3110778494769,0.8956059524973708,0.3659726675403795
-3.219824375682535,5.87291866324151,4.879759846909451,-1.2130427558248833,-1.5645171909894418
-2.4525455674106027,7.164196385300944,19.342400506986735,0.4061857813537338,-0.23079872328510018
0.004767857615486586,10.347533280469827,19.052351566154215,0.004625952243240379,-0.7092753849477746
2.9141758916446623,18.906246716020664,40.32348068030709,1.1032908192676512,0.7931782475458561
-0.5920594084050006,10.818357818164396,17.87354218486718,-2.111572152123804,0.9440012264764056
0.09271898986555854,12.171217773377334,26.601323362282102,0.5276710274756219,1.0105681052538094
1.8088252603876183,21.224504248467397,46.31204407675944,2.9213367398890204,1.6901411143375062
0.06041074356576309,11.384673606100833,19.101357717733592,-0.5628455077106242,-0.09123937455778158
0.1350211434343638,15.934637831389391,43.33009443987905,0.31176792166274747,2.777628588916365
1.3635768901442935,17.759187152860562,31.388961975051835,1.6727690843532665,0.19167727316004218
0.6106548811108826,12.854666498784784,23.824724691289568,-0.18603619692422366,0.31478620582699024
-0.5127918207587399,12.41797716608498,24.146202795362232,1.7047590129871584,-0.26231806174985905
-0.5056179534904709,11.082661628732733,23.944102355073824,0.2947410018025332,1.4480205569166167
0.4895768957679687,10.819358016367719,19.891630611945743,0.6728809124666453,-0.1307898287407123
0.20067478731057903,13.276167896959329,23.578480418161192,0.2254592555073389,0.12024483579847817
-0.9036088743732026,9.834350341904244,21.67178066184485,-1.3432962685492857,0.39521951047496223
0.7120902044325397,16.273792624615133,34.081761691429776,0.5893266607832901,0.9641827579361102
0.09108660542302924,8.06814940148238,16.51081974885617,-0.21583637858121776,-1.0980677104817305
1.0739821187246896,17.82667277192586,33.3290607582139,1.090731440064801,1.3759540797011522
-0.5387718211562211,10.534683485289683,23.656835181614802,-0.49252212605034473,0.08773280759282034
-0.20246089196308692,13.668563470504957,24.574243091450704,-0.15681449532996442,0.5726552635598735
1.5157552712271238,12.142940793152679,23.57338860392655,-0.518589554521432,-0.45240751565105475
0.5290040770739961,14.993754565534854,25.52968358186093,0.3983007577872927,-0.5775642388321016
-0.6775913916742771,9.467809935403933,20.89379086999266,0.7422816764145534,-0.15474751248704355
-1.2704281608111239,9.127607938250023,18.127110960730672,0.10000888751271764,0.20401988396114196
1.946116646383369,15.46468738163099,34.56955373733257,1.108280515196538,0.6704364970985377
0.46308323547605695,16.23167472085052,36.41226575812096,0.09690347724607215,1.4202960953075052
1.0917272399364633,14.40906592573836,24.1991795906472,0.9767387388533629,-0.6036534517802589
-0.7025548345377249,10.52085475280635,19.459201830318666,0.18798820384010537,-0.43165977550922147
1.515774177622482,14.351135757392004,27.81989873233387,0.04213936117368615,0.9324586494639725
-0.393605525115165,12.45198700889074,21.273566612885322,-0.04329738276936294,-0.9328932026611594
0.05555778738909112,9.269640341952837,9.303345709252033,-1.6438836869309292,-1.1779281335249625
0.5165664654846738,9.282193226541962,12.590936619463864,-0.7441464983833661,-1.3718997149293084
2.006027750270288,15.554624271212395,34.399618356416255,1.5587349513187196,0.17609051838048562
0.7044160632164198,11.914397523191257,30.18717245744343,-0.1642867560358749,0.18504657348324655
-0.26309904332925194,11.874902304005515,25.791297686237474,1.6872150959433045,0.7579538332216681
-0.5664222521368998,5.727107646156195,11.38482269221983,0.29119450231831495,-0.6923965549544092
0.9158665477177783,14.60498627701121,30.943212863882895,1.171362003549353,-0.5491513758673052
-0.6463626076390071,9.721888972460135,20.44644905147066,-1.816611040765099,1.2512600847385666
-0.38710534261912566,10.706727224107597,22.90466675031917,0.843900415958363,-0.5120383837824914
0.5063846422859705,14.26649827850659,26.322526757422352,0.3272791255712765,-0.4637825726434369
-0.045837141050284025,11.434514376785472,22.067874873824497,-0.3908995902989689,-0.09431942083048481
-0.4172227264154185,11.294650033554328,22.672161848682205,-0.8692265956875014,-0.1373722086520419
-0.9530780347059535,12.07549148016433,27.2800445798056,0.6879899150988654,0.4708405676966253
-0.1411686728188034,11.497660201466886,21.55249363005607,1.3176717472941057,-0.4840039910121023
-2.4115945572685185,7.1944424317077935,13.804268395737282,-0.827929354704914,-1.1130452609011394
0.13296356061781764,12.608255355359187,25.91193969922701,-0.3003330228871494,0.08007781604424576
1.7945563184251017,15.307340721500081,33.371134755954564,-0.6706178209865148,0.9936795897065984
0.02744561027253542,12.90148557359349,17.50594501840402,-0.24012769170304588,-1.6989384292138157
0.16804911680905063,11.372791794386982,28.014770115598836,0.0944320263193791,1.1892965537238267
-1.5889547719635106,11.906345611973379,30.24510431522913,0.12192161918306046,1.164306156969308
1.0628993360984154,14.409660967694625,30.717959610191407,0.9746215627740206,0.5849181905952032
1.671779490949167,14.806792025657463,29.979863852705662,0.5722947124679206,0.04207697054401657
-2.8521514823473466,7.226324322850143,14.59953784050796,-2.3386481068616605,0.5938432952516712
-2.203236906327813,6.427931886009122,13.932581280694437,-1.864400205385632,0.14545094194947705
1.1413438010711583,14.16958862122073,31.508697305337627,-0.1839624277648729,0.3127679466141351
-0.4638085395528302,11.447365705160303,19.452484420638463,-1.6730678923069693,0.5328569704483528
1.1359857343664408,14.7542855263866,29.06001748867207,-1.4433736432299609,1.4819295124366383
-0.975748253806923,8.660981643483815,18.457611666983027,0.6261294821851776,-0.29232298753165786
-0.16678265998757924,12.445656393289676,23.194356000191796,1.0993726394851429,-0.9234877505258289
-1.2909232752721358,7.417918109549849,12.923056215820688,-2.2179955068863006,0.2989185178399349
0.25773118241859755,9.71794080879733,13.933839592949889,0.09100764866725156,-1.6849203638802672
-2.3711589953141514,10.485257500012638,19.789333968045703,-1.5512566088582846,1.9338391532974666
-0.6177739653387755,9.862551848683523,13.41975539566554,-0.3398756642248282,-0.8351671454102703
-0.142801714265264,11.261161082770604,25.36922838079049,0.5982864226725517,-0.5866737719571942
0.366317174004629,14.155310082612026,26.322923135473353,0.663116740789125,-0.24480884083268104
0.08932941475509026,16.483802129921834,31.532501302416335,-1.531426344630195,1.8656550640928278
1.5740872838617388,15.787377890352108,29.841513715928194,-0.0031865223906716324,1.0142095800419713
0.18561568714755683,9.213662621525202,19.665661212981536,0.4526753450441493,-1.7988337162020331
0.05005459949671942,8.00580924252455,15.821613347131791,-0.4812317756834744,0.18435373007067335
0.15337334482941523,11.504614850802714,24.311296522161115,1.1540405727028817,-0.7785784704829463
0.9857775376668841,16.03578024960793,29.390391548397382,0.7220408307868748,-0.3056461429901765
1.8448284988426258,19.429312653196153,41.20463688364352,3.0233677400785743,0.7839815433651186
0.2538603166027773,13.67342937546311,32.6475803175756,1.6926201124179638,-0.37816360781738856
1.2595224688113764,13.9799214020232,23.35592180669944,-0.9008427118836435,0.052447580986541356
-1.2987858027533763,9.254272913708324,16.882996990916443,-0.8401142658061505,0.2737306044623103
-0.880601593896482,10.184500046302325,23.812043829559872,-0.5524241736582468,2.2334024826377448
2.3132367757947043,19.019734355898333,39.85621592973942,0.8670054030181802,2.1777064419231063
-0.9584401373913874,9.482728790248716,12.860309404472446,-2.2828899923406962,-1.0711888048178868
0.03534034252929369,7.688279336461063,13.047871201367801,-0.6478383920841815,-0.08668944980627469
0.7034420644718178,13.154855383260125,21.103155573679214,0.5429640486021483,-0.9834897933655548
-0.9828045863475204,8.47961766960547,13.64894315530293,-0.6592120426037975,-1.3043586896862074
1.4491590138832653,15.30709293280918,33.56144375013166,0.6514927212653066,0.12677367256998728
-2.5485458241390533,6.422152884085664,9.638735077911672,-2.1100778047654525,-0.6123122974478685
0.6788687851799586,15.133645863317962,30.498574281134566,1.139556991221483,0.9924943641115587
-0.9513156288451001,8.360708522922419,9.20123032489598,-0.1494762248632212,-2.220758603628068
0.7820745560577782,15.472920298463869,26.79283684170863,1.4957288717608899,-1.063426029847636
-0.28685098528796293,12.779260102118128,23.27749151936101,-0.4080795112076332,-7.227526345774342e-05
1.4130885508943907,17.087430902448116,22.426468163560475,-0.5985735326628806,-0.7188475068315557
1.6082937055966409,11.30384549519858,18.917674650845758,0.505388758742951,-1.4422653218379538
-0.9192491540664992,12.005860912576061,21.75100993500278,-1.0715047880690538,-0.1305874855157719
-1.203047717213067,8.59527266361973,22.383292380677627,-0.22517774607696223,-0.15969975112004067
1.8771001823192386,19.64215505400909,40.21339481803028,2.1489633803214656,0.26963699813469294
0.13376045676462434,11.9746450353217,26.765617445437577,1.1943086972600405,-0.08944152288706668
0.9373935810459204,15.404258141268889,28.219869094155673,1.6698522610904056,0.7840037539071832
0.9063116655168321,14.871165940988385,29.64943705932348,-0.07660763894453766,-0.014133553635340305
0.7375135824793829,9.822453783696307,16.545028700379675,-0.350196980563821,-0.8539970518632415
1.4341921654731813,11.082433684265187,23.467751013722193,0.24026733492431665,-0.06581589512916756
0.2996365632286693,13.597889623599295,29.995858125023307,0.5929986572917352,0.9966343104442744
0.17341061575099415,8.431387196914216,10.733849213719742,-0.8653246236762521,-1.4652962078706164
0.15976120313206454,11.245185947020932,19.793516472631634,-1.2102301846209647,-0.7771142086188205
-0.6004110188178905,12.821008608866117,27.276554171409728,1.4792354224592492,-1.0822478306615582
0.3617363252347751,8.516811439349553,17.113547722709892,0.935701582410355,-0.6536133471970863
0.7819731293460939,11.12558136013998,19.439658104330118,-0.9778384005755328,-1.1855399449899913
1.8977988736614835,13.612324843711026,24.690485179201737,-0.8882823867993648,0.21418288438242664
0.09946312435384896,11.0804636647847,20.42372526456586,-0.3789912677367604,0.13714483240163336
0.5526868816507426,13.376879373671414,20.344887938403783,-0.35736101869670456,-0.34651406237908977
-2.958528853845737,2.5874884364879662,0.5590397436600179,-1.5889124175045275,-1.0283637039168918
-1.1503396513191269,12.03523029280104,17.119987674674974,0.09404849754252934,-0.31957135856919555
-0.30661011056666576,12.516418391675028,24.37116662227739,-0.9628732342090611,0.9084436553377474
-0.697950196494387,12.452184428746785,27.713164425844003,-0.4255678225399267,0.8840587179552526
-0.3890722201923411,8.261978764935739,15.678611038442412,0.30343298855775336,-0.28786805246235325
0.33950938590654794,11.944311570740641,22.108833422823007,0.8527972478239901,-0.7992570231919415
-0.5137216075043712,13.823341728733041,28.281387822975574,1.0183883919149501,0.32819055116818097
-1.2011427027046384,9.964977520363727,16.696365899944343,0.9041912738010348,-0.957533186616808
-0.22080015629542343,16.79016765796929,32.351313741529424,-0.9540928516104722,1.8153978042571741
1.3380541407912288,14.03969020239781,28.64676597376167,1.0168027143293477,-0.24978106322549642
1.255219662067305,16.75137470691495,35.77519102644985,1.2322732682247437,2.5040761904091138
1.5789778324515424,14.41878526065978,24.921054530272635,1.8036835910566824,-0.16996729019664863
0.13138042110981196,12.38112122531289,21.360292046467624,-0.17374452563261314,0.5692251278230427
-2.036108037548681,6.610440225203841,8.074139507254566,-1.7486308746958048,-0.21617515538304743
1.7602265488021884,13.013070823712306,23.121765200726205,0.8671370359480519,-1.7484029962759688
0.2162085417581857,14.069094182590176,27.97774367753655,0.5513470897110906,0.2449394225044271
-0.8031201459160848,12.526332018518202,19.350469388691202,0.2175514016716006,0.8651716998508938
0.9558453259331918,13.06106989228391,25.624205414364116,-0.1955448670383109,1.2047736441090977
-1.7980811573922513,9.071103536699157,19.84757289606375,0.06597986848728808,-0.5086476279536173
-0.42705937362751994,9.101074893612864,23.869942205404982,0.3881271605135035,0.1677667172116892
0.48520769558300947,11.903536940512078,26.233968924945398,-0.8988220026823897,0.07491629638348986
-1.0676988169229644,13.143993378779223,29.076311891327634,-0.6167937311821063,1.7034208611234904
-2.8346814980742336,5.976018610171421,4.818178112801922,0.05183860400462542,-1.7734493661256365
-0.8257813734866718,8.893148352364102,23.696795861341634,0.9463144213398298,0.5848209844196477
-1.0120777578347,10.975643593659223,22.640616424330215,0.6822034490873374,-0.5913722089378903
-1.084956475526769,8.5112610128914,20.378993184115238,0.2271652027858401,0.35316396653997967
0.7998950895696375,10.287855782652448,17.765823055181244,0.641063375953026,-1.871611922840164
-2.132220308959866,7.05900300722849,13.524572958360638,-1.5138299291465918,0.04914916526287267
0.10323981895970663,12.278339053430727,22.145860823549064,-0.7468974566422072,0.24650479793510618
-1.441946634671368,12.863788758903997,25.690823257485413,1.1350375789845022,-0.9886215490727943
0.5930106487824228,10.835398916947213,17.935597353422665,-0.6641731015845345,0.12467620679608306
-0.45825511455846407,10.210445757484491,19.292129452262987,-0.49154647634059273,0.767538478437067
-0.3923762370486965,11.500520970706674,26.488866461041585,0.8872133117088657,1.192751396596283
1.1823371855364269,18.336483183916442,31.949030499207385,0.47713648673447095,0.06001172042411485
-1.6293739355771024,9.276899650902156,7.376393722404954,-0.3670746873349266,-2.1125898387389475
0.5746398135443516,12.144536169222441,27.80360940596782,-0.32586245143798964,0.5348747977628596
1.3081376653009176,13.793294842589043,20.140497642632283,-0.7223374785663875,-0.11493009626721262
0.4575590035707885,10.946250727950618,15.320390101605199,-0.2566986504079171,0.30570120653523963
-2.345055339642065,6.70262243709037,12.281238230898511,-2.305027278036273,0.6906570186691648
0.5799761525774765,12.752100369457574,28.886128901496736,0.4166055516245529,0.2894160936485685
1.5435315270369727,11.206475547427047,21.634584775843823,0.625625867736692,-0.42149800083166994
-1.4615393638967507,9.78015094200518,19.000778562270845,-0.1286116993601348,0.6480600679710891
-0.8953961761167348,13.396097696715856,35.302383839142394,-0.901564934808873,1.6511909759064705
-0.6404675509897173,11.908090888019988,26.476698398892587,0.46928985745066265,0.021487620427846976
-1.329291881483042,6.634319275085099,6.173267703926342,-0.7610476003911957,-1.0102209951203234
0.31714810690699646,11.49056493010215,22.6629921554773,0.23207837810519943,-0.10716017877248678
1.7479700900285104,19.919018859955575,37.83811956148148,1.7741186450291393,0.2594154549284547
-0.4502442133999104,8.806449812692097,14.301827576371426,-1.2011659456573491,0.16706810871270877
0.15765378617946524,13.041365038500288,29.59657383055451,-0.5499978399603958,0.09272737527614926
-0.6788145429994419,9.768048778255206,24.855656123620463,-1.5778731364306582,0.4368196439498022
0.49372506074546835,15.327739371835886,22.67502196725684,-0.09131958391695956,-1.1654117870878076
0.13066470454606646,9.668269426702949,20.296450865624635,-0.011995319331473768,-1.5742154372720059
-0.9699138597581781,10.85147101369403,25.98319038895044,-0.12936550358611182,0.5728167922394732
-1.5479730353072658,7.13536274876954,5.57334599921223,-0.9362355491524863,-0.9656572604872432
0.7857742809643092,13.164598345220874,25.908951842298205,-0.2738307971276878,0.2981328513351627
-0.1235885990953724,14.038435122488982,27.2810434513153,0.3354633678738229,1.5695142639765842
-0.4096479531512529,10.647236628888024,16.806529694686994,-0.6159979068839203,-0.2928014786736466
0.17333646249036072,10.164834641860635,16.346509759549793,-0.943450431230072,-0.5884264443741791
0.4426061171879625,13.380617160992768,31.47416675968428,0.3738848241590204,0.0917060687219626
1.6268144412977112,17.787143625294288,35.81244789992375,1.847133568973574,0.7934008815875857
0.14225567966084962,9.718054546665032,9.789247202332442,-0.8278128469298573,-1.827775116241937
-0.5776637177786907,13.239269369648603,23.997061373098735,0.509440142938281,-0.14450318325153771
0.20543384827658728,9.661532154764842,15.300336363131578,-1.2182653145571887,-0.43076780070709203
-1.0803451962308588,9.299547180300848,15.168722571829967,0.12268195274981795,-0.37295641977528515
1.063879897285497,16.294326444558,33.18309528942155,0.041610935205330074,2.1789155740723034
0.1364278479984432,12.140605013665448,20.323768199451102,-0.5067396251182006,0.11584616279451615
-0.769006714707063,13.038377748492083,27.32900844255496,-0.7429530363030792,1.2732535190792973
0.6040790346980287,13.313033403865214,22.355321530333928,-0.9808721489368837,-0.031018173274126707
-1.170227633765928,10.882086980295394,17.913611113310104,-1.7014255153497193,0.41219397660864177
1.0931901406587752,15.428798604858546,39.31263261626319,0.9062561106964692,2.0089398627619257
0.7039276547424212,18.06464833753455,37.90502679096415,0.38239394546913436,2.2731220795077487
0.9622277466985311,8.806357098047544,12.574252498895714,-1.1640879625329856,-0.9309563126614696
-0.3184012507074353,10.047123950018745,16.176411447135614,0.0931578819083069,-0.8011331136675534
1.5935067712287394,18.77260922586064,37.208420550291066,0.17257212529745547,0.956674544020131
-0.7246452685662237,10.977391127351767,27.80405858675236,-1.8103355317595373,1.6434862335614087
-1.4336146091397939,10.836313964085171,18.869525894692075,-0.09311577985235737,0.36892545231559376
1.1781570605122942,12.131597514704803,19.526056556786898,0.19835260143075475,-1.2323103393095147
-1.5664871986349778,12.837822548154698,26.785483488161002,1.7948543017301624,-0.45694100988733816
-0.048375182485231205,13.413854514691701,29.55675853723119,1.0407460432679259,1.062359878423854
0.9851879302871421,13.62517761650804,22.509183730236362,1.038697086666519,-1.7998594007933035
1.593987457324316,17.045382145675045,26.74543928942819,0.895558633735978,-0.2098300006695884
0.9534101249408946,14.10152147696354,29.30128804365301,1.6891087287325877,0.007659265883860331
0.07432411158361552,14.037852369233706,27.042594653461894,-0.37564069040532944,1.1133348519943917
-0.45706981329492075,13.07305340193327,21.206484628911035,-0.07245215910140033,0.14925092961660438
0.3376868193197187,14.781356529832605,34.10027682414796,0.1840812744997022,1.4491450714358793
-1.0333378179030295,9.86034779857852,18.01419086552879,-0.1376194484315806,-0.36659780277114157
2.290558495563195,19.082443600519788,41.36895340680839,1.660230542517168,1.33329532605204
0.7938221290648645,10.456296919401794,16.035711413079614,0.6647925236942723,-0.8318935579854512
-0.12884205691173278,12.15643430616105,21.21220918051067,-0.7797047880172655,1.5710856044622061
0.43406906325624267,14.17442628211752,26.86102273442827,0.7210346081624638,1.185468452407957
-1.183372049748998,9.203941310195946,13.221246211371204,-0.6324136893436321,-1.3405529207181852
0.7764311089790348,13.739723217706798,27.626968281130623,-0.46210340447577103,0.8807094188118821
-0.7608840699765674,10.987179733216651,23.77531979882197,1.0613818465548404,-0.0396095041095875
-1.0397101005686096,10.271965049178739,24.84450828537184,0.5465477608525003,-0.1064733690845629
2.169108155786439,16.106378948512432,30.62864640739444,1.6614452003209124,0.006178685850423762
1.5221497502015116,15.152646999144721,25.288610558646837,0.052802350590862177,-0.1520686935453412
-0.09514341614370275,12.670464801399987,25.133505980469977,-0.9302097412478368,0.9472389009723612
-0.0971679078488143,14.313264586164447,25.041531779912425,-0.7129788365380395,0.50816554776188
-0.19177053425703952,14.033848614714206,25.165062859978928,-0.20076006400558083,0.5008247184182585
-2.1938395370115185,9.599214488626842,15.379688420547621,-0.2270954135000002,-0.7679007008356055
-1.1592179311961988,9.775045987757366,15.304242318190525,-0.8974764167490471,0.7670138398829439
-0.585724382814109,11.855268575487216,29.649352005905378,0.3863703674879344,-0.14979914367946182
0.425692570994704,12.270143173553212,23.58871159181027,0.7446985845722288,-0.19035629693262232
0.01730139205879183,12.539505072566545,31.466585464582085,0.41756774585193807,1.01584368535768
0.2368510728571881,10.325003741201256,22.226352190640807,-0.5217574763568394,0.8355485118802356
-0.7190170246830809,11.33837493912934,14.19293302616037,-1.3450368034246774,-0.5440202050343492
0.8206041198875551,11.911242692304704,19.631547357099066,-0.06495287678692359,-1.3959548039502838
-0.682149855366639,11.44716544302763,24.487367732301358,0.40807402685937016,0.8031482228910777
-1.5810974715802293,7.721016368590226,15.61668334215002,-0.9907978066653483,-0.35810335499619006
0.14173771707997457,9.649168095080872,9.55852952272752,-0.5212196434361188,-2.0106888031824544
0.3065542862533813,10.221339033084634,21.55505437730512,0.5310684662840146,-2.0247921012095627
-3.123053160227794,6.770311204428876,14.789927742071455,-0.2278452693019902,0.15762246802800606
-1.4438762662455784,6.9357558393481105,14.762077710845462,-0.385606262606288,0.3108050503736184
1.1422096376808415,12.520860359733934,22.852825234852368,0.6535995918448516,-0.06710619273323677
0.6188212491740306,13.91176305764469,25.466922556108166,-0.15691897054610976,-0.2099426572798141
-0.8092612301903097,9.6472732207358,12.324074088944066,-1.9831155335759427,0.6172274599934351
0.054833515155445434,9.05041103261729,17.476740889933204,-1.0625223532457,0.2757980228907135
0.23342695751893225,11.940338971067458,18.852787916724864,-0.1690498506010985,-0.3854390063545481
-0.22813596792886182,10.811934932131335,18.018485755383377,-1.8070076641251698,0.732413518729056
2.0453675772128053,14.60229737117076,29.24715299503278,0.05211419656064859,0.00429462153793187
1.3999177357214831,14.443972871477552,31.033989980521298,0.6214242986904354,1.5868048511662884
0.6271508758961541,13.60823407505381,29.246979208208792,0.40273333244387033,0.5098832693085289
-0.4062557522161111,8.257865780537667,11.864903890857729,-0.6203523338141498,-0.7103752208463332
-0.8881947992031051,11.485906694285918,23.449523082054426,-1.2607737456886492,1.5014803367892013
-0.9389181655385801,9.685731357547075,15.797743773745593,-0.07769337871150916,-0.5012883551821279
-0.41711749140898163,9.620888967520509,15.507675485957469,-0.5869586536643782,-1.5817761286472196
-1.4586757851061773,11.339127712174852,23.842858197570283,-0.326128897871028,1.3360327233578015
-0.7924566815445309,10.961001389852992,17.90020692589244,-2.0369544532086485,0.3679304123075025
3.4129102731174674,19.951408374331532,44.8674978549449,3.509902149326938,0.12163913001983137
0.1639709720579761,8.651331663935638,11.667732066800053,-0.06398475563521537,-1.5103996156244017
0.379408236953358,15.096861943771954,27.61361936407529,2.2253801955954673,-1.4999658117376122
-1.436398104242027,7.294656472930557,12.147689293866833,-1.6069768747003248,-0.2214103519118535
-1.1147813258084014,9.339498048232668,14.813267618727604,-0.6837457246125442,0.12973763859911322
0.47820617751744315,15.061700105299327,31.21639741921553,-0.02808263573371824,1.0451404199081553
-1.036444426266448,8.398156896208626,14.259392314900483,-0.2533444942680958,-1.0427556244029828
-1.3060292229041144,10.89417848725213,23.577972739345814,-1.0300714921839764,1.6275237505228521
-0.5293289637822638,11.831886437433306,22.859119089705814,-2.5274608842378203,2.0057207939608555
-0.6729244690646562,15.67566967413789,33.089063172186975,0.22405886416194065,0.9317898442851695
0.8698024270154427,11.47206062015021,30.15822429792092,1.5931362769657005,0.44498134949660356
-1.1578833291984267,10.066855553376765,15.501889326842795,-0.12368168284837343,-0.8607009063120092
-0.6944921038529173,11.246994811148191,20.547972058240774,-1.7587346887081772,0.5380689372754176
1.2109598938088602,11.301089156769844,25.446621644001418,0.12075035988487645,-0.3989225856521249
-0.4201018358796068,10.015039594100042,17.68736593705292,-0.14405424327796337,-1.275646068331295
1.1126386560660382,13.268405542241888,27.539999566994762,1.0481256154972276,-0.4341558360042713
0.7483675768378841,15.217288096823767,27.854224982134873,0.5566989967541766,1.0370159218733543
-0.21504909713346365,14.227447751674168,29.578802757670218,0.13389175733358658,1.6835052807309323
0.12055205900978683,12.623483859995938,23.592621505294378,-0.42758043274072816,0.0596306393612052
1.2042413008377326,17.164932891029842,35.841431161045435,2.4632925172057933,-0.2640307849825251
-0.08745090691393931,12.418449362961221,18.896265362125384,1.0224853012308186,-1.0057533011071595
1.439456246981025,11.52491918152392,20.3106706186919,0.17820496183408066,-0.47156503847456205
1.4602193721385235,16.744535520095923,26.566200542922658,0.45733908578937627,0.23709913770224256
-0.39027416286989103,14.207148983471807,33.02864046079578,-1.0306955985416426,3.1159210246242446
0.6849826660722131,14.716371601835725,30.506543353955866,0.14784441698059247,1.6325296700286103
-1.6133968888324317,9.662676315946259,21.99172209455782,1.5165061775683424,0.26250071488980103
1.2781293820208557,12.657965819134162,21.208255053455552,-0.3371229633747291,0.3825530719696352
-1.1688183102871315,9.233573223416093,18.33584047120311,0.25086515868720594,-0.6376586510863235
-0.05131445212630742,9.426949401550587,13.955536910379967,-0.779086500283268,-0.8521865737098102
0.3541186432261153,10.84820340709142,20.44746830171929,-1.301240613776847,-0.727157328159702
-0.9295455677675125,9.63436758386626,19.236079972983745,-1.1876019421162616,-0.44540399866876357
-1.336726243044824,9.150254005625808,14.662251680738494,-1.1339604366920961,-0.37381594684764574
1.433041623077735,13.463228332169166,24.648774599149387,-0.5303508357612137,0.7821057959371266
-0.6055684924053841,12.282202063236833,19.84496198964141,-0.9549045849842225,0.5471679060719179
-0.20542259597113216,16.146486506296064,38.73176022397456,-0.24494217582517486,1.4545176983155588
-1.0401485792399106,9.768829660643204,24.612398134257692,-0.5714289713465232,0.10728192496290374
-0.989073641653408,10.805374761318967,21.787359425799853,-0.49393602125702535,-0.3633860413957822
1.946615903747437,16.623227267092222,29.861039400435452,1.8582322398303663,-0.23258642379762465
-0.6131368014165226,15.433174770597894,29.004223156398613,-0.01813542738198647,0.4249334276066286
0.6138074488187094,13.864794476988337,24.77294880946175,0.8043730380010511,0.39815153769185474
0.027446978515368703,12.389333139371628,25.60535295323001,0.630708719921445,0.07277926258481075
-1.2589704488001643,10.439669291839373,23.666169694878537,0.3331800433635907,-0.2620271918730948
-0.36691179209617114,13.821099020164342,28.24943383402443,0.09089373304479724,1.6183031264918772
0.2377098830747666,14.866588211823696,30.78541337618208,1.147379276680185,1.296926261426328
-0.009895671889589674,8.174867269154245,14.170557261820225,0.7252559673196589,-1.8528289888276097
1.5716999024603733,14.606367494644061,29.429573694016323,-0.6660637298513022,1.8407294370460074
1.6901582332148615,17.54677785438812,38.98375768271857,1.8796883122736388,1.2904990742983111
-1.736456167986899,5.866207434301197,10.325843022436526,-0.5867693894391314,-0.33723016808789325
1.495900825423739,17.388513747837592,37.40500632847801,1.4441524904447736,1.32839776616778
0.152335102229805,10.283205963936622,18.35881652901622,-0.22119539413048597,-0.3998002573984501
-0.1659647874925239,13.680380259836811,26.432157721255624,0.024820832207512605,0.2538412741579768
-0.21703553202885095,11.199526675108594,25.01521896812789,0.9122418095306402,0.529266899380072
0.6119077617581903,10.30136948633783,16.649503701132513,0.768308017269007,-1.7259515546632327
0.4860364383948908,13.784233644352016,29.41591677857425,-0.01865461596090206,0.3763884047175402
-0.7756019376437049,8.01421291479203,16.111983213581134,-0.7583718496216674,0.241538568411921
-2.970397733313958,5.72020179317723,12.016576410140406,-0.8097502180483603,-0.16834033047661753
-0.5836623465715438,10.212454971249297,14.25802002190837,-0.31030570025301374,-1.2896566965755578
0.6218522261958591,14.329826919691522,26.099962480965647,-0.7950187098778249,1.3302722771251423
0.198198149104627,14.950977191732411,28.474375433904438,0.2721527607615785,1.4061881825539728
0.2061107995482328,12.374884081707053,28.3362015952966,0.724469895875782,-0.11787191251284149
0.7496500830295652,13.607394898246227,28.533087919019508,-0.1950552689630798,0.9767287742772267
-3.4748898703430564,6.042072253845043,10.220989672149882,-1.0172166365642417,0.2860835468647149
0.2644684431333621,12.498183617731623,20.75715806429396,-0.0020240622011850136,0.0019344428321844474
-0.15719874801838013,9.259310085410682,15.097349704095038,-1.0036299190944327,-1.2370515838063427
3.3379554710173878,19.206046512743765,40.04966210591632,2.6626225124697434,0.6696619500446608
-0.8720281517138626,8.118062079126,11.530684883456647,-0.5223100944837683,-1.4787548945524642
1.9164657750396763,13.56094705257388,24.1017590945444,0.4786530771222078,0.15832889714398926
-0.23157699258975845,10.402711842448962,19.11882086058013,-0.14032895386687896,0.12544032468927335
-0.5512900607258012,11.51968615285968,21.38987182298491,-0.7305496044862368,0.47494251956562633
0.9177393669580316,14.737111690884444,29.68062401348817,0.314362381021271,-0.5469326188158665
0.5665184055783148,12.910392649917448,28.668406905322485,0.8449943162867407,-0.004481824969790278
-0.008050764746384387,15.027834563589003,23.669652575375792,-0.7019671454433838,-0.2668980949268029
-1.8941962549244924,7.8249705570326995,8.843010538388459,-1.1588340645884554,-0.6409027206458184
-0.05254777287583401,10.391410069250695,14.949310104128509,-0.8327098351727269,-0.8919461270729231
1.3972418095868915,12.986470743251564,18.730754192429888,-0.1822415031824036,-0.4316235626331779
1.78987266814356,13.705130509073655,29.142951826759504,0.4979079230068877,0.5376740956701737
-0.012486940957602277,8.482032548977925,13.357378659010623,-1.4536848131498823,-1.9782568046166724
2.220521155849712,16.56137745846945,33.71214469823198,0.7728721092958358,0.5625489920384782
0.33347417319028017,11.236456987622883,16.3410829631477,-2.118540244835959,0.7754373402896332
-0.7770428847813816,7.010257172036756,12.923668797509862,-1.376262978643339,-1.340616272720056
0.36427083891626655,10.960689170335588,14.238700566032763,-1.8850669654689833,-1.4357339511460032
0.03950677231498688,9.873268982218393,16.642371212573664,0.21995067036882301,-0.4763397246296712
0.3858666323239829,9.60311624781265,8.632772195484526,-0.9702194005159379,-2.5950453969438882
-0.1700491263445958,8.285300885720883,15.095521005437877,-1.958054474336935,-0.3067273602403695
0.9481720400296465,13.099526756158156,31.873525524311415,0.523443104450661,0.8539232358193886
-1.4141415811598483,7.542569591238266,10.249999713496656,-2.019702041574097,-0.929151352958232
-0.8675874817661158,8.185267774681911,15.685809643935357,-0.9331595239016962,0.05570233737304777
-0.2972845671270882,11.45656236072798,23.090913851728097,-1.3238008075348315,0.7681227456664694
-0.6148459438789419,6.833800464625867,17.19875640539844,-0.1465896013179407,0.05131336952114738
-1.152804615305763,11.637668647521972,24.56793402320022,0.8625221674846543,0.4234127070156306
-1.4483054956859485,9.714207628954586,24.42962990892814,0.32562031874399183,1.189197668820488
-1.3462953340836235,10.10093330130469,15.55718381094913,0.23609960945726563,-1.0972493206790837
-3.057343521119348,6.651003290609303,13.467564897787177,-1.1368050152512796,-0.04193463998084203
0.04818853636796161,10.933208442277703,22.16321412906662,-1.2221312559410848,0.5027101662921312
0.08351754814133905,10.840430857448652,18.198338322923654,-1.6592796009005573,-0.0272475812154294
-1.015332519825148,9.445157680234857,15.332079611736809,-1.530900141367822,0.10882923887751665
-1.5250288535411085,11.28402477290531,18.301582486038832,-0.4930009397217051,-0.1364821067748048
0.10660367820820382,12.508944932619077,21.74547239057733,-1.3209202897207986,-0.24787203305052286
1.5336655355636002,14.481911099382785,24.523098823712882,1.1492994294586478,-1.7089425574308323
0.7971502324891542,12.575889245973071,22.02515400015579,-0.32030652944732685,-1.0418928848619164
-1.516928977251295,9.011627997300202,16.628394858882775,-0.14617687413040678,-0.8689489724410839
1.0925978316953855,17.695325186606006,46.846596397060594,2.887461897582552,1.7183627216127906
-0.10461807985566107,10.955133833078273,22.487351892699195,-1.0089234548793848,2.111569127284468
1.8750258574700929,15.241251125639728,30.36457926963249,1.6855845341692515,-0.8635719346489863
-0.7253609453771828,10.704122455644475,24.64868660403692,0.5604068276332334,0.5030639886947067
-0.498916440419666,11.308332456385706,18.438043181396687,-0.341515130386509,-0.507651110974419
-0.37212094445602223,11.448493537864508,22.72427768032864,0.6490005674544914,-0.7699455155602554
-0.5391865693007152,10.232875219352612,13.517333874540277,-0.2451010114586958,-0.8476755666998272
-2.427054633614924,7.36603975669285,6.74329936130426,-1.2942621611734566,-1.0543194833640215
-0.8777563920248544,6.300400223482678,9.847361621631453,0.1422478973244618,-1.6520997885706974
1.6894524733880951,12.539160780756355,23.4430635230632,2.4829787394630967,-1.6699817398149754
0.4793104454175434,11.309727888929391,21.815538703461762,-0.2871421527364774,0.11250454796781749
2.27679476193535,14.678500249033249,34.32405251905535,1.4701547580127874,0.9897683733068791
1.2636074106659274,14.244697186389661,25.87469227194192,-0.6102030309585909,0.03808206937202818
0.5488285386220868,11.974834596058045,24.66274482405868,0.5887278582366853,-0.8835892668736604
3.431772277231936,17.918309617689218,29.14269856203435,1.1825203423345552,-0.7417598423724602
0.6691976439096307,14.068582663322852,29.70767473198602,2.0803555219470518,0.556156609954049
-1.0892434338722379,9.739874806552615,21.503542604496786,-0.8382897447482472,0.8900816684965519
1.4615157259441123,13.265125803199092,28.437116031843374,-0.36876868825485365,0.5547219858641043
0.5216711977469748,12.594969287166085,18.364986483397917,0.2309151052900643,-1.272435759891935
-0.14100384978000513,7.995017207648337,8.88123224896837,-1.3152556571345202,-0.41076011447901134
1.5338158838787272,17.046299038067353,37.25132878603633,1.4483733072544172,0.12294874622919333
0.7219797334173159,15.0374259853419,29.950518374623268,0.7430638628063917,0.5398295625540979
0.9239149275311533,11.834030059311848,22.340530466105086,-1.1160739875583663,-0.7816445997744579
1.3583802393033213,16.40509991858147,31.643680428881257,1.464090465653782,-0.5225539839595446
-0.5533690354624434,13.05222729940977,28.876081748581463,0.5637480117384688,0.14913678849187975
0.28116223272872276,10.766032499536948,17.016331204173778,0.6343323094994712,-1.0688528720870552
-0.6591528999805776,8.417624848821749,15.728462315992248,-1.3208081748585911,0.06230690832572578
-0.21894239736235344,12.357839391527808,20.01642632135374,0.6922257565823076,-0.9406429607135595
-1.0846393375249817,11.305762395524306,22.616213554021616,0.7440879058057618,0.3938263187554394
0.07371032289092602,12.627468902034899,32.496363108048854,-0.2982501778879127,1.330456837697889
0.03928081849827897,12.444290080879707,22.142645760567834,0.46191070717187904,-0.431802681285951
0.7610860002485322,14.99827786906764,23.50988567972935,0.3072520789865361,0.10293536789701886
-0.20921886321238808,14.904373194789532,36.10579576027931,0.19235830857166633,1.2008372767601154
-2.1303912623292716,9.549051520406003,18.22998669419607,0.6249748391420981,-0.4643063082259793
-2.8866856240570136,-0.6738899666747837,-3.7581789316623846,-1.5318355005813227,-2.2134776408080192
-0.24243110324127415,7.677185264763207,10.214169477882548,-1.2932147222280082,-1.382348189389071
1.0705916691942812,15.87789370879532,32.50899126917405,1.5494722733200754,0.7560794308677498
-0.4457168243496856,12.733672018734925,18.764318707235972,-1.0875879560586434,-0.04255332698942431
-0.63235250935225,6.622238325623149,4.32174682322755,-0.3413470112984112,-2.5851915245321693
-2.3261424854947292,6.090634301562739,14.859339758231798,-1.05638069405674,0.9537964480290725
0.5782818492934771,12.780015043237524,26.873069170247923,0.4039197693957635,0.3596093216731526
-1.2238765850477793,9.133416718044028,19.845642637833976,-1.110434055491271,0.1871445087543685
0.8434072937220808,17.436058570554067,38.129971632304255,-1.173027545327581,3.121314260184559
-0.21002835428483346,13.726897362199239,25.30010949213183,0.9823984975109938,-0.23797890265999763
0.20625288101469563,12.154330902169065,20.024494213814194,0.12635872096496245,0.4033603816875694
1.1275166798046627,13.25533051485887,26.17111528372269,1.2733533115853564,0.038331595133054855
0.4583979803339872,16.632566689446097,33.27858848108886,1.4338273233958583,0.846469979385737
1.729698335938829,14.946255238311524,26.393186149256348,0.209424785016522,-0.021001244515607195
0.1335594496396372,13.33041109489154,33.390687740738116,0.05467276044618861,1.1818976517135715
-1.1329132093575904,11.490638027412256,21.670673806557115,-0.7971312012712098,0.7824221518253448
-1.0539216943889997,13.761214657033133,29.9922881814095,-1.1568334782495542,1.6221957799457407
-0.33961540191142914,11.168039974415734,12.93376490847499,-1.9152119721271639,-1.1836258296314717
-0.038910010559088604,10.979284658284016,21.608178723243228,0.9457583873430976,-1.2227356588510319
1.9420719133558588,13.700348598198577,26.654317669083667,-1.0492649951082846,1.025419645608575
1.2643580874887947,15.482375474142469,31.91257582361686,2.4922211276521726,-1.5527475372295045
-0.76025703134164,11.686472172153252,21.6621274035262,0.15739727960031072,0.6183311233988111
-0.3478806372599452,11.94067221073278,27.180413409511388,-0.7665752937168612,0.5160270450018213
-0.05075865107502121,11.310307644041137,23.03052380987604,-0.21829792439507023,0.41853435390629085
-0.9734763767286128,12.664237663599563,28.147674262955604,-0.4581276840009214,2.1460676599864996
0.6406683252750858,10.501459958462819,15.334480854239011,0.38762029642134177,-1.7967017516524988
0.057151936975726965,9.20251224396418,12.198464161508639,0.15119688088187225,-1.527734397372609
-0.5953409160779424,12.218563816586553,22.46023645182999,0.9300574198201158,-0.10689516402688945
1.8558152948818516,14.22626108262304,23.832110185815104,-1.1117137740801446,0.835146707563771
-0.6982204712362232,10.40768977134144,15.631589934191181,0.704170872357615,-0.479952158364287
-1.5153791581560039,8.672613198324035,14.849169630854565,-0.18099013721534282,0.07748013226600103
0.21936084803831868,12.070316960832024,17.78406201480323,-1.2649824227350943,-0.6137122062845323
-0.14871587760294608,9.472444887386974,13.629166354656492,0.7474373793539628,-1.06124311913708
0.15195500766618125,15.421663837514973,26.03582569512814,-0.663263508148753,0.980080434328564
-0.5317641884763805,9.816999703956464,17.39337924401416,-0.05859478092027686,-0.9438183377128478
-0.2388355355742473,7.798352915754163,14.697266439823077,-0.10557660472877671,-1.03023853019922
1.1483118982417504,13.701781852768361,25.961770674046505,-0.04603242866779224,-0.08165122676648573
1.2183216872442966,18.724628239016393,44.38728198201835,2.542282909262754,1.625752795681591
-1.1575254824738377,8.732217355819396,21.235108226480044,-1.7876925334428457,1.1188838587940728
-0.715011336365291,10.719522087291317,19.786546296598246,0.9111509766372473,-1.5907099788501353
1.7959249654324012,10.102543546747622,21.5982426069244,1.4020971961107855,-1.997672277824981
-0.2541977129144142,12.52107844143485,20.86558082355652,-1.3846910537635835,0.8383960448178923
-0.0814681747490734,11.963667916903562,29.52683729802223,0.036813442894492635,0.3016652110075844
0.2146585339692736,18.283090295419992,36.18411771487329,0.9589091642676633,1.1710832418799633
-0.298940695178498,12.024543130164975,19.39522179424042,0.2012452046337041,-0.5030149884882841
0.5162931074368917,16.6136936336508,31.328625200252105,1.263491897379117,1.5030072145402855
-2.4557811303111716,5.557130583091974,15.613792805415738,-2.0204090577985263,0.7706366617273428
1.54782380462245,14.563685549768712,23.423421532936974,-0.49992683510628205,-1.7600968017106153
-0.29071298703008197,12.207565306051388,19.111726664087453,-0.4209126240688204,-0.6542024707363034
0.05193488132851898,15.35633006192726,29.701886230368494,0.8708584751058409,0.4531310846684863
0.4510673721395927,14.468991599659683,32.89870232733496,-0.7066556568602297,1.5437155291779385
-0.7931660696466872,4.450819875580687,-0.6201685315053211,-2.1646665502281945,-1.4637971270806105
-0.36055072772963914,11.031730304103238,20.862923577904226,0.24891158826837156,0.6091911834644446
-0.3435339350214568,12.272377048400386,23.874238338716406,1.1329759003924005,0.14239362834880107
0.37749353496180293,13.161837742373907,21.216781425106106,1.4232502618330287,-0.3190304163119887
0.3692061840475457,11.665803487818296,23.452120239999537,-1.3050406145835312,-0.28747587018544013
-0.09722573159686776,7.725578686932212,4.95823402496273,-0.969374087109758,-2.181209242346781
1.2186754549635141,17.610791519119186,42.06415895428984,-0.2208996425419215,3.1485459581493473
-0.45351945582739717,12.596480671511557,29.261728881482767,0.6735966291248959,0.21916029641374907
2.131239138800759,16.068570214788938,26.658948796714547,0.2297609583011617,0.47960142067010025
1.2889413903503306,15.251280799132608,31.63312371300616,0.9747920946835467,0.7051945334226595
1.475659000990269,13.63668784908436,20.42908701163638,0.724371429209168,-0.932023166710069
1.5751526562362763,16.616153312977655,32.88866102293701,1.8293131352531677,0.4901012195570232
-0.15920140211331207,10.83184101437942,25.98952515376674,-0.7878644850422982,1.2055647770115225
2.0464197190867077,14.982704174463734,26.71234154461852,0.6862432924909468,-0.7650278243042252
0.8359000754660242,14.786396917106844,25.685154314557167,0.12478065049299818,-0.4939782854937823
-0.7020839057634463,14.162655256105243,28.237454049504933,-0.5716907593119895,1.6081144032986132
-0.48593041668844905,12.912612229992849,23.2750101313826,-1.6939364083673871,0.07275482960663185
-0.847098696740594,9.397476155776921,18.463762270634327,0.7894558424282642,0.025671768480102636
1.965924236091301,14.631057593931079,29.022014864054995,1.149366886488953,-0.6738249812800979
-0.8138172545959741,11.644815698747815,21.50973937921777,-1.5563330642590487,0.579635935640375
-1.6353954345797779,7.441346034527717,12.23857701836774,0.08910669269447068,-0.45975705835739866
-0.3766881643736552,14.228825057803723,26.346512416767567,-1.0654431611455129,1.7230877449878754
-0.21026078230755416,12.513332239842146,24.784552815077436,0.3001929953469348,0.17936991268649766
-0.19235786219476364,9.760033447087977,16.916729297215852,0.7639212178496292,-1.8757771529888203
-0.24166140580361078,7.895093561265338,22.126328955769175,0.3439782662326286,0.17393161187435768
2.572378772610701,17.86646698144414,34.78612972026058,2.245595372400378,0.6015221518631138
0.5252660311178196,13.171276715396813,22.88351716319606,-0.22494827112197013,-0.0174794170997598
0.9956004411909527,15.410032525755486,33.745164490269296,0.06684907131693403,0.4804634740508238
1.5653558068327427,15.263582265804873,29.750738027671524,-0.2981479934974542,0.029993315584767286
-1.321767080552089,10.369802227062353,20.153494631824984,-1.4423119198967396,0.6976316953762796
1.4018224365667287,15.143399019404614,36.14735753264018,1.3157967307570453,0.21366746766042843
-2.2526144483022104,8.007623797532249,11.775797001625296,-1.9427268752240061,0.8577562660159092
1.2676658205198432,12.541446836347154,24.213896234281094,0.43929887331055933,-0.13015892340442287
-0.8461532219836989,11.782652150929238,16.819838060486372,-1.886130383815437,0.9316957524341521
-0.4814662347485149,10.034006335292318,25.72763365844282,1.198596282478486,0.08359919997967748
1.0083121050063932,15.089192654314594,36.822086108499086,0.7605297287842387,1.6647283741753696
-0.5356124295872116,11.760018503847235,13.986644791072436,-0.9889353363612293,0.21486330876312107
0.5265963075719228,12.564665198115682,25.08981156573571,1.2478926593133752,0.1175138896585411
0.6124190469435247,14.565399760484787,34.90351473003825,0.4774834055584061,1.5918479677935982
-1.0771107218752103,9.203542118660716,22.02936798998696,-0.13207545667723733,0.6912533702581213
1.021469424612166,15.455059718462115,30.617078590633565,1.344457913692554,-0.23196470431111324
-0.5549947870765207,9.953523916472806,18.50001550198588,-0.20683528729850045,-0.9645145397374577
-0.9264000197688091,9.324656313513934,8.82903117291163,0.8755445109780303,-1.8076445949878794
1.8422010041145116,20.535722614395734,36.01748780573426,1.8772580537308625,-0.4629395502406189
-1.367239951317202,14.079970224129502,34.28162993489909,0.08507040593021022,1.8404193246642808
-1.606411248398501,7.919161261715909,17.10628681365377,-1.8842995037825794,0.5432505432888162
-0.06226853380934855,12.441857706886726,29.142366461971122,-0.40493533016719546,1.3374459640869751
-0.9047756359473207,12.063773051528006,25.561203923670515,-0.16883588207866218,1.7146345833736027
-0.7434168771992686,10.414661797101536,19.428784908885895,-1.2765826808581993,0.45487667429199374
1.452134000322347,17.48995400608808,41.05314756904857,2.056983914420072,0.5705734790260488
1.966443271863714,15.426247506306058,29.951916418064396,0.2194610243845426,0.22890537374212472
-1.9677129063280985,6.97514689811777,7.4943032882547485,-1.2182465613074271,-1.6757338493847722
-0.69333775236709,12.352121891499747,18.30695425879615,-0.9876454021612999,-1.5268447490485877
-0.6172855843903282,10.062985730664725,17.48476430959211,0.0024957821815173586,-0.15850026100482711
0.8584136087008496,13.28195464352647,27.071531590030997,1.8253702214907506,-0.3034572773818071
0.7473964140738176,13.297875941039372,23.821349441984108,-0.8840669276981816,0.46569607685780423
-2.0036807437312874,7.961331772897214,18.953943085556663,-2.0173529111055863,0.48305163071562884
1.1124731406487842,13.661580217257287,25.444384076670957,1.1755546631298277,-0.7223611531841521
-0.9265945414438774,10.166285665827797,16.36915739073214,-1.581291797701098,0.05418206537197865
0.4548966419106515,13.529994253824556,23.150010796647038,1.9178448508226158,-0.8756045270270996
-0.3808471446261975,12.466914511427492,22.382375537489107,-0.5357593631147082,1.616031132739717
1.1613684278060357,10.361226911071313,17.849212141007072,0.6007362309782598,-1.5959873170105079
-0.5872089955813714,7.273676900977646,11.996560167756076,-0.3316128639056471,-0.9004167628982881
0.21689401321031226,13.090643274573768,27.631114015329462,-0.6383783636684804,0.38409917030054963
-0.6438209250828575,7.759278507132778,13.324397894318805,-1.684351456251996,0.3111802125765003
2.194803540906841,14.636817841667877,32.20264699897813,0.30754127301918394,0.4066979042549215
0.5618919779821282,16.295065562796953,29.471783864855205,0.5537421713893688,0.10511431108485907
-0.18653844860350577,8.424116035475707,9.560944433286144,-0.9493240668484345,-1.913856510818239
0.3532999999219487,15.276772069121316,31.673094558552783,0.6798416071429235,0.43097456269453094
3.1412210315862072,17.868061241218214,29.173527516392305,1.0287687216297898,-0.07436619789322955
-0.966891947266979,10.712751527915703,18.851774057943246,-0.3777965437621122,0.4122965497213765
0.056101859418507635,12.07389034447996,21.05371695171972,0.15091591381208902,-0.5702065409760374
0.5773678706867741,12.372119130145622,29.006114402036317,0.2278100465145091,0.8791236427965615
-1.117936435369963,10.169377904060116,21.907168585886026,-0.8651871942994986,0.6252194828597969
1.6780606889012692,16.8360876213158,34.64989071905946,1.4148886526833466,-0.05980190764175638
1.479441328066633,15.283693378659443,29.497935669068482,1.509563554364038,0.11391541397652699
1.1430317995911348,17.2214920077591,35.49790428956633,0.3255596400264983,0.8565478669237587
1.4381922037842898,14.419272391106608,21.397527857322988,-0.22359216305151125,-0.19743913227030846
-1.3945652953412218,8.536801135416662,9.983535307619354,-2.1841900297191215,0.566334413376744
1.299907187547975,9.823430522645955,17.43517377030663,0.20482435930244938,-0.3296492170547736
0.6189806019367776,12.520504182579092,27.0049478441929,0.9285521816334785,-0.004253536365111143
-0.28239737470137766,12.452519188151344,19.607229623625535,-1.0407517382335052,0.05225476056975784
-0.536878511910509,10.956971443658276,18.675365558227824,0.6906242004595314,-1.553435803374187
-0.7177191453002194,12.881352871337462,22.708485702261648,1.7155118925199202,-0.5325817782443699
-0.42053804985957927,14.357626483587987,34.76532841655037,-0.7949040059497232,2.164237753553694
-0.9147741942670657,9.511283766778044,15.608354491369935,-0.06738048876538866,-0.925846901029525
1.0719873989156259,13.597336076671189,23.39619562070186,-0.6049982597192152,-0.5709139249009773
0.06228665510441528,10.799423835592751,17.271139696110097,-0.2689752515416969,-0.7262758473728863
1.106067272339509,14.573472431644579,27.08968818599588,0.6040449262953287,-0.6777246304991734
-1.3568558144758787,9.920375906273788,23.488783154641595,-0.301359051697032,-0.14550344901895795
0.8274548109952221,16.24071892847098,41.42858488165916,1.5579672344905542,1.3966121885329936
-0.3003999900792963,13.957991993597679,31.93102852501873,0.1255146025824642,1.641907075109011
0.6347140892478014,12.038634581321093,18.761036304008957,0.48111563368614385,-0.10449364924220605
-0.7422302164040462,7.758535398884838,8.07379476761992,-3.054614110693269,-1.2930661267150352
-1.1200867755122936,13.31050872854572,24.307213305425158,-0.5165023918403258,0.10057607337961647
0.8272402884795443,12.383277537344341,26.614270067474354,2.229961655701766,-0.5491468899374045
0.8493705156050739,14.26953968672902,29.03186928731359,0.7323312038429455,-0.35895860248547845
-0.040558673682871,15.350508724363877,24.837692090550235,0.2749257741858352,-0.05318882702073974
0.5929020819145425,11.621273363290799,18.831471637003766,-0.5550513639924224,-0.5329167497298676
-1.0194037493821009,10.34734778065822,23.163448483035502,-0.4450479084442513,0.28465685834926624
-0.7676014949704751,9.295638462577651,15.112952743182312,-0.28312477724432716,-0.9315107545814217
-1.547523282199756,8.980459005685042,12.923591965873882,-1.031047265673259,-0.4436944426135739
0.662113306974624,12.761698199106139,25.54360644221232,1.1497958521935032,-0.04423147927415703
