assignment_z,treatment_d,outcome,compliance_type,d_if_z0,d_if_z1,oracle_treatment_effect
1,1,67.94540464128801,always,1,1,12.0
1,1,67.42968570837223,always,1,1,12.0
0,0,46.62193917597348,never,0,0,-3.0
1,1,68.19599337536896,always,1,1,12.0
1,1,51.27106480010497,complier,0,1,2.0
1,1,51.59686405801079,complier,0,1,2.0
0,1,69.36591354392307,always,1,1,12.0
1,0,45.46815171019902,never,0,0,-3.0
1,1,52.17634320662441,complier,0,1,2.0
1,0,46.69814187490319,never,0,0,-3.0
0,0,50.393549540319775,complier,0,1,2.0
1,1,68.45362890155792,always,1,1,12.0
1,1,51.135683451928905,complier,0,1,2.0
0,0,49.36216967068361,complier,0,1,2.0
0,0,52.57482805246772,complier,0,1,2.0
0,0,48.80803259601258,complier,0,1,2.0
0,1,70.36200091489336,always,1,1,12.0
0,0,43.95926856615971,never,0,0,-3.0
1,0,47.16504681665455,never,0,0,-3.0
1,1,52.02727401564654,complier,0,1,2.0
1,0,47.142702209659184,never,0,0,-3.0
0,0,43.694745512405014,never,0,0,-3.0
0,0,46.99195861898285,complier,0,1,2.0
1,1,71.85702800938697,always,1,1,12.0
0,1,70.5488618334159,always,1,1,12.0
0,0,47.861957890042724,complier,0,1,2.0
1,1,67.9475346966711,always,1,1,12.0
1,0,42.9215061274207,never,0,0,-3.0
1,1,54.37371500536336,complier,0,1,2.0
0,0,48.69835129032112,never,0,0,-3.0
1,0,44.06104090878905,never,0,0,-3.0
0,0,50.03979730288636,complier,0,1,2.0
1,0,45.14852214075015,never,0,0,-3.0
1,0,47.32354426170052,never,0,0,-3.0
1,1,55.86805619314171,complier,0,1,2.0
0,0,48.20375043441363,never,0,0,-3.0
0,0,48.91680261651962,complier,0,1,2.0
1,0,44.151316517288045,never,0,0,-3.0
1,0,50.09824985411208,never,0,0,-3.0
1,0,46.66214319586477,never,0,0,-3.0
0,1,63.8846937459192,always,1,1,12.0
0,0,47.002270479956735,never,0,0,-3.0
1,1,69.43737003986901,always,1,1,12.0
1,1,72.94942629182694,always,1,1,12.0
0,1,70.31971697721758,always,1,1,12.0
1,0,41.60994452665105,never,0,0,-3.0
0,0,47.59533485355726,never,0,0,-3.0
1,1,69.81255572130462,always,1,1,12.0
0,1,72.99966899952888,always,1,1,12.0
1,0,48.020028738517276,never,0,0,-3.0
0,0,50.230597209707454,complier,0,1,2.0
1,1,54.77479370105439,complier,0,1,2.0
0,1,69.78126864713244,always,1,1,12.0
0,0,43.54403755130848,never,0,0,-3.0
0,1,69.24618777572407,always,1,1,12.0
1,1,69.50324656597301,always,1,1,12.0
0,0,52.36099858990796,complier,0,1,2.0
0,1,66.632266091516,always,1,1,12.0
0,1,68.37802577629857,always,1,1,12.0
1,1,67.97558085991352,always,1,1,12.0
0,0,44.0186240142737,never,0,0,-3.0
0,0,48.58816541367435,complier,0,1,2.0
1,0,45.082635925175346,never,0,0,-3.0
0,0,46.62672733610831,never,0,0,-3.0
1,0,45.62163293591455,never,0,0,-3.0
0,0,51.770870924768964,complier,0,1,2.0
0,0,44.482569712761446,never,0,0,-3.0
0,0,46.896753238833575,never,0,0,-3.0
1,1,67.52780050254925,always,1,1,12.0
0,0,50.941813071916755,complier,0,1,2.0
0,1,68.47702475213818,always,1,1,12.0
0,0,45.77870661637086,never,0,0,-3.0
1,0,46.43775942465021,never,0,0,-3.0
1,1,68.5295304343983,always,1,1,12.0
0,0,47.51680775400196,never,0,0,-3.0
1,0,47.81635333858849,never,0,0,-3.0
0,0,47.279279329544586,never,0,0,-3.0
1,1,53.704848226918074,complier,0,1,2.0
1,1,51.80954264688756,complier,0,1,2.0
0,1,71.08953264757201,always,1,1,12.0
0,0,51.22202903295345,complier,0,1,2.0
1,1,66.67618063972206,always,1,1,12.0
0,0,47.91680402146094,never,0,0,-3.0
1,0,50.03617859187321,never,0,0,-3.0
1,0,44.55561518759181,never,0,0,-3.0
0,1,66.91810357752578,always,1,1,12.0
1,0,44.28093158176204,never,0,0,-3.0
0,0,45.4751409030259,never,0,0,-3.0
0,1,70.6820189385255,always,1,1,12.0
0,1,69.54590734737711,always,1,1,12.0
0,0,48.35967013363163,never,0,0,-3.0
0,0,52.54472100501153,complier,0,1,2.0
0,1,68.14330091731428,always,1,1,12.0
1,1,53.12813578586662,complier,0,1,2.0
0,0,49.459557336114,complier,0,1,2.0
1,1,69.7481591405558,always,1,1,12.0
1,1,55.47728397870574,complier,0,1,2.0
1,1,49.590684501764834,complier,0,1,2.0
0,1,66.69069358105368,always,1,1,12.0
1,0,47.397578091671626,never,0,0,-3.0
0,0,47.36660703611551,never,0,0,-3.0
0,0,43.39480373039946,never,0,0,-3.0
1,0,46.23078143110515,never,0,0,-3.0
0,0,44.12824623740786,never,0,0,-3.0
0,0,50.466505803042,complier,0,1,2.0
0,0,51.13491605738357,complier,0,1,2.0
0,0,53.35548467737048,complier,0,1,2.0
0,0,44.47663720018191,never,0,0,-3.0
0,0,51.11353959989733,complier,0,1,2.0
0,1,69.67828548450207,always,1,1,12.0
1,1,69.62084053910257,always,1,1,12.0
0,1,71.6754057871457,always,1,1,12.0
1,0,46.50081190535142,never,0,0,-3.0
1,1,70.29944388005926,always,1,1,12.0
1,0,45.473754160941176,never,0,0,-3.0
0,1,69.35403444983223,always,1,1,12.0
0,1,69.45097242136976,always,1,1,12.0
1,1,69.89223989794557,always,1,1,12.0
0,1,67.3631250425789,always,1,1,12.0
1,1,53.932903389128356,complier,0,1,2.0
1,0,48.39158434780202,never,0,0,-3.0
1,1,52.94221854796765,complier,0,1,2.0
0,0,51.69810269855133,complier,0,1,2.0
1,0,49.2960900578732,never,0,0,-3.0
0,0,47.568521764676355,never,0,0,-3.0
0,0,46.522759620260956,never,0,0,-3.0
0,0,49.31711756787492,never,0,0,-3.0
0,0,47.37885842201557,complier,0,1,2.0
0,0,44.85932385185781,never,0,0,-3.0
0,1,68.74649810223515,always,1,1,12.0
1,0,47.039294767567036,never,0,0,-3.0
1,0,47.108929517669246,never,0,0,-3.0
0,0,51.838117882606014,complier,0,1,2.0
1,1,69.3829785218645,always,1,1,12.0
1,1,54.332372687775006,complier,0,1,2.0
1,1,70.90900633876564,always,1,1,12.0
1,1,66.37841443542378,always,1,1,12.0
0,0,49.08353817464344,complier,0,1,2.0
1,0,46.035321910383786,never,0,0,-3.0
0,1,68.8610662398367,always,1,1,12.0
0,1,64.3504463133228,always,1,1,12.0
1,0,43.647452942422234,never,0,0,-3.0
1,0,46.01715814335723,never,0,0,-3.0
0,0,50.726008862946735,complier,0,1,2.0
0,0,50.43812383533476,complier,0,1,2.0
1,1,66.1655553945896,always,1,1,12.0
0,1,71.38155008462206,always,1,1,12.0
1,1,53.14771861571053,complier,0,1,2.0
0,0,47.14536768488969,complier,0,1,2.0
0,0,49.867917329837624,complier,0,1,2.0
1,0,47.029620282677804,never,0,0,-3.0
0,0,46.404730519694056,never,0,0,-3.0
0,1,64.08976523167574,always,1,1,12.0
1,1,69.11200909394593,always,1,1,12.0
1,1,70.13526787890042,always,1,1,12.0
1,1,51.467217890339285,complier,0,1,2.0
0,0,48.62508405960747,never,0,0,-3.0
0,0,48.50994064638135,never,0,0,-3.0
0,0,43.77203000085166,never,0,0,-3.0
1,0,45.616012816811946,never,0,0,-3.0
0,1,71.06404973952559,always,1,1,12.0
0,1,69.04656303898045,always,1,1,12.0
1,1,69.83165434631555,always,1,1,12.0
1,1,51.50698493715762,complier,0,1,2.0
1,1,53.08242428463545,complier,0,1,2.0
1,0,44.81046074024392,never,0,0,-3.0
1,0,45.10229428588951,never,0,0,-3.0
0,0,44.40476583270629,never,0,0,-3.0
0,0,46.815795318199214,never,0,0,-3.0
0,0,46.812581230500825,never,0,0,-3.0
0,0,45.555036379911556,never,0,0,-3.0
1,0,43.69287409935849,never,0,0,-3.0
1,1,51.716543364937664,complier,0,1,2.0
1,0,46.13719806855744,never,0,0,-3.0
1,0,43.7164360282578,never,0,0,-3.0
1,0,45.205007670211835,never,0,0,-3.0
1,1,68.72386201601805,always,1,1,12.0
0,1,66.20032247371864,always,1,1,12.0
0,0,46.40162326154174,never,0,0,-3.0
0,0,46.41538738620586,never,0,0,-3.0
0,0,43.324888424146465,never,0,0,-3.0
0,1,69.18154384826374,always,1,1,12.0
1,0,47.046542507270956,never,0,0,-3.0
0,0,47.69498441167093,never,0,0,-3.0
1,1,53.89566197652212,complier,0,1,2.0
1,1,51.60563771562979,complier,0,1,2.0
1,0,44.01246840148756,never,0,0,-3.0
1,1,51.89687727905557,complier,0,1,2.0
0,0,44.01198222783501,never,0,0,-3.0
0,0,43.35265713247498,never,0,0,-3.0
0,0,49.38286316878315,complier,0,1,2.0
1,1,55.60973758074721,complier,0,1,2.0
0,1,68.65318783561887,always,1,1,12.0
0,1,66.14769674775859,always,1,1,12.0
0,0,45.50536172454494,never,0,0,-3.0
0,1,70.07860589820795,always,1,1,12.0
1,1,70.81218597641241,always,1,1,12.0
1,0,43.76226841465122,never,0,0,-3.0
1,1,67.2760615229418,always,1,1,12.0
1,1,67.54881721117502,always,1,1,12.0
0,0,44.562642278326,never,0,0,-3.0
0,1,71.18890234760636,always,1,1,12.0
0,0,44.68588947258869,complier,0,1,2.0
1,1,66.04995315032113,always,1,1,12.0
0,0,47.38355498939084,complier,0,1,2.0
1,1,50.841104519881114,complier,0,1,2.0
1,1,68.88363437025306,always,1,1,12.0
1,0,46.46381757375173,never,0,0,-3.0
1,1,67.05540711158028,always,1,1,12.0
1,0,45.130435426143045,never,0,0,-3.0
1,1,53.58999341678174,complier,0,1,2.0
0,0,51.54996719104811,complier,0,1,2.0
1,1,71.08519194338142,always,1,1,12.0
0,0,50.64001948789424,complier,0,1,2.0
1,1,66.86838395335528,always,1,1,12.0
0,1,69.4744982566313,always,1,1,12.0
0,0,49.49545445875518,complier,0,1,2.0
0,0,52.66184992942038,complier,0,1,2.0
1,0,47.932384230978855,never,0,0,-3.0
0,0,47.10401137193726,never,0,0,-3.0
0,0,49.98525725178346,complier,0,1,2.0
1,1,66.97790705446282,always,1,1,12.0
0,0,48.845545106966966,complier,0,1,2.0
0,0,44.76792837917149,never,0,0,-3.0
1,1,66.466660895215,always,1,1,12.0
1,0,48.108663196518584,never,0,0,-3.0
0,0,46.18377824089507,complier,0,1,2.0
1,0,48.30140392275932,never,0,0,-3.0
1,0,45.32082898125824,never,0,0,-3.0
1,1,66.50281139576794,always,1,1,12.0
0,1,69.87393341046936,always,1,1,12.0
1,0,48.6420246885637,never,0,0,-3.0
1,0,48.47262828692706,never,0,0,-3.0
0,0,45.803127954261576,complier,0,1,2.0
1,0,44.64291266278191,never,0,0,-3.0
0,0,49.5452543860572,never,0,0,-3.0
1,0,47.702693741626824,never,0,0,-3.0
1,1,69.5762485267262,always,1,1,12.0
1,1,69.87504711672584,always,1,1,12.0
1,1,71.27609529822026,always,1,1,12.0
1,0,48.452514414285424,never,0,0,-3.0
1,1,54.60580439492836,complier,0,1,2.0
1,1,69.39916704805624,always,1,1,12.0
0,0,53.13901524570603,complier,0,1,2.0
1,0,46.010267679353305,never,0,0,-3.0
0,1,67.79053976432681,always,1,1,12.0
0,1,68.51522074250154,always,1,1,12.0
1,0,44.89131845783226,never,0,0,-3.0
1,1,71.57588620644754,always,1,1,12.0
1,1,70.54569834465202,always,1,1,12.0
0,1,71.03648454610706,always,1,1,12.0
0,1,71.02086882841016,always,1,1,12.0
0,0,49.688635917136935,complier,0,1,2.0
1,1,67.31930222997627,always,1,1,12.0
1,1,46.89516912575457,complier,0,1,2.0
0,1,68.48713146224068,always,1,1,12.0
0,0,46.27642767977372,never,0,0,-3.0
1,0,44.978904737871005,never,0,0,-3.0
1,1,68.99266007080841,always,1,1,12.0
1,0,45.449019162700004,never,0,0,-3.0
0,0,48.36570053125994,never,0,0,-3.0
1,0,48.28948032358614,never,0,0,-3.0
0,0,49.017623701238854,never,0,0,-3.0
1,1,52.988345514081026,complier,0,1,2.0
0,0,51.19539353519253,complier,0,1,2.0
1,0,43.40935531188231,never,0,0,-3.0
1,0,47.38073413379495,never,0,0,-3.0
0,0,51.79931516992369,complier,0,1,2.0
1,1,65.92538383327388,always,1,1,12.0
1,0,44.71753314876023,never,0,0,-3.0
0,1,68.3544828015296,always,1,1,12.0
1,1,68.04652916918859,always,1,1,12.0
0,1,67.37098157866711,always,1,1,12.0
1,1,70.66902951223183,always,1,1,12.0
1,0,47.090670162661304,never,0,0,-3.0
0,0,48.761085901366066,complier,0,1,2.0
1,1,50.77436746447906,complier,0,1,2.0
1,0,48.97582823151912,never,0,0,-3.0
0,0,45.31892178956587,never,0,0,-3.0
1,1,55.01943827506376,complier,0,1,2.0
0,1,71.02634696705302,always,1,1,12.0
1,1,69.77349097624422,always,1,1,12.0
0,0,48.595829606795014,complier,0,1,2.0
1,1,66.53457651951757,always,1,1,12.0
1,1,71.8855657873959,always,1,1,12.0
0,0,45.84587144930777,never,0,0,-3.0
0,1,68.39508955040762,always,1,1,12.0
1,1,49.27096027390787,complier,0,1,2.0
0,0,50.53568029480544,complier,0,1,2.0
1,0,45.336994500457585,never,0,0,-3.0
0,0,45.72415936641944,never,0,0,-3.0
1,0,44.72137211449481,never,0,0,-3.0
0,0,50.67968324975869,never,0,0,-3.0
1,0,44.735455329493206,never,0,0,-3.0
1,1,71.43651482024674,always,1,1,12.0
1,1,67.93874065558761,always,1,1,12.0
1,1,49.28367568979603,complier,0,1,2.0
0,1,68.28482641414129,always,1,1,12.0
0,0,48.41460312927187,never,0,0,-3.0
1,1,53.530302912456854,complier,0,1,2.0
0,0,44.916145897399126,never,0,0,-3.0
0,0,49.45467432589486,complier,0,1,2.0
1,1,64.75172524617261,always,1,1,12.0
1,1,49.801651603289415,complier,0,1,2.0
1,1,53.735145499622064,complier,0,1,2.0
0,0,44.042196039131724,never,0,0,-3.0
0,1,68.68262465065995,always,1,1,12.0
0,1,70.36402143122785,always,1,1,12.0
0,1,70.43469976646008,always,1,1,12.0
0,1,68.34436868035976,always,1,1,12.0
0,0,48.96170056356841,never,0,0,-3.0
0,0,45.45762801398849,never,0,0,-3.0
1,0,47.905230124219734,never,0,0,-3.0
1,1,50.21966189553702,complier,0,1,2.0
1,1,66.6511251950932,always,1,1,12.0
0,1,67.87218467958053,always,1,1,12.0
0,0,46.56244328583206,never,0,0,-3.0
1,1,54.99989039612499,complier,0,1,2.0
0,0,45.311926948399524,never,0,0,-3.0
0,0,49.82559187471699,never,0,0,-3.0
0,0,49.997143022802476,complier,0,1,2.0
0,0,48.14329514331344,complier,0,1,2.0
1,0,45.563294886098184,never,0,0,-3.0
1,1,50.125617614970125,complier,0,1,2.0
1,1,49.9666236895271,complier,0,1,2.0
0,0,44.09051162288797,never,0,0,-3.0
0,1,62.89075319766056,always,1,1,12.0
0,0,51.315286975820435,complier,0,1,2.0
1,1,54.00568053599219,complier,0,1,2.0
1,0,45.202128913216505,never,0,0,-3.0
1,1,53.66911070251024,complier,0,1,2.0
1,1,51.95894937763716,complier,0,1,2.0
0,1,66.27429189638376,always,1,1,12.0
0,1,66.7412255110952,always,1,1,12.0
1,1,55.1741980014976,complier,0,1,2.0
1,1,68.13254265708738,always,1,1,12.0
0,1,69.1674530239728,always,1,1,12.0
1,1,56.942971554767645,complier,0,1,2.0
1,1,52.83873562924616,complier,0,1,2.0
0,1,68.75857376699061,always,1,1,12.0
1,0,44.68422972299676,never,0,0,-3.0
0,0,48.81905791220129,complier,0,1,2.0
0,0,49.1286213788996,never,0,0,-3.0
0,1,69.13889093285063,always,1,1,12.0
1,0,47.538698131855476,never,0,0,-3.0
1,0,45.39724950845202,never,0,0,-3.0
0,1,67.96894032892112,always,1,1,12.0
0,1,67.44775196426608,always,1,1,12.0
0,0,47.94810135644612,complier,0,1,2.0
0,0,48.629976720693335,never,0,0,-3.0
0,0,51.14975821766841,complier,0,1,2.0
0,0,45.4005726404172,never,0,0,-3.0
1,1,69.03880006397337,always,1,1,12.0
0,0,47.85342265514959,complier,0,1,2.0
0,1,65.79651027706147,always,1,1,12.0
1,1,49.357391875237525,complier,0,1,2.0
0,0,43.38377631587388,never,0,0,-3.0
0,0,47.02127477809006,never,0,0,-3.0
1,1,66.34582002825313,always,1,1,12.0
1,1,68.01242671851374,always,1,1,12.0
0,0,44.50239746755112,never,0,0,-3.0
0,1,69.21527552813093,always,1,1,12.0
1,1,69.22667376822294,always,1,1,12.0
1,0,50.11319479681045,never,0,0,-3.0
0,0,47.9833540300397,complier,0,1,2.0
0,0,45.02428817280679,never,0,0,-3.0
1,0,45.24097431351507,never,0,0,-3.0
1,0,46.258631963711416,never,0,0,-3.0
0,1,66.72336748130051,always,1,1,12.0
1,0,45.88203391949731,never,0,0,-3.0
0,0,51.10770226790747,complier,0,1,2.0
0,0,48.38438037858895,never,0,0,-3.0
0,0,46.73521105323169,never,0,0,-3.0
0,0,49.86156328310651,complier,0,1,2.0
0,1,72.45563824033718,always,1,1,12.0
1,0,43.521263722812606,never,0,0,-3.0
0,0,45.042761427504885,never,0,0,-3.0
0,0,47.4620064456325,never,0,0,-3.0
1,1,72.01882741875372,always,1,1,12.0
0,0,45.199504099810866,never,0,0,-3.0
0,0,44.906359483598656,never,0,0,-3.0
1,1,70.01062520468778,always,1,1,12.0
1,0,48.48083815536158,never,0,0,-3.0
0,0,48.624575195881924,complier,0,1,2.0
0,1,70.55945873538936,always,1,1,12.0
1,1,51.39963332861081,complier,0,1,2.0
1,0,48.773871523426365,never,0,0,-3.0
0,0,47.186628148817924,complier,0,1,2.0
0,1,66.44192232634008,always,1,1,12.0
0,1,70.34017150998841,always,1,1,12.0
0,1,67.58110081445417,always,1,1,12.0
0,0,51.626888562196086,complier,0,1,2.0
0,1,70.1618120636222,always,1,1,12.0
0,0,41.468901908617354,never,0,0,-3.0
1,0,48.826395733636666,never,0,0,-3.0
1,0,46.88547768962324,never,0,0,-3.0
0,1,67.55506688968762,always,1,1,12.0
0,1,66.1310944039234,always,1,1,12.0
1,1,51.506006490182294,complier,0,1,2.0
0,0,47.79519225278744,never,0,0,-3.0
0,0,49.422426325318014,complier,0,1,2.0
1,1,52.836978887210535,complier,0,1,2.0
0,0,47.33096211311952,never,0,0,-3.0
1,0,46.34651296473916,never,0,0,-3.0
0,0,46.3898864553834,never,0,0,-3.0
0,0,46.093916873778,never,0,0,-3.0
0,1,67.93977305945754,always,1,1,12.0
0,0,46.8296999832565,never,0,0,-3.0
0,1,69.73322698143724,always,1,1,12.0
1,1,70.53474371156896,always,1,1,12.0
1,1,55.55923877016611,complier,0,1,2.0
0,0,44.94432561171462,never,0,0,-3.0
0,1,68.98423441240323,always,1,1,12.0
0,0,48.24426420106383,complier,0,1,2.0
0,0,48.76538624761257,complier,0,1,2.0
0,1,69.06896526722693,always,1,1,12.0
0,0,51.10548979094182,complier,0,1,2.0
1,0,47.11760940860742,never,0,0,-3.0
1,1,67.79708165455551,always,1,1,12.0
0,0,44.08848409909309,never,0,0,-3.0
0,1,68.7722213855733,always,1,1,12.0
1,0,47.019526202846514,never,0,0,-3.0
0,0,45.031729879634376,never,0,0,-3.0
1,0,47.13088839301903,never,0,0,-3.0
0,1,69.89069010616697,always,1,1,12.0
1,0,44.2837585551221,never,0,0,-3.0
0,0,50.027307098517284,complier,0,1,2.0
1,1,54.668615384168895,complier,0,1,2.0
1,1,69.80348634482743,always,1,1,12.0
0,0,47.452985411412946,never,0,0,-3.0
0,1,68.42846908124432,always,1,1,12.0
1,0,42.20197330041549,never,0,0,-3.0
1,1,67.00109750503802,always,1,1,12.0
1,1,71.35548998207906,always,1,1,12.0
1,1,70.54737779188642,always,1,1,12.0
1,1,53.30818943915882,complier,0,1,2.0
1,1,68.2289786469654,always,1,1,12.0
1,1,70.60125469181996,always,1,1,12.0
1,0,46.040117189407766,never,0,0,-3.0
1,1,69.41910461674009,always,1,1,12.0
0,0,47.55859198520769,never,0,0,-3.0
0,0,42.38622476488566,never,0,0,-3.0
1,1,69.39123351523331,always,1,1,12.0
0,1,68.18811140460188,always,1,1,12.0
0,1,69.08046068756917,always,1,1,12.0
0,0,44.723616139587364,never,0,0,-3.0
0,1,70.03394697945048,always,1,1,12.0
0,0,51.18999346429445,complier,0,1,2.0
0,1,68.24908820455622,always,1,1,12.0
1,1,49.18547918590662,complier,0,1,2.0
0,1,68.46187051231927,always,1,1,12.0
1,0,46.13680628345805,never,0,0,-3.0
1,0,46.7542385362086,never,0,0,-3.0
1,0,47.54939828761694,never,0,0,-3.0
0,0,45.175558598673916,never,0,0,-3.0
1,1,70.20088965850522,always,1,1,12.0
0,1,71.33003294783444,always,1,1,12.0
1,1,69.84963836707524,always,1,1,12.0
0,0,45.1676350995667,never,0,0,-3.0
1,1,69.38321636924877,always,1,1,12.0
0,0,48.37860142525957,complier,0,1,2.0
0,0,42.85048783309905,never,0,0,-3.0
1,1,53.17959645037536,complier,0,1,2.0
0,0,50.84171083913631,complier,0,1,2.0
1,1,70.82975154217134,always,1,1,12.0
1,1,68.61478252679359,always,1,1,12.0
0,0,48.07059963386577,complier,0,1,2.0
0,0,43.4022889699338,never,0,0,-3.0
1,0,44.938449805674324,never,0,0,-3.0
0,0,46.595405518282945,never,0,0,-3.0
1,1,52.59894217914092,complier,0,1,2.0
1,1,50.17047983193018,complier,0,1,2.0
1,0,42.262739049720714,never,0,0,-3.0
0,1,68.11423180307929,always,1,1,12.0
0,0,50.77225777724673,complier,0,1,2.0
1,1,52.51468480080527,complier,0,1,2.0
0,0,45.03998133710723,never,0,0,-3.0
1,0,46.03877732161461,never,0,0,-3.0
0,1,66.02746078540684,always,1,1,12.0
0,1,69.94627779077337,always,1,1,12.0
1,0,42.98420972115687,never,0,0,-3.0
0,0,53.10974072221021,complier,0,1,2.0
1,1,50.4585819420084,complier,0,1,2.0
0,1,71.31367109358698,always,1,1,12.0
1,0,46.85501651171991,never,0,0,-3.0
0,0,45.050944044560154,never,0,0,-3.0
1,1,55.37231916931901,complier,0,1,2.0
1,1,54.33181457555347,complier,0,1,2.0
1,1,67.57315093964041,always,1,1,12.0
1,1,54.952941532880395,complier,0,1,2.0
0,1,68.63168678526404,always,1,1,12.0
1,1,70.50054739601165,always,1,1,12.0
0,0,48.829268074226,complier,0,1,2.0
0,0,44.248113546467,never,0,0,-3.0
1,1,68.17789234418862,always,1,1,12.0
1,1,71.35209237358454,always,1,1,12.0
0,0,45.60073648328291,never,0,0,-3.0
1,0,45.95659242094133,never,0,0,-3.0
1,0,47.570080699785535,never,0,0,-3.0
1,0,49.56684688861517,never,0,0,-3.0
1,0,48.171882709364006,never,0,0,-3.0
1,0,48.83813052882138,never,0,0,-3.0
0,0,53.143259549858044,complier,0,1,2.0
0,0,45.30912862299704,never,0,0,-3.0
1,0,40.15082217390181,never,0,0,-3.0
0,0,47.125484133109325,never,0,0,-3.0
1,0,45.720123041445795,never,0,0,-3.0
1,0,45.63205087613165,never,0,0,-3.0
1,1,69.1454239040217,always,1,1,12.0
1,1,72.05231062062606,always,1,1,12.0
1,1,50.256328997499914,complier,0,1,2.0
0,0,44.88608398632345,never,0,0,-3.0
1,0,45.829714911162284,never,0,0,-3.0
0,0,46.55123330430182,complier,0,1,2.0
0,1,70.96109365339703,always,1,1,12.0
1,1,53.28620972756009,complier,0,1,2.0
1,0,41.4193133172386,never,0,0,-3.0
1,1,68.57092835264189,always,1,1,12.0
1,0,45.41093125634021,never,0,0,-3.0
1,1,69.37129094526458,always,1,1,12.0
1,1,72.11798895248158,always,1,1,12.0
0,0,47.48669891587453,never,0,0,-3.0
1,1,70.70283198383923,always,1,1,12.0
0,0,45.40099971600195,never,0,0,-3.0
1,1,54.36138583783865,complier,0,1,2.0
0,0,48.850168013983705,never,0,0,-3.0
1,1,50.01974591839742,complier,0,1,2.0
0,1,65.43580922936707,always,1,1,12.0
0,1,65.65040874853469,always,1,1,12.0
1,1,53.68344811579749,complier,0,1,2.0
0,0,49.24808399871606,complier,0,1,2.0
0,1,72.97466476066262,always,1,1,12.0
0,0,48.670597816299214,never,0,0,-3.0
1,0,47.69433996465972,never,0,0,-3.0
0,0,45.351359991456654,never,0,0,-3.0
1,1,45.62117804439065,complier,0,1,2.0
0,0,48.83323491258444,complier,0,1,2.0
0,1,68.05983264155658,always,1,1,12.0
0,0,44.25504607507413,never,0,0,-3.0
1,1,52.66969779621702,complier,0,1,2.0
1,0,45.661296684040146,never,0,0,-3.0
1,1,69.74155050918938,always,1,1,12.0
0,0,46.11408375229509,never,0,0,-3.0
1,1,67.85091285036947,always,1,1,12.0
1,1,69.7514847857951,always,1,1,12.0
1,1,51.25121850642015,complier,0,1,2.0
1,1,69.49238444683816,always,1,1,12.0
0,1,70.74658866361382,always,1,1,12.0
0,1,69.32565022541735,always,1,1,12.0
0,0,52.17521730090155,complier,0,1,2.0
1,0,43.75642695176388,never,0,0,-3.0
0,0,51.45601852109262,complier,0,1,2.0
1,0,44.701981125712855,never,0,0,-3.0
1,0,45.037574915459395,never,0,0,-3.0
0,1,70.47182042211496,always,1,1,12.0
0,1,68.06521133757414,always,1,1,12.0
1,1,69.72065988884995,always,1,1,12.0
1,0,44.51142345421368,never,0,0,-3.0
1,0,46.505519666850525,never,0,0,-3.0
0,0,50.796279879181014,never,0,0,-3.0
1,0,47.81146594693446,never,0,0,-3.0
1,1,67.08040637521083,always,1,1,12.0
1,1,50.78908997537158,complier,0,1,2.0
1,0,47.289513108776845,never,0,0,-3.0
0,0,49.96765127921881,complier,0,1,2.0
0,0,51.83094705113161,complier,0,1,2.0
1,0,47.05667376043737,never,0,0,-3.0
1,1,71.19595844652291,always,1,1,12.0
1,1,69.23901473235327,always,1,1,12.0
0,0,47.81690135426256,complier,0,1,2.0
0,1,73.0589366355977,always,1,1,12.0
1,1,50.1277950616264,complier,0,1,2.0
0,0,44.11191379447051,never,0,0,-3.0
0,0,42.803679035757824,never,0,0,-3.0
1,1,73.16776105522482,always,1,1,12.0
1,0,48.77605730129839,never,0,0,-3.0
0,0,49.31450033395396,complier,0,1,2.0
0,0,44.40582894815139,never,0,0,-3.0
0,0,46.3114927050525,complier,0,1,2.0
0,0,46.4774604349374,never,0,0,-3.0
1,1,53.24346840510298,complier,0,1,2.0
1,1,66.79024342908576,always,1,1,12.0
0,0,51.42363949108245,complier,0,1,2.0
0,0,52.34604614266675,complier,0,1,2.0
1,0,48.60008736128341,never,0,0,-3.0
0,0,44.31627720989643,never,0,0,-3.0
1,0,48.00090473379866,never,0,0,-3.0
1,0,47.98563869236766,never,0,0,-3.0
1,0,44.021476126038536,never,0,0,-3.0
1,1,56.000685703651996,complier,0,1,2.0
1,1,67.5969785242907,always,1,1,12.0
0,0,46.04407134779277,complier,0,1,2.0
1,0,46.0833801539839,never,0,0,-3.0
0,0,46.67002471856819,never,0,0,-3.0
1,1,65.99806161007419,always,1,1,12.0
1,1,69.21723190814046,always,1,1,12.0
0,0,44.83512558774431,never,0,0,-3.0
0,0,48.20020543435204,complier,0,1,2.0
1,0,46.83287722841955,never,0,0,-3.0
0,0,48.119684640574384,never,0,0,-3.0
0,0,50.966772382040524,complier,0,1,2.0
0,0,51.50621969020169,complier,0,1,2.0
1,1,68.38921538373452,always,1,1,12.0
0,1,68.57662485384378,always,1,1,12.0
0,0,51.036228427837536,complier,0,1,2.0
0,0,48.71582368414859,never,0,0,-3.0
0,1,70.65354209900642,always,1,1,12.0
0,1,73.07400694305232,always,1,1,12.0
0,0,49.97853749803257,complier,0,1,2.0
0,0,50.02048057141706,complier,0,1,2.0
0,0,50.955034765835336,never,0,0,-3.0
1,1,70.34474131783324,always,1,1,12.0
1,1,47.99480919212426,complier,0,1,2.0
1,0,50.6218239289036,never,0,0,-3.0
1,1,69.28055974513433,always,1,1,12.0
1,1,68.6078458236919,always,1,1,12.0
0,0,46.31897508247285,never,0,0,-3.0
0,0,48.677406238922984,complier,0,1,2.0
1,1,53.32597363141665,complier,0,1,2.0
1,1,70.74075358936626,always,1,1,12.0
0,1,66.20462568392722,always,1,1,12.0
1,1,69.56093749641761,always,1,1,12.0
0,0,49.363655983101346,complier,0,1,2.0
0,0,44.9909938429518,never,0,0,-3.0
0,0,49.38640946314811,complier,0,1,2.0
1,1,67.89079460884051,always,1,1,12.0
0,0,39.37340739578442,never,0,0,-3.0
1,0,46.69258105326543,never,0,0,-3.0
1,1,68.93742094614316,always,1,1,12.0
1,1,55.9420736590261,complier,0,1,2.0
0,0,49.336942538157054,complier,0,1,2.0
1,0,42.817104983879005,never,0,0,-3.0
0,1,68.7369201975917,always,1,1,12.0
1,1,74.7303716958071,always,1,1,12.0
0,0,44.711717192470275,never,0,0,-3.0
0,0,53.63192061076165,complier,0,1,2.0
0,1,69.93034220373498,always,1,1,12.0
0,0,46.67755476573126,never,0,0,-3.0
1,0,47.650049643126316,never,0,0,-3.0
1,1,69.51397618938594,always,1,1,12.0
1,1,67.1860363431925,always,1,1,12.0
1,1,70.882269446042,always,1,1,12.0
0,0,51.20770486781604,complier,0,1,2.0
0,1,68.16021577253532,always,1,1,12.0
1,0,44.87702680264283,never,0,0,-3.0
0,0,48.628149412562465,never,0,0,-3.0
0,1,70.14696006824582,always,1,1,12.0
1,0,45.02693052136078,never,0,0,-3.0
0,0,50.77047374482628,complier,0,1,2.0
0,0,45.508673647450976,never,0,0,-3.0
0,0,45.11738164775016,never,0,0,-3.0
0,0,47.00464214546391,never,0,0,-3.0
0,0,51.66727868090488,complier,0,1,2.0
1,1,71.68508376545282,always,1,1,12.0
1,1,51.52478201449071,complier,0,1,2.0
1,1,68.09439560535006,always,1,1,12.0
1,1,70.45340548870583,always,1,1,12.0
1,1,50.50166914623011,complier,0,1,2.0
1,1,67.52782250078955,always,1,1,12.0
1,0,44.36190324112821,never,0,0,-3.0
1,1,51.447198550881495,complier,0,1,2.0
0,0,47.276226510907804,never,0,0,-3.0
0,0,50.608794608614666,complier,0,1,2.0
0,0,49.93767308947328,complier,0,1,2.0
1,1,68.12468140513354,always,1,1,12.0
0,0,45.027301431701616,never,0,0,-3.0
0,0,49.03185186356838,complier,0,1,2.0
1,1,51.30995103343021,complier,0,1,2.0
1,1,70.93802211150924,always,1,1,12.0
1,1,47.72715061009858,complier,0,1,2.0
0,1,67.6735078251371,always,1,1,12.0
1,0,44.15699896208255,never,0,0,-3.0
1,0,44.77991719226097,never,0,0,-3.0
0,0,49.01474961924448,complier,0,1,2.0
0,1,71.93040243988659,always,1,1,12.0
0,0,44.577603669486074,never,0,0,-3.0
0,0,51.669824453319805,complier,0,1,2.0
1,0,45.27064999730437,never,0,0,-3.0
0,0,49.67200564283324,never,0,0,-3.0
1,1,49.79095628662753,complier,0,1,2.0
1,0,50.63611862666068,never,0,0,-3.0
0,1,68.9820076029453,always,1,1,12.0
0,0,49.13154475761454,never,0,0,-3.0
1,0,45.838201859813424,never,0,0,-3.0
0,0,52.79436018771218,complier,0,1,2.0
1,0,46.57870310479055,never,0,0,-3.0
1,1,70.12420879394907,always,1,1,12.0
1,0,46.6081349679561,never,0,0,-3.0
1,0,44.14160588937622,never,0,0,-3.0
1,0,43.818057444228614,never,0,0,-3.0
1,0,42.74041780969415,never,0,0,-3.0
0,0,47.1444801987251,never,0,0,-3.0
1,1,68.3858495871441,always,1,1,12.0
1,1,53.20683845256415,complier,0,1,2.0
0,1,65.33840304248756,always,1,1,12.0
1,1,50.05090621696216,complier,0,1,2.0
0,1,65.05331899657412,always,1,1,12.0
1,1,49.56740648944679,complier,0,1,2.0
0,1,71.4822434542957,always,1,1,12.0
0,0,45.072373648985554,never,0,0,-3.0
0,0,51.09001468394722,complier,0,1,2.0
1,1,69.87008600254309,always,1,1,12.0
1,1,49.83195736553804,complier,0,1,2.0
1,0,46.86267634356126,never,0,0,-3.0
0,0,49.86290243255177,complier,0,1,2.0
1,1,69.00263490891405,always,1,1,12.0
0,0,46.62501891604772,never,0,0,-3.0
1,1,50.73216306087372,complier,0,1,2.0
1,0,43.54817525388009,never,0,0,-3.0
0,0,45.020222826998086,complier,0,1,2.0
0,1,70.96188689042546,always,1,1,12.0
0,0,46.61457335365684,complier,0,1,2.0
0,1,69.61255445378997,always,1,1,12.0
1,1,52.28213733144636,complier,0,1,2.0
1,0,51.399425292862674,never,0,0,-3.0
0,0,49.24045778935591,complier,0,1,2.0
0,0,50.67363140687165,complier,0,1,2.0
1,1,67.34766415995931,always,1,1,12.0
0,0,48.61182945175336,complier,0,1,2.0
0,0,45.286708185125114,never,0,0,-3.0
1,1,51.35131783709826,complier,0,1,2.0
1,1,69.43639152979846,always,1,1,12.0
0,0,48.394225421837106,complier,0,1,2.0
1,0,45.27573634793887,never,0,0,-3.0
1,1,52.58551110095584,complier,0,1,2.0
1,1,51.89359926255233,complier,0,1,2.0
0,0,45.625419606523415,never,0,0,-3.0
0,1,69.54768299156056,always,1,1,12.0
1,0,44.98151373563393,never,0,0,-3.0
0,0,44.571692300594414,never,0,0,-3.0
1,0,46.71199539924296,never,0,0,-3.0
1,0,47.8378125013872,never,0,0,-3.0
0,1,69.87907103759824,always,1,1,12.0
1,0,42.593177868853275,never,0,0,-3.0
0,0,50.35289321212614,complier,0,1,2.0
0,1,68.91850941487681,always,1,1,12.0
1,1,66.43197453962499,always,1,1,12.0
0,0,46.280254380677725,never,0,0,-3.0
0,0,50.488452301614856,complier,0,1,2.0
1,0,50.922993213190296,never,0,0,-3.0
0,0,45.80317753406299,never,0,0,-3.0
0,0,47.6283229296677,never,0,0,-3.0
0,0,44.96623940334266,never,0,0,-3.0
1,0,43.81738858541166,never,0,0,-3.0
0,0,44.59904178667371,never,0,0,-3.0
0,0,47.50979808904442,never,0,0,-3.0
0,1,66.60738812845082,always,1,1,12.0
1,1,67.08244510921172,always,1,1,12.0
1,0,49.23994261535148,never,0,0,-3.0
0,0,51.287846625920054,complier,0,1,2.0
0,1,72.37697437022935,always,1,1,12.0
0,0,41.86084712818131,never,0,0,-3.0
0,0,48.088857381555584,never,0,0,-3.0
1,1,70.14571784122185,always,1,1,12.0
1,0,48.55886096462817,never,0,0,-3.0
0,1,72.50754615737341,always,1,1,12.0
0,1,66.65775731900789,always,1,1,12.0
1,1,69.13013771546439,always,1,1,12.0
1,1,70.09358118576739,always,1,1,12.0
0,1,67.17073985339354,always,1,1,12.0
0,0,53.402738388708855,complier,0,1,2.0
0,0,49.33397155830852,complier,0,1,2.0
1,1,70.32132765420447,always,1,1,12.0
1,1,69.97146300958796,always,1,1,12.0
1,1,66.45327977803746,always,1,1,12.0
0,0,44.51800978013928,never,0,0,-3.0
1,0,43.48510891527627,never,0,0,-3.0
0,0,50.393933836989575,never,0,0,-3.0
0,0,46.05423860186364,never,0,0,-3.0
0,1,69.18567184375982,always,1,1,12.0
0,0,49.750001111833534,never,0,0,-3.0
0,0,50.34278639834674,complier,0,1,2.0
1,1,53.6207567214712,complier,0,1,2.0
0,0,50.21403033630813,complier,0,1,2.0
0,0,47.0028058216794,never,0,0,-3.0
1,1,67.90125635893546,always,1,1,12.0
1,1,52.895232160242635,complier,0,1,2.0
0,0,45.009150754417234,never,0,0,-3.0
1,1,68.85285987125847,always,1,1,12.0
0,0,45.902434506997196,never,0,0,-3.0
0,1,65.95460286787215,always,1,1,12.0
1,0,47.83105654342611,never,0,0,-3.0
0,1,71.04137051297586,always,1,1,12.0
0,0,45.961661400738215,never,0,0,-3.0
0,0,48.47471474538903,never,0,0,-3.0
1,0,47.145538998374285,never,0,0,-3.0
0,0,47.44147791642289,never,0,0,-3.0
0,1,67.16798343224157,always,1,1,12.0
1,0,47.84510944579318,never,0,0,-3.0
1,1,52.261761438908806,complier,0,1,2.0
1,0,46.55964143700167,never,0,0,-3.0
1,0,47.22259090955518,never,0,0,-3.0
1,0,46.22953546190567,never,0,0,-3.0
1,0,47.752848693143335,never,0,0,-3.0
1,1,68.30515113081705,always,1,1,12.0
1,1,49.305315106405004,complier,0,1,2.0
0,0,47.66046239593535,never,0,0,-3.0
1,0,44.59674961895302,never,0,0,-3.0
0,0,48.85191780287439,never,0,0,-3.0
0,0,51.56659843160741,complier,0,1,2.0
1,0,45.80687190594677,never,0,0,-3.0
1,0,44.98090864305514,never,0,0,-3.0
1,0,43.86818078568613,never,0,0,-3.0
1,1,53.67376333911739,complier,0,1,2.0
0,1,71.43916024858564,always,1,1,12.0
0,1,68.61806157826462,always,1,1,12.0
0,0,43.491142372004575,never,0,0,-3.0
1,1,51.87535564890812,complier,0,1,2.0
0,1,70.76813013733697,always,1,1,12.0
1,0,44.856062901329615,never,0,0,-3.0
0,0,42.86900847891961,never,0,0,-3.0
0,0,45.939342945138335,never,0,0,-3.0
0,0,48.213252061321946,never,0,0,-3.0
0,0,44.36022517390653,never,0,0,-3.0
0,1,69.38991491688583,always,1,1,12.0
1,1,68.7584055276454,always,1,1,12.0
1,0,47.151805513993544,never,0,0,-3.0
1,0,42.48460361220393,never,0,0,-3.0
1,1,69.71342957540512,always,1,1,12.0
0,0,48.83160175184605,complier,0,1,2.0
1,0,46.74661986366677,never,0,0,-3.0
0,1,70.53044668522088,always,1,1,12.0
1,1,73.63786682816732,always,1,1,12.0
1,0,44.51742573864098,never,0,0,-3.0
0,0,46.80793466464894,never,0,0,-3.0
1,1,53.832820239837126,complier,0,1,2.0
0,1,69.48071013185742,always,1,1,12.0
0,0,44.88587081142864,never,0,0,-3.0
1,1,53.56652780532949,complier,0,1,2.0
0,0,44.149473644609294,never,0,0,-3.0
1,0,45.45957540713962,never,0,0,-3.0
0,1,72.90789053630097,always,1,1,12.0
0,1,69.85150558403821,always,1,1,12.0
0,0,46.64666494845828,never,0,0,-3.0
0,1,70.5683660385922,always,1,1,12.0
0,0,49.09170989742181,complier,0,1,2.0
1,0,48.28122334824784,never,0,0,-3.0
1,0,44.28683638545946,never,0,0,-3.0
1,0,45.32719474183771,never,0,0,-3.0
0,0,49.974080661955966,complier,0,1,2.0
0,0,45.80887500865699,never,0,0,-3.0
1,1,70.29271933182144,always,1,1,12.0
0,1,70.24684843002866,always,1,1,12.0
1,0,46.75081846145979,never,0,0,-3.0
1,0,45.64299412771424,never,0,0,-3.0
0,0,48.15877522514306,complier,0,1,2.0
0,0,44.47962901913566,never,0,0,-3.0
1,1,67.45132867212705,always,1,1,12.0
0,0,45.752467754248464,never,0,0,-3.0
0,0,51.59580479849555,complier,0,1,2.0
1,1,51.838439060966735,complier,0,1,2.0
0,0,56.56269641667498,complier,0,1,2.0
1,1,67.70250841480944,always,1,1,12.0
1,0,44.7964451708184,never,0,0,-3.0
0,0,47.165928895803575,never,0,0,-3.0
1,1,54.080141352751966,complier,0,1,2.0
1,1,51.122970143008004,complier,0,1,2.0
0,1,68.49117516928548,always,1,1,12.0
0,1,67.72716972866439,always,1,1,12.0
1,0,48.74499939510109,never,0,0,-3.0
0,0,47.15237424784178,complier,0,1,2.0
1,0,43.5051954635751,never,0,0,-3.0
0,1,64.25129742729479,always,1,1,12.0
1,1,54.7100952524805,complier,0,1,2.0
1,0,43.17895259576098,never,0,0,-3.0
1,1,51.71857733236489,complier,0,1,2.0
1,1,53.46632755891384,complier,0,1,2.0
1,1,48.01924207349156,complier,0,1,2.0
1,1,52.059721442110266,complier,0,1,2.0
1,1,70.92144048417096,always,1,1,12.0
0,1,67.79188742337452,always,1,1,12.0
0,0,46.35133125735602,never,0,0,-3.0
1,1,65.83801644081224,always,1,1,12.0
0,1,67.23539026253125,always,1,1,12.0
1,1,71.56877287783469,always,1,1,12.0
0,0,49.40055073201983,complier,0,1,2.0
0,0,47.82185739442566,complier,0,1,2.0
0,0,47.668784627990064,never,0,0,-3.0
1,1,53.52700981984468,complier,0,1,2.0
0,0,48.77020901081551,complier,0,1,2.0
0,0,48.487626345265,never,0,0,-3.0
0,0,45.22181850937459,never,0,0,-3.0
1,1,50.7755947678918,complier,0,1,2.0
1,1,68.62118868454513,always,1,1,12.0
0,0,47.20837744051701,never,0,0,-3.0
1,1,54.346239239289716,complier,0,1,2.0
1,1,55.71487083435566,complier,0,1,2.0
0,1,66.86355238452497,always,1,1,12.0
1,1,53.521705606587346,complier,0,1,2.0
1,0,46.443399439888694,never,0,0,-3.0
0,1,70.76932409514188,always,1,1,12.0
1,0,44.912018668016515,never,0,0,-3.0
1,0,46.64838479245671,never,0,0,-3.0
0,0,44.88228614541898,never,0,0,-3.0
1,0,48.54384114281778,never,0,0,-3.0
1,1,70.94642263755208,always,1,1,12.0
0,0,43.58323436368977,never,0,0,-3.0
1,1,50.163638818803264,complier,0,1,2.0
1,1,52.06713524828953,complier,0,1,2.0
1,1,51.76269975638473,complier,0,1,2.0
1,1,68.78749610140137,always,1,1,12.0
0,1,69.80998666795189,always,1,1,12.0
0,1,65.77067048881688,always,1,1,12.0
1,0,47.17573418688259,never,0,0,-3.0
1,0,43.28038501527342,never,0,0,-3.0
0,1,67.82453136261479,always,1,1,12.0
1,0,47.24486747345712,never,0,0,-3.0
1,0,43.04038000029412,never,0,0,-3.0
1,1,51.45891428748439,complier,0,1,2.0
0,0,49.96992373024887,complier,0,1,2.0
1,1,70.62169834890972,always,1,1,12.0
0,0,48.844018374443024,complier,0,1,2.0
1,1,47.803969395314276,complier,0,1,2.0
1,0,45.83088836887638,never,0,0,-3.0
0,0,45.524118973738766,never,0,0,-3.0
1,0,47.65082286697688,never,0,0,-3.0
1,0,49.10864932302631,never,0,0,-3.0
1,1,71.89963762435536,always,1,1,12.0
0,0,43.62572156422538,never,0,0,-3.0
0,0,48.05589191466277,never,0,0,-3.0
0,0,45.03072618788529,never,0,0,-3.0
1,1,48.2734239652945,complier,0,1,2.0
1,1,50.71730869886345,complier,0,1,2.0
1,1,68.96088267305463,always,1,1,12.0
1,0,47.37254451300271,never,0,0,-3.0
0,0,45.93330005333144,never,0,0,-3.0
0,1,69.00493480320036,always,1,1,12.0
0,1,69.38560830130994,always,1,1,12.0
1,0,45.887076659766095,never,0,0,-3.0
0,0,52.554085400784,complier,0,1,2.0
1,0,44.356961631691995,never,0,0,-3.0
0,1,67.4924958581515,always,1,1,12.0
1,1,66.08936464442549,always,1,1,12.0
1,0,41.60039897452944,never,0,0,-3.0
0,0,44.40275168257067,never,0,0,-3.0
0,1,66.60572811238228,always,1,1,12.0
0,1,71.69408192242308,always,1,1,12.0
0,0,47.48429540005017,complier,0,1,2.0
1,0,49.157374027342925,never,0,0,-3.0
0,1,70.54825115806464,always,1,1,12.0
1,1,72.50963734672443,always,1,1,12.0
0,0,48.36596272045736,complier,0,1,2.0
0,0,45.59056655847892,complier,0,1,2.0
1,1,52.97931694420362,complier,0,1,2.0
0,0,45.8770140351995,never,0,0,-3.0
1,1,53.40876425510903,complier,0,1,2.0
1,1,67.71083990667691,always,1,1,12.0
1,1,54.719350716961266,complier,0,1,2.0
1,1,70.31911068556347,always,1,1,12.0
1,0,44.689673968227595,never,0,0,-3.0
1,0,48.033190200031505,never,0,0,-3.0
0,0,45.09130347076286,never,0,0,-3.0
1,1,51.11428776217418,complier,0,1,2.0
1,1,51.0403786769196,complier,0,1,2.0
0,0,45.67369683387127,never,0,0,-3.0
0,1,66.10924972673087,always,1,1,12.0
0,0,51.816146457394375,complier,0,1,2.0
0,0,48.554868480872976,complier,0,1,2.0
1,0,44.277819610685455,never,0,0,-3.0
1,0,46.281890944489184,never,0,0,-3.0
1,0,43.655603226075556,never,0,0,-3.0
0,1,67.21179445333333,always,1,1,12.0
1,0,43.64044295555764,never,0,0,-3.0
0,1,71.76777418527362,always,1,1,12.0
1,1,70.34394040962938,always,1,1,12.0
0,0,49.4807833038918,complier,0,1,2.0
1,0,45.10235268883613,never,0,0,-3.0
1,0,46.08211070294375,never,0,0,-3.0
1,0,44.663515850921854,never,0,0,-3.0
0,1,68.89597809673697,always,1,1,12.0
1,1,72.17864241012957,always,1,1,12.0
1,1,54.83123348273427,complier,0,1,2.0
1,0,50.73336665866847,never,0,0,-3.0
0,0,44.647070531457096,never,0,0,-3.0
1,0,47.726536593736064,never,0,0,-3.0
0,1,69.68012402070104,always,1,1,12.0
0,0,49.82474685597318,complier,0,1,2.0
1,0,44.335870460980715,never,0,0,-3.0
0,0,44.12423550556988,never,0,0,-3.0
1,0,44.70770376549863,never,0,0,-3.0
1,0,48.007839218641806,never,0,0,-3.0
0,0,50.51400330497851,complier,0,1,2.0
1,1,55.24485091527821,complier,0,1,2.0
1,1,54.65267142134289,complier,0,1,2.0
0,1,68.8221774779778,always,1,1,12.0
1,1,52.30106166567421,complier,0,1,2.0
1,0,47.90439479013649,never,0,0,-3.0
1,0,44.519266765006506,never,0,0,-3.0
0,0,46.17454368795052,never,0,0,-3.0
1,1,50.64596516072799,complier,0,1,2.0
0,0,47.4743354763226,never,0,0,-3.0
1,0,47.74639988405407,never,0,0,-3.0
1,1,55.74190261497659,complier,0,1,2.0
0,0,43.3217323939553,never,0,0,-3.0
0,0,50.06919246239303,complier,0,1,2.0
1,0,40.210087356155874,never,0,0,-3.0
1,1,66.40531262608235,always,1,1,12.0
0,1,69.06508411307045,always,1,1,12.0
1,0,48.189745735034506,never,0,0,-3.0
0,1,69.85618956858983,always,1,1,12.0
0,0,46.368846216348174,never,0,0,-3.0
1,1,53.33943210530152,complier,0,1,2.0
1,1,50.834646377215364,complier,0,1,2.0
1,0,45.7215300551925,never,0,0,-3.0
0,1,68.61580580412397,always,1,1,12.0
0,0,48.77183368198593,complier,0,1,2.0
1,1,68.31544086797636,always,1,1,12.0
1,1,50.98546163186019,complier,0,1,2.0
1,0,43.93812538158047,never,0,0,-3.0
0,0,49.136414674616574,complier,0,1,2.0
1,0,44.196352304223915,never,0,0,-3.0
1,1,71.62952083206557,always,1,1,12.0
0,0,49.62749041758126,never,0,0,-3.0
0,0,45.55363446896411,never,0,0,-3.0
1,0,46.86700064691779,never,0,0,-3.0
1,1,71.66296748345073,always,1,1,12.0
0,1,69.79571212700921,always,1,1,12.0
0,0,49.607981980254735,complier,0,1,2.0
0,0,45.274812175204346,never,0,0,-3.0
0,0,47.933599761443496,never,0,0,-3.0
0,0,43.93979032281768,never,0,0,-3.0
1,0,46.9910080435439,never,0,0,-3.0
1,1,71.15043548918956,always,1,1,12.0
0,0,49.477154875043595,complier,0,1,2.0
1,1,48.24637274527695,complier,0,1,2.0
0,1,69.20413795295005,always,1,1,12.0
0,0,47.15246824702153,never,0,0,-3.0
0,0,42.60535730098137,never,0,0,-3.0
0,0,47.85105577835407,never,0,0,-3.0
1,1,68.86551833871835,always,1,1,12.0
0,0,44.50945145905673,never,0,0,-3.0
1,1,68.57429218508801,always,1,1,12.0
0,0,50.430570002415635,complier,0,1,2.0
1,1,69.99699029500118,always,1,1,12.0
1,1,50.12520077707767,complier,0,1,2.0
0,0,50.0334776655205,never,0,0,-3.0
0,1,66.74091520029174,always,1,1,12.0
0,1,72.30236519195199,always,1,1,12.0
0,0,46.05053241464465,never,0,0,-3.0
0,0,46.29944839271287,complier,0,1,2.0
0,0,52.041204943015394,complier,0,1,2.0
1,1,52.95533307728133,complier,0,1,2.0
0,0,48.32644267999318,complier,0,1,2.0
0,1,66.07308940893174,always,1,1,12.0
0,1,65.18032591276702,always,1,1,12.0
1,1,54.77341491214621,complier,0,1,2.0
1,1,67.68570676736988,always,1,1,12.0
1,1,47.69626564740601,complier,0,1,2.0
0,1,69.74950741749595,always,1,1,12.0
0,0,45.59908956472241,never,0,0,-3.0
0,0,49.38447641809934,complier,0,1,2.0
1,1,52.96842484776203,complier,0,1,2.0
1,0,45.75655600772218,never,0,0,-3.0
0,0,44.527095262121236,never,0,0,-3.0
1,0,45.40230195318701,never,0,0,-3.0
0,0,50.64412737330916,complier,0,1,2.0
0,0,44.50926649939488,never,0,0,-3.0
0,0,46.721181894963465,complier,0,1,2.0
1,0,47.99634119362712,never,0,0,-3.0
1,0,48.88087929324289,never,0,0,-3.0
0,1,70.6659730739989,always,1,1,12.0
0,0,45.66400890346535,never,0,0,-3.0
1,1,51.629423459349375,complier,0,1,2.0
0,0,45.608976210763004,never,0,0,-3.0
1,1,52.42777571670803,complier,0,1,2.0
0,0,47.79574273872644,never,0,0,-3.0
1,0,46.185044137484724,never,0,0,-3.0
1,1,67.8322839485022,always,1,1,12.0
1,0,46.48235269512059,never,0,0,-3.0
1,1,55.80362971767334,complier,0,1,2.0
0,0,47.93287836370049,complier,0,1,2.0
0,1,69.81323167867518,always,1,1,12.0
1,1,66.78028232999999,always,1,1,12.0
0,1,68.63717457923607,always,1,1,12.0
1,1,53.903794815254926,complier,0,1,2.0
1,1,51.14618083008932,complier,0,1,2.0
0,0,46.39630419859558,never,0,0,-3.0
0,1,67.1093814896607,always,1,1,12.0
1,1,70.06405161071213,always,1,1,12.0
0,0,48.108129108164604,never,0,0,-3.0
1,0,46.23337434194648,never,0,0,-3.0
1,1,69.43054899394197,always,1,1,12.0
0,0,50.121057905195826,complier,0,1,2.0
1,1,69.46234723950762,always,1,1,12.0
0,1,67.50318176645528,always,1,1,12.0
1,1,53.084891603846025,complier,0,1,2.0
0,0,46.50555524839137,never,0,0,-3.0
1,1,70.18083940578146,always,1,1,12.0
1,1,69.22328118640219,always,1,1,12.0
0,1,66.66796667991866,always,1,1,12.0
1,1,69.92853167084586,always,1,1,12.0
1,0,44.92637369568296,never,0,0,-3.0
0,0,43.5146469645673,never,0,0,-3.0
1,1,52.937614565564694,complier,0,1,2.0
0,0,50.07391839848315,complier,0,1,2.0
1,1,66.91661402830299,always,1,1,12.0
0,1,67.15516178408346,always,1,1,12.0
0,0,45.870199911451756,never,0,0,-3.0
0,1,67.6451806603158,always,1,1,12.0
0,0,43.633167713292664,never,0,0,-3.0
0,0,48.22613711829463,complier,0,1,2.0
1,0,46.29972786115083,never,0,0,-3.0
1,0,44.03251187540002,never,0,0,-3.0
0,1,70.43999236403113,always,1,1,12.0
1,1,68.83869723703296,always,1,1,12.0
1,1,71.02828545592506,always,1,1,12.0
1,1,67.16129358594657,always,1,1,12.0
1,1,71.07494111300642,always,1,1,12.0
0,0,50.547855115516676,complier,0,1,2.0
1,1,55.514002197885304,complier,0,1,2.0
0,0,46.15333823893573,never,0,0,-3.0
1,0,47.21161930437833,never,0,0,-3.0
1,1,55.044921721460526,complier,0,1,2.0
0,0,44.672053943104494,never,0,0,-3.0
0,0,44.64880982419708,never,0,0,-3.0
1,1,68.88530815535592,always,1,1,12.0
0,1,70.50095647938339,always,1,1,12.0
1,0,48.67735740040134,never,0,0,-3.0
1,1,68.04200033931379,always,1,1,12.0
0,0,45.47295296697521,never,0,0,-3.0
0,0,42.68550140554351,never,0,0,-3.0
0,0,48.22847148079547,never,0,0,-3.0
1,1,68.93072296276175,always,1,1,12.0
0,0,44.324676600143384,complier,0,1,2.0
0,0,50.021240511899386,complier,0,1,2.0
0,0,48.90081154413124,complier,0,1,2.0
0,1,69.41312521622112,always,1,1,12.0
0,0,51.268470759957,complier,0,1,2.0
1,1,56.83065514561631,complier,0,1,2.0
1,1,67.26907661405474,always,1,1,12.0
0,0,49.44198747919949,complier,0,1,2.0
0,1,67.32114499532067,always,1,1,12.0
1,0,48.0057361203051,never,0,0,-3.0
0,0,46.07064850068117,never,0,0,-3.0
1,1,49.801378506910666,complier,0,1,2.0
0,1,69.57874709657227,always,1,1,12.0
1,1,69.74244043948583,always,1,1,12.0
1,1,67.56455836720312,always,1,1,12.0
1,1,63.21672301502163,always,1,1,12.0
1,1,50.75866203250678,complier,0,1,2.0
1,0,44.38632961702897,never,0,0,-3.0
0,0,43.72843798254578,never,0,0,-3.0
1,1,53.793920393689035,complier,0,1,2.0
0,0,49.03298746595179,never,0,0,-3.0
0,1,68.89278940407914,always,1,1,12.0
0,0,47.9260767027578,complier,0,1,2.0
0,0,45.64981145677212,never,0,0,-3.0
0,0,50.55451657062999,complier,0,1,2.0
1,1,54.686448866366476,complier,0,1,2.0
0,0,50.96193610582197,complier,0,1,2.0
0,0,47.9954880894165,complier,0,1,2.0
0,0,46.86416277061694,never,0,0,-3.0
0,1,70.21647184623673,always,1,1,12.0
1,0,46.316091447542284,never,0,0,-3.0
0,0,46.83713946568648,never,0,0,-3.0
0,1,69.32607967519293,always,1,1,12.0
0,0,46.840895119881715,never,0,0,-3.0
0,1,69.91964873564861,always,1,1,12.0
0,1,71.17721657068122,always,1,1,12.0
1,0,47.15436877017713,never,0,0,-3.0
1,1,52.98716674401669,complier,0,1,2.0
1,0,47.24107855817782,never,0,0,-3.0
1,1,72.16760357883892,always,1,1,12.0
1,0,44.18793017794122,never,0,0,-3.0
1,1,55.181676748142024,complier,0,1,2.0
0,0,44.22368842021465,never,0,0,-3.0
0,0,49.690751832735714,complier,0,1,2.0
1,1,52.39442359241632,complier,0,1,2.0
0,1,69.4379298094827,always,1,1,12.0
0,0,46.38841959898758,never,0,0,-3.0
1,0,44.6831773910083,never,0,0,-3.0
0,1,70.0258949108612,always,1,1,12.0
1,0,47.1835991619253,never,0,0,-3.0
1,1,66.2277183145031,always,1,1,12.0
0,1,69.24702861755509,always,1,1,12.0
1,0,44.77794488165738,never,0,0,-3.0
0,0,47.282317701023764,never,0,0,-3.0
0,0,43.751824124505404,never,0,0,-3.0
0,0,46.33224498862693,never,0,0,-3.0
0,0,47.52774767347869,complier,0,1,2.0
0,0,48.35570436852433,complier,0,1,2.0
0,0,51.769446036181286,complier,0,1,2.0
1,0,41.73935009151064,never,0,0,-3.0
0,0,52.86138570547291,complier,0,1,2.0
0,0,43.44661224136693,never,0,0,-3.0
0,0,46.06812147989431,never,0,0,-3.0
0,0,47.32887740916949,complier,0,1,2.0
1,0,45.98078091171988,never,0,0,-3.0
1,0,46.00255026447572,never,0,0,-3.0
0,1,67.81434739627763,always,1,1,12.0
0,1,68.70775269077397,always,1,1,12.0
1,0,46.887674600194394,never,0,0,-3.0
0,0,53.31739516385129,complier,0,1,2.0
0,1,70.97962752038546,always,1,1,12.0
1,1,69.27663479340053,always,1,1,12.0
1,1,70.00446064968084,always,1,1,12.0
1,1,49.284962184096266,complier,0,1,2.0
0,1,68.01618008014381,always,1,1,12.0
0,0,41.79431745225094,never,0,0,-3.0
1,0,49.63070690822543,never,0,0,-3.0
0,1,66.81580803697885,always,1,1,12.0
0,0,48.540963508092005,complier,0,1,2.0
1,1,68.35576953581595,always,1,1,12.0
0,1,70.10169206992241,always,1,1,12.0
0,1,69.77481415035949,always,1,1,12.0
1,0,44.76117039043396,never,0,0,-3.0
1,0,46.04202146110837,never,0,0,-3.0
1,1,51.910728049801634,complier,0,1,2.0
0,0,47.951050421178884,complier,0,1,2.0
0,0,43.39880012806629,never,0,0,-3.0
1,0,46.76668370979022,never,0,0,-3.0
0,0,48.81334049365811,complier,0,1,2.0
0,0,46.13772269353489,never,0,0,-3.0
0,1,67.63156325499276,always,1,1,12.0
0,1,64.89731353493376,always,1,1,12.0
0,0,45.72314906970202,never,0,0,-3.0
0,1,68.5307403387126,always,1,1,12.0
0,1,71.93750710560224,always,1,1,12.0
1,0,43.18324737619648,never,0,0,-3.0
0,1,69.38783928549591,always,1,1,12.0
0,0,47.511476607073774,never,0,0,-3.0
1,0,47.402243315881265,never,0,0,-3.0
0,1,68.48229773845527,always,1,1,12.0
0,1,72.89936871287155,always,1,1,12.0
1,1,67.24701176842869,always,1,1,12.0
0,0,48.80759980313375,complier,0,1,2.0
0,1,69.03772414918318,always,1,1,12.0
0,1,70.96782368358336,always,1,1,12.0
0,0,43.314404229235656,never,0,0,-3.0
0,0,48.661706399362835,complier,0,1,2.0
1,0,45.285999705411555,never,0,0,-3.0
1,1,53.01235229198867,complier,0,1,2.0
1,0,44.97543385026945,never,0,0,-3.0
0,1,64.21761940561149,always,1,1,12.0
0,0,48.46686982641172,never,0,0,-3.0
0,0,49.7179932544611,complier,0,1,2.0
0,0,46.77208335282512,never,0,0,-3.0
1,0,45.39441678785894,never,0,0,-3.0
0,0,50.93479021036937,complier,0,1,2.0
1,1,52.275467938509486,complier,0,1,2.0
1,0,47.44480476561279,never,0,0,-3.0
0,0,50.0741021882062,complier,0,1,2.0
1,0,45.64038643581942,never,0,0,-3.0
1,1,50.5967630481249,complier,0,1,2.0
1,1,67.03860259908075,always,1,1,12.0
0,0,52.90784125477323,complier,0,1,2.0
1,1,72.10557416200417,always,1,1,12.0
1,1,68.31964647799063,always,1,1,12.0
0,0,49.084494858631956,never,0,0,-3.0
1,1,66.59755191143731,always,1,1,12.0
0,1,68.25381624085718,always,1,1,12.0
0,1,67.5463862842912,always,1,1,12.0
1,0,45.65283956330584,never,0,0,-3.0
1,0,42.24738622543718,never,0,0,-3.0
1,0,45.56771762500114,never,0,0,-3.0
1,0,45.62382249275663,never,0,0,-3.0
0,0,46.64298885760746,complier,0,1,2.0
1,0,44.89807692825588,never,0,0,-3.0
0,0,52.105873770174014,complier,0,1,2.0
1,1,68.3451821860827,always,1,1,12.0
1,0,44.28629461945159,never,0,0,-3.0
0,0,48.23774795854752,complier,0,1,2.0
1,0,42.71344822147477,never,0,0,-3.0
1,0,48.2160532953553,never,0,0,-3.0
0,0,46.684338695091846,never,0,0,-3.0
0,0,45.8089143540658,never,0,0,-3.0
0,1,70.63502728171376,always,1,1,12.0
1,1,55.93146822753043,complier,0,1,2.0
1,0,46.19669027004514,never,0,0,-3.0
0,1,70.41107430899474,always,1,1,12.0
0,0,48.619891234744486,complier,0,1,2.0
0,1,71.97154568686747,always,1,1,12.0
0,0,47.28369302150684,never,0,0,-3.0
0,1,65.64370607992538,always,1,1,12.0
1,1,50.81274322887002,complier,0,1,2.0
1,0,43.903322641672624,never,0,0,-3.0
1,1,50.45349656800029,complier,0,1,2.0
0,0,47.88543277607781,never,0,0,-3.0
1,1,70.73045338962712,always,1,1,12.0
1,1,71.63758627253935,always,1,1,12.0
1,0,46.664429905355064,never,0,0,-3.0
0,0,46.46320503162945,never,0,0,-3.0
1,1,69.34072811408333,always,1,1,12.0
1,0,48.165999061931196,never,0,0,-3.0
0,0,45.046340826131456,never,0,0,-3.0
0,0,45.73240266413412,never,0,0,-3.0
0,0,47.715294398120484,never,0,0,-3.0
0,1,66.47879977182022,always,1,1,12.0
0,0,44.509098860902725,never,0,0,-3.0
0,0,45.480480999008186,never,0,0,-3.0
0,1,68.08672600727071,always,1,1,12.0
1,0,48.633900593228994,never,0,0,-3.0
1,1,48.36230835692126,complier,0,1,2.0
0,0,50.337931619418455,complier,0,1,2.0
1,1,49.56843632104391,complier,0,1,2.0
1,0,45.372780925227985,never,0,0,-3.0
1,1,69.63845878755716,always,1,1,12.0
1,1,48.51845283738074,complier,0,1,2.0
1,1,53.634077627310354,complier,0,1,2.0
0,0,47.726247456355956,never,0,0,-3.0
1,1,71.82072170096271,always,1,1,12.0
1,1,69.55514182433838,always,1,1,12.0
1,1,65.97733291747356,always,1,1,12.0
0,1,70.59478393753103,always,1,1,12.0
0,0,49.792716177797246,complier,0,1,2.0
0,1,68.24601807977292,always,1,1,12.0
0,0,52.640727222894284,complier,0,1,2.0
1,0,46.731533073578,never,0,0,-3.0
0,0,48.84648932415145,complier,0,1,2.0
0,1,67.03196473790706,always,1,1,12.0
1,0,43.84330133605725,never,0,0,-3.0
0,1,69.28087668025124,always,1,1,12.0
0,0,50.89218469963609,complier,0,1,2.0
0,0,44.174687271755154,never,0,0,-3.0
0,0,43.9908578688375,never,0,0,-3.0
0,0,46.01701922078861,never,0,0,-3.0
1,1,65.1140254696261,always,1,1,12.0
0,0,42.86737967027715,never,0,0,-3.0
1,1,47.57281680371508,complier,0,1,2.0
0,0,51.164624860268304,never,0,0,-3.0
1,1,68.0046470395689,always,1,1,12.0
1,0,46.2995205865142,never,0,0,-3.0
0,1,73.78564358871124,always,1,1,12.0
0,0,50.82659532897103,complier,0,1,2.0
0,1,68.6023742196637,always,1,1,12.0
0,0,52.49398171674966,complier,0,1,2.0
1,1,50.78898337800595,complier,0,1,2.0
0,1,68.08921809821847,always,1,1,12.0
0,0,50.65023621917744,complier,0,1,2.0
0,0,49.888889191289415,complier,0,1,2.0
0,1,68.26460956067481,always,1,1,12.0
0,0,49.037495851145806,complier,0,1,2.0
1,0,46.11686816740195,never,0,0,-3.0
0,0,49.772829267688735,complier,0,1,2.0
1,1,52.31297712151924,complier,0,1,2.0
1,0,48.892203790223505,never,0,0,-3.0
0,0,49.06483970477468,never,0,0,-3.0
1,0,42.60999875348316,never,0,0,-3.0
1,1,53.286780382714454,complier,0,1,2.0
1,1,68.44746969036194,always,1,1,12.0
0,1,70.27909543589955,always,1,1,12.0
0,0,43.54822912701564,never,0,0,-3.0
1,1,49.62419016783002,complier,0,1,2.0
1,1,70.27293852596881,always,1,1,12.0
1,0,44.791494244721434,never,0,0,-3.0
0,0,47.42232881286243,never,0,0,-3.0
1,1,65.32526011911382,always,1,1,12.0
1,1,53.093537483903745,complier,0,1,2.0
0,1,67.03333484980719,always,1,1,12.0
0,0,55.14245147544249,complier,0,1,2.0
0,0,45.507713650784936,never,0,0,-3.0
0,0,48.508733215963254,never,0,0,-3.0
0,0,46.14395699897173,never,0,0,-3.0
1,0,45.49442761496069,never,0,0,-3.0
1,1,72.04555849815091,always,1,1,12.0
0,1,68.21344469271351,always,1,1,12.0
0,0,46.451057501615345,never,0,0,-3.0
1,1,53.42715472418118,complier,0,1,2.0
1,1,51.34118410080373,complier,0,1,2.0
1,1,66.87708104954686,always,1,1,12.0
0,0,55.17222620030053,complier,0,1,2.0
0,1,71.5242652756387,always,1,1,12.0
1,0,45.1591341046692,never,0,0,-3.0
0,1,70.03727089371861,always,1,1,12.0
1,0,47.63852605071008,never,0,0,-3.0
1,0,50.67897827888799,never,0,0,-3.0
1,1,66.27610459343369,always,1,1,12.0
0,1,70.14218025705193,always,1,1,12.0
0,0,47.21238890723222,never,0,0,-3.0
1,1,73.06757833949777,always,1,1,12.0
1,1,54.614586049537365,complier,0,1,2.0
0,0,43.08454136682444,never,0,0,-3.0
1,0,47.02974875444483,never,0,0,-3.0
0,0,45.86543526675462,never,0,0,-3.0
0,0,47.627467535152036,never,0,0,-3.0
1,1,52.1627567888215,complier,0,1,2.0
1,1,68.57971210829297,always,1,1,12.0
0,0,49.13881169445464,complier,0,1,2.0
1,1,69.38503678462264,always,1,1,12.0
1,1,66.46125729738456,always,1,1,12.0
1,0,45.94586886307359,never,0,0,-3.0
1,1,66.532847300255,always,1,1,12.0
1,0,42.8934882355875,never,0,0,-3.0
1,1,54.48147902836599,complier,0,1,2.0
0,0,48.260610348778656,complier,0,1,2.0
1,0,46.106168151122084,never,0,0,-3.0
0,1,71.49686037778056,always,1,1,12.0
1,0,46.70456386257696,never,0,0,-3.0
1,1,54.42437396841652,complier,0,1,2.0
1,1,51.37658068122763,complier,0,1,2.0
1,1,54.61185711033588,complier,0,1,2.0
0,0,45.92478597954518,never,0,0,-3.0
0,0,50.114546728056816,complier,0,1,2.0
0,0,46.353686826158224,never,0,0,-3.0
0,0,44.803562384059454,never,0,0,-3.0
1,1,50.82278417575848,complier,0,1,2.0
1,0,47.72990543385299,never,0,0,-3.0
1,1,48.44593269677801,complier,0,1,2.0
1,1,51.25267346180508,complier,0,1,2.0
1,1,54.88081045108776,complier,0,1,2.0
1,1,70.10886899108701,always,1,1,12.0
1,0,46.785060111654666,never,0,0,-3.0
1,0,48.779033037827794,never,0,0,-3.0
0,1,69.44084647828915,always,1,1,12.0
0,0,49.140240471724844,complier,0,1,2.0
0,0,49.01844114097546,complier,0,1,2.0
1,1,54.590111567401294,complier,0,1,2.0
0,0,46.70612157523892,never,0,0,-3.0
0,0,47.36915079314656,complier,0,1,2.0
1,0,46.8807829860411,never,0,0,-3.0
0,0,50.463267830698456,complier,0,1,2.0
0,1,66.474937966639,always,1,1,12.0
1,1,72.71650208244763,always,1,1,12.0
0,1,69.57606812743971,always,1,1,12.0
0,0,51.610135219959986,complier,0,1,2.0
0,1,71.09735117688255,always,1,1,12.0
0,1,68.09351705709292,always,1,1,12.0
1,1,71.99816762128609,always,1,1,12.0
0,0,44.4002273793352,never,0,0,-3.0
0,0,48.44219145181938,complier,0,1,2.0
0,1,69.94592957468281,always,1,1,12.0
0,0,44.15366918466244,never,0,0,-3.0
0,0,50.7187171490407,complier,0,1,2.0
1,1,50.62128357835376,complier,0,1,2.0
0,0,47.392347423398256,never,0,0,-3.0
1,0,42.660427225700076,never,0,0,-3.0
1,1,67.22727611249957,always,1,1,12.0
0,0,42.556940391213914,never,0,0,-3.0
1,1,70.25724638733637,always,1,1,12.0
1,0,43.72129086646293,never,0,0,-3.0
1,1,71.43824967101983,always,1,1,12.0
0,0,54.14319775375985,complier,0,1,2.0
0,0,49.519442426128286,complier,0,1,2.0
0,1,71.50663418353683,always,1,1,12.0
0,1,67.86613588850634,always,1,1,12.0
1,1,70.07069132726463,always,1,1,12.0
0,0,48.06017202174476,never,0,0,-3.0
0,0,47.957636527629724,complier,0,1,2.0
0,0,48.93772167535515,complier,0,1,2.0
1,1,52.9074476664201,complier,0,1,2.0
0,0,43.18327728465049,never,0,0,-3.0
0,0,47.897895314692,complier,0,1,2.0
0,1,68.93262663863341,always,1,1,12.0
1,1,67.27932555855028,always,1,1,12.0
0,0,44.86922983219087,never,0,0,-3.0
1,0,45.91729542522246,never,0,0,-3.0
1,0,48.756237472423884,never,0,0,-3.0
0,1,69.23464790406052,always,1,1,12.0
1,1,62.19226918651634,always,1,1,12.0
0,0,46.96898817170745,never,0,0,-3.0
1,0,42.3493972445852,never,0,0,-3.0
0,0,52.86491513450866,complier,0,1,2.0
1,0,45.99869472017412,never,0,0,-3.0
1,0,46.48725248943071,never,0,0,-3.0
1,0,47.83426229188987,never,0,0,-3.0
1,1,68.74064725923175,always,1,1,12.0
0,0,47.82749816621138,complier,0,1,2.0
1,1,51.79498055517787,complier,0,1,2.0
0,0,47.56175758687026,never,0,0,-3.0
1,1,71.54742468633054,always,1,1,12.0
0,1,66.72418465928207,always,1,1,12.0
0,1,71.42515547625128,always,1,1,12.0
0,0,45.17277003203016,never,0,0,-3.0
1,1,53.08075106623235,complier,0,1,2.0
1,0,41.81265587734321,never,0,0,-3.0
0,0,47.328430629749285,never,0,0,-3.0
1,1,71.02715756701747,always,1,1,12.0
0,0,52.163749200200705,complier,0,1,2.0
1,0,46.25952209429654,never,0,0,-3.0
0,1,72.05124951844444,always,1,1,12.0
0,1,70.67335179809935,always,1,1,12.0
1,0,46.41287616748737,never,0,0,-3.0
0,0,47.09217542080351,never,0,0,-3.0
0,1,68.90215876584934,always,1,1,12.0
0,0,47.69494749821477,complier,0,1,2.0
1,0,44.71933071992075,never,0,0,-3.0
1,1,52.60363515584134,complier,0,1,2.0
1,1,65.45380464613098,always,1,1,12.0
1,0,49.60199308962778,never,0,0,-3.0
0,1,64.47637960780588,always,1,1,12.0
0,0,47.216889032819154,never,0,0,-3.0
1,1,72.26970463083563,always,1,1,12.0
0,0,45.707512029147324,never,0,0,-3.0
0,0,48.17608259693869,never,0,0,-3.0
1,0,49.76531639234186,never,0,0,-3.0
1,1,55.5902355774991,complier,0,1,2.0
0,0,45.44384371570246,never,0,0,-3.0
0,1,71.6495260208728,always,1,1,12.0
1,1,69.8556832852857,always,1,1,12.0
0,0,46.271568764904195,never,0,0,-3.0
0,0,45.030287631937696,never,0,0,-3.0
0,1,69.33657300622549,always,1,1,12.0
1,1,68.10028599230483,always,1,1,12.0
1,1,50.21171626844662,complier,0,1,2.0
1,0,45.295773582394865,never,0,0,-3.0
1,1,51.94963459423969,complier,0,1,2.0
0,0,52.54044980766059,complier,0,1,2.0
0,0,45.657241863036475,never,0,0,-3.0
0,1,67.32539916598434,always,1,1,12.0
1,0,42.99490379091265,never,0,0,-3.0
0,0,44.15965053856166,never,0,0,-3.0
0,0,52.11710630319485,complier,0,1,2.0
0,1,67.05060036512373,always,1,1,12.0
1,1,67.00675045773791,always,1,1,12.0
0,1,71.14562705997119,always,1,1,12.0
1,1,53.45311228515835,complier,0,1,2.0
1,1,49.422933875468765,complier,0,1,2.0
1,1,54.76606694225012,complier,0,1,2.0
1,1,67.722348089926,always,1,1,12.0
1,1,70.96370908436862,always,1,1,12.0
1,1,66.89942336427826,always,1,1,12.0
0,0,50.120828106649,complier,0,1,2.0
1,1,68.05914230548147,always,1,1,12.0
1,0,48.334037266610125,never,0,0,-3.0
0,0,47.0692801158882,never,0,0,-3.0
1,1,50.65748898659825,complier,0,1,2.0
1,1,71.68168526624935,always,1,1,12.0
0,0,45.81810863111296,never,0,0,-3.0
1,1,50.96505203521615,complier,0,1,2.0
0,1,66.87980626378831,always,1,1,12.0
1,1,54.660555885765426,complier,0,1,2.0
1,0,46.129911867378134,never,0,0,-3.0
1,0,46.76195889316664,never,0,0,-3.0
0,0,48.60771095744297,never,0,0,-3.0
1,1,69.0300631502191,always,1,1,12.0
1,0,45.77996695213269,never,0,0,-3.0
0,0,41.808872615648376,never,0,0,-3.0
0,0,48.51621511168161,complier,0,1,2.0
0,1,65.83652191145606,always,1,1,12.0
1,0,45.40853855970893,never,0,0,-3.0
0,1,68.26082261133384,always,1,1,12.0
0,0,49.811418752977964,complier,0,1,2.0
0,0,53.895457153321814,complier,0,1,2.0
0,0,47.3738173881432,never,0,0,-3.0
1,1,64.67104556058585,always,1,1,12.0
1,0,44.65233204633842,never,0,0,-3.0
0,1,69.38610397663733,always,1,1,12.0
0,0,50.663884447613455,complier,0,1,2.0
0,0,48.79357212240573,complier,0,1,2.0
0,0,47.25263795561017,never,0,0,-3.0
1,1,69.5293880642953,always,1,1,12.0
1,1,69.37056698249812,always,1,1,12.0
1,1,67.76096767318008,always,1,1,12.0
1,1,51.03244406917284,complier,0,1,2.0
1,0,43.73164646098676,never,0,0,-3.0
1,0,48.16369687559903,never,0,0,-3.0
0,0,44.231776918270114,never,0,0,-3.0
1,0,43.57111802939305,never,0,0,-3.0
0,0,47.04857840274407,never,0,0,-3.0
0,1,65.08244822951951,always,1,1,12.0
1,0,47.00261851040091,never,0,0,-3.0
0,0,47.569872205138566,never,0,0,-3.0
1,1,52.96090883288024,complier,0,1,2.0
1,1,52.81985341833759,complier,0,1,2.0
1,1,53.154608016355965,complier,0,1,2.0
1,1,67.35922792984806,always,1,1,12.0
0,0,51.06331403367545,complier,0,1,2.0
0,0,49.56525984659319,complier,0,1,2.0
0,0,45.67319389552915,complier,0,1,2.0
0,1,66.06167353024746,always,1,1,12.0
1,1,54.4789439206615,complier,0,1,2.0
0,0,45.59326104038288,never,0,0,-3.0
1,1,54.723213148054036,complier,0,1,2.0
0,0,46.370982537064,never,0,0,-3.0
0,0,50.075754099660244,never,0,0,-3.0
1,0,45.10453664189878,never,0,0,-3.0
1,1,53.59211629936626,complier,0,1,2.0
1,0,45.76905132245479,never,0,0,-3.0
1,1,51.669499892818045,complier,0,1,2.0
0,1,69.35040676092828,always,1,1,12.0
0,1,69.23640447634544,always,1,1,12.0
1,1,55.103799662764274,complier,0,1,2.0
1,0,46.87794378845605,never,0,0,-3.0
1,0,46.110697486733216,never,0,0,-3.0
1,1,72.31607284601264,always,1,1,12.0
1,0,47.289248708752595,never,0,0,-3.0
0,0,43.731238149163076,never,0,0,-3.0
1,0,45.17571629397129,never,0,0,-3.0
1,0,43.21627766620129,never,0,0,-3.0
0,0,47.36839584714532,never,0,0,-3.0
1,1,71.7156401606145,always,1,1,12.0
0,0,44.38563437144698,complier,0,1,2.0
0,1,69.07573134947334,always,1,1,12.0
1,1,52.087772993769775,complier,0,1,2.0
1,0,44.968394655015665,never,0,0,-3.0
0,0,45.1006531546265,never,0,0,-3.0
0,1,69.37302081392937,always,1,1,12.0
0,0,47.04027741266674,never,0,0,-3.0
1,0,43.43062208925567,never,0,0,-3.0
1,0,48.697041453920555,never,0,0,-3.0
0,1,64.2812051472067,always,1,1,12.0
1,0,45.03020584014298,never,0,0,-3.0
1,0,46.09209028299949,never,0,0,-3.0
0,0,46.5279828430944,never,0,0,-3.0
0,0,47.991996632202735,complier,0,1,2.0
0,0,49.88974766557359,never,0,0,-3.0
1,0,44.66227719258084,never,0,0,-3.0
0,0,50.19832008384222,complier,0,1,2.0
1,1,56.769389690499644,complier,0,1,2.0
0,0,51.54975369173091,complier,0,1,2.0
0,1,67.84245285192343,always,1,1,12.0
1,1,68.26635647117874,always,1,1,12.0
0,0,42.77529160090634,never,0,0,-3.0
0,0,49.30110668504471,never,0,0,-3.0
0,0,49.95251652125058,never,0,0,-3.0
0,0,46.819023286145125,complier,0,1,2.0
1,0,45.19897246424305,never,0,0,-3.0
0,0,52.854128731712116,complier,0,1,2.0
1,1,70.33395756679342,always,1,1,12.0
0,0,47.79108025933435,never,0,0,-3.0
1,1,69.12399555889043,always,1,1,12.0
0,0,47.06836319320322,never,0,0,-3.0
0,0,44.57485818485026,never,0,0,-3.0
0,0,44.12468970948679,never,0,0,-3.0
0,0,54.068877150560645,complier,0,1,2.0
1,0,46.17779231337449,never,0,0,-3.0
1,1,71.89935234136851,always,1,1,12.0
1,0,46.63863001930403,never,0,0,-3.0
0,1,69.72447340548564,always,1,1,12.0
0,0,48.874637752250784,complier,0,1,2.0
0,0,46.67406442700265,never,0,0,-3.0
1,0,42.70175695755915,never,0,0,-3.0
1,0,44.8806764076331,never,0,0,-3.0
1,1,52.89618183660063,complier,0,1,2.0
1,1,65.66271452898155,always,1,1,12.0
0,0,45.67265394707645,never,0,0,-3.0
1,0,43.3766825721021,never,0,0,-3.0
1,0,49.47238300836282,never,0,0,-3.0
0,0,51.70236012306261,complier,0,1,2.0
0,0,49.98296375814591,complier,0,1,2.0
1,0,49.73321594644676,never,0,0,-3.0
0,0,53.34131004059079,complier,0,1,2.0
0,0,49.38249630879568,never,0,0,-3.0
1,1,69.78540250399989,always,1,1,12.0
1,1,52.410824282410914,complier,0,1,2.0
1,0,47.2163749804878,never,0,0,-3.0
1,1,73.27229158112141,always,1,1,12.0
1,1,71.01020867219222,always,1,1,12.0
1,0,43.71775580108314,never,0,0,-3.0
1,1,50.75815322006851,complier,0,1,2.0
1,0,47.35167830389259,never,0,0,-3.0
1,1,52.718524796407806,complier,0,1,2.0
0,1,71.1761165626008,always,1,1,12.0
0,0,45.789814950359926,complier,0,1,2.0
0,1,67.49977779202233,always,1,1,12.0
0,0,52.69380968745743,complier,0,1,2.0
0,0,42.12920189377907,never,0,0,-3.0
1,0,45.43309612779381,never,0,0,-3.0
1,0,46.457188452079215,never,0,0,-3.0
0,0,51.252048386128834,complier,0,1,2.0
1,1,49.61560537571102,complier,0,1,2.0
1,1,54.7530046239491,complier,0,1,2.0
0,0,44.09022100488836,never,0,0,-3.0
0,0,49.52267463508598,complier,0,1,2.0
1,1,53.61728929359483,complier,0,1,2.0
0,0,50.49479232454875,complier,0,1,2.0
1,1,50.46436807207019,complier,0,1,2.0
1,1,69.9461013813751,always,1,1,12.0
1,0,46.83442102016559,never,0,0,-3.0
1,0,46.28957221852907,never,0,0,-3.0
1,0,47.95341746724663,never,0,0,-3.0
1,1,69.64607911941279,always,1,1,12.0
0,1,66.0767206899382,always,1,1,12.0
1,1,50.06538022245594,complier,0,1,2.0
0,0,45.24707859472994,never,0,0,-3.0
1,0,46.96417075090523,never,0,0,-3.0
0,0,45.6992696461716,never,0,0,-3.0
1,1,65.47495467497899,always,1,1,12.0
1,0,45.127252361349164,never,0,0,-3.0
1,0,47.31664598277303,never,0,0,-3.0
0,1,72.15972486214909,always,1,1,12.0
1,1,49.593652424801476,complier,0,1,2.0
0,1,70.7291000450092,always,1,1,12.0
0,0,44.01938875074486,never,0,0,-3.0
0,0,53.137847979084,complier,0,1,2.0
1,1,72.27592513804106,always,1,1,12.0
1,0,47.9668468195924,never,0,0,-3.0
1,0,47.301016497402614,never,0,0,-3.0
1,0,45.72668753616766,never,0,0,-3.0
1,1,50.252080443010506,complier,0,1,2.0
0,1,67.4267694802241,always,1,1,12.0
1,1,54.69188003214669,complier,0,1,2.0
1,1,67.95449418347093,always,1,1,12.0
0,0,48.85164063035634,complier,0,1,2.0
0,0,45.567098540881176,never,0,0,-3.0
1,1,67.69600145926009,always,1,1,12.0
0,0,45.62596588344108,never,0,0,-3.0
0,1,69.7406197079436,always,1,1,12.0
1,0,47.48496205316862,never,0,0,-3.0
1,0,40.806917819735006,never,0,0,-3.0
0,1,70.20761877798513,always,1,1,12.0
1,0,45.58182532088526,never,0,0,-3.0
0,1,65.8722572938967,always,1,1,12.0
1,0,43.15730678990794,never,0,0,-3.0
1,0,46.79305075528103,never,0,0,-3.0
0,1,69.41688227978811,always,1,1,12.0
0,0,46.297070518231216,never,0,0,-3.0
0,0,48.6271462778252,never,0,0,-3.0
0,0,50.4221197692891,complier,0,1,2.0
0,0,46.043490102762625,never,0,0,-3.0
1,1,69.91907854839181,always,1,1,12.0
1,0,45.94457167643525,never,0,0,-3.0
0,0,46.227547570124365,never,0,0,-3.0
1,0,46.655106333144964,never,0,0,-3.0
1,0,44.50873268797909,never,0,0,-3.0
0,0,50.533024624553086,complier,0,1,2.0
0,0,49.164360376825144,complier,0,1,2.0
0,1,68.64113196560294,always,1,1,12.0
0,0,44.422990379955294,never,0,0,-3.0
1,1,68.98679154788168,always,1,1,12.0
0,0,48.20482163315806,never,0,0,-3.0
0,0,49.99355726135274,complier,0,1,2.0
1,1,70.14906313497576,always,1,1,12.0
0,0,52.86422959745634,complier,0,1,2.0
0,1,70.8902216690148,always,1,1,12.0
1,1,69.68791283521384,always,1,1,12.0
1,0,44.775256336964716,never,0,0,-3.0
0,1,69.32316582459717,always,1,1,12.0
1,1,53.13796308138022,complier,0,1,2.0
1,1,51.78943093651314,complier,0,1,2.0
1,0,50.24333741638829,never,0,0,-3.0
0,1,67.79790083941272,always,1,1,12.0
1,0,43.57768010878993,never,0,0,-3.0
1,0,46.285168282928716,never,0,0,-3.0
0,0,47.71767699332983,complier,0,1,2.0
0,0,46.622985342503256,never,0,0,-3.0
1,0,43.36634392640563,never,0,0,-3.0
0,0,48.73859940531228,complier,0,1,2.0
1,1,72.46860647176095,always,1,1,12.0
1,1,53.16214826099018,complier,0,1,2.0
0,0,51.32393476148752,complier,0,1,2.0
0,0,44.29896648969189,never,0,0,-3.0
0,0,45.889752012597285,complier,0,1,2.0
1,0,47.351953815222494,never,0,0,-3.0
1,1,53.206772645444694,complier,0,1,2.0
0,0,49.17634631366653,complier,0,1,2.0
1,1,55.37081215676223,complier,0,1,2.0
0,0,47.94484554830144,never,0,0,-3.0
0,0,49.07650799397747,complier,0,1,2.0
1,0,46.02761985959268,never,0,0,-3.0
0,0,48.16404704414434,never,0,0,-3.0
0,1,73.06204282486613,always,1,1,12.0
1,0,47.60317627844939,never,0,0,-3.0
0,1,71.32720322449578,always,1,1,12.0
0,1,68.13148906703694,always,1,1,12.0
1,1,69.49714164705226,always,1,1,12.0
0,0,48.28176401389105,complier,0,1,2.0
0,0,48.78514922695085,complier,0,1,2.0
1,1,52.60891339293404,complier,0,1,2.0
0,0,50.78384364803632,complier,0,1,2.0
1,0,47.777026971878755,never,0,0,-3.0
1,0,43.48915824858169,never,0,0,-3.0
1,0,46.67074767993772,never,0,0,-3.0
0,0,51.48917515492017,complier,0,1,2.0
1,1,52.67548180738246,complier,0,1,2.0
1,1,53.73903783421313,complier,0,1,2.0
0,0,46.717225492076736,complier,0,1,2.0
1,0,47.56415449611508,never,0,0,-3.0
1,1,51.46196311749844,complier,0,1,2.0
1,1,70.37206011633309,always,1,1,12.0
1,1,55.25762467328553,complier,0,1,2.0
1,1,52.54433912086151,complier,0,1,2.0
0,0,43.32077205679237,never,0,0,-3.0
0,0,50.94721186234205,complier,0,1,2.0
1,1,50.045089533253,complier,0,1,2.0
1,1,70.9654782084119,always,1,1,12.0
1,1,69.86621348967329,always,1,1,12.0
1,1,67.10873806355343,always,1,1,12.0
1,1,54.21265743432662,complier,0,1,2.0
1,0,46.7285629775148,never,0,0,-3.0
0,0,47.078439749692535,never,0,0,-3.0
1,1,67.8315968105673,always,1,1,12.0
1,1,71.78969767766728,always,1,1,12.0
0,1,66.25604193114506,always,1,1,12.0
0,1,65.4526837954257,always,1,1,12.0
1,1,68.61830833265033,always,1,1,12.0
1,0,45.18534490891381,never,0,0,-3.0
1,1,56.77326903115142,complier,0,1,2.0
0,0,47.09498814685777,never,0,0,-3.0
0,0,47.51327290021865,never,0,0,-3.0
0,0,45.96756779395118,never,0,0,-3.0
0,1,70.14176316472927,always,1,1,12.0
0,0,46.21065798932054,never,0,0,-3.0
0,0,48.9007517081903,complier,0,1,2.0
0,0,44.157642350128505,never,0,0,-3.0
0,1,71.6209020515346,always,1,1,12.0
0,0,46.581330376269,never,0,0,-3.0
0,1,70.07561474172854,always,1,1,12.0
1,1,70.16510393226916,always,1,1,12.0
0,0,50.09273334594379,complier,0,1,2.0
0,0,52.63859682817151,complier,0,1,2.0
1,1,54.28208744438106,complier,0,1,2.0
1,1,68.20772197119831,always,1,1,12.0
0,1,70.07664249699108,always,1,1,12.0
0,0,46.918014363999184,complier,0,1,2.0
0,0,48.58285530897963,complier,0,1,2.0
1,1,66.11453457007258,always,1,1,12.0
0,0,44.05405845919258,never,0,0,-3.0
0,0,45.753674812086224,never,0,0,-3.0
0,0,47.44263821070365,complier,0,1,2.0
0,0,42.46986250100838,never,0,0,-3.0
0,0,48.05464475280012,never,0,0,-3.0
1,1,49.70894783720763,complier,0,1,2.0
1,0,49.32979390293029,never,0,0,-3.0
1,0,46.25819336074157,never,0,0,-3.0
0,0,46.52327199377694,never,0,0,-3.0
0,0,45.58410996114625,never,0,0,-3.0
0,0,46.04006900931172,never,0,0,-3.0
0,1,71.77599319355433,always,1,1,12.0
0,0,44.79465463347582,never,0,0,-3.0
0,1,67.54152781442626,always,1,1,12.0
1,0,47.39073428284987,never,0,0,-3.0
0,1,68.92513198482071,always,1,1,12.0
1,0,49.41835423289922,never,0,0,-3.0
1,1,74.33966426915528,always,1,1,12.0
1,1,53.75302944625908,complier,0,1,2.0
0,0,45.848777385857375,never,0,0,-3.0
0,1,67.33227568613813,always,1,1,12.0
1,1,66.16395611085188,always,1,1,12.0
0,0,46.893736800514,never,0,0,-3.0
0,0,49.50377529206591,complier,0,1,2.0
0,0,46.7466643449543,never,0,0,-3.0
1,1,52.827810953282025,complier,0,1,2.0
0,1,69.95778229703055,always,1,1,12.0
1,0,45.73229288297141,never,0,0,-3.0
1,1,51.74989861510177,complier,0,1,2.0
1,1,69.9711789425716,always,1,1,12.0
0,0,52.90083720186241,complier,0,1,2.0
0,0,49.118851919887646,never,0,0,-3.0
1,1,56.33083153690181,complier,0,1,2.0
0,0,49.2548800013601,never,0,0,-3.0
1,1,66.16096872078789,always,1,1,12.0
0,0,49.77992439561213,complier,0,1,2.0
1,0,48.390393297547405,never,0,0,-3.0
0,1,69.22390496356515,always,1,1,12.0
1,1,56.46915268599418,complier,0,1,2.0
0,0,48.71204660273277,complier,0,1,2.0
0,1,68.30285144515415,always,1,1,12.0
1,0,45.807776157386336,never,0,0,-3.0
1,0,43.016941051341625,never,0,0,-3.0
1,1,50.530141207218,complier,0,1,2.0
1,1,65.66303742878904,always,1,1,12.0
0,0,48.48169864664392,never,0,0,-3.0
0,0,52.06761815495545,complier,0,1,2.0
0,0,50.82596563122818,complier,0,1,2.0
1,1,68.87822508396454,always,1,1,12.0
1,1,66.56198685636755,always,1,1,12.0
1,1,67.7177911412912,always,1,1,12.0
0,0,52.678422444186005,complier,0,1,2.0
0,0,50.29485845976157,complier,0,1,2.0
1,1,69.74226687359305,always,1,1,12.0
1,1,51.31099308047858,complier,0,1,2.0
1,1,66.5609631734894,always,1,1,12.0
0,1,67.15901370367736,always,1,1,12.0
1,1,67.64053627082781,always,1,1,12.0
1,1,67.51041212928848,always,1,1,12.0
1,1,52.784475432319454,complier,0,1,2.0
0,0,47.8745816591204,complier,0,1,2.0
1,1,51.752919134355935,complier,0,1,2.0
0,0,48.24622683061882,complier,0,1,2.0
0,0,46.001715361015215,never,0,0,-3.0
1,1,52.449015043872144,complier,0,1,2.0
1,0,48.71214927424282,never,0,0,-3.0
1,0,43.33376150151146,never,0,0,-3.0
1,1,72.73947969077068,always,1,1,12.0
1,0,47.34951493103329,never,0,0,-3.0
0,0,49.80553167410701,complier,0,1,2.0
0,0,46.452339250930095,complier,0,1,2.0
0,0,48.79974087070235,never,0,0,-3.0
1,1,53.732375597233926,complier,0,1,2.0
1,0,45.04555369365643,never,0,0,-3.0
0,1,69.8750028291332,always,1,1,12.0
1,1,52.64788607430217,complier,0,1,2.0
1,0,49.12651750012241,never,0,0,-3.0
1,0,47.54144418101154,never,0,0,-3.0
0,0,47.314387488654404,never,0,0,-3.0
1,0,42.35272371584478,never,0,0,-3.0
0,1,63.89570062717919,always,1,1,12.0
1,0,44.195282997495354,never,0,0,-3.0
0,0,46.452882695536445,never,0,0,-3.0
1,0,45.88892295040132,never,0,0,-3.0
1,1,70.9289465861308,always,1,1,12.0
1,1,69.55215116266122,always,1,1,12.0
0,0,44.02493713677899,never,0,0,-3.0
0,0,49.417781255622394,complier,0,1,2.0
0,0,50.93617221220955,complier,0,1,2.0
0,1,66.92018159253828,always,1,1,12.0
1,1,67.67940335497774,always,1,1,12.0
1,1,68.23499528617924,always,1,1,12.0
0,0,46.2722980477792,never,0,0,-3.0
1,1,51.76728113991867,complier,0,1,2.0
1,1,68.64087381582016,always,1,1,12.0
1,1,50.464951470990634,complier,0,1,2.0
0,1,70.23087287686438,always,1,1,12.0
1,1,48.94335797129337,complier,0,1,2.0
0,0,43.33027934943547,never,0,0,-3.0
0,0,51.5207672736115,complier,0,1,2.0
1,0,45.114879582521716,never,0,0,-3.0
1,1,73.3413180113491,always,1,1,12.0
1,0,44.52782180024625,never,0,0,-3.0
0,0,45.76482339829131,never,0,0,-3.0
1,1,66.9111444037388,always,1,1,12.0
0,0,52.45455096721113,complier,0,1,2.0
0,0,49.978045640046226,complier,0,1,2.0
1,0,45.867531999814766,never,0,0,-3.0
1,1,67.25697658987151,always,1,1,12.0
1,1,68.93921508843127,always,1,1,12.0
0,0,48.34711995336613,never,0,0,-3.0
1,0,44.98843200986596,never,0,0,-3.0
0,0,47.021370096969456,never,0,0,-3.0
1,1,51.96256681414996,complier,0,1,2.0
0,0,48.28729193529322,never,0,0,-3.0
1,1,70.21883230010191,always,1,1,12.0
0,0,44.353893344628624,complier,0,1,2.0
1,1,67.26750685362362,always,1,1,12.0
0,1,72.94619890580752,always,1,1,12.0
1,1,70.9838227685432,always,1,1,12.0
0,0,50.43271273122733,complier,0,1,2.0
0,1,71.92816775480124,always,1,1,12.0
1,1,52.902566864905175,complier,0,1,2.0
1,0,43.438667865396376,never,0,0,-3.0
1,0,47.886377770303646,never,0,0,-3.0
1,0,45.03159316005945,never,0,0,-3.0
0,1,71.96749988064096,always,1,1,12.0
1,1,69.12853481291474,always,1,1,12.0
1,0,43.17413405927752,never,0,0,-3.0
0,1,69.51198114332985,always,1,1,12.0
1,1,68.55555139473917,always,1,1,12.0
1,0,40.79054480658467,never,0,0,-3.0
1,1,51.012592431444304,complier,0,1,2.0
1,1,68.05062603635149,always,1,1,12.0
1,1,69.2892437705044,always,1,1,12.0
1,1,54.73061513012048,complier,0,1,2.0
0,0,42.903500059107785,never,0,0,-3.0
1,0,44.79922814236274,never,0,0,-3.0
0,0,50.50072789105018,complier,0,1,2.0
1,1,50.004776350264095,complier,0,1,2.0
1,1,50.44361878273228,complier,0,1,2.0
0,0,49.1055143900745,complier,0,1,2.0
1,0,46.10208948764555,never,0,0,-3.0
0,0,49.79241215409504,complier,0,1,2.0
0,0,48.895671896006114,complier,0,1,2.0
1,1,71.79211289827937,always,1,1,12.0
0,0,45.4287466405768,never,0,0,-3.0
1,1,69.15068872126645,always,1,1,12.0
1,1,53.733086756004,complier,0,1,2.0
0,0,50.75940758651065,complier,0,1,2.0
0,1,69.21713184651185,always,1,1,12.0
1,1,67.0055278378319,always,1,1,12.0
0,0,47.03530550437176,never,0,0,-3.0
0,1,66.44929978437688,always,1,1,12.0
0,0,48.3327997385935,complier,0,1,2.0
0,1,68.92977723330398,always,1,1,12.0
1,1,68.21373434707183,always,1,1,12.0
0,0,48.86680432394487,complier,0,1,2.0
1,1,66.6169066860751,always,1,1,12.0
1,1,71.84695887267715,always,1,1,12.0
0,0,47.13331091275719,never,0,0,-3.0
0,0,45.61018593144752,never,0,0,-3.0
0,0,46.882776371523015,complier,0,1,2.0
1,1,48.20332356141962,complier,0,1,2.0
1,0,47.55362030717942,never,0,0,-3.0
0,1,71.05457322170554,always,1,1,12.0
0,1,66.36384175303758,always,1,1,12.0
0,0,48.7655860027333,never,0,0,-3.0
0,0,48.76002307079354,complier,0,1,2.0
0,1,68.03394810153299,always,1,1,12.0
0,0,49.14923459688641,complier,0,1,2.0
0,0,44.89208067105207,never,0,0,-3.0
1,0,48.552047620968374,never,0,0,-3.0
1,0,46.79065448789824,never,0,0,-3.0
1,1,53.44987353159085,complier,0,1,2.0
0,1,67.72768404842206,always,1,1,12.0
0,0,47.03567355947197,complier,0,1,2.0
0,1,70.8564413718229,always,1,1,12.0
0,0,49.38345460294617,complier,0,1,2.0
0,1,70.86361417794345,always,1,1,12.0
0,0,50.62377242827384,complier,0,1,2.0
0,0,46.28606780192113,never,0,0,-3.0
0,0,50.77173539006823,complier,0,1,2.0
0,1,64.18257311342693,always,1,1,12.0
0,0,46.355772252785435,never,0,0,-3.0
1,0,42.5326362251613,never,0,0,-3.0
1,1,69.91303149062797,always,1,1,12.0
0,1,67.53970561634159,always,1,1,12.0
1,0,44.339673876368195,never,0,0,-3.0
1,0,48.484853116026954,never,0,0,-3.0
1,1,68.7709607864397,always,1,1,12.0
0,0,54.33573306677917,complier,0,1,2.0
0,1,66.488636002251,always,1,1,12.0
1,1,70.71714184407432,always,1,1,12.0
0,0,46.527361550280126,complier,0,1,2.0
0,0,45.9991540257051,never,0,0,-3.0
0,0,47.411293218818,never,0,0,-3.0
0,0,45.06906126437936,never,0,0,-3.0
1,1,53.73359194484825,complier,0,1,2.0
0,1,69.77485072524689,always,1,1,12.0
1,0,42.781060082487535,never,0,0,-3.0
0,0,46.46921397593272,never,0,0,-3.0
0,1,69.99363904059173,always,1,1,12.0
1,1,70.00253174880402,always,1,1,12.0
1,1,52.658988810897036,complier,0,1,2.0
1,0,45.801232677580515,never,0,0,-3.0
1,0,46.18178965315434,never,0,0,-3.0
1,1,68.12578332004003,always,1,1,12.0
1,1,67.47122855009592,always,1,1,12.0
0,0,45.178002332312225,never,0,0,-3.0
1,1,51.70537794039797,complier,0,1,2.0
1,1,51.12599525642165,complier,0,1,2.0
1,1,50.85239995047295,complier,0,1,2.0
0,1,69.71034911745984,always,1,1,12.0
1,1,69.49341759590641,always,1,1,12.0
0,0,45.70991579780705,never,0,0,-3.0
0,0,44.88484936512769,never,0,0,-3.0
1,1,70.14941699414494,always,1,1,12.0
1,0,48.63951454805195,never,0,0,-3.0
1,0,46.43111717755925,never,0,0,-3.0
0,0,48.60523296330969,never,0,0,-3.0
0,0,44.321158671538534,never,0,0,-3.0
1,0,46.55026832398755,never,0,0,-3.0
1,0,45.68882757188665,never,0,0,-3.0
0,0,47.29608765872362,never,0,0,-3.0
1,1,53.12168494890243,complier,0,1,2.0
1,1,71.36340465799707,always,1,1,12.0
1,1,67.5052774895667,always,1,1,12.0
1,1,51.194832013505504,complier,0,1,2.0
0,0,47.51778749690759,never,0,0,-3.0
1,0,44.2338794996622,never,0,0,-3.0
0,0,49.63836966727285,complier,0,1,2.0
1,1,65.48957618789561,always,1,1,12.0
0,0,49.75935360324,never,0,0,-3.0
1,0,43.57510125584976,never,0,0,-3.0
1,1,70.31150647382667,always,1,1,12.0
0,1,69.73529946259359,always,1,1,12.0
1,0,49.46566517210051,never,0,0,-3.0
1,0,43.256490866079275,never,0,0,-3.0
0,0,49.1427018046177,complier,0,1,2.0
1,1,53.696982917031214,complier,0,1,2.0
1,1,67.66915450268554,always,1,1,12.0
1,0,49.55942784382896,never,0,0,-3.0
1,1,67.75503163254342,always,1,1,12.0
1,1,67.89876581152674,always,1,1,12.0
0,0,49.326674202127144,complier,0,1,2.0
1,0,45.04816545837579,never,0,0,-3.0
0,0,44.25958847286187,never,0,0,-3.0
1,1,69.86804260103501,always,1,1,12.0
0,0,48.25491672403275,never,0,0,-3.0
1,1,71.58973010964071,always,1,1,12.0
0,0,49.514070596767276,never,0,0,-3.0
1,1,51.46330431742486,complier,0,1,2.0
0,0,50.80231375419945,complier,0,1,2.0
1,1,51.78030091357116,complier,0,1,2.0
0,1,70.91110666416569,always,1,1,12.0
0,0,49.78113460930301,complier,0,1,2.0
1,0,45.2321101290774,never,0,0,-3.0
0,0,54.40341169887767,complier,0,1,2.0
1,1,50.1278042775523,complier,0,1,2.0
0,1,70.47277567108033,always,1,1,12.0
0,0,49.63654233353919,never,0,0,-3.0
1,0,41.96776367106469,never,0,0,-3.0
1,0,42.901000445908586,never,0,0,-3.0
1,1,52.653743678758666,complier,0,1,2.0
0,1,62.45825977746491,always,1,1,12.0
1,1,51.07754627583871,complier,0,1,2.0
0,0,48.22188955858642,never,0,0,-3.0
0,0,50.823581416868485,complier,0,1,2.0
0,1,69.55151712681099,always,1,1,12.0
0,0,43.42870202292013,never,0,0,-3.0
1,1,69.8733581305991,always,1,1,12.0
0,0,52.10869425627076,complier,0,1,2.0
0,0,51.572162000310534,complier,0,1,2.0
1,1,72.46673079598422,always,1,1,12.0
1,1,70.32573318959484,always,1,1,12.0
0,0,45.68046962193327,never,0,0,-3.0
1,1,53.501604210564885,complier,0,1,2.0
0,1,69.60730019130122,always,1,1,12.0
1,0,46.40512043356348,never,0,0,-3.0
0,0,48.347035042419314,never,0,0,-3.0
0,1,68.19684153977859,always,1,1,12.0
1,1,52.202134638954035,complier,0,1,2.0
1,1,53.0183376471065,complier,0,1,2.0
1,0,46.45274861670171,never,0,0,-3.0
1,0,48.83287332169541,never,0,0,-3.0
0,0,45.309777439940106,never,0,0,-3.0
0,0,44.46307814938857,never,0,0,-3.0
0,0,46.51103506269836,never,0,0,-3.0
0,0,42.43033541160044,never,0,0,-3.0
0,0,45.663038369203434,never,0,0,-3.0
1,1,50.140435955825836,complier,0,1,2.0
0,0,45.396765057639044,never,0,0,-3.0
0,0,46.63685227741727,complier,0,1,2.0
0,1,65.77337121724901,always,1,1,12.0
1,1,71.56093404012714,always,1,1,12.0
0,0,47.29584299796886,never,0,0,-3.0
0,1,65.35607571551566,always,1,1,12.0
1,0,45.21734826739509,never,0,0,-3.0
0,1,74.12336270636607,always,1,1,12.0
0,1,69.9521930804639,always,1,1,12.0
0,0,49.051060627302455,never,0,0,-3.0
1,1,54.07689776022341,complier,0,1,2.0
0,0,46.58191765032249,never,0,0,-3.0
1,1,69.5900416402457,always,1,1,12.0
0,1,68.74319215061472,always,1,1,12.0
1,1,53.12218922085134,complier,0,1,2.0
1,1,53.818105633668374,complier,0,1,2.0
1,1,52.309089412436094,complier,0,1,2.0
0,0,50.292206801539535,complier,0,1,2.0
1,0,43.71321568694035,never,0,0,-3.0
1,0,43.493498553156115,never,0,0,-3.0
1,0,43.6433433454275,never,0,0,-3.0
0,0,43.62904260645141,never,0,0,-3.0
1,0,41.844415859646176,never,0,0,-3.0
1,1,72.18879121579396,always,1,1,12.0
0,1,70.78456863677044,always,1,1,12.0
0,0,46.650674597645555,complier,0,1,2.0
1,0,48.210158240234634,never,0,0,-3.0
0,0,47.957862760679326,never,0,0,-3.0
0,0,42.80468193726017,never,0,0,-3.0
0,1,66.61594818711242,always,1,1,12.0
1,1,48.415047414547345,complier,0,1,2.0
1,0,45.12378835997089,never,0,0,-3.0
1,1,68.62481609560687,always,1,1,12.0
0,1,66.2050027043649,always,1,1,12.0
0,0,45.59173002857694,never,0,0,-3.0
0,0,50.388302754772205,never,0,0,-3.0
1,0,47.181916430850514,never,0,0,-3.0
1,1,49.95609732840495,complier,0,1,2.0
1,1,49.2635964011247,complier,0,1,2.0
0,1,71.40537113635715,always,1,1,12.0
1,1,68.30989032740881,always,1,1,12.0
0,0,47.64223080382159,never,0,0,-3.0
1,0,44.62056368134909,never,0,0,-3.0
0,0,47.119302787567555,never,0,0,-3.0
0,0,49.63694408813557,never,0,0,-3.0
0,0,52.9497629704522,complier,0,1,2.0
1,1,66.23984645916097,always,1,1,12.0
0,0,43.94758087233497,never,0,0,-3.0
0,0,47.007910078804784,never,0,0,-3.0
0,0,45.64953853421551,never,0,0,-3.0
0,0,45.49810897213323,never,0,0,-3.0
1,1,70.92132142555737,always,1,1,12.0
1,1,52.40757619189093,complier,0,1,2.0
1,0,43.68921796546823,never,0,0,-3.0
0,0,51.98443620769602,complier,0,1,2.0
0,0,52.50871415266564,complier,0,1,2.0
1,0,45.879601415924064,never,0,0,-3.0
1,1,67.76640266930077,always,1,1,12.0
0,0,48.33398814765398,complier,0,1,2.0
1,1,52.888872813577784,complier,0,1,2.0
1,1,75.62082823641671,always,1,1,12.0
0,0,42.85159529213892,never,0,0,-3.0
0,0,45.60447976899971,never,0,0,-3.0
0,0,43.96930879698598,never,0,0,-3.0
1,1,52.14489346932555,complier,0,1,2.0
1,1,51.07789306285758,complier,0,1,2.0
0,1,68.0746425644384,always,1,1,12.0
0,0,47.29768017957499,never,0,0,-3.0
0,1,67.22437244495069,always,1,1,12.0
1,0,41.94083257800238,never,0,0,-3.0
1,1,49.720816097114714,complier,0,1,2.0
1,1,69.83796436845833,always,1,1,12.0
1,0,45.76781144895666,never,0,0,-3.0
1,0,47.513666566995866,never,0,0,-3.0
1,1,73.84226314667897,always,1,1,12.0
0,0,46.04344931774143,never,0,0,-3.0
0,1,67.24094670256268,always,1,1,12.0
1,1,70.09076532911975,always,1,1,12.0
0,0,49.76649282614867,never,0,0,-3.0
0,0,44.33003047812571,never,0,0,-3.0
0,0,52.44217246679015,complier,0,1,2.0
0,1,69.08026847725836,always,1,1,12.0
1,1,68.7504155989299,always,1,1,12.0
1,0,44.20719886423984,never,0,0,-3.0
1,1,67.93552796832466,always,1,1,12.0
1,0,41.571111658827924,never,0,0,-3.0
0,0,47.35774206509322,never,0,0,-3.0
1,1,49.8357702770463,complier,0,1,2.0
1,1,53.60678122290788,complier,0,1,2.0
1,1,50.87748662889872,complier,0,1,2.0
0,1,69.36891995917532,always,1,1,12.0
0,0,46.005937441576286,never,0,0,-3.0
0,1,68.91082291286862,always,1,1,12.0
1,0,42.30559643369514,never,0,0,-3.0
0,0,46.966380825675465,never,0,0,-3.0
1,1,69.9216874446989,always,1,1,12.0
1,0,46.192916774196064,never,0,0,-3.0
0,0,50.48912000317777,complier,0,1,2.0
0,1,68.51156202948195,always,1,1,12.0
1,1,51.788012995886156,complier,0,1,2.0
0,1,69.0341705964774,always,1,1,12.0
1,0,42.82497960852258,never,0,0,-3.0
0,1,72.44502317594916,always,1,1,12.0
0,0,45.76796117730665,never,0,0,-3.0
1,1,50.160701756283714,complier,0,1,2.0
1,1,68.63914122197835,always,1,1,12.0
0,1,67.9438238423819,always,1,1,12.0
1,1,68.03119427972852,always,1,1,12.0
1,0,46.293602405980394,never,0,0,-3.0
1,0,46.030819041577224,never,0,0,-3.0
0,1,68.21278226306322,always,1,1,12.0
1,1,48.75589263797211,complier,0,1,2.0
1,0,46.81490177966017,never,0,0,-3.0
0,1,72.91297889760699,always,1,1,12.0
1,1,49.60211144593167,complier,0,1,2.0
1,1,50.82258217385924,complier,0,1,2.0
0,0,48.92702214784582,complier,0,1,2.0
0,1,67.75917970151764,always,1,1,12.0
1,1,71.70161747387691,always,1,1,12.0
0,0,44.54717803630027,never,0,0,-3.0
1,1,49.75798527412541,complier,0,1,2.0
0,0,43.77721469126545,never,0,0,-3.0
1,1,52.40651515544081,complier,0,1,2.0
1,0,44.62419796929576,never,0,0,-3.0
0,0,46.584645776165814,never,0,0,-3.0
1,0,44.320098662548915,never,0,0,-3.0
1,0,43.52283430845996,never,0,0,-3.0
1,0,44.027979963467416,never,0,0,-3.0
0,0,49.81576501491212,never,0,0,-3.0
1,1,69.36620820556213,always,1,1,12.0
0,0,50.55669409483946,complier,0,1,2.0
0,0,44.940445500549,never,0,0,-3.0
0,0,45.59485398890464,never,0,0,-3.0
1,1,72.23732879817392,always,1,1,12.0
0,0,50.21711556530532,complier,0,1,2.0
0,0,50.65590535656083,complier,0,1,2.0
1,1,51.46961393990519,complier,0,1,2.0
1,1,71.15033835535003,always,1,1,12.0
1,0,45.03840780607189,never,0,0,-3.0
0,0,51.10686620174058,complier,0,1,2.0
0,0,52.85258878460503,complier,0,1,2.0
0,0,42.44386644982636,never,0,0,-3.0
1,0,44.07169546288211,never,0,0,-3.0
0,0,46.01639395061697,never,0,0,-3.0
1,1,70.5473706039875,always,1,1,12.0
1,1,69.83150145814871,always,1,1,12.0
1,0,42.86654881199152,never,0,0,-3.0
1,1,66.2654743557287,always,1,1,12.0
0,0,49.049275156834106,never,0,0,-3.0
0,1,65.90538367359567,always,1,1,12.0
1,0,46.75569268460669,never,0,0,-3.0
0,0,47.04783041671498,never,0,0,-3.0
1,0,45.55611861612181,never,0,0,-3.0
0,0,47.90738108726237,never,0,0,-3.0
1,1,49.801495007214186,complier,0,1,2.0
0,1,71.5437147944412,always,1,1,12.0
0,0,49.20496040298608,complier,0,1,2.0
0,1,66.90675042597749,always,1,1,12.0
0,0,53.15632085442589,complier,0,1,2.0
1,1,52.40115547848667,complier,0,1,2.0
1,1,48.9049444061304,complier,0,1,2.0
1,0,43.78098076313227,never,0,0,-3.0
1,0,42.582565925573505,never,0,0,-3.0
0,0,47.15194640865218,never,0,0,-3.0
0,0,50.84003560670097,complier,0,1,2.0
1,1,54.175239089754974,complier,0,1,2.0
1,1,51.10279552758509,complier,0,1,2.0
0,0,45.4904097383839,never,0,0,-3.0
1,1,66.75708576074764,always,1,1,12.0
1,0,46.36328907105385,never,0,0,-3.0
1,0,45.901960476237505,never,0,0,-3.0
1,1,50.61013202460406,complier,0,1,2.0
1,1,54.19568318902525,complier,0,1,2.0
0,0,42.34880617750207,never,0,0,-3.0
1,1,51.25025721806074,complier,0,1,2.0
0,0,45.681743772689636,never,0,0,-3.0
0,0,47.0017334681204,never,0,0,-3.0
0,0,46.01124459506474,never,0,0,-3.0
0,0,45.661045570621965,never,0,0,-3.0
0,0,42.68690834136915,never,0,0,-3.0
1,1,67.34425326686952,always,1,1,12.0
1,0,46.607750691925524,never,0,0,-3.0
0,0,43.72044836611663,never,0,0,-3.0
0,0,45.153413147042905,never,0,0,-3.0
0,1,70.86911125108962,always,1,1,12.0
1,1,67.40085646665463,always,1,1,12.0
1,1,73.952420144086,always,1,1,12.0
0,1,64.86209277486388,always,1,1,12.0
0,0,48.372145085283144,never,0,0,-3.0
1,0,47.56704236960194,never,0,0,-3.0
0,0,46.82215157017213,never,0,0,-3.0
1,1,49.41505860718595,complier,0,1,2.0
0,1,68.38768067326605,always,1,1,12.0
1,0,43.69317415040531,never,0,0,-3.0
1,1,67.47619104149216,always,1,1,12.0
0,0,45.700898987203495,never,0,0,-3.0
0,1,69.43906576728222,always,1,1,12.0
1,1,65.01426428203477,always,1,1,12.0
0,0,46.89963605865002,never,0,0,-3.0
1,1,53.20708902836452,complier,0,1,2.0
0,0,45.214986300815895,never,0,0,-3.0
0,1,69.04158981294366,always,1,1,12.0
1,1,54.15984246893646,complier,0,1,2.0
0,1,68.81517726381533,always,1,1,12.0
1,0,45.56951038139535,never,0,0,-3.0
0,0,41.60853109025793,never,0,0,-3.0
1,0,44.97447232956324,never,0,0,-3.0
0,0,41.16593118631617,never,0,0,-3.0
1,0,45.932352234188905,never,0,0,-3.0
1,1,53.29055579671737,complier,0,1,2.0
0,1,72.32140172601179,always,1,1,12.0
0,0,45.24546188025389,never,0,0,-3.0
0,0,46.69279010374839,never,0,0,-3.0
1,0,45.350822038182194,never,0,0,-3.0
0,0,49.55070022381314,never,0,0,-3.0
1,1,69.81990037606495,always,1,1,12.0
0,1,69.05852825161378,always,1,1,12.0
1,1,51.26415728642433,complier,0,1,2.0
1,0,45.6481131766615,never,0,0,-3.0
1,1,53.527008682794296,complier,0,1,2.0
0,0,42.05027906416743,never,0,0,-3.0
0,1,72.35415604801008,always,1,1,12.0
0,1,67.82784527529707,always,1,1,12.0
1,1,68.85441048788009,always,1,1,12.0
0,0,53.64663594571084,complier,0,1,2.0
1,0,47.131199680149436,never,0,0,-3.0
1,0,50.02436621834406,never,0,0,-3.0
1,0,49.57366531243867,never,0,0,-3.0
0,0,50.4206382021868,never,0,0,-3.0
1,0,48.10104869990282,never,0,0,-3.0
1,1,48.909320191407126,complier,0,1,2.0
0,0,49.20159742389353,complier,0,1,2.0
0,0,48.06023939818765,complier,0,1,2.0
1,0,45.85026327211739,never,0,0,-3.0
0,0,46.715776552159184,never,0,0,-3.0
1,1,51.85128114364037,complier,0,1,2.0
1,0,46.91304684245184,never,0,0,-3.0
1,1,66.96336146495818,always,1,1,12.0
1,0,42.03601471242729,never,0,0,-3.0
1,0,46.79469720920868,never,0,0,-3.0
1,1,47.318363085163085,complier,0,1,2.0
1,1,52.779126912302175,complier,0,1,2.0
0,0,51.765820848938475,complier,0,1,2.0
1,0,45.919714209592854,never,0,0,-3.0
1,0,47.42425699260957,never,0,0,-3.0
1,0,44.32556848621641,never,0,0,-3.0
0,0,50.87800251676315,complier,0,1,2.0
1,0,45.74631199160762,never,0,0,-3.0
1,0,44.28705477523105,never,0,0,-3.0
1,1,68.87937595714327,always,1,1,12.0
1,1,69.39948584563786,always,1,1,12.0
1,1,53.364047222182016,complier,0,1,2.0
0,0,50.80330438440914,never,0,0,-3.0
0,1,68.08570428599072,always,1,1,12.0
0,0,45.00102686713957,never,0,0,-3.0
0,0,49.11179117989927,complier,0,1,2.0
1,1,50.84769109800061,complier,0,1,2.0
0,1,69.00766591839252,always,1,1,12.0
1,0,45.756553049777274,never,0,0,-3.0
0,0,46.99792864611553,complier,0,1,2.0
1,1,66.52579029514662,always,1,1,12.0
1,1,51.78009673760696,complier,0,1,2.0
0,0,56.02690747882069,complier,0,1,2.0
0,1,69.19312852438475,always,1,1,12.0
0,0,47.05150270101223,never,0,0,-3.0
1,0,46.15526777118634,never,0,0,-3.0
1,0,46.233380195002326,never,0,0,-3.0
1,0,45.85728301896452,never,0,0,-3.0
1,1,52.62768996812556,complier,0,1,2.0
0,0,46.805954830324076,never,0,0,-3.0
1,0,46.07608340073674,never,0,0,-3.0
1,1,51.151356638069075,complier,0,1,2.0
0,0,48.80564275614544,never,0,0,-3.0
0,0,46.35553412613657,never,0,0,-3.0
0,1,67.30066523261956,always,1,1,12.0
1,1,52.05779497467778,complier,0,1,2.0
1,1,50.246221102545505,complier,0,1,2.0
0,1,70.63850224621008,always,1,1,12.0
1,0,45.13414894496079,never,0,0,-3.0
1,0,44.48169933652239,never,0,0,-3.0
0,0,48.25734096748011,complier,0,1,2.0
1,1,70.39009215268112,always,1,1,12.0
1,1,69.90445183026976,always,1,1,12.0
1,0,43.790819671708235,never,0,0,-3.0
1,1,53.719532504557115,complier,0,1,2.0
1,1,56.51243493415833,complier,0,1,2.0
1,1,69.53994591461064,always,1,1,12.0
0,0,48.96422729779058,never,0,0,-3.0
0,0,46.41754222538514,never,0,0,-3.0
1,0,43.87108624649991,never,0,0,-3.0
1,1,52.44567128593888,complier,0,1,2.0
1,0,45.42995507238069,never,0,0,-3.0
0,0,44.478117455944634,never,0,0,-3.0
0,0,45.221257081683895,never,0,0,-3.0
1,0,45.65208842499546,never,0,0,-3.0
0,0,45.31769478837589,never,0,0,-3.0
0,1,69.91331923347165,always,1,1,12.0
0,0,47.11822060677354,never,0,0,-3.0
1,0,47.92325586103999,never,0,0,-3.0
1,0,47.40602952052364,never,0,0,-3.0
1,1,66.29133866397244,always,1,1,12.0
1,0,45.662720869964375,never,0,0,-3.0
0,0,50.04038341657589,complier,0,1,2.0
0,0,39.903243045363496,never,0,0,-3.0
1,1,51.34808125384673,complier,0,1,2.0
1,1,69.51474302312862,always,1,1,12.0
0,1,67.36980050483052,always,1,1,12.0
1,0,49.32682712342603,never,0,0,-3.0
1,1,52.87841049614764,complier,0,1,2.0
1,1,51.28652751912325,complier,0,1,2.0
0,1,69.04963139328447,always,1,1,12.0
1,1,52.504319478219884,complier,0,1,2.0
0,0,49.27308322795674,complier,0,1,2.0
0,0,49.33203033777512,complier,0,1,2.0
1,0,48.17326051232025,never,0,0,-3.0
1,0,49.75945073174326,never,0,0,-3.0
0,0,45.84885990304695,never,0,0,-3.0
0,1,71.39167435931115,always,1,1,12.0
0,0,50.60547051830078,never,0,0,-3.0
1,1,52.33653016116493,complier,0,1,2.0
1,1,49.15910661584156,complier,0,1,2.0
1,0,48.38684625824575,never,0,0,-3.0
0,0,46.48409964783872,never,0,0,-3.0
1,0,47.80975283868291,never,0,0,-3.0
0,0,48.679531812854385,complier,0,1,2.0
1,0,47.0549886573993,never,0,0,-3.0
0,0,47.74384707624528,never,0,0,-3.0
0,1,71.01100838476243,always,1,1,12.0
1,1,49.701114442976845,complier,0,1,2.0
0,0,44.11219856106647,never,0,0,-3.0
1,1,53.45796752528788,complier,0,1,2.0
0,1,68.2493881110899,always,1,1,12.0
1,0,44.343752203620575,never,0,0,-3.0
0,0,48.2198509025918,never,0,0,-3.0
1,0,48.02084712718593,never,0,0,-3.0
0,0,50.55283261004413,complier,0,1,2.0
0,0,46.84673809673713,complier,0,1,2.0
1,0,44.68668064972951,never,0,0,-3.0
1,1,51.38347196368275,complier,0,1,2.0
0,0,50.063545668825,complier,0,1,2.0
0,1,68.27870391262135,always,1,1,12.0
0,0,50.59103158856717,complier,0,1,2.0
0,1,70.01825164898588,always,1,1,12.0
1,0,44.11012087310317,never,0,0,-3.0
0,0,47.83717763314502,never,0,0,-3.0
0,1,70.36582163572022,always,1,1,12.0
0,0,44.689459970931615,never,0,0,-3.0
0,0,45.253810035916246,never,0,0,-3.0
1,1,50.356213055135164,complier,0,1,2.0
1,1,50.952043306415185,complier,0,1,2.0
0,1,68.85217622275407,always,1,1,12.0
1,1,51.02447104907612,complier,0,1,2.0
1,1,67.10680945774328,always,1,1,12.0
1,1,67.74883471262483,always,1,1,12.0
1,0,43.436882539035224,never,0,0,-3.0
1,0,44.81346018202617,never,0,0,-3.0
0,0,48.5869369324693,complier,0,1,2.0
1,1,55.26213018539442,complier,0,1,2.0
0,0,46.671593716056854,never,0,0,-3.0
0,0,50.890114725883464,complier,0,1,2.0
1,0,47.75001433666675,never,0,0,-3.0
0,0,47.89359215910823,never,0,0,-3.0
1,1,51.44555713446881,complier,0,1,2.0
1,1,67.44151325651187,always,1,1,12.0
1,0,44.10004461572438,never,0,0,-3.0
0,0,50.97960921699446,complier,0,1,2.0
1,1,66.48767462278458,always,1,1,12.0
0,1,69.35663392075965,always,1,1,12.0
1,1,52.34537899925214,complier,0,1,2.0
0,1,66.26351517329786,always,1,1,12.0
0,0,46.69304735615801,never,0,0,-3.0
0,0,46.033076861417676,never,0,0,-3.0
0,1,68.80014109402433,always,1,1,12.0
1,0,47.516171390475044,never,0,0,-3.0
0,0,44.976025011242385,never,0,0,-3.0
1,1,52.65965111151697,complier,0,1,2.0
0,0,46.41458649410252,never,0,0,-3.0
1,1,69.33868940380525,always,1,1,12.0
1,1,51.82539557852298,complier,0,1,2.0
0,1,69.48162561677404,always,1,1,12.0
0,0,48.82435809983342,complier,0,1,2.0
0,0,48.79934632022395,complier,0,1,2.0
1,1,64.54780892276781,always,1,1,12.0
1,1,68.4193162278504,always,1,1,12.0
1,0,43.54443275472466,never,0,0,-3.0
1,0,47.63666784505123,never,0,0,-3.0
1,1,49.42732302311681,complier,0,1,2.0
0,0,49.76222052509496,complier,0,1,2.0
1,0,45.19343527778321,never,0,0,-3.0
1,1,66.5015889194486,always,1,1,12.0
1,0,40.90179396235821,never,0,0,-3.0
0,1,69.26380767793228,always,1,1,12.0
1,1,68.43725725144346,always,1,1,12.0
1,1,48.29241608769562,complier,0,1,2.0
1,1,68.61606336659965,always,1,1,12.0
0,0,50.89694288107303,complier,0,1,2.0
0,0,43.06236410394798,never,0,0,-3.0
0,0,42.78932497416211,never,0,0,-3.0
1,0,47.551391609086444,never,0,0,-3.0
1,1,50.9037620120504,complier,0,1,2.0
0,0,46.6416728058807,never,0,0,-3.0
1,1,66.24381968370463,always,1,1,12.0
0,0,47.634984189054954,complier,0,1,2.0
1,1,68.06480663863822,always,1,1,12.0
1,1,54.60536152445348,complier,0,1,2.0
1,0,43.35617329604592,never,0,0,-3.0
0,1,70.5832071487141,always,1,1,12.0
0,0,44.56357533569395,never,0,0,-3.0
0,0,45.054247900384624,never,0,0,-3.0
1,1,69.21061624518578,always,1,1,12.0
0,0,46.60071786122999,never,0,0,-3.0
1,1,70.08274784247111,always,1,1,12.0
0,0,46.69434477835538,complier,0,1,2.0
0,0,49.78471857486718,complier,0,1,2.0
1,0,47.77018506230012,never,0,0,-3.0
1,1,69.42308519747152,always,1,1,12.0
1,1,52.56813020620065,complier,0,1,2.0
0,0,45.14307506161122,never,0,0,-3.0
1,0,42.66464898953772,never,0,0,-3.0
0,0,50.83162493317798,complier,0,1,2.0
0,0,50.43610780845806,complier,0,1,2.0
1,1,72.13085448597649,always,1,1,12.0
0,1,66.94840227282884,always,1,1,12.0
0,0,45.96963628899061,never,0,0,-3.0
1,0,48.18076950806512,never,0,0,-3.0
1,0,48.963536956477604,never,0,0,-3.0
1,1,53.818349773955184,complier,0,1,2.0
1,1,69.04514725067764,always,1,1,12.0
1,1,53.52183898580441,complier,0,1,2.0
0,0,53.58641961855165,complier,0,1,2.0
0,1,68.91442181076738,always,1,1,12.0
0,0,50.93806295596089,complier,0,1,2.0
0,0,43.324556657535275,never,0,0,-3.0
0,0,43.92246961473213,never,0,0,-3.0
1,1,66.70650115487805,always,1,1,12.0
1,1,68.55024487658665,always,1,1,12.0
1,1,53.39340983448029,complier,0,1,2.0
0,0,47.37399008635385,complier,0,1,2.0
0,0,46.94293731047012,complier,0,1,2.0
0,0,44.55309650329741,never,0,0,-3.0
0,1,63.720108771878294,always,1,1,12.0
1,1,71.3088070397376,always,1,1,12.0
1,0,46.144365621633156,never,0,0,-3.0
1,1,52.280659745988046,complier,0,1,2.0
1,0,51.39263483075214,never,0,0,-3.0
1,1,68.31770723095775,always,1,1,12.0
0,0,46.86986512452441,never,0,0,-3.0
1,1,53.81230624696129,complier,0,1,2.0
0,1,65.41171715078704,always,1,1,12.0
0,0,44.452828733269484,never,0,0,-3.0
0,1,70.33140346835201,always,1,1,12.0
1,0,46.239884446301325,never,0,0,-3.0
0,0,47.800895814303004,complier,0,1,2.0
0,0,43.429727220478824,never,0,0,-3.0
1,1,53.01139720624479,complier,0,1,2.0
1,1,52.48899901086465,complier,0,1,2.0
1,1,67.21940774408584,always,1,1,12.0
1,1,49.651388618177215,complier,0,1,2.0
0,1,70.55013993620267,always,1,1,12.0
1,1,48.152724872366036,complier,0,1,2.0
1,1,52.500015778629084,complier,0,1,2.0
0,0,47.66117405028944,never,0,0,-3.0
0,0,47.56091396141326,never,0,0,-3.0
1,0,46.963261514099806,never,0,0,-3.0
1,1,71.14393480943457,always,1,1,12.0
0,1,68.54021011231352,always,1,1,12.0
0,0,52.87887950589648,complier,0,1,2.0
1,0,47.04873767504333,never,0,0,-3.0
1,1,53.478220953110714,complier,0,1,2.0
1,1,69.30403109593085,always,1,1,12.0
0,0,49.767672677297064,complier,0,1,2.0
1,1,68.64643375432706,always,1,1,12.0
1,1,65.89206508076461,always,1,1,12.0
1,1,51.03465543647564,complier,0,1,2.0
0,1,68.89710681051034,always,1,1,12.0
0,1,67.6165107823663,always,1,1,12.0
1,1,55.25923504433894,complier,0,1,2.0
1,0,47.534873928729596,never,0,0,-3.0
1,1,71.89552947367957,always,1,1,12.0
0,1,69.58821061752914,always,1,1,12.0
0,0,44.67103522393237,never,0,0,-3.0
1,1,51.570608502162834,complier,0,1,2.0
1,0,45.84113906536535,never,0,0,-3.0
1,1,72.2715516008113,always,1,1,12.0
1,0,47.81777023230776,never,0,0,-3.0
0,0,47.697369616378296,never,0,0,-3.0
1,1,51.38191054453706,complier,0,1,2.0
0,0,44.981580736518794,never,0,0,-3.0
0,0,50.11055345120893,complier,0,1,2.0
1,1,73.69779592518735,always,1,1,12.0
1,1,68.4512902457802,always,1,1,12.0
0,0,50.843803259180866,complier,0,1,2.0
1,0,44.536498057816125,never,0,0,-3.0
1,1,53.73328863434908,complier,0,1,2.0
0,0,46.80951928960189,never,0,0,-3.0
1,1,68.2882474894438,always,1,1,12.0
0,0,52.754669112832715,complier,0,1,2.0
1,1,68.55630748147662,always,1,1,12.0
1,0,48.219573159521566,never,0,0,-3.0
1,1,68.53785683250861,always,1,1,12.0
0,0,48.777364107054176,complier,0,1,2.0
1,1,50.14864285026873,complier,0,1,2.0
0,0,50.57662118337246,complier,0,1,2.0
0,0,45.31876216878482,never,0,0,-3.0
0,1,66.66827558312401,always,1,1,12.0
1,1,50.02027364016392,complier,0,1,2.0
0,0,54.20354341173963,complier,0,1,2.0
1,1,52.7131120849119,complier,0,1,2.0
1,1,69.2392292206863,always,1,1,12.0
0,0,46.98784146629238,never,0,0,-3.0
1,0,47.747092763211036,never,0,0,-3.0
1,0,44.43236369754809,never,0,0,-3.0
0,0,46.17296720986997,never,0,0,-3.0
1,1,50.87674545217092,complier,0,1,2.0
0,0,46.879165184659776,never,0,0,-3.0
0,0,48.39165658413949,complier,0,1,2.0
0,1,66.50926033572166,always,1,1,12.0
0,0,48.260967631616396,never,0,0,-3.0
1,0,48.78509566278973,never,0,0,-3.0
0,1,69.876500769873,always,1,1,12.0
1,1,56.445089857141326,complier,0,1,2.0
1,0,47.26057957558474,never,0,0,-3.0
1,0,43.28650069979296,never,0,0,-3.0
0,0,45.567501473471346,never,0,0,-3.0
1,0,47.15320189166481,never,0,0,-3.0
0,1,66.49082974250175,always,1,1,12.0
1,0,48.077531549248526,never,0,0,-3.0
0,0,52.992259134597894,complier,0,1,2.0
1,0,46.24576774192683,never,0,0,-3.0
1,1,51.30136046917226,complier,0,1,2.0
0,0,49.168083870414044,complier,0,1,2.0
0,1,65.69611000550746,always,1,1,12.0
1,1,70.60664588978196,always,1,1,12.0
0,0,46.272101197022415,never,0,0,-3.0
1,1,67.73700883402736,always,1,1,12.0
1,1,69.67840798397724,always,1,1,12.0
0,1,69.12546338087574,always,1,1,12.0
0,0,44.67725282244312,never,0,0,-3.0
0,0,49.01008459109267,complier,0,1,2.0
0,1,69.21948411311269,always,1,1,12.0
1,0,41.92860326182357,never,0,0,-3.0
1,0,44.77322005087942,never,0,0,-3.0
1,1,50.93905942615484,complier,0,1,2.0
0,0,46.94696492341422,never,0,0,-3.0
1,1,52.90443223872046,complier,0,1,2.0
0,0,43.39987396758367,never,0,0,-3.0
1,1,69.03681302833247,always,1,1,12.0
1,1,68.82099944966622,always,1,1,12.0
1,1,67.91355796419471,always,1,1,12.0
0,0,46.84925668326792,never,0,0,-3.0
0,1,66.76809248607444,always,1,1,12.0
0,1,67.51188130802188,always,1,1,12.0
1,1,49.657625165655126,complier,0,1,2.0
0,0,51.833670072242334,complier,0,1,2.0
0,0,50.014303483210746,complier,0,1,2.0
1,0,49.333018867567255,never,0,0,-3.0
1,1,68.25625215696948,always,1,1,12.0
1,1,51.19679784628183,complier,0,1,2.0
0,0,51.469532183042546,complier,0,1,2.0
0,0,49.851020782033146,complier,0,1,2.0
1,1,53.07871951138109,complier,0,1,2.0
1,0,44.74438812530678,never,0,0,-3.0
1,0,47.49537544598836,never,0,0,-3.0
0,0,49.760799638063006,complier,0,1,2.0
1,1,54.21903612311557,complier,0,1,2.0
0,0,50.56332518701959,complier,0,1,2.0
0,0,47.591366912116555,complier,0,1,2.0
0,0,44.74023825873883,never,0,0,-3.0
1,0,44.69665427209073,never,0,0,-3.0
1,0,43.87947504903281,never,0,0,-3.0
1,1,67.02673193355545,always,1,1,12.0
0,0,51.20470276266875,complier,0,1,2.0
0,0,48.28187284775495,complier,0,1,2.0
1,1,50.91584737599842,complier,0,1,2.0
0,0,43.37155080317151,never,0,0,-3.0
0,0,49.583890592079584,complier,0,1,2.0
0,1,72.52692179870652,always,1,1,12.0
1,1,53.1616744455328,complier,0,1,2.0
0,0,46.4992510371149,never,0,0,-3.0
0,0,45.65472194088495,never,0,0,-3.0
1,0,46.30776221138582,never,0,0,-3.0
0,0,44.565197337925085,never,0,0,-3.0
0,1,71.33263804927172,always,1,1,12.0
0,0,45.82330239975526,never,0,0,-3.0
1,0,44.981880320292014,never,0,0,-3.0
0,1,70.77828355651953,always,1,1,12.0
1,1,50.525025271035695,complier,0,1,2.0
0,1,67.83577938060584,always,1,1,12.0
0,0,49.56051451412188,complier,0,1,2.0
0,0,48.29884274471418,complier,0,1,2.0
1,1,71.55886027583969,always,1,1,12.0
0,0,50.63284957660755,complier,0,1,2.0
0,0,47.130293030533146,never,0,0,-3.0
1,0,49.114331144364904,never,0,0,-3.0
1,1,68.83217218936437,always,1,1,12.0
1,1,68.45094183986848,always,1,1,12.0
0,1,64.3768084939136,always,1,1,12.0
1,0,49.17155877754424,never,0,0,-3.0
0,0,46.71929678810952,never,0,0,-3.0
1,1,68.65848132176407,always,1,1,12.0
1,1,52.93899352408077,complier,0,1,2.0
0,0,51.06009054734601,complier,0,1,2.0
1,1,67.76212618730055,always,1,1,12.0
1,1,69.44836623777904,always,1,1,12.0
1,1,70.00345204376956,always,1,1,12.0
0,0,48.44263555623565,never,0,0,-3.0
0,0,50.406851854409204,complier,0,1,2.0
1,1,69.19045035350695,always,1,1,12.0
1,1,51.50840136608592,complier,0,1,2.0
0,0,52.46524930565829,complier,0,1,2.0
0,0,46.82208868778064,never,0,0,-3.0
1,0,46.91965917690232,never,0,0,-3.0
0,0,48.42562603937564,never,0,0,-3.0
1,1,53.94506346732991,complier,0,1,2.0
1,1,66.47183105232925,always,1,1,12.0
0,1,75.22433070208972,always,1,1,12.0
1,1,53.44617033454986,complier,0,1,2.0
1,0,46.72897976658007,never,0,0,-3.0
1,1,51.82825059060375,complier,0,1,2.0
1,1,66.77644244682429,always,1,1,12.0
1,1,73.3721360153216,always,1,1,12.0
0,1,66.94693975991187,always,1,1,12.0
1,1,54.25175398559216,complier,0,1,2.0
1,0,44.59349730382703,never,0,0,-3.0
1,1,68.51605504138173,always,1,1,12.0
1,0,47.878871843940374,never,0,0,-3.0
1,0,47.58576521072435,never,0,0,-3.0
1,0,43.81123413239752,never,0,0,-3.0
1,0,47.07485874266482,never,0,0,-3.0
1,0,45.01381312747249,never,0,0,-3.0
1,1,68.13997701347931,always,1,1,12.0
0,0,48.591574579936925,complier,0,1,2.0
0,1,65.8534392243649,always,1,1,12.0
1,1,49.09670216823141,complier,0,1,2.0
1,1,69.44159532726383,always,1,1,12.0
0,0,47.255657403647376,complier,0,1,2.0
0,0,50.306026533430206,complier,0,1,2.0
1,1,49.09227380977586,complier,0,1,2.0
1,1,50.55688085196525,complier,0,1,2.0
0,0,48.22661627669612,never,0,0,-3.0
1,0,45.387784422280525,never,0,0,-3.0
0,0,51.80091740950824,complier,0,1,2.0
1,1,69.16169018389044,always,1,1,12.0
1,0,45.871255406882604,never,0,0,-3.0
0,1,68.98637178538442,always,1,1,12.0
1,1,66.7873370211428,always,1,1,12.0
1,0,48.47010930522421,never,0,0,-3.0
0,1,67.32710420215585,always,1,1,12.0
0,1,68.34863750311898,always,1,1,12.0
0,1,67.35152985252162,always,1,1,12.0
0,0,48.75566080175951,complier,0,1,2.0
0,1,67.1735010095458,always,1,1,12.0
1,0,48.51073559232951,never,0,0,-3.0
1,1,71.75448009778017,always,1,1,12.0
0,0,54.287257823973434,complier,0,1,2.0
1,0,49.0430026918974,never,0,0,-3.0
1,1,64.44679142964524,always,1,1,12.0
1,1,68.65865394085316,always,1,1,12.0
0,0,44.642226851012715,never,0,0,-3.0
1,1,52.47313109880686,complier,0,1,2.0
1,1,66.1274163547815,always,1,1,12.0
0,1,69.47932853929258,always,1,1,12.0
1,0,46.61072832325222,never,0,0,-3.0
1,0,47.02676250090739,never,0,0,-3.0
1,1,69.25335969945682,always,1,1,12.0
1,0,47.49362119184517,never,0,0,-3.0
1,1,69.55012311530427,always,1,1,12.0
1,1,50.49678463351172,complier,0,1,2.0
0,0,46.121432572541536,never,0,0,-3.0
0,0,48.441870088594555,never,0,0,-3.0
1,1,68.62315027176038,always,1,1,12.0
1,0,47.119737144318414,never,0,0,-3.0
1,1,50.882969870021135,complier,0,1,2.0
0,1,69.66083390100424,always,1,1,12.0
0,0,44.682915501457686,never,0,0,-3.0
0,0,46.1237348813837,complier,0,1,2.0
1,1,53.112222677977755,complier,0,1,2.0
1,0,47.002799995136755,never,0,0,-3.0
0,0,45.81938051327866,never,0,0,-3.0
1,1,52.079640704619685,complier,0,1,2.0
0,1,69.3319089242364,always,1,1,12.0
1,1,52.44340369914086,complier,0,1,2.0
1,0,45.50511144766622,never,0,0,-3.0
1,1,70.02760924368049,always,1,1,12.0
0,0,46.05198799339258,never,0,0,-3.0
1,1,67.69168990458923,always,1,1,12.0
1,0,46.963030274436946,never,0,0,-3.0
0,0,51.033632810327944,complier,0,1,2.0
0,0,50.7690797881182,complier,0,1,2.0
1,0,47.331142375467174,never,0,0,-3.0
1,0,47.25136354806124,never,0,0,-3.0
0,0,49.297228961330404,complier,0,1,2.0
1,1,50.79540555825559,complier,0,1,2.0
1,1,70.50094737456267,always,1,1,12.0
1,1,66.77390777577038,always,1,1,12.0
0,0,52.20648597175855,complier,0,1,2.0
0,1,69.18765607244087,always,1,1,12.0
1,1,53.62466477470497,complier,0,1,2.0
0,0,45.85914190282052,never,0,0,-3.0
0,0,43.68371751241977,never,0,0,-3.0
0,1,65.50628096037755,always,1,1,12.0
0,0,51.48589043037486,complier,0,1,2.0
1,0,47.47200274563327,never,0,0,-3.0
1,1,74.76471621139999,always,1,1,12.0
1,0,49.180496417163845,never,0,0,-3.0
0,1,64.30133804550215,always,1,1,12.0
0,1,70.7349708026366,always,1,1,12.0
0,0,48.08502442186266,never,0,0,-3.0
1,1,70.70482652139799,always,1,1,12.0
1,1,68.10207046115119,always,1,1,12.0
1,0,47.724617968736425,never,0,0,-3.0
0,0,46.7195075843998,never,0,0,-3.0
1,1,68.02696580803874,always,1,1,12.0
0,0,49.73345129734664,complier,0,1,2.0
0,0,43.41624362084166,never,0,0,-3.0
0,0,49.52343794743787,complier,0,1,2.0
1,0,45.29024769025618,never,0,0,-3.0
0,1,69.4398281290216,always,1,1,12.0
0,1,69.90435683553889,always,1,1,12.0
1,1,53.9062590179429,complier,0,1,2.0
0,1,70.70562509720658,always,1,1,12.0
1,0,44.28808202672288,never,0,0,-3.0
1,0,45.10650374147606,never,0,0,-3.0
0,1,70.82421015093182,always,1,1,12.0
0,0,51.04635044889403,complier,0,1,2.0
1,1,71.15889629620987,always,1,1,12.0
1,1,52.269620698722726,complier,0,1,2.0
0,1,71.36279017000531,always,1,1,12.0
1,1,66.29709390905602,always,1,1,12.0
1,0,44.119746111685764,never,0,0,-3.0
0,0,50.76127752199237,complier,0,1,2.0
1,1,51.37357014116593,complier,0,1,2.0
0,0,46.78472372798084,never,0,0,-3.0
1,0,47.9620891637977,never,0,0,-3.0
1,0,47.619810642091764,never,0,0,-3.0
1,1,54.66799658201106,complier,0,1,2.0
1,0,46.604274667077235,never,0,0,-3.0
0,0,48.72425250316501,complier,0,1,2.0
0,0,48.02052401695513,never,0,0,-3.0
0,0,43.893526476847576,never,0,0,-3.0
0,0,52.02073799982219,complier,0,1,2.0
1,1,70.58328039803064,always,1,1,12.0
0,0,51.282555051369236,complier,0,1,2.0
1,1,71.0973546364386,always,1,1,12.0
1,0,45.75328981085048,never,0,0,-3.0
0,1,70.63270587396029,always,1,1,12.0
0,0,53.68535819449571,complier,0,1,2.0
1,0,44.8035005113695,never,0,0,-3.0
0,0,47.43091688489081,complier,0,1,2.0
0,0,43.506176615645415,never,0,0,-3.0
1,0,44.999317714591356,never,0,0,-3.0
0,0,43.15713287678565,never,0,0,-3.0
1,1,48.630053346608264,complier,0,1,2.0
1,0,45.60216527987515,never,0,0,-3.0
0,1,67.02855991156851,always,1,1,12.0
1,1,52.05122382873483,complier,0,1,2.0
0,0,41.83223005410289,never,0,0,-3.0
0,0,47.613220210202705,never,0,0,-3.0
0,1,68.24229241315864,always,1,1,12.0
1,1,70.0438549389198,always,1,1,12.0
1,1,68.7165021286633,always,1,1,12.0
0,1,70.79770525701794,always,1,1,12.0
1,1,68.31464443521439,always,1,1,12.0
0,1,68.53411916690406,always,1,1,12.0
0,0,43.66166049251333,never,0,0,-3.0
1,0,42.23632396757599,never,0,0,-3.0
0,0,48.46115998578469,never,0,0,-3.0
1,1,52.49922155383482,complier,0,1,2.0
0,0,46.648347125611,complier,0,1,2.0
0,0,44.206281787522194,never,0,0,-3.0
0,0,47.76587218529988,complier,0,1,2.0
1,1,53.42277013116705,complier,0,1,2.0
1,1,68.37913738162504,always,1,1,12.0
0,1,69.90967349654288,always,1,1,12.0
0,0,53.32272001941719,complier,0,1,2.0
1,1,69.29369377308116,always,1,1,12.0
0,1,71.54664349825366,always,1,1,12.0
1,1,65.69378316901718,always,1,1,12.0
0,1,72.97304416514442,always,1,1,12.0
1,0,48.38285724083425,never,0,0,-3.0
0,1,65.72178003717914,always,1,1,12.0
1,1,69.34215933649332,always,1,1,12.0
1,0,46.42963285222187,never,0,0,-3.0
1,0,46.15893987140455,never,0,0,-3.0
0,1,69.44545252449144,always,1,1,12.0
0,0,43.236072929134245,never,0,0,-3.0
1,0,46.30576472775813,never,0,0,-3.0
1,0,48.04003494479335,never,0,0,-3.0
1,1,69.95401016377849,always,1,1,12.0
0,1,69.86346771070723,always,1,1,12.0
0,1,67.43616623559086,always,1,1,12.0
0,1,69.80284359093426,always,1,1,12.0
0,0,45.87868308063687,complier,0,1,2.0
0,1,68.23203370208432,always,1,1,12.0
0,1,71.12922841002164,always,1,1,12.0
0,0,50.43681691221648,complier,0,1,2.0
0,1,65.81942558220412,always,1,1,12.0
0,1,67.77392524922625,always,1,1,12.0
1,0,44.73191761673677,never,0,0,-3.0
1,1,66.12936886818949,always,1,1,12.0
0,0,45.81282524461802,never,0,0,-3.0
1,1,54.37846265579584,complier,0,1,2.0
0,0,51.7968535166162,complier,0,1,2.0
1,1,51.26556458879261,complier,0,1,2.0
1,1,67.5064239566091,always,1,1,12.0
1,0,45.537459247169075,never,0,0,-3.0
1,1,68.21826526653328,always,1,1,12.0
1,0,50.1172598010299,never,0,0,-3.0
0,0,51.71870891200702,complier,0,1,2.0
1,0,38.96897441350754,never,0,0,-3.0
1,1,53.03120825099793,complier,0,1,2.0
0,1,70.8048696052812,always,1,1,12.0
0,0,49.36586478755626,complier,0,1,2.0
1,0,48.81734411788893,never,0,0,-3.0
0,1,65.95646596898042,always,1,1,12.0
0,0,47.543604890650926,never,0,0,-3.0
0,1,69.89922955426155,always,1,1,12.0
1,1,71.37022521475498,always,1,1,12.0
1,1,70.45551593721429,always,1,1,12.0
1,1,68.6528104399198,always,1,1,12.0
1,0,48.83278441338367,never,0,0,-3.0
1,1,50.237916395366824,complier,0,1,2.0
1,1,51.21840690850114,complier,0,1,2.0
1,0,45.61255010563164,never,0,0,-3.0
0,0,46.75722046487009,complier,0,1,2.0
0,1,68.22771228567919,always,1,1,12.0
1,0,42.15756903262276,never,0,0,-3.0
1,0,46.99177402301306,never,0,0,-3.0
1,1,68.46884132318712,always,1,1,12.0
0,0,47.427923831511436,complier,0,1,2.0
1,1,51.84600769193573,complier,0,1,2.0
0,1,67.73156080704359,always,1,1,12.0
1,0,47.080611318940726,never,0,0,-3.0
1,1,51.515641819604106,complier,0,1,2.0
0,0,50.40363672145701,never,0,0,-3.0
1,1,70.23348878434038,always,1,1,12.0
0,0,48.011137950878904,never,0,0,-3.0
0,1,71.22088814949072,always,1,1,12.0
0,0,44.91911086908338,never,0,0,-3.0
1,1,67.7818156604246,always,1,1,12.0
1,0,45.68823293502101,never,0,0,-3.0
0,1,68.08699757426812,always,1,1,12.0
1,0,43.84569149573237,never,0,0,-3.0
0,0,51.45658632260303,complier,0,1,2.0
1,1,48.137423786218044,complier,0,1,2.0
1,0,42.263999575350255,never,0,0,-3.0
1,1,68.01836953645316,always,1,1,12.0
0,0,53.080220390002076,complier,0,1,2.0
0,0,50.14250247678088,complier,0,1,2.0
0,0,47.32107266033448,never,0,0,-3.0
0,0,44.917034126726776,never,0,0,-3.0
1,0,47.798239504803625,never,0,0,-3.0
0,1,67.96123872903823,always,1,1,12.0
0,0,51.61384147942936,complier,0,1,2.0
0,1,67.65674404016615,always,1,1,12.0
1,1,69.00613477601658,always,1,1,12.0
1,0,45.56079743725327,never,0,0,-3.0
0,0,43.115100421488386,never,0,0,-3.0
1,0,43.35037121736183,never,0,0,-3.0
1,1,53.653066546022465,complier,0,1,2.0
1,1,52.157216531091855,complier,0,1,2.0
0,0,48.231693813159815,complier,0,1,2.0
0,1,71.63833373141092,always,1,1,12.0
1,1,69.39374070241583,always,1,1,12.0
0,1,69.633911032749,always,1,1,12.0
1,0,44.34508494881922,never,0,0,-3.0
0,0,46.025703470309274,never,0,0,-3.0
1,0,46.37720852426435,never,0,0,-3.0
0,0,52.54939293420427,complier,0,1,2.0
0,0,50.494003011206125,never,0,0,-3.0
1,1,69.6199725906705,always,1,1,12.0
1,0,43.14017318869801,never,0,0,-3.0
0,0,47.056252854092705,never,0,0,-3.0
0,1,70.45593896880003,always,1,1,12.0
0,0,49.83456839233287,complier,0,1,2.0
0,0,44.90393040602811,never,0,0,-3.0
0,1,69.11827069629314,always,1,1,12.0
1,1,68.501415713917,always,1,1,12.0
1,1,50.66979797280487,complier,0,1,2.0
0,0,45.49048790205184,never,0,0,-3.0
0,0,47.72076308646423,complier,0,1,2.0
0,1,70.22570454473693,always,1,1,12.0
1,1,71.85006310384345,always,1,1,12.0
0,1,65.97844962509278,always,1,1,12.0
0,0,45.32608761368362,never,0,0,-3.0
1,1,53.295147425527304,complier,0,1,2.0
0,1,67.20909906848024,always,1,1,12.0
0,0,46.45664543410713,never,0,0,-3.0
0,0,50.0630681195233,complier,0,1,2.0
1,1,49.367568916294175,complier,0,1,2.0
1,1,54.0374971991644,complier,0,1,2.0
1,0,46.74539871742789,never,0,0,-3.0
1,1,70.82573770315629,always,1,1,12.0
0,1,68.60296181914289,always,1,1,12.0
1,0,47.09123071755852,never,0,0,-3.0
0,0,45.91619151304513,never,0,0,-3.0
0,0,44.89032447464397,never,0,0,-3.0
1,0,42.20177941830909,never,0,0,-3.0
0,1,68.58858837436895,always,1,1,12.0
1,1,51.5073536148129,complier,0,1,2.0
0,0,45.51145566675489,complier,0,1,2.0
1,0,46.95358889754521,never,0,0,-3.0
0,1,70.63892449295781,always,1,1,12.0
0,0,44.473848770754,never,0,0,-3.0
0,1,67.27602263453244,always,1,1,12.0
1,0,46.1483631853955,never,0,0,-3.0
1,1,65.98561396283918,always,1,1,12.0
1,1,70.56170761988277,always,1,1,12.0
0,1,71.50271596139675,always,1,1,12.0
0,0,52.137573772972274,complier,0,1,2.0
0,0,47.077616043354844,never,0,0,-3.0
1,0,46.45976969857783,never,0,0,-3.0
0,1,68.71348073370568,always,1,1,12.0
1,0,42.538427077874296,never,0,0,-3.0
1,1,68.90256437940684,always,1,1,12.0
0,0,47.563839321261405,complier,0,1,2.0
1,1,70.74989627946928,always,1,1,12.0
1,1,53.15296025193903,complier,0,1,2.0
1,1,71.46635697221954,always,1,1,12.0
0,0,51.62350846295056,complier,0,1,2.0
1,1,69.9143867890112,always,1,1,12.0
0,0,48.828788415197295,complier,0,1,2.0
0,1,66.53830809600153,always,1,1,12.0
1,1,53.51310942280424,complier,0,1,2.0
1,0,44.31868271036405,never,0,0,-3.0
0,0,44.11595557681878,never,0,0,-3.0
0,0,50.06922416629242,complier,0,1,2.0
0,0,50.02939339950817,complier,0,1,2.0
1,1,53.4984910556928,complier,0,1,2.0
1,0,47.61930565328842,never,0,0,-3.0
1,1,68.32451886575535,always,1,1,12.0
0,1,69.61607713851016,always,1,1,12.0
0,0,40.031230784890546,never,0,0,-3.0
1,0,48.350058566737715,never,0,0,-3.0
0,0,48.27190608717115,never,0,0,-3.0
0,1,68.62387131059448,always,1,1,12.0
0,0,48.698099110920644,complier,0,1,2.0
0,0,50.870070407213056,complier,0,1,2.0
1,0,43.05024162945128,never,0,0,-3.0
0,0,51.00216632847369,complier,0,1,2.0
1,0,48.02538003118662,never,0,0,-3.0
0,0,46.04491562418197,complier,0,1,2.0
1,0,43.537552787584325,never,0,0,-3.0
1,0,45.257904492113234,never,0,0,-3.0
0,1,66.55104424281448,always,1,1,12.0
0,1,67.2832216489957,always,1,1,12.0
1,0,47.30658530086684,never,0,0,-3.0
0,0,48.500818082928475,never,0,0,-3.0
1,1,66.79289275021421,always,1,1,12.0
0,1,68.92106732688048,always,1,1,12.0
0,0,46.59978086404042,never,0,0,-3.0
1,0,46.60670927316815,never,0,0,-3.0
0,0,48.54542100375444,complier,0,1,2.0
1,0,45.59141770065514,never,0,0,-3.0
0,1,72.56178087944018,always,1,1,12.0
1,0,47.70863820404741,never,0,0,-3.0
1,1,68.21875338364924,always,1,1,12.0
1,1,50.64261627824682,complier,0,1,2.0
1,1,53.01212745701755,complier,0,1,2.0
1,0,48.8200471402236,never,0,0,-3.0
1,0,47.814441987694735,never,0,0,-3.0
1,0,44.165697615059116,never,0,0,-3.0
1,0,47.72461319168205,never,0,0,-3.0
0,1,69.2708606774672,always,1,1,12.0
1,1,52.85268860445343,complier,0,1,2.0
1,1,67.86020958900767,always,1,1,12.0
0,0,46.00169838694346,never,0,0,-3.0
0,1,70.37413650271849,always,1,1,12.0
1,0,46.32572384454973,never,0,0,-3.0
1,1,52.690780965070296,complier,0,1,2.0
1,1,71.4102073314731,always,1,1,12.0
0,0,50.40670588124097,never,0,0,-3.0
0,0,51.56432841686521,complier,0,1,2.0
1,1,51.750575728877195,complier,0,1,2.0
0,0,46.98887704870352,never,0,0,-3.0
0,0,51.28606999848262,complier,0,1,2.0
1,0,47.98022450717716,never,0,0,-3.0
1,1,68.21916758425202,always,1,1,12.0
0,0,48.27962101774608,never,0,0,-3.0
1,0,44.01329344658547,never,0,0,-3.0
1,1,71.82301583562524,always,1,1,12.0
0,0,47.42110985250443,never,0,0,-3.0
1,1,69.44923692262788,always,1,1,12.0
0,0,45.14462898365401,never,0,0,-3.0
1,0,47.525597840930175,never,0,0,-3.0
0,1,69.8897083103862,always,1,1,12.0
1,0,46.98465719571781,never,0,0,-3.0
1,1,49.119916471355175,complier,0,1,2.0
0,0,49.664005534766844,complier,0,1,2.0
0,0,47.396070545397876,never,0,0,-3.0
0,1,68.93119642079122,always,1,1,12.0
0,1,68.36427696122658,always,1,1,12.0
0,0,44.20958156752621,never,0,0,-3.0
1,1,49.11196689406287,complier,0,1,2.0
1,1,53.373533345274446,complier,0,1,2.0
1,0,42.9454936698068,never,0,0,-3.0
0,0,49.62202636747362,complier,0,1,2.0
0,0,43.91897257352195,never,0,0,-3.0
0,1,69.96734656584921,always,1,1,12.0
1,1,67.98882168839383,always,1,1,12.0
1,1,73.28773673318463,always,1,1,12.0
1,1,67.09607903980422,always,1,1,12.0
1,0,45.90931369131859,never,0,0,-3.0
0,0,45.52800387422094,never,0,0,-3.0
1,1,53.1386770294013,complier,0,1,2.0
1,1,64.9830585730305,always,1,1,12.0
0,1,69.05531529147842,always,1,1,12.0
1,1,69.42752927621484,always,1,1,12.0
1,0,43.86833971454343,never,0,0,-3.0
0,0,43.69388915866808,never,0,0,-3.0
0,0,45.24280946671153,never,0,0,-3.0
0,0,48.489802696297645,complier,0,1,2.0
1,1,52.53229342473925,complier,0,1,2.0
1,1,50.410843376958795,complier,0,1,2.0
0,0,48.703607187209315,complier,0,1,2.0
0,0,49.889893369476304,complier,0,1,2.0
0,0,48.38943224033031,never,0,0,-3.0
1,1,55.58618299601935,complier,0,1,2.0
1,0,46.96660415999821,never,0,0,-3.0
0,1,69.07236033131353,always,1,1,12.0
0,1,67.73605264407108,always,1,1,12.0
1,0,44.38647880527521,never,0,0,-3.0
1,1,53.904835583456844,complier,0,1,2.0
1,1,68.40790198539213,always,1,1,12.0
0,0,46.21334233194214,never,0,0,-3.0
1,0,46.09065046994688,never,0,0,-3.0
1,0,43.729909803576504,never,0,0,-3.0
1,1,51.38106610374844,complier,0,1,2.0
1,1,51.0998652979912,complier,0,1,2.0
0,0,49.36307415418822,complier,0,1,2.0
0,0,53.12334946460412,complier,0,1,2.0
0,1,68.84595999898922,always,1,1,12.0
1,0,46.24176213189609,never,0,0,-3.0
1,0,45.340946671192526,never,0,0,-3.0
0,1,69.20050383406166,always,1,1,12.0
0,0,45.23766223253054,never,0,0,-3.0
0,1,63.99972735808132,always,1,1,12.0
1,1,70.25363997658377,always,1,1,12.0
1,0,48.7137234963777,never,0,0,-3.0
1,1,69.74069436497778,always,1,1,12.0
1,1,49.15947128731603,complier,0,1,2.0
0,0,46.73495519121663,never,0,0,-3.0
1,0,48.772549255075006,never,0,0,-3.0
0,0,46.54078909074981,never,0,0,-3.0
1,1,70.26640579784824,always,1,1,12.0
0,0,50.15851938851293,complier,0,1,2.0
0,0,50.808377846016846,complier,0,1,2.0
1,0,43.90073306889616,never,0,0,-3.0
0,0,45.496544044772605,never,0,0,-3.0
1,1,69.60120572450874,always,1,1,12.0
1,1,54.602508810348574,complier,0,1,2.0
0,1,67.81909475888345,always,1,1,12.0
0,0,51.804162660685435,complier,0,1,2.0
0,0,53.05703560910501,complier,0,1,2.0
0,0,52.40422727610781,complier,0,1,2.0
1,0,50.17935038138624,never,0,0,-3.0
0,0,46.867481113366566,never,0,0,-3.0
0,1,69.65727018124734,always,1,1,12.0
1,0,50.93585596246628,never,0,0,-3.0
0,0,44.8302256070363,never,0,0,-3.0
1,1,47.58927629636493,complier,0,1,2.0
0,0,51.02987543415571,complier,0,1,2.0
0,0,44.83248453489703,never,0,0,-3.0
0,0,45.06412927110331,never,0,0,-3.0
0,0,41.90297911886737,never,0,0,-3.0
0,0,53.73628036199167,complier,0,1,2.0
1,0,47.235455559845015,never,0,0,-3.0
1,1,68.20185851584887,always,1,1,12.0
1,1,70.79387121220165,always,1,1,12.0
0,1,66.44019402505808,always,1,1,12.0
0,0,44.78854154571529,never,0,0,-3.0
1,1,65.89192632249143,always,1,1,12.0
0,1,66.30908656141806,always,1,1,12.0
0,0,49.81861407663956,complier,0,1,2.0
1,1,51.8336320491878,complier,0,1,2.0
0,0,43.554938363872274,never,0,0,-3.0
0,0,43.00259922439803,never,0,0,-3.0
0,0,47.839470766379996,complier,0,1,2.0
1,1,54.241932448921744,complier,0,1,2.0
0,0,47.123127363642276,never,0,0,-3.0
0,0,51.224845771104256,complier,0,1,2.0
1,1,50.090042665527506,complier,0,1,2.0
1,1,71.60408478527872,always,1,1,12.0
1,1,71.23025131922891,always,1,1,12.0
1,0,48.678618314900895,never,0,0,-3.0
1,1,69.12522455809581,always,1,1,12.0
0,0,46.109255987136,never,0,0,-3.0
1,1,68.19784642537357,always,1,1,12.0
0,0,44.867784474812645,never,0,0,-3.0
1,1,49.5052281514222,complier,0,1,2.0
1,0,46.821126528373995,never,0,0,-3.0
0,0,43.16854984851954,never,0,0,-3.0
0,0,50.46115365864641,complier,0,1,2.0
1,1,69.55425561772452,always,1,1,12.0
0,0,44.62974287847907,never,0,0,-3.0
1,1,49.67736163533316,complier,0,1,2.0
0,0,48.927782481003106,complier,0,1,2.0
0,0,49.922359136818926,complier,0,1,2.0
0,0,40.89069559240433,never,0,0,-3.0
0,0,44.199880682211976,never,0,0,-3.0
0,0,52.03465517016231,complier,0,1,2.0
0,0,46.72085598173318,never,0,0,-3.0
1,1,53.38631316053626,complier,0,1,2.0
0,0,45.83752248532079,never,0,0,-3.0
0,1,68.08961876142217,always,1,1,12.0
1,1,50.74269652577966,complier,0,1,2.0
1,0,47.40884917091333,never,0,0,-3.0
0,1,71.22067822652814,always,1,1,12.0
1,0,45.43652631684728,never,0,0,-3.0
0,0,47.0073106684249,never,0,0,-3.0
0,0,50.50784745191774,complier,0,1,2.0
1,0,47.98496712623535,never,0,0,-3.0
0,0,50.343476634643174,complier,0,1,2.0
0,0,49.02678332846152,complier,0,1,2.0
1,1,52.19887709901866,complier,0,1,2.0
0,0,47.29815125579665,complier,0,1,2.0
0,0,46.70601297825922,never,0,0,-3.0
0,0,46.579422495625835,never,0,0,-3.0
0,1,68.97577360008509,always,1,1,12.0
1,1,51.04228672051523,complier,0,1,2.0
0,0,46.34699611131322,never,0,0,-3.0
1,1,71.98648184462662,always,1,1,12.0
0,0,48.04760990950379,never,0,0,-3.0
0,0,47.00420071778704,never,0,0,-3.0
0,0,50.770667828692844,complier,0,1,2.0
0,0,46.982448617222914,never,0,0,-3.0
0,0,50.85084478818336,complier,0,1,2.0
1,1,52.34237594396286,complier,0,1,2.0
1,1,55.565590709071785,complier,0,1,2.0
1,1,52.24099629613709,complier,0,1,2.0
1,1,52.40848493494324,complier,0,1,2.0
0,0,50.05689476497393,complier,0,1,2.0
0,1,68.04353281549214,always,1,1,12.0
1,1,67.64456215242717,always,1,1,12.0
0,1,67.22604291865592,always,1,1,12.0
1,1,53.17093211910883,complier,0,1,2.0
1,0,45.517944845109874,never,0,0,-3.0
0,0,51.622979300263985,complier,0,1,2.0
0,1,68.55806735591823,always,1,1,12.0
1,1,64.8806552109475,always,1,1,12.0
1,1,52.260259233858996,complier,0,1,2.0
0,0,46.88223003458895,never,0,0,-3.0
1,1,52.7719331595141,complier,0,1,2.0
0,0,45.95746931093156,never,0,0,-3.0
0,0,49.989339010763175,complier,0,1,2.0
1,0,44.46009017696768,never,0,0,-3.0
1,0,46.983856070979634,never,0,0,-3.0
1,0,46.778675660917145,never,0,0,-3.0
1,1,50.173958735045666,complier,0,1,2.0
1,1,70.46911532468907,always,1,1,12.0
0,1,69.49590085542103,always,1,1,12.0
0,0,46.59231733806666,never,0,0,-3.0
1,0,46.44695401097925,never,0,0,-3.0
1,1,49.31468956483496,complier,0,1,2.0
1,1,52.6841069285822,complier,0,1,2.0
1,0,46.026018525338586,never,0,0,-3.0
1,0,45.447912656399545,never,0,0,-3.0
1,1,48.1666190042459,complier,0,1,2.0
0,0,50.00132165881795,complier,0,1,2.0
1,1,49.37967434281736,complier,0,1,2.0
0,1,69.92452187193159,always,1,1,12.0
1,1,68.38596364298913,always,1,1,12.0
0,0,50.019539515005796,complier,0,1,2.0
1,1,52.487740992841644,complier,0,1,2.0
1,0,46.85433503627909,never,0,0,-3.0
0,0,45.303291554329554,never,0,0,-3.0
0,0,48.75469288097096,never,0,0,-3.0
0,0,46.23884881011226,never,0,0,-3.0
1,1,49.9352520795545,complier,0,1,2.0
0,1,70.67144308778578,always,1,1,12.0
1,1,55.420870095322236,complier,0,1,2.0
1,1,53.29031292227078,complier,0,1,2.0
1,1,69.21275664627048,always,1,1,12.0
1,1,68.05471332025049,always,1,1,12.0
0,1,71.71489435436278,always,1,1,12.0
0,0,45.5110889650801,never,0,0,-3.0
0,0,46.85158112068905,never,0,0,-3.0
0,0,47.34904084825905,never,0,0,-3.0
0,0,45.91889767951012,never,0,0,-3.0
0,0,49.5624820911778,never,0,0,-3.0
1,1,52.89048522208191,complier,0,1,2.0
0,0,49.23183189547597,never,0,0,-3.0
0,0,44.642251908082336,never,0,0,-3.0
1,1,67.68052511106325,always,1,1,12.0
1,0,45.074080001475174,never,0,0,-3.0
1,0,45.275613595939426,never,0,0,-3.0
1,1,70.46947735255279,always,1,1,12.0
1,1,49.09773226649659,complier,0,1,2.0
1,1,68.11185700406544,always,1,1,12.0
0,1,71.30925883003262,always,1,1,12.0
0,0,44.61732491447843,never,0,0,-3.0
1,0,45.61779354748198,never,0,0,-3.0
0,1,70.40761374964433,always,1,1,12.0
1,1,65.83750927846246,always,1,1,12.0
0,0,46.365987825331075,never,0,0,-3.0
0,0,46.48043555854554,complier,0,1,2.0
1,1,50.01195613764591,complier,0,1,2.0
1,1,66.28914611667548,always,1,1,12.0
0,0,49.17799870060197,never,0,0,-3.0
1,0,47.49506717003729,never,0,0,-3.0
0,0,43.841387865219886,never,0,0,-3.0
1,0,45.02631671481533,never,0,0,-3.0
0,0,44.88088744648625,never,0,0,-3.0
0,1,70.89425187028193,always,1,1,12.0
1,1,68.86652798069943,always,1,1,12.0
1,1,69.96304114412989,always,1,1,12.0
0,0,54.127806280485075,complier,0,1,2.0
0,1,70.29885876793257,always,1,1,12.0
0,1,70.35778438399538,always,1,1,12.0
0,0,49.25684853341892,complier,0,1,2.0
0,0,50.17434904243444,complier,0,1,2.0
0,0,50.43860980803054,never,0,0,-3.0
0,1,70.99042510922236,always,1,1,12.0
1,0,45.04973964191916,never,0,0,-3.0
1,1,67.24924082648724,always,1,1,12.0
1,1,69.57806182544245,always,1,1,12.0
1,1,50.99401709159922,complier,0,1,2.0
1,1,69.65673709947893,always,1,1,12.0
0,1,71.77294451251964,always,1,1,12.0
1,0,47.047147142943224,never,0,0,-3.0
1,1,54.38548593400121,complier,0,1,2.0
1,1,71.61990574643688,always,1,1,12.0
0,0,44.09191449630032,never,0,0,-3.0
1,1,70.51355895323017,always,1,1,12.0
1,0,41.950228514854174,never,0,0,-3.0
0,0,50.47289069100938,never,0,0,-3.0
0,0,45.91381646684938,never,0,0,-3.0
1,1,67.94949897742751,always,1,1,12.0
1,0,48.08224574422075,never,0,0,-3.0
1,0,43.858575564097805,never,0,0,-3.0
1,0,44.253636526083206,never,0,0,-3.0
0,0,49.01199654811615,never,0,0,-3.0
1,0,47.48181689175476,never,0,0,-3.0
1,1,69.59478944478691,always,1,1,12.0
0,0,48.30921959668416,never,0,0,-3.0
1,1,52.76399737919847,complier,0,1,2.0
0,0,50.66215225461574,complier,0,1,2.0
1,0,45.19180448193636,never,0,0,-3.0
0,0,49.62582071040739,complier,0,1,2.0
0,0,46.3728273075673,never,0,0,-3.0
1,1,68.68842631071476,always,1,1,12.0
1,1,51.67081596170191,complier,0,1,2.0
0,0,47.20441522835401,never,0,0,-3.0
1,0,44.84662968103665,never,0,0,-3.0
0,0,48.04096822704577,complier,0,1,2.0
1,1,69.32922472262713,always,1,1,12.0
1,0,44.968369942612746,never,0,0,-3.0
1,1,53.95785372666098,complier,0,1,2.0
1,0,45.43955835036879,never,0,0,-3.0
0,0,53.71772428820688,complier,0,1,2.0
0,0,46.791984710127,never,0,0,-3.0
1,0,45.19185753129005,never,0,0,-3.0
1,0,47.757645196974664,never,0,0,-3.0
1,0,45.969388981062984,never,0,0,-3.0
1,0,49.78457947856578,never,0,0,-3.0
1,0,49.32279531554382,never,0,0,-3.0
0,0,50.980906721978954,complier,0,1,2.0
0,0,48.069282589292484,complier,0,1,2.0
1,1,53.49755048928425,complier,0,1,2.0
0,1,71.69096704365771,always,1,1,12.0
1,1,50.29950008654968,complier,0,1,2.0
1,0,45.65661446447034,never,0,0,-3.0
0,0,44.63783310789039,never,0,0,-3.0
1,0,47.133652328463896,never,0,0,-3.0
0,0,47.74072246355527,complier,0,1,2.0
0,0,43.37385168097078,never,0,0,-3.0
0,1,69.66246020029203,always,1,1,12.0
0,0,45.89020289712794,never,0,0,-3.0
1,1,53.578169571207305,complier,0,1,2.0
0,0,51.51025157160568,complier,0,1,2.0
1,1,52.00725303436496,complier,0,1,2.0
1,0,47.675597655017846,never,0,0,-3.0
1,1,54.16748363821832,complier,0,1,2.0
1,1,50.95928730872356,complier,0,1,2.0
0,0,47.17377662144466,never,0,0,-3.0
1,0,42.911080917596465,never,0,0,-3.0
1,0,43.989832290560486,never,0,0,-3.0
0,0,45.277580520900095,never,0,0,-3.0
0,1,70.52241405995994,always,1,1,12.0
0,0,46.880800146946314,never,0,0,-3.0
1,1,68.07566020742557,always,1,1,12.0
0,0,53.41992525584155,complier,0,1,2.0
1,1,68.86685169874546,always,1,1,12.0
1,0,48.14811055187848,never,0,0,-3.0
1,0,46.238653152675234,never,0,0,-3.0
0,1,71.25603829396967,always,1,1,12.0
0,0,49.07830593809332,complier,0,1,2.0
0,0,45.68378377597659,complier,0,1,2.0
1,1,51.474878036339454,complier,0,1,2.0
0,0,48.17657550959781,complier,0,1,2.0
0,0,51.841425796733816,complier,0,1,2.0
0,0,46.84548545139723,never,0,0,-3.0
0,0,48.14706155962269,complier,0,1,2.0
0,0,40.69590360104668,never,0,0,-3.0
0,0,48.60465709824763,complier,0,1,2.0
1,1,54.28751897099299,complier,0,1,2.0
1,1,66.85301949819916,always,1,1,12.0
0,0,51.22280521450589,complier,0,1,2.0
1,1,52.03219784806558,complier,0,1,2.0
1,0,45.371783093845835,never,0,0,-3.0
1,0,48.98442012944106,never,0,0,-3.0
0,0,46.64084407677219,never,0,0,-3.0
0,0,51.72982755426016,complier,0,1,2.0
1,1,71.1167511217727,always,1,1,12.0
0,0,45.0138924252198,never,0,0,-3.0
1,0,43.17843038742684,never,0,0,-3.0
0,0,44.09947280508243,never,0,0,-3.0
0,0,54.43079749533591,complier,0,1,2.0
0,0,49.126331656418884,complier,0,1,2.0
1,0,43.558515347670735,never,0,0,-3.0
1,1,54.20231247434333,complier,0,1,2.0
0,0,45.731047515496925,never,0,0,-3.0
0,0,52.84653928782991,complier,0,1,2.0
1,0,45.55305325836999,never,0,0,-3.0
1,1,54.18276636604155,complier,0,1,2.0
1,0,47.77011984614704,never,0,0,-3.0
1,1,67.85441482759815,always,1,1,12.0
1,1,54.980991256300356,complier,0,1,2.0
1,1,68.16991689445284,always,1,1,12.0
0,1,68.1537054042773,always,1,1,12.0
1,0,42.79340110130718,never,0,0,-3.0
1,1,70.93313306147792,always,1,1,12.0
1,1,51.731742751501464,complier,0,1,2.0
0,0,45.77570126017551,never,0,0,-3.0
1,0,49.985625637615705,never,0,0,-3.0
1,1,71.47573580764045,always,1,1,12.0
0,1,68.62684015228675,always,1,1,12.0
0,0,50.00041806301665,never,0,0,-3.0
1,1,52.42016422694024,complier,0,1,2.0
1,0,47.547911712056646,never,0,0,-3.0
1,1,52.74998206165299,complier,0,1,2.0
1,0,51.72766078602048,never,0,0,-3.0
1,0,48.2545966150287,never,0,0,-3.0
1,1,71.50209247748549,always,1,1,12.0
1,1,70.4347542942978,always,1,1,12.0
1,0,47.095685225954,never,0,0,-3.0
0,1,71.56039225068155,always,1,1,12.0
1,0,46.53906798024579,never,0,0,-3.0
0,0,48.03279308856677,never,0,0,-3.0
0,0,53.27409669693928,complier,0,1,2.0
1,1,68.05299464618051,always,1,1,12.0
0,0,50.15879255958695,complier,0,1,2.0
1,1,69.07757255333709,always,1,1,12.0
1,0,48.42488540780766,never,0,0,-3.0
0,0,50.161222626722555,complier,0,1,2.0
0,1,69.25560957414822,always,1,1,12.0
1,0,44.86747401876257,never,0,0,-3.0
0,0,50.4783966368928,complier,0,1,2.0
0,0,46.990130295442576,never,0,0,-3.0
0,0,49.9205525855291,never,0,0,-3.0
0,0,49.87151359124956,complier,0,1,2.0
1,0,45.28120531503695,never,0,0,-3.0
0,0,47.241578376589246,never,0,0,-3.0
1,0,46.78711507310248,never,0,0,-3.0
1,1,51.87609512414557,complier,0,1,2.0
1,1,69.23023479367856,always,1,1,12.0
1,1,51.61930219322945,complier,0,1,2.0
0,0,48.48935662468102,complier,0,1,2.0
1,1,52.46562960233377,complier,0,1,2.0
0,0,49.26077737219516,never,0,0,-3.0
0,0,45.35961482871053,never,0,0,-3.0
1,1,50.540929154545246,complier,0,1,2.0
0,0,48.65020394636842,complier,0,1,2.0
1,0,44.51787397132255,never,0,0,-3.0
1,0,42.83561407433755,never,0,0,-3.0
1,1,66.44131004854765,always,1,1,12.0
0,0,50.5410508183017,complier,0,1,2.0
1,1,68.38008538261218,always,1,1,12.0
0,0,47.9292039737294,complier,0,1,2.0
1,1,51.00704961224736,complier,0,1,2.0
1,1,67.55695299313689,always,1,1,12.0
1,0,47.1922221759235,never,0,0,-3.0
0,1,68.044407204714,always,1,1,12.0
1,0,45.333006153501316,never,0,0,-3.0
1,1,48.11105319742854,complier,0,1,2.0
1,1,51.376156748827825,complier,0,1,2.0
1,0,44.03629574564411,never,0,0,-3.0
0,1,71.45636149580913,always,1,1,12.0
1,1,54.61206189516993,complier,0,1,2.0
0,1,67.65498448281495,always,1,1,12.0
1,1,51.347726221388804,complier,0,1,2.0
1,1,53.176170287117635,complier,0,1,2.0
1,1,54.19717171159433,complier,0,1,2.0
1,1,53.09019421251733,complier,0,1,2.0
1,0,48.11583705812275,never,0,0,-3.0
0,1,65.62023867253124,always,1,1,12.0
1,1,72.21771681552707,always,1,1,12.0
0,0,47.2064401849765,never,0,0,-3.0
0,0,48.28831140377206,complier,0,1,2.0
0,0,44.410681235973684,never,0,0,-3.0
1,1,49.99148609263298,complier,0,1,2.0
1,1,68.99178009062418,always,1,1,12.0
1,1,52.227095054698935,complier,0,1,2.0
0,0,46.34870922964456,never,0,0,-3.0
0,0,46.895035275520314,never,0,0,-3.0
0,0,51.39494933276652,complier,0,1,2.0
0,0,46.98007648138921,complier,0,1,2.0
0,0,42.429272778386085,never,0,0,-3.0
1,1,52.41128143753911,complier,0,1,2.0
1,0,46.64288293325678,never,0,0,-3.0
1,0,41.76763282146779,never,0,0,-3.0
0,0,46.41354589404261,never,0,0,-3.0
0,0,52.63802922928289,complier,0,1,2.0
0,0,45.90349296745935,never,0,0,-3.0
0,0,44.780920372621836,never,0,0,-3.0
0,1,68.49841258920529,always,1,1,12.0
0,1,73.13364504578043,always,1,1,12.0
1,1,70.78949717592755,always,1,1,12.0
1,0,45.44596178022031,never,0,0,-3.0
1,1,67.83218220675248,always,1,1,12.0
1,1,53.87939782864122,complier,0,1,2.0
0,0,53.89825155472575,complier,0,1,2.0
1,1,52.619981439757474,complier,0,1,2.0
1,1,52.51631236973873,complier,0,1,2.0
0,0,49.499843856003984,complier,0,1,2.0
1,1,69.45128113492201,always,1,1,12.0
1,0,45.993910256180634,never,0,0,-3.0
0,1,70.93690674782232,always,1,1,12.0
1,0,44.30252584468283,never,0,0,-3.0
0,0,42.22627741411213,never,0,0,-3.0
0,1,68.3952190896333,always,1,1,12.0
1,0,46.17188186597593,never,0,0,-3.0
1,0,47.99993479922055,never,0,0,-3.0
0,0,47.57944743579495,complier,0,1,2.0
0,0,45.858410527848065,never,0,0,-3.0
0,0,50.76794533043357,complier,0,1,2.0
1,1,69.69095290363296,always,1,1,12.0
0,0,48.169241996401674,complier,0,1,2.0
0,0,45.94626259264251,never,0,0,-3.0
0,0,50.89815432972404,complier,0,1,2.0
1,0,46.82276072155055,never,0,0,-3.0
1,1,68.50782766219119,always,1,1,12.0
0,0,50.54788817081755,never,0,0,-3.0
1,1,70.41638010670493,always,1,1,12.0
0,0,49.751526023607084,complier,0,1,2.0
1,1,68.53647508358087,always,1,1,12.0
1,1,69.82035791899281,always,1,1,12.0
1,1,50.261778979793746,complier,0,1,2.0
0,0,54.166331696538755,complier,0,1,2.0
1,1,53.554105816618616,complier,0,1,2.0
0,1,67.59390014839003,always,1,1,12.0
1,1,52.94985216531507,complier,0,1,2.0
1,0,49.80443611951747,never,0,0,-3.0
0,0,46.57557304241507,never,0,0,-3.0
0,1,67.1576816500358,always,1,1,12.0
0,0,43.471389063739394,never,0,0,-3.0
1,1,53.84768904342474,complier,0,1,2.0
1,1,69.21174190904635,always,1,1,12.0
1,0,45.39049339013781,never,0,0,-3.0
1,1,69.70336791450012,always,1,1,12.0
0,0,46.60700835222314,never,0,0,-3.0
0,0,49.82748621785278,complier,0,1,2.0
0,0,49.881712468833484,complier,0,1,2.0
1,0,47.26519452289427,never,0,0,-3.0
0,0,48.81006248394004,complier,0,1,2.0
1,1,71.80313869501467,always,1,1,12.0
1,0,46.47654993737171,never,0,0,-3.0
1,1,55.303946911007245,complier,0,1,2.0
1,1,54.40243129636393,complier,0,1,2.0
0,0,44.505101810454214,never,0,0,-3.0
0,0,43.10053472565016,never,0,0,-3.0
1,0,46.13656119596707,never,0,0,-3.0
1,1,49.99509396054705,complier,0,1,2.0
0,1,67.8954597198379,always,1,1,12.0
1,0,48.70535163462166,never,0,0,-3.0
0,0,47.0529437145925,complier,0,1,2.0
0,0,44.95238130961739,never,0,0,-3.0
0,0,50.40619940059231,complier,0,1,2.0
0,0,50.25601471818121,complier,0,1,2.0
0,1,70.59857626005304,always,1,1,12.0
1,0,47.32218818665909,never,0,0,-3.0
0,0,43.468192741569965,never,0,0,-3.0
0,0,46.39751471187027,never,0,0,-3.0
0,0,52.02059684913846,complier,0,1,2.0
1,0,47.02816679112644,never,0,0,-3.0
1,1,52.01490380699343,complier,0,1,2.0
0,0,46.003085399939636,never,0,0,-3.0
0,0,42.593643704705734,never,0,0,-3.0
1,0,45.86119687476374,never,0,0,-3.0
0,0,45.06379069032873,never,0,0,-3.0
1,0,44.62831850361019,never,0,0,-3.0
1,0,46.816104949208544,never,0,0,-3.0
1,0,48.58724444516049,never,0,0,-3.0
0,0,49.24391381118162,complier,0,1,2.0
0,0,48.821991602556686,complier,0,1,2.0
1,0,48.42475781400626,never,0,0,-3.0
0,0,49.0719215534079,complier,0,1,2.0
0,0,46.926486464977984,complier,0,1,2.0
1,0,46.54555985469201,never,0,0,-3.0
0,0,45.75969830089194,never,0,0,-3.0
1,1,52.02449576933404,complier,0,1,2.0
0,0,45.871929099598994,never,0,0,-3.0
1,0,44.050208327209525,never,0,0,-3.0
1,0,51.05040589774208,never,0,0,-3.0
0,0,48.78351110367416,complier,0,1,2.0
0,0,48.06058327579712,complier,0,1,2.0
0,0,51.43233493342012,complier,0,1,2.0
0,0,49.01959858126952,complier,0,1,2.0
0,1,69.6182396179681,always,1,1,12.0
0,0,50.74350606666287,complier,0,1,2.0
1,0,48.416855435962844,never,0,0,-3.0
0,1,67.36192957229746,always,1,1,12.0
1,1,53.00720780973391,complier,0,1,2.0
1,0,39.931928304387164,never,0,0,-3.0
1,1,57.009022718314554,complier,0,1,2.0
1,0,46.5518225997558,never,0,0,-3.0
1,0,44.07615010504868,never,0,0,-3.0
1,1,63.73372611999908,always,1,1,12.0
1,0,44.8827059690909,never,0,0,-3.0
0,1,67.60291127477014,always,1,1,12.0
1,0,48.970360911591726,never,0,0,-3.0
1,1,51.70901192537598,complier,0,1,2.0
1,1,52.32068050593459,complier,0,1,2.0
0,0,51.360298502064744,complier,0,1,2.0
1,0,44.329169027526646,never,0,0,-3.0
0,1,67.91145197748969,always,1,1,12.0
1,0,44.34012465022473,never,0,0,-3.0
1,0,46.97782886543703,never,0,0,-3.0
1,0,45.66109000138591,never,0,0,-3.0
0,0,52.51712204061247,complier,0,1,2.0
1,1,49.21098070981741,complier,0,1,2.0
0,0,49.90060510371593,never,0,0,-3.0
1,0,46.438044246290445,never,0,0,-3.0
1,1,49.826160224684386,complier,0,1,2.0
1,1,67.92217972152713,always,1,1,12.0
0,0,43.045704200035225,never,0,0,-3.0
1,0,44.78154349034198,never,0,0,-3.0
0,0,42.40873087614214,never,0,0,-3.0
0,0,44.34547265933193,never,0,0,-3.0
1,1,69.7953162415911,always,1,1,12.0
0,0,51.89793648439027,complier,0,1,2.0
0,0,42.26174147246754,never,0,0,-3.0
1,0,46.908559773805955,never,0,0,-3.0
1,1,69.23665523762196,always,1,1,12.0
1,0,46.24114701677227,never,0,0,-3.0
1,0,46.70285958452128,never,0,0,-3.0
1,0,49.31131305689504,never,0,0,-3.0
1,0,47.71843294967462,never,0,0,-3.0
1,1,67.65351967065799,always,1,1,12.0
0,1,70.11156663964994,always,1,1,12.0
0,0,48.51773664631192,never,0,0,-3.0
0,1,71.68783142428464,always,1,1,12.0
0,1,70.963150062326,always,1,1,12.0
0,1,68.19283245878458,always,1,1,12.0
1,1,49.32600250556546,complier,0,1,2.0
1,1,67.94036929160133,always,1,1,12.0
0,0,50.700049959555216,complier,0,1,2.0
0,0,44.136005221082506,never,0,0,-3.0
1,1,68.34679693653717,always,1,1,12.0
0,0,50.43640242698346,complier,0,1,2.0
0,0,48.82384184561849,never,0,0,-3.0
1,1,54.47388420771291,complier,0,1,2.0
0,0,51.88148952828513,complier,0,1,2.0
0,1,73.21698408492223,always,1,1,12.0
1,1,64.96757499163749,always,1,1,12.0
1,1,70.74798110276772,always,1,1,12.0
1,0,42.86368549452685,never,0,0,-3.0
0,1,67.52300456316465,always,1,1,12.0
0,0,47.530582427898786,never,0,0,-3.0
1,0,46.775596231662846,never,0,0,-3.0
1,0,47.50566609396284,never,0,0,-3.0
0,0,48.974919936661514,complier,0,1,2.0
0,0,48.12714000917143,never,0,0,-3.0
1,0,45.86129891845785,never,0,0,-3.0
0,1,66.84488448555989,always,1,1,12.0
1,1,66.70783668862309,always,1,1,12.0
1,0,42.70144188109527,never,0,0,-3.0
0,0,47.77378082389384,never,0,0,-3.0
1,1,52.8841176459582,complier,0,1,2.0
0,0,49.88631640980644,complier,0,1,2.0
0,1,68.49606231003794,always,1,1,12.0
0,0,43.7623133844362,never,0,0,-3.0
1,1,51.31010809937949,complier,0,1,2.0
1,1,50.49435138204065,complier,0,1,2.0
1,0,43.70556685710071,never,0,0,-3.0
1,0,45.36359034393976,never,0,0,-3.0
1,1,53.83228326313376,complier,0,1,2.0
0,1,70.96527288469697,always,1,1,12.0
1,1,70.05570420520746,always,1,1,12.0
1,0,43.991587850120304,never,0,0,-3.0
0,1,70.51330431860816,always,1,1,12.0
0,1,70.70194420175822,always,1,1,12.0
1,1,67.47707860710942,always,1,1,12.0
1,1,72.1370744902702,always,1,1,12.0
0,0,47.04085640586227,never,0,0,-3.0
0,0,42.04624764888455,never,0,0,-3.0
0,0,45.306961507159826,never,0,0,-3.0
1,0,41.93928781713597,never,0,0,-3.0
0,0,51.098263568080334,complier,0,1,2.0
1,1,70.02889761800286,always,1,1,12.0
0,0,54.64502569684895,complier,0,1,2.0
1,0,42.9174509780962,never,0,0,-3.0
1,1,56.28545082579016,complier,0,1,2.0
1,1,69.81094312487284,always,1,1,12.0
0,1,66.67943474818746,always,1,1,12.0
0,1,70.69684793415357,always,1,1,12.0
0,0,53.551750323831016,complier,0,1,2.0
0,0,49.27853788365019,complier,0,1,2.0
0,1,72.68804323793016,always,1,1,12.0
0,1,65.92413234390861,always,1,1,12.0
0,1,70.124897505866,always,1,1,12.0
1,1,50.087956109520455,complier,0,1,2.0
1,1,73.19736368044049,always,1,1,12.0
0,0,43.520623901080135,never,0,0,-3.0
1,0,44.30005205978677,never,0,0,-3.0
0,0,43.4683158191827,never,0,0,-3.0
0,0,48.52484796470202,complier,0,1,2.0
0,1,71.19715855835213,always,1,1,12.0
1,1,52.48892452481295,complier,0,1,2.0
1,0,44.29051118319959,never,0,0,-3.0
1,0,44.364520808050365,never,0,0,-3.0
0,1,66.18660294739377,always,1,1,12.0
0,0,48.27946242798201,never,0,0,-3.0
1,1,50.60750030271139,complier,0,1,2.0
0,1,66.66167867880466,always,1,1,12.0
0,0,51.92035436997972,complier,0,1,2.0
1,1,68.46854882002481,always,1,1,12.0
0,0,47.47016623121572,complier,0,1,2.0
1,0,47.55880561536283,never,0,0,-3.0
1,1,72.74866976045188,always,1,1,12.0
0,0,48.26713910771985,never,0,0,-3.0
0,0,49.84361743189162,complier,0,1,2.0
1,1,71.02556301834795,always,1,1,12.0
1,0,45.78382765615208,never,0,0,-3.0
0,1,72.39941758423555,always,1,1,12.0
0,1,69.93322952083699,always,1,1,12.0
1,0,44.839126500095894,never,0,0,-3.0
0,0,49.125880430314325,complier,0,1,2.0
1,0,49.823919407227166,never,0,0,-3.0
1,0,45.68815353048805,never,0,0,-3.0
1,1,51.50242253728925,complier,0,1,2.0
0,0,49.110148330580074,never,0,0,-3.0
1,0,44.50013689695714,never,0,0,-3.0
0,0,43.24979655208216,never,0,0,-3.0
0,0,49.28916613336686,never,0,0,-3.0
0,0,43.05602926386546,never,0,0,-3.0
0,0,53.065606128912584,complier,0,1,2.0
1,0,43.20105468461177,never,0,0,-3.0
1,0,44.506453418360465,never,0,0,-3.0
0,0,50.303342736297985,complier,0,1,2.0
1,0,46.6864595349011,never,0,0,-3.0
0,1,70.15441342297242,always,1,1,12.0
1,1,49.99696690174159,complier,0,1,2.0
0,0,53.964125870963755,complier,0,1,2.0
0,1,68.76504282274502,always,1,1,12.0
1,1,45.6506500763637,complier,0,1,2.0
0,1,72.46517596245738,always,1,1,12.0
1,0,44.7682808951205,never,0,0,-3.0
0,0,45.892787200046044,never,0,0,-3.0
0,0,44.76136632020187,never,0,0,-3.0
0,0,42.79502425427508,never,0,0,-3.0
1,0,46.78944927504479,never,0,0,-3.0
1,0,39.98287454322951,never,0,0,-3.0
0,0,54.24880772726766,complier,0,1,2.0
0,0,50.07629307900672,complier,0,1,2.0
0,1,70.90970715454776,always,1,1,12.0
0,0,48.84911374946646,never,0,0,-3.0
1,0,48.37082471291323,never,0,0,-3.0
1,1,52.489515623670734,complier,0,1,2.0
1,0,46.376086351203064,never,0,0,-3.0
1,1,52.343567898570555,complier,0,1,2.0
0,0,49.401827418839524,complier,0,1,2.0
0,0,48.238269885356786,never,0,0,-3.0
1,1,70.17605173167358,always,1,1,12.0
0,1,68.8900656600351,always,1,1,12.0
1,0,42.860354956549166,never,0,0,-3.0
1,1,53.660219245204516,complier,0,1,2.0
1,0,45.81658428243811,never,0,0,-3.0
1,0,46.48888853760085,never,0,0,-3.0
0,0,45.44076365026136,never,0,0,-3.0
1,0,47.87552695858011,never,0,0,-3.0
1,1,67.17077486632091,always,1,1,12.0
1,1,49.77565321050596,complier,0,1,2.0
0,0,47.74104569157547,complier,0,1,2.0
1,0,46.65457164853243,never,0,0,-3.0
1,0,44.13923036066749,never,0,0,-3.0
1,1,52.54128193736054,complier,0,1,2.0
1,0,45.74834112920289,never,0,0,-3.0
1,0,46.77380245179375,never,0,0,-3.0
0,0,51.66346313134001,complier,0,1,2.0
1,0,46.34481184399876,never,0,0,-3.0
1,1,68.72840747288582,always,1,1,12.0
1,1,67.62781959311212,always,1,1,12.0
0,0,45.50439864598423,never,0,0,-3.0
0,1,71.04432086458377,always,1,1,12.0
0,0,47.01575755751499,never,0,0,-3.0
0,0,50.10622354754108,complier,0,1,2.0
1,1,53.47956882364394,complier,0,1,2.0
1,0,44.83138513568678,never,0,0,-3.0
1,1,68.857726749432,always,1,1,12.0
1,0,42.43822051578597,never,0,0,-3.0
1,1,70.04074319396742,always,1,1,12.0
1,0,47.616558730909816,never,0,0,-3.0
0,0,43.82470307851725,never,0,0,-3.0
0,1,72.54147704822348,always,1,1,12.0
0,1,66.65983487721616,always,1,1,12.0
0,0,44.09396607890297,never,0,0,-3.0
0,0,49.49793952379072,never,0,0,-3.0
1,0,42.89964428789009,never,0,0,-3.0
0,0,52.97339530842602,complier,0,1,2.0
0,0,51.292684860751436,complier,0,1,2.0
0,1,67.2146995234778,always,1,1,12.0
1,0,47.475970516365216,never,0,0,-3.0
1,1,49.56648355969127,complier,0,1,2.0
1,1,52.76502613758949,complier,0,1,2.0
1,0,42.43301379911218,never,0,0,-3.0
0,0,50.60472642779721,complier,0,1,2.0
0,0,46.212418028268104,never,0,0,-3.0
0,0,45.84507820190898,never,0,0,-3.0
0,0,49.43269577704202,never,0,0,-3.0
1,0,44.97512159545734,never,0,0,-3.0
0,0,49.21267733556109,never,0,0,-3.0
1,0,49.17885420143201,never,0,0,-3.0
1,1,51.53891026302891,complier,0,1,2.0
0,0,51.746192952959255,complier,0,1,2.0
1,0,43.619262224354685,never,0,0,-3.0
1,0,44.82039437675138,never,0,0,-3.0
0,1,68.98812626130409,always,1,1,12.0
0,0,48.814604391735905,never,0,0,-3.0
0,0,51.50671240376961,complier,0,1,2.0
1,0,42.89163026430997,never,0,0,-3.0
1,0,42.26917230044347,never,0,0,-3.0
1,0,45.64880149640502,never,0,0,-3.0
1,0,47.331134340654984,never,0,0,-3.0
0,0,49.04946107731865,complier,0,1,2.0
1,1,73.71072832664105,always,1,1,12.0
0,1,70.38099884590616,always,1,1,12.0
0,0,47.16751967546385,never,0,0,-3.0
1,1,53.08752959156621,complier,0,1,2.0
1,1,72.82818081514134,always,1,1,12.0
1,0,46.60303044696508,never,0,0,-3.0
0,1,71.1184568183325,always,1,1,12.0
1,1,70.5246803836053,always,1,1,12.0
0,0,48.80147444007337,complier,0,1,2.0
0,0,43.00100657091172,never,0,0,-3.0
0,0,48.109862563079936,complier,0,1,2.0
0,1,66.16482820164846,always,1,1,12.0
1,1,71.55766929020542,always,1,1,12.0
0,1,66.11322232869352,always,1,1,12.0
0,0,41.03285493729855,never,0,0,-3.0
0,0,49.64886709333051,complier,0,1,2.0
1,1,72.877739364755,always,1,1,12.0
0,1,70.13386598654557,always,1,1,12.0
1,1,63.315816701509306,always,1,1,12.0
1,1,53.528425842241596,complier,0,1,2.0
1,1,50.80897189990283,complier,0,1,2.0
0,1,71.05065055569563,always,1,1,12.0
1,1,71.32248645884025,always,1,1,12.0
1,1,69.4252940491342,always,1,1,12.0
1,0,49.445372629698625,never,0,0,-3.0
0,0,45.78000866558398,never,0,0,-3.0
1,1,71.13019273186546,always,1,1,12.0
0,1,68.7138069856614,always,1,1,12.0
0,1,67.57824938162422,always,1,1,12.0
0,0,43.01429544462317,never,0,0,-3.0
1,1,71.44214887308502,always,1,1,12.0
0,1,69.72574809804344,always,1,1,12.0
0,0,48.104472146005406,complier,0,1,2.0
0,0,50.46707041800622,complier,0,1,2.0
1,1,63.4896246805093,always,1,1,12.0
1,1,52.18677924968604,complier,0,1,2.0
1,0,47.58363427439104,never,0,0,-3.0
0,1,65.94067411487407,always,1,1,12.0
1,0,46.087767193769544,never,0,0,-3.0
0,0,48.773661418603204,never,0,0,-3.0
0,1,74.90353156065572,always,1,1,12.0
0,1,68.90649056197867,always,1,1,12.0
1,1,52.14392345049351,complier,0,1,2.0
0,0,48.19230416869633,never,0,0,-3.0
0,0,49.01631743601425,complier,0,1,2.0
0,0,49.49093847851977,complier,0,1,2.0
1,1,54.29274038037826,complier,0,1,2.0
1,0,50.45905842621268,never,0,0,-3.0
1,0,47.700946451989736,never,0,0,-3.0
0,0,46.53868317628845,never,0,0,-3.0
0,0,45.9287458346737,never,0,0,-3.0
0,1,69.78006086433906,always,1,1,12.0
0,0,42.057643155459054,never,0,0,-3.0
0,0,49.54926563964383,never,0,0,-3.0
1,1,72.53885371168472,always,1,1,12.0
0,0,51.82701496029515,complier,0,1,2.0
1,1,50.63649795599089,complier,0,1,2.0
1,0,44.79461580046503,never,0,0,-3.0
1,1,51.60310634819167,complier,0,1,2.0
1,1,52.81799993818887,complier,0,1,2.0
1,0,48.15292625418839,never,0,0,-3.0
1,1,51.937866548864505,complier,0,1,2.0
1,0,45.297749273667435,never,0,0,-3.0
0,0,50.09030534777147,complier,0,1,2.0
1,1,67.50972266285451,always,1,1,12.0
1,1,48.18784003350497,complier,0,1,2.0
0,1,67.36512912159814,always,1,1,12.0
1,1,72.60202317725998,always,1,1,12.0
1,0,43.58026308222895,never,0,0,-3.0
0,1,68.47815763147827,always,1,1,12.0
0,1,70.85643481865345,always,1,1,12.0
1,1,48.7722080544029,complier,0,1,2.0
1,0,46.09016143283366,never,0,0,-3.0
0,0,45.97566801044878,never,0,0,-3.0
1,0,44.602141701864525,never,0,0,-3.0
0,0,49.67279083452952,complier,0,1,2.0
0,0,48.96931631139265,complier,0,1,2.0
0,0,45.63929861197059,complier,0,1,2.0
1,0,45.65742260973997,never,0,0,-3.0
1,0,47.28388667045538,never,0,0,-3.0
1,1,51.51162495415978,complier,0,1,2.0
1,0,47.58100060194193,never,0,0,-3.0
0,1,67.95981587509931,always,1,1,12.0
0,0,43.26491160378761,never,0,0,-3.0
1,1,52.34119654446157,complier,0,1,2.0
1,0,44.88678410010872,never,0,0,-3.0
0,1,71.09888562818897,always,1,1,12.0
0,0,49.83325517934024,complier,0,1,2.0
0,0,43.695937077830536,never,0,0,-3.0
0,0,46.96687340666716,never,0,0,-3.0
1,1,52.188234584594234,complier,0,1,2.0
0,0,50.78394501987706,complier,0,1,2.0
1,1,50.025745484851626,complier,0,1,2.0
0,1,69.68376875974384,always,1,1,12.0
0,0,44.40927896791898,never,0,0,-3.0
1,1,55.728493035706535,complier,0,1,2.0
1,1,67.99922785178066,always,1,1,12.0
1,1,69.74161728449921,always,1,1,12.0
0,0,50.73164779126462,complier,0,1,2.0
0,1,67.23351940052295,always,1,1,12.0
0,0,50.81430752602217,complier,0,1,2.0
1,1,54.05762400409313,complier,0,1,2.0
1,1,51.02928501951043,complier,0,1,2.0
0,1,68.00495910781335,always,1,1,12.0
0,0,47.19834694906886,never,0,0,-3.0
1,1,53.004713283973146,complier,0,1,2.0
1,1,51.253581621628506,complier,0,1,2.0
0,0,50.14595305572294,never,0,0,-3.0
1,1,53.5664663787412,complier,0,1,2.0
0,0,52.635744041456206,complier,0,1,2.0
1,0,45.127054872559675,never,0,0,-3.0
0,0,50.59088262136238,complier,0,1,2.0
1,1,66.12337344201747,always,1,1,12.0
0,0,45.338750094512065,never,0,0,-3.0
0,0,41.25631653414912,never,0,0,-3.0
1,1,71.31973262156318,always,1,1,12.0
1,1,64.15965292787601,always,1,1,12.0
0,0,46.67599354750562,never,0,0,-3.0
0,0,49.46642669520843,complier,0,1,2.0
1,0,46.44815690889331,never,0,0,-3.0
1,1,48.15115772443892,complier,0,1,2.0
0,1,67.99566519323969,always,1,1,12.0
0,0,44.802785085771546,never,0,0,-3.0
1,0,47.862206875330216,never,0,0,-3.0
1,1,68.86516366010706,always,1,1,12.0
0,1,70.71841543052446,always,1,1,12.0
0,1,67.27767636028963,always,1,1,12.0
0,0,46.45709522686709,never,0,0,-3.0
1,1,68.96865773057961,always,1,1,12.0
0,0,49.72233767464792,complier,0,1,2.0
1,1,51.81243117375661,complier,0,1,2.0
1,0,48.14227251689388,never,0,0,-3.0
0,1,71.36161590487943,always,1,1,12.0
1,1,70.24748583383894,always,1,1,12.0
1,0,43.90704222274784,never,0,0,-3.0
1,1,51.32728883417531,complier,0,1,2.0
0,0,49.95055927712112,never,0,0,-3.0
0,0,44.81920068564051,never,0,0,-3.0
0,0,48.042725772017334,never,0,0,-3.0
1,0,47.59950480893775,never,0,0,-3.0
0,1,67.85117986624535,always,1,1,12.0
0,0,44.463384294006566,never,0,0,-3.0
0,1,67.29731556987035,always,1,1,12.0
0,0,43.45213764457415,never,0,0,-3.0
0,0,48.93694985596434,never,0,0,-3.0
1,0,51.68906058609247,never,0,0,-3.0
0,0,51.28114176346919,complier,0,1,2.0
0,0,52.92320593863141,complier,0,1,2.0
1,1,67.97781253944359,always,1,1,12.0
0,0,43.90752198642847,never,0,0,-3.0
0,0,51.212964724213606,complier,0,1,2.0
1,0,45.18561355648949,never,0,0,-3.0
1,0,46.060508877871136,never,0,0,-3.0
1,1,70.5068858023799,always,1,1,12.0
0,0,46.63830418255764,complier,0,1,2.0
0,1,67.57193472246138,always,1,1,12.0
0,1,66.14401068737587,always,1,1,12.0
1,0,45.60115974685561,never,0,0,-3.0
1,0,44.75273180243784,never,0,0,-3.0
1,1,52.85327575263777,complier,0,1,2.0
1,1,49.87409819806891,complier,0,1,2.0
1,1,51.74002290469019,complier,0,1,2.0
0,0,47.21144659726655,never,0,0,-3.0
0,0,44.62371863054773,never,0,0,-3.0
0,0,51.87511938421182,complier,0,1,2.0
0,1,67.71254705904482,always,1,1,12.0
0,0,48.861943880967594,complier,0,1,2.0
0,0,45.25489421666786,never,0,0,-3.0
1,1,70.93268012723739,always,1,1,12.0
1,1,69.65233067154338,always,1,1,12.0
0,1,71.73121184813729,always,1,1,12.0
1,1,68.6148812182037,always,1,1,12.0
1,0,41.65248359829109,never,0,0,-3.0
1,0,47.1217461465672,never,0,0,-3.0
0,0,50.10293014768363,complier,0,1,2.0
0,1,69.21541257045732,always,1,1,12.0
0,0,46.6590699868688,never,0,0,-3.0
0,0,51.156666067387,complier,0,1,2.0
0,1,68.98682782957538,always,1,1,12.0
1,0,45.304399331489336,never,0,0,-3.0
1,0,43.56527588117741,never,0,0,-3.0
0,1,71.17006598821246,always,1,1,12.0
0,0,50.66839793486103,complier,0,1,2.0
0,1,69.59808864167375,always,1,1,12.0
1,0,51.02065401624584,never,0,0,-3.0
1,1,69.83987062969652,always,1,1,12.0
0,0,49.42132147195982,complier,0,1,2.0
1,0,48.546031500199526,never,0,0,-3.0
1,1,68.76444209087325,always,1,1,12.0
0,0,49.76603753455706,complier,0,1,2.0
1,0,42.30717864309358,never,0,0,-3.0
1,1,68.02140623693363,always,1,1,12.0
0,0,43.54957580283418,never,0,0,-3.0
0,0,50.969097138191714,complier,0,1,2.0
1,0,49.0921643463885,never,0,0,-3.0
1,1,69.86511537412794,always,1,1,12.0
1,1,51.16702298570977,complier,0,1,2.0
1,0,42.09908815015814,never,0,0,-3.0
0,1,68.86826769798584,always,1,1,12.0
1,0,46.132792149401695,never,0,0,-3.0
0,1,67.24785469641063,always,1,1,12.0
0,0,47.756048039078465,never,0,0,-3.0
0,0,44.1755939000091,never,0,0,-3.0
0,1,65.61961653425448,always,1,1,12.0
1,1,51.14159145092933,complier,0,1,2.0
0,0,48.57365375241405,never,0,0,-3.0
0,0,45.64609629495357,never,0,0,-3.0
0,0,46.71298203020363,never,0,0,-3.0
0,0,43.87270195057379,never,0,0,-3.0
0,0,43.87117913737764,never,0,0,-3.0
0,0,45.60171312709299,complier,0,1,2.0
1,1,74.25187723153263,always,1,1,12.0
1,0,47.29646587862476,never,0,0,-3.0
1,1,68.44084974297141,always,1,1,12.0
0,0,51.69302672403795,complier,0,1,2.0
0,1,67.60435452766491,always,1,1,12.0
0,1,69.30810871909202,always,1,1,12.0
1,0,48.352027241886574,never,0,0,-3.0
1,1,67.74113053192465,always,1,1,12.0
0,1,67.27144698416107,always,1,1,12.0
0,0,44.2726307495316,never,0,0,-3.0
1,0,46.65764388718302,never,0,0,-3.0
0,0,53.468012581197364,complier,0,1,2.0
0,0,51.51414217219427,complier,0,1,2.0
0,0,45.640603405116,complier,0,1,2.0
0,0,49.76812668927896,never,0,0,-3.0
1,0,45.519900561696886,never,0,0,-3.0
0,1,70.03573173133381,always,1,1,12.0
1,1,66.70176930478694,always,1,1,12.0
1,1,68.0806474165986,always,1,1,12.0
0,0,44.339704058487754,never,0,0,-3.0
1,0,44.35089052325447,never,0,0,-3.0
1,0,47.012342671134725,never,0,0,-3.0
0,0,51.022213353622455,complier,0,1,2.0
0,0,47.81430175519393,complier,0,1,2.0
0,0,47.24815377719382,never,0,0,-3.0
0,0,42.56769934948019,never,0,0,-3.0
0,0,46.894643454209024,never,0,0,-3.0
0,0,47.836668274727835,complier,0,1,2.0
0,1,69.8208438124369,always,1,1,12.0
0,0,47.96668581580663,complier,0,1,2.0
1,1,52.4921816033805,complier,0,1,2.0
1,1,64.98690564595113,always,1,1,12.0
1,0,46.927460449391546,never,0,0,-3.0
1,0,47.410773049690796,never,0,0,-3.0
1,0,44.93928178420122,never,0,0,-3.0
0,0,45.45011572358118,never,0,0,-3.0
1,1,51.44384089597817,complier,0,1,2.0
1,1,53.88967416016292,complier,0,1,2.0
1,1,69.2278820553585,always,1,1,12.0
1,0,44.99416457471068,never,0,0,-3.0
0,0,46.70591383360202,never,0,0,-3.0
1,1,70.00704973083161,always,1,1,12.0
1,0,43.610892068284805,never,0,0,-3.0
1,0,44.19495377495529,never,0,0,-3.0
0,1,71.38249618576467,always,1,1,12.0
0,0,50.67368479645155,complier,0,1,2.0
1,0,45.235167113970036,never,0,0,-3.0
1,1,50.4370354855964,complier,0,1,2.0
1,0,47.42877319485987,never,0,0,-3.0
0,0,51.55200589117104,complier,0,1,2.0
0,0,53.19828046802121,complier,0,1,2.0
1,0,47.13253543674624,never,0,0,-3.0
1,0,42.270197550314435,never,0,0,-3.0
0,0,49.19569540670275,complier,0,1,2.0
1,1,69.88683352970791,always,1,1,12.0
0,0,47.91080040566266,never,0,0,-3.0
0,0,46.739991837371214,never,0,0,-3.0
0,1,69.96022408112378,always,1,1,12.0
1,0,49.020052650695185,never,0,0,-3.0
0,1,71.81821010170498,always,1,1,12.0
1,0,51.48574786215075,never,0,0,-3.0
1,1,65.4001723991594,always,1,1,12.0
0,1,69.80802063717329,always,1,1,12.0
0,0,47.1906355212382,never,0,0,-3.0
1,0,46.65355803502347,never,0,0,-3.0
1,1,68.88164660117477,always,1,1,12.0
0,1,64.78903846281776,always,1,1,12.0
1,1,67.29471169766437,always,1,1,12.0
0,1,69.43871687628302,always,1,1,12.0
1,0,42.469861463794146,never,0,0,-3.0
0,1,67.97642172585348,always,1,1,12.0
0,0,49.34255659285843,never,0,0,-3.0
0,0,46.405316708411064,never,0,0,-3.0
0,0,51.78331948991649,complier,0,1,2.0
0,0,41.466229424831276,never,0,0,-3.0
1,0,43.41718751683998,never,0,0,-3.0
0,0,51.300339812792785,complier,0,1,2.0
0,0,47.93696151404038,never,0,0,-3.0
0,0,48.78064736738525,never,0,0,-3.0
1,1,70.40267894805471,always,1,1,12.0
0,0,45.347883797889416,never,0,0,-3.0
0,0,52.24287111237248,complier,0,1,2.0
1,0,43.92562275150383,never,0,0,-3.0
0,0,45.617770191719266,never,0,0,-3.0
1,0,45.97841662644019,never,0,0,-3.0
0,1,69.03651603898584,always,1,1,12.0
0,0,44.77950624861004,never,0,0,-3.0
0,0,42.739051597030596,never,0,0,-3.0
0,1,71.65255768173584,always,1,1,12.0
1,0,48.52483143209568,never,0,0,-3.0
1,1,51.77049376469875,complier,0,1,2.0
0,0,50.01502081134659,complier,0,1,2.0
1,1,73.64089211394105,always,1,1,12.0
1,0,46.07411664611541,never,0,0,-3.0
0,0,42.60658393292923,never,0,0,-3.0
0,0,46.3107865282838,never,0,0,-3.0
1,1,70.08676303955498,always,1,1,12.0
0,0,45.941569344138884,never,0,0,-3.0
0,0,51.11379948647358,complier,0,1,2.0
1,0,48.791219271958695,never,0,0,-3.0
1,1,52.87569656149015,complier,0,1,2.0
1,1,68.98077590115382,always,1,1,12.0
1,1,49.79738521335085,complier,0,1,2.0
1,1,54.62100562766784,complier,0,1,2.0
0,0,47.04917718387863,complier,0,1,2.0
1,1,50.96833436502398,complier,0,1,2.0
1,0,42.307656820956424,never,0,0,-3.0
1,0,49.277300625547504,never,0,0,-3.0
0,0,46.94508688690888,complier,0,1,2.0
1,1,52.68262370020793,complier,0,1,2.0
0,0,46.230244843869016,never,0,0,-3.0
0,0,45.72967366690528,never,0,0,-3.0
1,1,67.86935056268592,always,1,1,12.0
0,1,67.66177134978305,always,1,1,12.0
0,0,48.42050218680566,never,0,0,-3.0
1,1,51.57302243894522,complier,0,1,2.0
1,1,69.10286126524852,always,1,1,12.0
1,1,48.9693507709917,complier,0,1,2.0
1,0,45.697376956838205,never,0,0,-3.0
0,1,68.50379593280353,always,1,1,12.0
1,0,44.992172608781296,never,0,0,-3.0
1,0,47.84197704390292,never,0,0,-3.0
1,1,71.47386075289556,always,1,1,12.0
0,0,51.96592502445632,complier,0,1,2.0
0,1,68.8811759286776,always,1,1,12.0
1,1,48.91405404597574,complier,0,1,2.0
1,1,65.75946862250946,always,1,1,12.0
1,0,48.98303596602592,never,0,0,-3.0
1,0,44.31353058026347,never,0,0,-3.0
0,0,49.403851029570006,complier,0,1,2.0
0,0,44.83860527977082,never,0,0,-3.0
0,1,68.35039009356933,always,1,1,12.0
1,1,70.67615299754821,always,1,1,12.0
1,1,71.58937694681677,always,1,1,12.0
0,0,47.83486736890848,never,0,0,-3.0
0,0,49.384469697549115,complier,0,1,2.0
1,0,47.145548473674495,never,0,0,-3.0
1,1,68.82386028958852,always,1,1,12.0
0,0,46.91286193915096,never,0,0,-3.0
1,0,45.27572328159999,never,0,0,-3.0
0,0,47.94717846034416,never,0,0,-3.0
0,0,45.90913845480038,never,0,0,-3.0
1,0,46.10353202526329,never,0,0,-3.0
1,1,49.00831844091904,complier,0,1,2.0
1,1,50.831757369868114,complier,0,1,2.0
0,0,51.12371094165968,complier,0,1,2.0
0,0,47.14975218934037,never,0,0,-3.0
1,1,68.72368413406161,always,1,1,12.0
0,1,66.92635820608476,always,1,1,12.0
1,1,51.65781441050194,complier,0,1,2.0
0,0,49.50612896059547,complier,0,1,2.0
0,0,43.29550286875859,never,0,0,-3.0
0,1,67.76870768246307,always,1,1,12.0
1,1,68.53530384503118,always,1,1,12.0
1,1,55.150079462112046,complier,0,1,2.0
0,1,70.26875102334189,always,1,1,12.0
1,1,49.732250088658276,complier,0,1,2.0
0,0,46.99835409328514,never,0,0,-3.0
0,0,47.461473332924804,never,0,0,-3.0
0,0,48.60578261540596,complier,0,1,2.0
1,0,42.087441321621775,never,0,0,-3.0
0,0,48.636486617097276,never,0,0,-3.0
0,0,42.44790802594505,never,0,0,-3.0
1,1,54.07731932443045,complier,0,1,2.0
1,0,43.502421390932845,never,0,0,-3.0
0,0,46.63293581347404,never,0,0,-3.0
1,0,48.58553698205364,never,0,0,-3.0
0,1,67.96269688067902,always,1,1,12.0
1,1,51.59177778913703,complier,0,1,2.0
0,0,49.54233882419032,complier,0,1,2.0
1,1,49.491105943883674,complier,0,1,2.0
1,0,47.431797274386206,never,0,0,-3.0
0,1,74.81813324771021,always,1,1,12.0
0,0,45.74419537887483,never,0,0,-3.0
0,0,49.40662930780565,complier,0,1,2.0
0,0,45.17295757744898,never,0,0,-3.0
1,1,50.4372084506574,complier,0,1,2.0
0,1,67.36417080015923,always,1,1,12.0
0,0,48.1748270843282,complier,0,1,2.0
1,1,52.24208341528084,complier,0,1,2.0
0,0,51.93951527230393,complier,0,1,2.0
1,1,52.69004445975557,complier,0,1,2.0
1,0,45.16513422586258,never,0,0,-3.0
0,0,51.26311551277986,complier,0,1,2.0
0,0,51.05965477972893,complier,0,1,2.0
1,0,46.1396264920498,never,0,0,-3.0
1,0,43.972520629913475,never,0,0,-3.0
0,1,67.54912060616105,always,1,1,12.0
1,0,46.5565758430509,never,0,0,-3.0
1,1,53.576149767505854,complier,0,1,2.0
1,1,56.567516867578206,complier,0,1,2.0
0,1,69.41327975038963,always,1,1,12.0
0,0,48.20810267755473,complier,0,1,2.0
1,1,49.419805223387215,complier,0,1,2.0
0,0,45.97088642039567,never,0,0,-3.0
0,1,66.91605359311238,always,1,1,12.0
0,0,43.48385630016558,never,0,0,-3.0
0,0,45.723430886143426,never,0,0,-3.0
0,0,52.08132318204821,complier,0,1,2.0
0,0,43.810826043494146,never,0,0,-3.0
0,1,68.75151737180134,always,1,1,12.0
0,0,49.20781417022296,complier,0,1,2.0
1,0,45.96875069938177,never,0,0,-3.0
1,1,54.25998523121056,complier,0,1,2.0
0,0,47.13186371786263,never,0,0,-3.0
0,1,69.75344259710883,always,1,1,12.0
1,0,44.08095078362483,never,0,0,-3.0
1,0,47.02683339517822,never,0,0,-3.0
0,1,70.45453416811681,always,1,1,12.0
1,1,51.139684437810985,complier,0,1,2.0
0,0,48.50585212250241,never,0,0,-3.0
1,1,68.37280569828071,always,1,1,12.0
1,0,51.43045398811345,never,0,0,-3.0
1,1,70.52372476058143,always,1,1,12.0
1,1,67.9860630439067,always,1,1,12.0
0,1,70.99273612867499,always,1,1,12.0
1,1,69.92332278645236,always,1,1,12.0
1,0,45.178329018783714,never,0,0,-3.0
1,1,53.27157423269982,complier,0,1,2.0
1,1,72.45318038699948,always,1,1,12.0
0,0,54.31617173167253,complier,0,1,2.0
1,0,41.55362379643561,never,0,0,-3.0
0,0,45.618652356322556,never,0,0,-3.0
1,0,43.13236684983734,never,0,0,-3.0
1,1,48.850820914418236,complier,0,1,2.0
1,1,51.36867819085587,complier,0,1,2.0
0,0,45.8699001816231,never,0,0,-3.0
1,1,68.18621952565135,always,1,1,12.0
1,1,56.13985280395721,complier,0,1,2.0
0,0,48.549716898108514,never,0,0,-3.0
0,0,45.23863724511493,complier,0,1,2.0
0,0,46.81881008129402,never,0,0,-3.0
0,1,68.55265110589522,always,1,1,12.0
1,1,50.40624280541562,complier,0,1,2.0
1,1,71.60749656155937,always,1,1,12.0
1,1,66.64094026528974,always,1,1,12.0
1,0,45.27906899536629,never,0,0,-3.0
1,1,53.84926491648026,complier,0,1,2.0
0,1,72.73957736222214,always,1,1,12.0
0,1,68.11669488633106,always,1,1,12.0
1,0,45.46084383754917,never,0,0,-3.0
0,1,69.36304295492982,always,1,1,12.0
0,1,66.69595290961458,always,1,1,12.0
0,0,44.59102363715959,never,0,0,-3.0
0,0,42.1885261599414,never,0,0,-3.0
0,0,50.334599561731444,complier,0,1,2.0
0,1,67.80715770753207,always,1,1,12.0
0,0,46.00603069846124,never,0,0,-3.0
1,0,47.17366658896008,never,0,0,-3.0
0,0,48.81836905157247,complier,0,1,2.0
1,0,47.14101732747793,never,0,0,-3.0
0,1,72.84739408826508,always,1,1,12.0
1,1,51.69298637263621,complier,0,1,2.0
1,1,55.836078431447724,complier,0,1,2.0
1,1,50.30455947894821,complier,0,1,2.0
1,1,53.73989522987497,complier,0,1,2.0
0,0,45.927914687198346,complier,0,1,2.0
1,1,66.62768242417445,always,1,1,12.0
0,1,68.52232074308476,always,1,1,12.0
1,1,51.97672991562615,complier,0,1,2.0
1,1,69.82397495416159,always,1,1,12.0
1,1,50.38580934480418,complier,0,1,2.0
1,0,43.414262570520414,never,0,0,-3.0
0,1,67.47346115952246,always,1,1,12.0
0,0,52.82234619113845,complier,0,1,2.0
0,0,55.040257928776384,complier,0,1,2.0
0,0,48.157459850869806,complier,0,1,2.0
0,0,49.49345867624187,never,0,0,-3.0
1,0,42.368379554547566,never,0,0,-3.0
0,0,50.28999721993579,complier,0,1,2.0
1,1,51.52872665890236,complier,0,1,2.0
1,0,46.706607956925254,never,0,0,-3.0
1,1,69.11851157307773,always,1,1,12.0
1,1,66.71245466510557,always,1,1,12.0
0,0,50.406572249779465,complier,0,1,2.0
0,1,70.63856020193141,always,1,1,12.0
1,0,46.93525644885063,never,0,0,-3.0
1,1,66.01765150639285,always,1,1,12.0
1,0,49.76371984476745,never,0,0,-3.0
0,0,46.90658134396016,never,0,0,-3.0
0,0,48.1859088927655,complier,0,1,2.0
0,0,47.26579690405719,complier,0,1,2.0
0,0,48.88250420919866,never,0,0,-3.0
1,1,51.363082435515274,complier,0,1,2.0
1,0,44.75978335114629,never,0,0,-3.0
0,1,69.49083033225848,always,1,1,12.0
1,1,70.13852148249643,always,1,1,12.0
1,0,47.035507993063504,never,0,0,-3.0
0,0,47.416710363778115,never,0,0,-3.0
1,0,45.07683657029566,never,0,0,-3.0
0,0,49.485956069072586,complier,0,1,2.0
0,1,65.37457805304533,always,1,1,12.0
1,0,45.08999021433457,never,0,0,-3.0
1,1,52.33559381916449,complier,0,1,2.0
1,1,53.63752370057072,complier,0,1,2.0
0,1,70.75200239968153,always,1,1,12.0
0,0,53.00526680905049,complier,0,1,2.0
0,0,49.127637915649075,complier,0,1,2.0
1,1,69.58340269555549,always,1,1,12.0
0,0,45.31474926907654,never,0,0,-3.0
1,0,43.577019220367376,never,0,0,-3.0
0,0,48.266853416535454,complier,0,1,2.0
0,0,47.071195792734464,complier,0,1,2.0
1,0,49.58444201831381,never,0,0,-3.0
0,0,42.58763351917798,never,0,0,-3.0
1,1,70.45731089098447,always,1,1,12.0
1,1,70.85273299358504,always,1,1,12.0
0,0,43.408369126259636,never,0,0,-3.0
0,0,53.752189559305826,complier,0,1,2.0
0,0,50.08163715180019,complier,0,1,2.0
1,1,71.63078560958157,always,1,1,12.0
1,0,47.79174818466564,never,0,0,-3.0
1,1,51.214930842214855,complier,0,1,2.0
0,0,45.18719872553123,never,0,0,-3.0
0,1,71.50893808896996,always,1,1,12.0
1,1,68.41051085618379,always,1,1,12.0
0,0,50.37587627534428,complier,0,1,2.0
0,0,51.50548683096584,complier,0,1,2.0
1,1,69.24751981253121,always,1,1,12.0
0,1,66.33113386270966,always,1,1,12.0
0,0,45.16863709361896,never,0,0,-3.0
0,0,45.950083001982726,never,0,0,-3.0
0,1,69.78758654495871,always,1,1,12.0
0,1,68.65865771007778,always,1,1,12.0
0,1,70.35871266218942,always,1,1,12.0
1,1,69.68676285983479,always,1,1,12.0
0,0,44.38583313443787,never,0,0,-3.0
1,0,46.36748757270349,never,0,0,-3.0
0,0,45.578284113150794,never,0,0,-3.0
0,0,50.30214732397088,complier,0,1,2.0
0,0,52.17404865044066,complier,0,1,2.0
1,1,53.766693593826766,complier,0,1,2.0
1,0,42.296373614780045,never,0,0,-3.0
1,0,45.034211192221974,never,0,0,-3.0
0,0,42.44963780662916,never,0,0,-3.0
1,1,66.40427870851175,always,1,1,12.0
1,0,43.70363339679853,never,0,0,-3.0
0,0,48.82156868726917,complier,0,1,2.0
0,0,50.291634922289376,complier,0,1,2.0
0,0,45.44983990666293,never,0,0,-3.0
1,0,43.346616262271375,never,0,0,-3.0
1,1,49.884482000979915,complier,0,1,2.0
1,0,43.87832928111429,never,0,0,-3.0
0,0,48.60431440003574,never,0,0,-3.0
0,1,70.38335617466375,always,1,1,12.0
1,0,45.5140049713657,never,0,0,-3.0
0,1,65.13826404076596,always,1,1,12.0
0,0,48.469528448412625,complier,0,1,2.0
0,0,50.947020255230385,complier,0,1,2.0
0,1,68.53292762604447,always,1,1,12.0
1,0,44.756708874055995,never,0,0,-3.0
0,1,67.53699075727886,always,1,1,12.0
0,1,69.60875376192533,always,1,1,12.0
0,0,46.40393950463235,never,0,0,-3.0
0,0,47.73414917698108,complier,0,1,2.0
0,0,49.707498380908284,complier,0,1,2.0
1,0,46.11859374696854,never,0,0,-3.0
0,0,48.37105516825562,never,0,0,-3.0
1,0,48.649068881097946,never,0,0,-3.0
0,0,44.37644346480501,never,0,0,-3.0
0,1,69.05536352240708,always,1,1,12.0
1,0,47.66929341623209,never,0,0,-3.0
0,1,69.41242143260828,always,1,1,12.0
0,0,47.03535959038695,complier,0,1,2.0
0,0,48.173786941676035,never,0,0,-3.0
0,1,67.48528983742742,always,1,1,12.0
1,0,45.11576460951735,never,0,0,-3.0
1,0,44.57163684869284,never,0,0,-3.0
1,0,43.05868031811887,never,0,0,-3.0
0,0,48.09751498687711,never,0,0,-3.0
1,0,46.798132916720505,never,0,0,-3.0
0,0,48.8082098778525,complier,0,1,2.0
1,0,46.477343268069355,never,0,0,-3.0
0,0,49.37539650941164,complier,0,1,2.0
1,1,71.20707854805077,always,1,1,12.0
0,0,44.27246889447733,never,0,0,-3.0
1,1,72.91225583268675,always,1,1,12.0
1,0,42.51199918457942,never,0,0,-3.0
1,0,46.825852123445294,never,0,0,-3.0
1,1,46.60675271044281,complier,0,1,2.0
1,1,72.30651159159362,always,1,1,12.0
0,0,43.787013390959565,never,0,0,-3.0
0,1,69.55163461555297,always,1,1,12.0
0,0,45.65823244827912,never,0,0,-3.0
0,0,51.30647092189263,complier,0,1,2.0
1,1,51.1453743920701,complier,0,1,2.0
0,0,44.56011223751805,never,0,0,-3.0
1,1,67.95109986172841,always,1,1,12.0
0,0,56.24136586560099,complier,0,1,2.0
0,0,52.23771121708255,complier,0,1,2.0
1,1,71.14987057006988,always,1,1,12.0
0,0,48.38345176638439,never,0,0,-3.0
1,1,68.11934053232312,always,1,1,12.0
0,0,48.45636935947643,never,0,0,-3.0
1,0,46.07084244975822,never,0,0,-3.0
1,0,48.06332963690124,never,0,0,-3.0
1,1,70.03232437912153,always,1,1,12.0
0,0,49.039806286792945,never,0,0,-3.0
1,1,65.32612268553713,always,1,1,12.0
1,0,49.219815958337975,never,0,0,-3.0
0,0,43.64023250911138,never,0,0,-3.0
1,1,53.34781402845298,complier,0,1,2.0
0,0,44.20968567851432,never,0,0,-3.0
1,1,50.893724681287374,complier,0,1,2.0
0,1,67.59289036057748,always,1,1,12.0
1,1,51.49050811730623,complier,0,1,2.0
0,0,44.78109231842236,never,0,0,-3.0
1,1,50.965223957565414,complier,0,1,2.0
0,0,46.93376006727479,never,0,0,-3.0
0,0,51.07845872065307,complier,0,1,2.0
0,0,46.87838055340943,never,0,0,-3.0
1,0,43.470828669024485,never,0,0,-3.0
0,0,43.38098209177501,never,0,0,-3.0
0,1,68.26363610376202,always,1,1,12.0
1,1,53.3233556943254,complier,0,1,2.0
1,1,68.14495438936578,always,1,1,12.0
0,1,67.64462930329898,always,1,1,12.0
1,1,54.01610178999342,complier,0,1,2.0
1,1,53.929153812544,complier,0,1,2.0
0,0,42.8061252215613,never,0,0,-3.0
0,0,44.58555514701488,never,0,0,-3.0
1,1,65.4579091055074,always,1,1,12.0
0,0,46.9938933979929,complier,0,1,2.0
0,0,44.21357300319013,never,0,0,-3.0
1,1,56.90546951884492,complier,0,1,2.0
1,1,50.72694868983582,complier,0,1,2.0
1,1,68.49033024919868,always,1,1,12.0
0,0,50.06772090324761,complier,0,1,2.0
0,0,49.402123430271914,never,0,0,-3.0
1,1,65.39537811448551,always,1,1,12.0
0,0,44.03175772016409,never,0,0,-3.0
0,0,44.11587918645437,never,0,0,-3.0
1,1,66.19635979233016,always,1,1,12.0
0,1,67.64444513779897,always,1,1,12.0
0,0,45.19400984673117,never,0,0,-3.0
0,1,71.30729357987528,always,1,1,12.0
0,0,45.73310451217095,never,0,0,-3.0
1,0,45.90023342337526,never,0,0,-3.0
0,0,49.0489978098982,never,0,0,-3.0
0,1,67.96120214693744,always,1,1,12.0
1,0,45.30233799508577,never,0,0,-3.0
0,0,47.02299833774457,never,0,0,-3.0
1,1,67.54752433176039,always,1,1,12.0
1,1,54.572569606788534,complier,0,1,2.0
0,0,49.1629084446783,complier,0,1,2.0
0,0,48.98143863374917,complier,0,1,2.0
0,0,53.245174952087325,complier,0,1,2.0
1,0,49.598961621331526,never,0,0,-3.0
1,1,66.28141223459356,always,1,1,12.0
1,1,51.4280792956597,complier,0,1,2.0
1,1,49.74621926868135,complier,0,1,2.0
0,1,69.82659937579464,always,1,1,12.0
0,1,67.34560779876865,always,1,1,12.0
0,0,49.05011512609324,complier,0,1,2.0
0,1,71.4543747552961,always,1,1,12.0
0,0,44.88365948926268,never,0,0,-3.0
1,1,70.79224540544891,always,1,1,12.0
0,1,71.59606706842726,always,1,1,12.0
1,0,46.645962367811876,never,0,0,-3.0
1,1,52.80918453839674,complier,0,1,2.0
1,0,45.4988224793498,never,0,0,-3.0
0,0,49.51455478435862,complier,0,1,2.0
0,0,47.1079344069576,never,0,0,-3.0
0,0,42.96798499746225,never,0,0,-3.0
1,1,51.8461022396737,complier,0,1,2.0
0,1,68.75802692138339,always,1,1,12.0
1,0,46.4620540577864,never,0,0,-3.0
0,1,66.54336857315971,always,1,1,12.0
1,0,44.2354940568606,never,0,0,-3.0
0,0,46.52745338839024,never,0,0,-3.0
1,0,48.14408015676768,never,0,0,-3.0
0,0,49.30814716514907,complier,0,1,2.0
0,0,48.06022648984255,never,0,0,-3.0
0,0,48.01849194505453,never,0,0,-3.0
0,0,45.21764132240121,never,0,0,-3.0
0,1,70.89427031847248,always,1,1,12.0
1,1,67.9024394170591,always,1,1,12.0
0,0,43.62938954085211,never,0,0,-3.0
0,0,50.02308933192944,complier,0,1,2.0
1,1,49.64881021178784,complier,0,1,2.0
1,1,48.39444350344315,complier,0,1,2.0
1,0,45.56002426571716,never,0,0,-3.0
0,0,49.0964187840068,never,0,0,-3.0
1,1,73.79975290790048,always,1,1,12.0
1,0,48.89820729546826,never,0,0,-3.0
1,0,50.422764728359205,never,0,0,-3.0
0,0,47.753515768290036,never,0,0,-3.0
0,0,47.240279125968826,never,0,0,-3.0
1,1,50.863791664014876,complier,0,1,2.0
1,1,65.22435288629701,always,1,1,12.0
0,0,48.42950653223899,complier,0,1,2.0
1,1,65.36073289059064,always,1,1,12.0
1,1,68.21321998610873,always,1,1,12.0
1,0,48.21825140677903,never,0,0,-3.0
1,1,50.77640756320646,complier,0,1,2.0
1,1,49.939905256673185,complier,0,1,2.0
1,1,70.477201425036,always,1,1,12.0
0,0,50.14012071878809,complier,0,1,2.0
0,0,49.338161736056946,complier,0,1,2.0
1,0,49.7723815414253,never,0,0,-3.0
1,0,44.51522389943404,never,0,0,-3.0
1,1,67.39617416591886,always,1,1,12.0
1,0,42.535490856004586,never,0,0,-3.0
1,1,67.06837433633946,always,1,1,12.0
0,1,67.4823854882469,always,1,1,12.0
0,0,48.151138635535226,never,0,0,-3.0
1,1,51.03411525206158,complier,0,1,2.0
1,0,44.740572949452314,never,0,0,-3.0
0,0,51.23067342035344,complier,0,1,2.0
1,1,68.18749775086212,always,1,1,12.0
1,1,53.43691268796736,complier,0,1,2.0
0,1,70.46109708182678,always,1,1,12.0
0,0,47.405963085274834,never,0,0,-3.0
0,0,50.79424953161335,complier,0,1,2.0
1,1,68.87759011678092,always,1,1,12.0
0,1,71.04114895307465,always,1,1,12.0
0,1,71.50403936378508,always,1,1,12.0
1,1,51.334562314930224,complier,0,1,2.0
1,0,44.595629417982096,never,0,0,-3.0
1,1,52.59992262559488,complier,0,1,2.0
1,1,52.52253851972453,complier,0,1,2.0
0,1,67.30207159247828,always,1,1,12.0
0,0,48.12744970242016,never,0,0,-3.0
1,0,42.634943990661114,never,0,0,-3.0
1,1,68.94761329685095,always,1,1,12.0
0,1,67.63191811471486,always,1,1,12.0
1,1,71.24306680525419,always,1,1,12.0
1,1,71.92941551949743,always,1,1,12.0
0,0,49.983376183949076,complier,0,1,2.0
1,0,45.69155550570577,never,0,0,-3.0
0,0,50.03081186292249,complier,0,1,2.0
1,1,50.75407337182706,complier,0,1,2.0
0,1,67.5373064509183,always,1,1,12.0
1,0,45.48456867321013,never,0,0,-3.0
0,1,69.18444887598197,always,1,1,12.0
0,0,43.52043045314461,never,0,0,-3.0
0,0,44.07895068527939,never,0,0,-3.0
0,0,51.33749621902631,complier,0,1,2.0
0,0,47.526131528463644,never,0,0,-3.0
0,1,67.74519958324579,always,1,1,12.0
1,0,48.391354791670636,never,0,0,-3.0
0,1,69.46869764373456,always,1,1,12.0
0,0,47.38186966283519,complier,0,1,2.0
1,0,47.596169475417064,never,0,0,-3.0
0,1,70.65316910083553,always,1,1,12.0
1,0,46.608363173512274,never,0,0,-3.0
0,1,71.90869656799434,always,1,1,12.0
0,0,45.34189928046204,never,0,0,-3.0
1,1,69.89959578545337,always,1,1,12.0
1,1,68.31998561868699,always,1,1,12.0
0,0,44.5674591559838,never,0,0,-3.0
1,1,54.01366296259866,complier,0,1,2.0
1,0,42.142266757056206,never,0,0,-3.0
1,1,52.35705950711679,complier,0,1,2.0
0,0,49.88948129140779,complier,0,1,2.0
0,0,46.42010294950716,never,0,0,-3.0
0,1,66.60908602701133,always,1,1,12.0
1,0,44.067895967734295,never,0,0,-3.0
1,1,72.47439670137418,always,1,1,12.0
0,0,51.557354039341,complier,0,1,2.0
0,1,72.06525560322144,always,1,1,12.0
1,0,47.80718198192523,never,0,0,-3.0
0,0,44.343942800123784,never,0,0,-3.0
1,0,45.58069660725737,never,0,0,-3.0
0,0,46.089561029400095,never,0,0,-3.0
0,0,44.27711601519049,never,0,0,-3.0
0,0,41.39367757947084,never,0,0,-3.0
0,0,52.23148194811975,complier,0,1,2.0
1,0,42.56098274005317,never,0,0,-3.0
0,0,45.63250681906978,never,0,0,-3.0
1,0,48.222109200250244,never,0,0,-3.0
1,1,68.79217170902129,always,1,1,12.0
0,0,44.137228379490345,never,0,0,-3.0
1,1,48.94996206749886,complier,0,1,2.0
1,1,51.71245824361562,complier,0,1,2.0
0,1,68.70082246667823,always,1,1,12.0
1,0,45.69558516413327,never,0,0,-3.0
0,0,51.276576302169836,complier,0,1,2.0
1,0,46.741680837110565,never,0,0,-3.0
1,0,46.05671977356043,never,0,0,-3.0
1,0,47.452757620218094,never,0,0,-3.0
1,0,46.814784668898746,never,0,0,-3.0
1,0,43.10451051523775,never,0,0,-3.0
0,0,48.11153431801062,never,0,0,-3.0
1,0,48.284553295444105,never,0,0,-3.0
0,0,46.52738061057071,never,0,0,-3.0
1,0,46.67897873685425,never,0,0,-3.0
1,1,70.87623114922629,always,1,1,12.0
1,1,53.56459654984727,complier,0,1,2.0
0,0,50.11344253917196,complier,0,1,2.0
1,1,52.74320949299627,complier,0,1,2.0
1,0,48.530815016035596,never,0,0,-3.0
0,0,46.12275713236314,never,0,0,-3.0
1,1,68.37850828534013,always,1,1,12.0
0,0,51.720893569580866,complier,0,1,2.0
0,0,46.98187921590106,never,0,0,-3.0
1,1,71.94800503035577,always,1,1,12.0
1,1,49.733216426934646,complier,0,1,2.0
0,0,48.309128854350696,never,0,0,-3.0
1,0,48.751997565156614,never,0,0,-3.0
0,0,49.83743496105315,complier,0,1,2.0
1,1,66.51893716864438,always,1,1,12.0
0,1,68.86888848583521,always,1,1,12.0
0,1,69.10890746064184,always,1,1,12.0
0,0,42.72264503210058,never,0,0,-3.0
1,1,53.77104224007237,complier,0,1,2.0
1,1,66.88303839599126,always,1,1,12.0
0,0,52.376324564572364,complier,0,1,2.0
0,0,50.55084758006509,never,0,0,-3.0
0,1,68.73751688608647,always,1,1,12.0
1,1,54.97261344452285,complier,0,1,2.0
0,1,68.34888303797419,always,1,1,12.0
0,0,49.88709033748101,complier,0,1,2.0
0,0,48.2981959525065,complier,0,1,2.0
1,0,45.19638982601655,never,0,0,-3.0
1,0,46.9579285596127,never,0,0,-3.0
1,1,70.11290758497897,always,1,1,12.0
0,0,50.73322557619718,complier,0,1,2.0
1,0,48.4141658566232,never,0,0,-3.0
0,0,44.653034775159185,never,0,0,-3.0
0,0,46.232008182948626,never,0,0,-3.0
0,1,68.34780064362238,always,1,1,12.0
1,1,68.87678954244454,always,1,1,12.0
0,0,50.98548905401982,complier,0,1,2.0
0,1,69.89779622030977,always,1,1,12.0
0,0,47.27651301816149,never,0,0,-3.0
1,0,45.34639665888831,never,0,0,-3.0
1,1,68.5017226891931,always,1,1,12.0
1,1,71.24990116414679,always,1,1,12.0
0,0,42.22533093445611,never,0,0,-3.0
1,1,70.7097242240588,always,1,1,12.0
1,0,45.88850116935468,never,0,0,-3.0
1,0,46.61298529293748,never,0,0,-3.0
0,0,47.83275530442387,complier,0,1,2.0
1,1,71.79998825116951,always,1,1,12.0
1,0,52.112994626957835,never,0,0,-3.0
0,0,53.482650172549846,complier,0,1,2.0
1,1,50.331014753126524,complier,0,1,2.0
0,0,52.327763284065114,complier,0,1,2.0
1,1,50.49875550462318,complier,0,1,2.0
1,1,55.722396776693095,complier,0,1,2.0
0,0,48.08379238983461,never,0,0,-3.0
1,1,68.06789578618114,always,1,1,12.0
0,1,72.8576589851745,always,1,1,12.0
0,0,50.37289234740074,complier,0,1,2.0
1,0,48.63514794917616,never,0,0,-3.0
1,1,51.06150010165411,complier,0,1,2.0
0,0,44.44267146152243,never,0,0,-3.0
0,0,50.289713678553454,complier,0,1,2.0
0,0,48.72456042582167,complier,0,1,2.0
1,0,46.80439012898225,never,0,0,-3.0
0,1,69.0793283190897,always,1,1,12.0
1,0,44.12508019233116,never,0,0,-3.0
1,0,44.80710237289745,never,0,0,-3.0
1,1,69.29720643987736,always,1,1,12.0
1,1,54.93585211055698,complier,0,1,2.0
1,0,45.56284805564483,never,0,0,-3.0
0,1,66.65759792413485,always,1,1,12.0
0,0,46.314183775997364,never,0,0,-3.0
0,1,69.98444369281015,always,1,1,12.0
1,1,50.77110817857698,complier,0,1,2.0
0,1,70.57328857770675,always,1,1,12.0
0,1,66.62968088797953,always,1,1,12.0
1,1,54.51026872450107,complier,0,1,2.0
0,0,44.510725789546875,never,0,0,-3.0
1,1,51.05178318972105,complier,0,1,2.0
0,1,70.97012039611766,always,1,1,12.0
0,1,65.81898932907795,always,1,1,12.0
1,0,46.051800088993495,never,0,0,-3.0
1,0,47.31113016655873,never,0,0,-3.0
0,0,44.50976352165307,never,0,0,-3.0
1,0,45.60199938596774,never,0,0,-3.0
1,0,45.45301203169119,never,0,0,-3.0
0,1,67.78801135280682,always,1,1,12.0
1,0,44.445956928886666,never,0,0,-3.0
1,0,48.05781003268407,never,0,0,-3.0
1,0,42.17773550295113,never,0,0,-3.0
0,0,48.572217231500524,complier,0,1,2.0
0,0,49.7267292258508,never,0,0,-3.0
1,1,69.7689630526528,always,1,1,12.0
1,1,50.525779124355246,complier,0,1,2.0
0,1,65.87930182880262,always,1,1,12.0
0,0,46.224365130200425,never,0,0,-3.0
0,1,65.56140210890325,always,1,1,12.0
0,0,45.498790688900144,never,0,0,-3.0
1,1,51.718347542504276,complier,0,1,2.0
0,1,72.71915106006999,always,1,1,12.0
1,1,68.79073715525085,always,1,1,12.0
0,0,47.49742136039858,never,0,0,-3.0
1,0,45.90432571216207,never,0,0,-3.0
0,0,49.758883575749394,complier,0,1,2.0
0,1,73.91203476279233,always,1,1,12.0
1,1,51.930361501086246,complier,0,1,2.0
0,1,68.24757489982657,always,1,1,12.0
0,0,46.01417400821205,never,0,0,-3.0
0,1,71.11862760117924,always,1,1,12.0
0,1,66.55312289419149,always,1,1,12.0
1,1,68.0703141699719,always,1,1,12.0
1,0,45.63869118505521,never,0,0,-3.0
0,1,66.99547682585383,always,1,1,12.0
0,0,44.86009894006277,never,0,0,-3.0
1,1,51.714821588189096,complier,0,1,2.0
1,1,73.34029423029662,always,1,1,12.0
0,0,47.99201041024384,never,0,0,-3.0
1,1,63.9057283082617,always,1,1,12.0
1,1,53.531243461505674,complier,0,1,2.0
1,0,41.149115233630454,never,0,0,-3.0
0,1,68.53663532216727,always,1,1,12.0
1,1,50.7821490347255,complier,0,1,2.0
1,1,52.03363442495721,complier,0,1,2.0
1,0,47.51767988089337,never,0,0,-3.0
0,0,44.53071854218398,never,0,0,-3.0
0,0,44.94866535661639,never,0,0,-3.0
1,0,44.810884907765804,never,0,0,-3.0
1,1,45.40572545557289,complier,0,1,2.0
1,1,51.907058373160446,complier,0,1,2.0
0,1,69.10282649759561,always,1,1,12.0
1,1,52.8356584350637,complier,0,1,2.0
1,0,47.29646152825925,never,0,0,-3.0
0,1,68.15630538579951,always,1,1,12.0
1,0,46.95870978468802,never,0,0,-3.0
1,1,69.12574935342522,always,1,1,12.0
1,0,41.281647448901964,never,0,0,-3.0
1,0,44.48759150000214,never,0,0,-3.0
0,1,66.84724987779595,always,1,1,12.0
0,0,42.29379128669661,never,0,0,-3.0
1,1,50.534024574751555,complier,0,1,2.0
1,0,44.55084865282046,never,0,0,-3.0
0,0,51.58211856221562,complier,0,1,2.0
0,1,69.64270429693798,always,1,1,12.0
1,1,54.179362352910644,complier,0,1,2.0
1,0,45.91117777616913,never,0,0,-3.0
0,0,47.51150903167047,never,0,0,-3.0
1,1,71.99755538851005,always,1,1,12.0
0,1,69.29495596688047,always,1,1,12.0
0,1,67.42055001120305,always,1,1,12.0
0,0,48.84045809519066,complier,0,1,2.0
1,0,47.581512066154964,never,0,0,-3.0
0,0,47.50645749871549,complier,0,1,2.0
0,0,44.46756999685278,never,0,0,-3.0
1,0,43.30816418912763,never,0,0,-3.0
0,1,72.2119533260496,always,1,1,12.0
0,1,68.47246614221805,always,1,1,12.0
0,0,43.709247936225616,never,0,0,-3.0
0,0,46.690029645918194,complier,0,1,2.0
0,0,48.13127942522051,complier,0,1,2.0
0,0,45.79651182475819,never,0,0,-3.0
1,0,45.18587143615495,never,0,0,-3.0
1,0,47.04587498689247,never,0,0,-3.0
1,1,68.5997826900461,always,1,1,12.0
0,0,45.318887146881416,never,0,0,-3.0
0,1,69.50312633992553,always,1,1,12.0
0,1,65.73490718710953,always,1,1,12.0
0,0,43.704970207682216,never,0,0,-3.0
1,1,68.03919743734487,always,1,1,12.0
0,1,66.2221764013452,always,1,1,12.0
0,1,68.45119656377472,always,1,1,12.0
1,1,71.56685204192154,always,1,1,12.0
1,1,64.09664396048905,always,1,1,12.0
0,0,44.290140472041735,never,0,0,-3.0
0,0,44.97387544240865,never,0,0,-3.0
0,0,46.0207577483441,never,0,0,-3.0
0,0,46.907275051449155,never,0,0,-3.0
0,0,50.021438308334574,complier,0,1,2.0
1,1,51.95885439663548,complier,0,1,2.0
0,0,43.70744723956725,never,0,0,-3.0
1,0,49.31959126915868,never,0,0,-3.0
1,1,50.387444474542356,complier,0,1,2.0
1,1,54.83878746454303,complier,0,1,2.0
1,0,46.752970853330915,never,0,0,-3.0
1,0,45.25659209734484,never,0,0,-3.0
1,1,49.45020553267887,complier,0,1,2.0
0,0,48.502262338954246,complier,0,1,2.0
1,0,45.382693037264794,never,0,0,-3.0
1,0,46.04889931832366,never,0,0,-3.0
0,1,66.82671975985525,always,1,1,12.0
0,0,46.97800477362846,never,0,0,-3.0
0,0,53.671757039965385,complier,0,1,2.0
1,0,45.07119638158177,never,0,0,-3.0
0,1,68.9528519136674,always,1,1,12.0
0,0,47.94548097273201,never,0,0,-3.0
1,0,47.04651701438348,never,0,0,-3.0
0,1,70.69033390155674,always,1,1,12.0
0,1,67.19362115369641,always,1,1,12.0
1,1,53.29027042770441,complier,0,1,2.0
0,1,68.37486531639072,always,1,1,12.0
0,1,66.95734327533356,always,1,1,12.0
1,0,46.500744407996166,never,0,0,-3.0
1,0,45.32513349557101,never,0,0,-3.0
1,1,52.07866843541123,complier,0,1,2.0
1,1,68.17230404107067,always,1,1,12.0
0,0,52.2142403949461,complier,0,1,2.0
0,0,49.39552955093178,complier,0,1,2.0
0,1,70.63016451548494,always,1,1,12.0
0,0,51.78900596854409,complier,0,1,2.0
1,0,44.24502318545638,never,0,0,-3.0
1,1,72.25737833067676,always,1,1,12.0
1,0,49.21854974583751,never,0,0,-3.0
1,1,50.33424650713676,complier,0,1,2.0
1,0,47.191414402132985,never,0,0,-3.0
1,0,46.15025556146718,never,0,0,-3.0
1,0,47.626551815147515,never,0,0,-3.0
1,0,45.22982519200742,never,0,0,-3.0
0,0,53.54280649113021,never,0,0,-3.0
1,0,42.69379755841189,never,0,0,-3.0
1,0,50.037771924550086,never,0,0,-3.0
0,0,46.53439027808546,complier,0,1,2.0
1,0,48.3467783221961,never,0,0,-3.0
1,0,47.41485577810416,never,0,0,-3.0
0,0,47.21609028679406,complier,0,1,2.0
1,0,46.190924411548565,never,0,0,-3.0
1,0,46.862294527014384,never,0,0,-3.0
0,1,71.37799706533347,always,1,1,12.0
0,0,44.55956298173318,never,0,0,-3.0
0,0,52.054706381141855,complier,0,1,2.0
0,1,69.95682170059351,always,1,1,12.0
0,0,47.86687807357162,complier,0,1,2.0
1,1,68.12558079707374,always,1,1,12.0
1,1,48.85707175993367,complier,0,1,2.0
1,1,71.18475454713995,always,1,1,12.0
1,0,45.49381104817823,never,0,0,-3.0
0,0,51.38997705016916,complier,0,1,2.0
0,0,44.8895831896465,never,0,0,-3.0
1,1,56.17397656727719,complier,0,1,2.0
0,0,48.3450267300146,never,0,0,-3.0
1,1,66.45560820145948,always,1,1,12.0
1,0,46.54563005075926,never,0,0,-3.0
1,1,71.11061792989442,always,1,1,12.0
1,0,47.034179918676024,never,0,0,-3.0
0,0,51.66613551596956,complier,0,1,2.0
1,1,71.2276607507997,always,1,1,12.0
0,1,69.55277646724709,always,1,1,12.0
1,1,69.94197107677829,always,1,1,12.0
1,1,51.38482830048219,complier,0,1,2.0
1,1,68.65122520614881,always,1,1,12.0
1,0,45.54369429229713,never,0,0,-3.0
1,0,45.11358754484022,never,0,0,-3.0
1,1,52.80443827506667,complier,0,1,2.0
0,1,66.9834477303885,always,1,1,12.0
0,0,50.336771400921556,complier,0,1,2.0
1,0,49.419571628877044,never,0,0,-3.0
0,0,52.55685782147377,complier,0,1,2.0
1,1,71.8812529247129,always,1,1,12.0
1,1,53.9969751540075,complier,0,1,2.0
0,1,70.21135030297467,always,1,1,12.0
1,0,47.48040576808257,never,0,0,-3.0
1,0,44.29657542610497,never,0,0,-3.0
0,0,46.186868998252976,never,0,0,-3.0
1,0,47.73797322654711,never,0,0,-3.0
0,1,69.88558526604974,always,1,1,12.0
1,1,71.15199440407065,always,1,1,12.0
1,1,50.049814586165894,complier,0,1,2.0
1,1,68.16708993407339,always,1,1,12.0
1,0,47.0421690722761,never,0,0,-3.0
0,0,49.124008054383836,complier,0,1,2.0
0,0,46.076480109161594,complier,0,1,2.0
0,0,47.85889265685649,complier,0,1,2.0
1,0,46.797295185855674,never,0,0,-3.0
0,0,47.27517758402032,never,0,0,-3.0
1,1,51.11020564206988,complier,0,1,2.0
1,0,45.421197196743925,never,0,0,-3.0
1,0,43.82065997974162,never,0,0,-3.0
0,1,67.51942799593773,always,1,1,12.0
1,1,68.2492823243689,always,1,1,12.0
1,1,66.07173853388785,always,1,1,12.0
1,1,67.07050683805704,always,1,1,12.0
0,1,71.69748185633236,always,1,1,12.0
0,0,44.2803398571026,never,0,0,-3.0
1,0,45.57077981729437,never,0,0,-3.0
1,1,52.63251979732429,complier,0,1,2.0
0,0,47.31202997200103,never,0,0,-3.0
1,0,42.60496531915399,never,0,0,-3.0
1,1,69.24411600532294,always,1,1,12.0
1,1,53.0680965252364,complier,0,1,2.0
1,1,65.50989183795623,always,1,1,12.0
1,1,51.34470960810242,complier,0,1,2.0
1,1,73.08999369627308,always,1,1,12.0
0,0,44.431776167563726,never,0,0,-3.0
0,1,64.75418073203339,always,1,1,12.0
0,1,69.8036601394054,always,1,1,12.0
1,1,69.15568132436911,always,1,1,12.0
0,1,69.02206350241886,always,1,1,12.0
1,1,68.98729377872034,always,1,1,12.0
0,0,52.49091119687242,complier,0,1,2.0
1,0,46.31807250199983,never,0,0,-3.0
1,1,52.421183300317324,complier,0,1,2.0
1,1,65.62107231171257,always,1,1,12.0
1,0,46.46504085307602,never,0,0,-3.0
0,0,47.14204290086786,never,0,0,-3.0
0,0,47.01277735089802,never,0,0,-3.0
0,1,66.08849590147747,always,1,1,12.0
1,1,72.00142494494597,always,1,1,12.0
0,0,44.36999962854119,never,0,0,-3.0
0,0,44.33838020727511,never,0,0,-3.0
1,0,43.129571525707064,never,0,0,-3.0
0,1,67.61903699283897,always,1,1,12.0
0,0,50.933177558514075,complier,0,1,2.0
0,0,49.318888167593116,complier,0,1,2.0
1,0,44.696359388049274,never,0,0,-3.0
1,0,48.58060857292377,never,0,0,-3.0
0,1,70.83381827182421,always,1,1,12.0
0,0,49.73586622568882,complier,0,1,2.0
1,1,54.26206195438301,complier,0,1,2.0
0,0,49.272601721462266,complier,0,1,2.0
1,1,49.86649754040537,complier,0,1,2.0
1,1,53.033235320108474,complier,0,1,2.0
0,0,49.84201427558793,complier,0,1,2.0
1,1,68.26780657912111,always,1,1,12.0
0,0,46.512831333474985,complier,0,1,2.0
1,0,45.672067246529984,never,0,0,-3.0
0,0,47.81810634747812,complier,0,1,2.0
1,0,44.795320903381864,never,0,0,-3.0
0,0,47.81814569439667,never,0,0,-3.0
0,0,46.409717669804465,never,0,0,-3.0
0,0,48.56844926192997,never,0,0,-3.0
0,0,49.43653204938489,complier,0,1,2.0
1,0,45.29840667473107,never,0,0,-3.0
1,1,67.31300567161398,always,1,1,12.0
1,1,53.55689785576438,complier,0,1,2.0
1,0,47.7169485742309,never,0,0,-3.0
0,0,46.15391555956081,never,0,0,-3.0
1,0,45.186543704564556,never,0,0,-3.0
1,0,50.03884493405293,never,0,0,-3.0
1,1,72.03315498226867,always,1,1,12.0
0,0,49.086287564846934,complier,0,1,2.0
0,0,47.9528969366871,never,0,0,-3.0
0,0,46.54575690152698,never,0,0,-3.0
0,0,45.517538632986266,never,0,0,-3.0
1,0,45.871775278779,never,0,0,-3.0
1,0,48.22743328944369,never,0,0,-3.0
1,0,47.81372347450284,never,0,0,-3.0
0,0,49.19779556365426,never,0,0,-3.0
1,0,43.9299003440269,never,0,0,-3.0
1,1,52.76172525497749,complier,0,1,2.0
1,1,71.14217599626983,always,1,1,12.0
0,1,70.39893457279067,always,1,1,12.0
0,1,68.83458634057864,always,1,1,12.0
0,0,46.513905115052744,never,0,0,-3.0
1,0,46.29461204894087,never,0,0,-3.0
1,0,48.760639143694256,never,0,0,-3.0
1,0,49.01179178255063,never,0,0,-3.0
0,0,46.617478399044714,never,0,0,-3.0
0,1,70.74593256452732,always,1,1,12.0
0,1,67.55067775560006,always,1,1,12.0
1,1,50.65598672592437,complier,0,1,2.0
0,0,47.29279162568677,never,0,0,-3.0
1,1,51.806803784607254,complier,0,1,2.0
1,1,72.51115823279721,always,1,1,12.0
1,1,52.6475433852866,complier,0,1,2.0
1,1,51.506072861057,complier,0,1,2.0
0,1,69.88033302989444,always,1,1,12.0
0,0,50.34739004691422,complier,0,1,2.0
1,1,53.314892463348365,complier,0,1,2.0
1,1,69.80864469012087,always,1,1,12.0
1,1,52.69903853183773,complier,0,1,2.0
1,0,47.50280246225116,never,0,0,-3.0
0,0,48.00353074759414,never,0,0,-3.0
1,1,67.20314903277126,always,1,1,12.0
0,0,50.046459733106616,complier,0,1,2.0
1,0,45.41271676700826,never,0,0,-3.0
1,0,48.27534263375491,never,0,0,-3.0
1,1,73.70334272204913,always,1,1,12.0
1,0,47.07106635341804,never,0,0,-3.0
1,1,69.66347217077694,always,1,1,12.0
1,0,47.444375320052785,never,0,0,-3.0
0,0,48.185709630757955,complier,0,1,2.0
1,0,46.61151086617363,never,0,0,-3.0
0,0,46.795629811773495,never,0,0,-3.0
0,0,51.358461336899154,complier,0,1,2.0
1,0,44.13724394462725,never,0,0,-3.0
1,1,52.63868223979073,complier,0,1,2.0
0,0,46.69171316383087,never,0,0,-3.0
1,1,49.803683117630875,complier,0,1,2.0
0,0,48.57018879649377,never,0,0,-3.0
1,1,69.07065284050215,always,1,1,12.0
0,0,46.676026332859834,never,0,0,-3.0
0,1,70.7842127347204,always,1,1,12.0
0,0,53.03437645451048,complier,0,1,2.0
0,0,46.73156201876337,never,0,0,-3.0
0,1,68.20409260842398,always,1,1,12.0
1,1,52.07902333000671,complier,0,1,2.0
1,1,69.87978504053395,always,1,1,12.0
0,0,44.88627528204361,never,0,0,-3.0
1,0,42.28332184242581,never,0,0,-3.0
1,1,55.59990681126368,complier,0,1,2.0
0,1,70.93805732253804,always,1,1,12.0
0,0,47.712968529865115,never,0,0,-3.0
1,0,46.10506605487094,never,0,0,-3.0
0,0,50.07706201625377,complier,0,1,2.0
1,0,47.12755528897553,never,0,0,-3.0
0,0,45.26022057770486,never,0,0,-3.0
0,0,50.64343116740173,complier,0,1,2.0
0,0,44.03635780913449,never,0,0,-3.0
1,1,52.04122558600217,complier,0,1,2.0
1,0,46.93373517299407,never,0,0,-3.0
0,0,45.26688094842429,never,0,0,-3.0
1,0,50.124265152195704,never,0,0,-3.0
1,1,55.98204784595608,complier,0,1,2.0
1,1,69.48479639419214,always,1,1,12.0
0,0,43.32967082268533,never,0,0,-3.0
0,1,71.7864218853884,always,1,1,12.0
1,0,45.54390476678078,never,0,0,-3.0
0,1,71.2745416417879,always,1,1,12.0
0,0,44.412576783664164,never,0,0,-3.0
1,0,43.31446193608497,never,0,0,-3.0
0,0,49.792554825465565,complier,0,1,2.0
1,1,50.69812715440652,complier,0,1,2.0
1,0,44.74097024676466,never,0,0,-3.0
1,1,69.18485510501277,always,1,1,12.0
1,1,70.53637773873649,always,1,1,12.0
1,1,69.88733177878423,always,1,1,12.0
0,0,45.51977845559848,never,0,0,-3.0
1,1,52.3992967039598,complier,0,1,2.0
1,0,46.072367023638485,never,0,0,-3.0
0,1,66.92129357005878,always,1,1,12.0
0,0,52.615781855548335,complier,0,1,2.0
0,0,46.88429896332482,complier,0,1,2.0
1,0,44.98272905210568,never,0,0,-3.0
0,0,46.556435557494915,never,0,0,-3.0
1,0,46.92948671179295,never,0,0,-3.0
0,0,46.03322642940815,never,0,0,-3.0
1,1,69.09688119502398,always,1,1,12.0
0,0,50.30142472032214,complier,0,1,2.0
1,1,72.05026906264482,always,1,1,12.0
1,1,55.184653194577066,complier,0,1,2.0
0,0,44.762974834553646,never,0,0,-3.0
0,1,67.81188209826902,always,1,1,12.0
0,1,66.1738492939333,always,1,1,12.0
0,0,46.52949031982526,never,0,0,-3.0
1,0,45.311292402533915,never,0,0,-3.0
1,1,51.03300872731537,complier,0,1,2.0
1,1,51.09791883259771,complier,0,1,2.0
0,1,68.79554063495956,always,1,1,12.0
0,0,46.40271498735277,never,0,0,-3.0
1,0,44.31831052362031,never,0,0,-3.0
0,0,44.58419395353839,never,0,0,-3.0
1,1,51.780820130613016,complier,0,1,2.0
0,0,49.81058488322658,complier,0,1,2.0
1,1,51.01717922286915,complier,0,1,2.0
0,0,42.331664087764324,never,0,0,-3.0
1,1,54.252106909219066,complier,0,1,2.0
1,1,68.30096501508157,always,1,1,12.0
0,0,48.44780368405215,complier,0,1,2.0
1,1,51.29610037462818,complier,0,1,2.0
1,0,46.25172988244761,never,0,0,-3.0
1,1,68.91204442445805,always,1,1,12.0
0,0,50.58106479850064,complier,0,1,2.0
1,1,67.95734126505964,always,1,1,12.0
0,1,70.86592645020872,always,1,1,12.0
0,0,50.92544115669848,complier,0,1,2.0
1,1,53.90005794552017,complier,0,1,2.0
1,1,70.39119842767715,always,1,1,12.0
0,0,45.7704060770358,never,0,0,-3.0
1,0,45.96848494873787,never,0,0,-3.0
1,1,50.883492227103154,complier,0,1,2.0
1,1,68.875817485262,always,1,1,12.0
0,0,42.93541718949633,never,0,0,-3.0
0,0,45.538162615110664,never,0,0,-3.0
0,0,49.885507486621066,complier,0,1,2.0
0,0,44.24818010821726,never,0,0,-3.0
1,0,46.19080369434416,never,0,0,-3.0
0,0,47.562175063813484,never,0,0,-3.0
0,0,48.23896694012294,never,0,0,-3.0
0,0,47.42433888930724,never,0,0,-3.0
0,0,50.41886295685315,complier,0,1,2.0
0,0,44.840323793074724,never,0,0,-3.0
1,0,48.16483816432785,never,0,0,-3.0
1,0,43.940345270573616,never,0,0,-3.0
1,1,51.04001021326368,complier,0,1,2.0
1,0,47.004524169924046,never,0,0,-3.0
0,0,50.78102879066895,complier,0,1,2.0
1,1,53.548775034235206,complier,0,1,2.0
1,1,65.90691201807893,always,1,1,12.0
1,1,66.35124578516755,always,1,1,12.0
0,1,67.68004918751178,always,1,1,12.0
1,1,73.87589812740987,always,1,1,12.0
1,1,51.73873746313697,complier,0,1,2.0
0,1,68.27452635487923,always,1,1,12.0
0,0,48.57936259760185,complier,0,1,2.0
1,0,48.308008509114885,never,0,0,-3.0
1,0,41.75117090134774,never,0,0,-3.0
0,0,48.979687231607315,never,0,0,-3.0
1,1,70.11715201014782,always,1,1,12.0
1,1,54.80089271000868,complier,0,1,2.0
0,0,52.75018856643203,complier,0,1,2.0
1,0,47.745018846943665,never,0,0,-3.0
0,0,48.66793080308089,complier,0,1,2.0
0,0,45.928801132600825,never,0,0,-3.0
0,0,48.07307825485638,complier,0,1,2.0
0,0,46.78178573488438,never,0,0,-3.0
1,1,69.5826423585196,always,1,1,12.0
0,1,69.01923063444526,always,1,1,12.0
0,1,68.84191784087616,always,1,1,12.0
1,1,71.38673981788757,always,1,1,12.0
1,0,42.60595463466127,never,0,0,-3.0
1,1,54.29955010814538,complier,0,1,2.0
1,0,46.13947884687515,never,0,0,-3.0
1,0,46.26588856498325,never,0,0,-3.0
0,0,40.92770731373646,never,0,0,-3.0
0,0,43.21057320295603,never,0,0,-3.0
0,1,65.84088579611492,always,1,1,12.0
1,1,71.8587985681753,always,1,1,12.0
0,0,49.078071338448645,never,0,0,-3.0
0,0,45.74672716268129,never,0,0,-3.0
1,1,68.31113762312958,always,1,1,12.0
0,0,48.15405474628829,complier,0,1,2.0
1,0,43.52702198646058,never,0,0,-3.0
1,0,46.67211590440917,never,0,0,-3.0
0,0,46.27230083903159,never,0,0,-3.0
0,0,46.27479320539063,never,0,0,-3.0
0,1,70.18174071523593,always,1,1,12.0
1,1,51.7695056868324,complier,0,1,2.0
1,1,71.017888377345,always,1,1,12.0
0,0,50.09332679771594,complier,0,1,2.0
0,0,46.45165584339946,never,0,0,-3.0
1,0,45.289359696607384,never,0,0,-3.0
0,0,49.538474172913254,never,0,0,-3.0
1,0,46.51772200417486,never,0,0,-3.0
0,1,73.43449771038286,always,1,1,12.0
0,0,41.96675219576574,never,0,0,-3.0
1,1,68.80640726368259,always,1,1,12.0
1,1,49.2209751091584,complier,0,1,2.0
0,0,41.295361841965914,never,0,0,-3.0
0,0,47.567929819806864,never,0,0,-3.0
1,0,47.13010437415667,never,0,0,-3.0
1,1,51.72979727090971,complier,0,1,2.0
1,0,44.82284703647658,never,0,0,-3.0
1,1,49.33052292133771,complier,0,1,2.0
0,0,48.96731612945716,never,0,0,-3.0
1,0,49.69908042400989,never,0,0,-3.0
0,1,70.21666987475967,always,1,1,12.0
1,0,44.78761270445395,never,0,0,-3.0
1,0,44.36138324974415,never,0,0,-3.0
1,1,54.15029196225739,complier,0,1,2.0
0,1,71.00837288976373,always,1,1,12.0
1,0,49.075389517826565,never,0,0,-3.0
1,1,54.217433365274786,complier,0,1,2.0
0,1,69.1738362684058,always,1,1,12.0
0,0,48.49179743405868,complier,0,1,2.0
1,1,69.73482562942425,always,1,1,12.0
1,1,68.79255702177436,always,1,1,12.0
1,1,49.69434243666645,complier,0,1,2.0
0,0,47.12631549734321,never,0,0,-3.0
1,1,71.63051867882652,always,1,1,12.0
1,0,45.61023488019018,never,0,0,-3.0
0,0,53.21497328815262,complier,0,1,2.0
1,0,49.949091703234096,never,0,0,-3.0
1,1,55.06361544860876,complier,0,1,2.0
1,1,68.97381075014995,always,1,1,12.0
0,0,45.57671145982599,never,0,0,-3.0
0,0,46.84692983290858,never,0,0,-3.0
1,1,69.60055425987701,always,1,1,12.0
0,0,46.01610189382527,never,0,0,-3.0
0,0,45.46159111463491,never,0,0,-3.0
0,0,45.565604929351025,never,0,0,-3.0
0,0,47.05809009840378,never,0,0,-3.0
0,0,45.9462856005965,never,0,0,-3.0
0,1,70.41188099971707,always,1,1,12.0
1,0,45.786870856945924,never,0,0,-3.0
0,1,67.8310807938766,always,1,1,12.0
0,0,46.95107512771747,never,0,0,-3.0
0,0,47.74897820034583,never,0,0,-3.0
0,1,76.14998574903193,always,1,1,12.0
1,0,49.420688681209555,never,0,0,-3.0
0,0,45.96039983213346,never,0,0,-3.0
0,1,72.16310158028602,always,1,1,12.0
0,0,47.15366578672823,never,0,0,-3.0
0,0,52.11343288642413,complier,0,1,2.0
0,0,47.04496475427211,never,0,0,-3.0
1,0,44.43652718192313,never,0,0,-3.0
0,0,46.100952619720786,never,0,0,-3.0
1,0,45.52925008510259,never,0,0,-3.0
1,0,45.094710792767266,never,0,0,-3.0
0,0,47.81681708324659,never,0,0,-3.0
1,1,52.764133786542004,complier,0,1,2.0
1,0,46.38026979804326,never,0,0,-3.0
0,1,70.68439696058688,always,1,1,12.0
0,0,50.38312073135001,never,0,0,-3.0
0,0,47.241764046043265,complier,0,1,2.0
0,1,69.84337166497704,always,1,1,12.0
1,1,53.896890617236636,complier,0,1,2.0
0,0,43.7590496056458,never,0,0,-3.0
0,1,69.86790138361775,always,1,1,12.0
1,1,68.97238227734726,always,1,1,12.0
0,0,49.11593676409216,never,0,0,-3.0
1,1,70.11777914348382,always,1,1,12.0
0,0,46.79581310198744,never,0,0,-3.0
1,0,50.80294645558132,never,0,0,-3.0
0,0,48.987788353786726,never,0,0,-3.0
0,0,47.842968184111314,complier,0,1,2.0
1,1,48.826143615262225,complier,0,1,2.0
0,0,47.87146234471394,never,0,0,-3.0
1,1,69.63866984890511,always,1,1,12.0
0,0,48.75040131672646,complier,0,1,2.0
0,1,65.9915107385952,always,1,1,12.0
0,0,45.37539120463018,complier,0,1,2.0
0,0,48.85317288158566,complier,0,1,2.0
1,1,73.66324455664333,always,1,1,12.0
0,0,49.05676809356686,complier,0,1,2.0
1,1,72.03571478326282,always,1,1,12.0
0,0,49.75368888320185,complier,0,1,2.0
0,1,70.30209802377243,always,1,1,12.0
0,1,63.156422922424255,always,1,1,12.0
1,1,49.51499704244748,complier,0,1,2.0
1,1,65.79267094598947,always,1,1,12.0
0,0,49.26477945780747,complier,0,1,2.0
1,1,71.11001763816678,always,1,1,12.0
1,0,46.537027735219716,never,0,0,-3.0
0,1,69.81705953502798,always,1,1,12.0
1,0,48.05895246196573,never,0,0,-3.0
0,0,49.0989528077599,complier,0,1,2.0
0,1,65.99304471353237,always,1,1,12.0
0,0,51.51815270395609,complier,0,1,2.0
0,0,49.885263536691205,complier,0,1,2.0
1,1,70.41883358904963,always,1,1,12.0
0,1,66.47125842915855,always,1,1,12.0
0,1,68.9645719635777,always,1,1,12.0
1,0,46.2156239407722,never,0,0,-3.0
0,1,62.727484470569166,always,1,1,12.0
0,1,68.15215847556189,always,1,1,12.0
0,0,50.80245901166864,complier,0,1,2.0
1,1,72.48882447816572,always,1,1,12.0
1,1,69.38816618620241,always,1,1,12.0
1,0,44.47785613671984,never,0,0,-3.0
0,0,43.22229164521177,never,0,0,-3.0
0,0,49.53965091851221,complier,0,1,2.0
1,1,70.64469394690218,always,1,1,12.0
0,1,68.9187508487568,always,1,1,12.0
0,1,69.96884901111581,always,1,1,12.0
0,0,43.28655063714929,never,0,0,-3.0
1,0,46.43280519201789,never,0,0,-3.0
1,0,46.05530850271383,never,0,0,-3.0
1,0,44.705553988963864,never,0,0,-3.0
0,1,68.18412723210108,always,1,1,12.0
0,1,65.7255216481828,always,1,1,12.0
0,0,47.46902567784025,complier,0,1,2.0
1,1,52.14632648590391,complier,0,1,2.0
0,0,40.823993543234785,never,0,0,-3.0
1,0,43.55056062046185,never,0,0,-3.0
0,0,52.340478338034195,complier,0,1,2.0
0,0,46.82715660721757,never,0,0,-3.0
0,0,46.631835391637956,never,0,0,-3.0
1,0,44.91893424542109,never,0,0,-3.0
1,1,51.17393159679194,complier,0,1,2.0
0,1,68.08968651818202,always,1,1,12.0
1,1,56.56645166971266,complier,0,1,2.0
1,1,53.18749275524888,complier,0,1,2.0
0,0,49.201145709330554,complier,0,1,2.0
1,0,43.52794569309963,never,0,0,-3.0
0,1,70.57723792467652,always,1,1,12.0
0,1,69.08639793865032,always,1,1,12.0
0,1,67.8845171711932,always,1,1,12.0
1,1,70.09332120854181,always,1,1,12.0
1,1,54.95644417334509,complier,0,1,2.0
0,0,46.467088603454926,never,0,0,-3.0
1,1,71.16440733527651,always,1,1,12.0
0,0,51.39572407667615,complier,0,1,2.0
0,0,45.904303148887664,never,0,0,-3.0
1,0,47.96305367421316,never,0,0,-3.0
0,1,71.5720990869868,always,1,1,12.0
0,0,45.849190123291706,never,0,0,-3.0
0,0,49.1538144497662,never,0,0,-3.0
1,0,45.00040328175192,never,0,0,-3.0
1,1,66.53185159850305,always,1,1,12.0
0,1,69.711192090603,always,1,1,12.0
0,0,47.357983199909555,never,0,0,-3.0
1,1,51.33446158727872,complier,0,1,2.0
0,0,52.21004463954774,complier,0,1,2.0
0,0,52.73012779679486,complier,0,1,2.0
0,0,49.61026451443062,complier,0,1,2.0
1,1,71.02462448474805,always,1,1,12.0
0,0,51.184174646551995,complier,0,1,2.0
0,1,72.67922069472277,always,1,1,12.0
1,0,45.60083750033861,never,0,0,-3.0
1,0,46.73342192658272,never,0,0,-3.0
1,1,64.71868735040934,always,1,1,12.0
1,0,46.47419809775539,never,0,0,-3.0
1,1,71.35609664228349,always,1,1,12.0
0,0,47.57635130720677,never,0,0,-3.0
0,0,50.7078327726411,complier,0,1,2.0
1,1,66.52786056767648,always,1,1,12.0
0,1,67.66470932906705,always,1,1,12.0
1,0,45.77467764719752,never,0,0,-3.0
0,0,49.11066083940698,never,0,0,-3.0
0,1,68.99557603510198,always,1,1,12.0
1,1,67.73843984144632,always,1,1,12.0
0,0,54.40493331055805,complier,0,1,2.0
1,0,46.773496464845294,never,0,0,-3.0
1,1,54.624680253054265,complier,0,1,2.0
1,0,44.18286777161694,never,0,0,-3.0
1,1,71.4452963143922,always,1,1,12.0
0,0,48.18826998350492,complier,0,1,2.0
1,0,49.44002056012249,never,0,0,-3.0
1,1,53.488468278216935,complier,0,1,2.0
0,0,49.490513169704506,complier,0,1,2.0
0,0,43.06742348603233,never,0,0,-3.0
0,1,70.07697823642171,always,1,1,12.0
1,1,48.29053065661707,complier,0,1,2.0
0,0,47.861261798662746,complier,0,1,2.0
1,0,45.824149519249524,never,0,0,-3.0
0,0,46.37878531800673,complier,0,1,2.0
0,0,47.53988570942701,never,0,0,-3.0
1,0,43.074083159673535,never,0,0,-3.0
1,0,47.375251212800286,never,0,0,-3.0
1,1,54.73028801555923,complier,0,1,2.0
1,0,48.03873821466359,never,0,0,-3.0
1,1,65.13732737445751,always,1,1,12.0
0,0,52.257706610981685,complier,0,1,2.0
0,0,47.130168255159,complier,0,1,2.0
1,1,67.32610520205372,always,1,1,12.0
1,1,70.02430920644241,always,1,1,12.0
0,0,46.994493820228776,never,0,0,-3.0
0,0,48.512864033671384,complier,0,1,2.0
1,1,69.13503688995166,always,1,1,12.0
1,1,68.95189701783495,always,1,1,12.0
1,1,75.32346721088746,always,1,1,12.0
1,1,52.25422245364768,complier,0,1,2.0
1,0,47.284661006758,never,0,0,-3.0
1,1,70.32211027240349,always,1,1,12.0
0,0,42.967849325359786,never,0,0,-3.0
1,0,42.34446318036771,never,0,0,-3.0
1,1,69.08401028053271,always,1,1,12.0
0,0,47.27581120856109,never,0,0,-3.0
0,0,46.47204335305019,never,0,0,-3.0
0,0,46.17573409368145,complier,0,1,2.0
1,0,46.34947228320464,never,0,0,-3.0
1,1,68.12790094368536,always,1,1,12.0
0,0,52.42533302434176,complier,0,1,2.0
0,0,44.48544454605786,never,0,0,-3.0
1,1,53.382770071869054,complier,0,1,2.0
1,0,44.82715395555433,never,0,0,-3.0
0,0,54.40942915458958,complier,0,1,2.0
0,0,44.4859842217258,never,0,0,-3.0
1,1,74.42570715006377,always,1,1,12.0
1,1,69.80435122971251,always,1,1,12.0
1,0,43.937649643877045,never,0,0,-3.0
1,1,68.41077835612862,always,1,1,12.0
1,1,69.1684579017525,always,1,1,12.0
0,0,50.6859433045576,never,0,0,-3.0
0,0,44.77456132757026,never,0,0,-3.0
1,1,49.26066028384953,complier,0,1,2.0
1,0,47.0449687023575,never,0,0,-3.0
1,1,52.15021551499462,complier,0,1,2.0
1,0,50.635462990834945,never,0,0,-3.0
1,1,51.910677546064164,complier,0,1,2.0
1,0,45.72385255615616,never,0,0,-3.0
1,1,53.67733631448952,complier,0,1,2.0
1,1,52.46441351237623,complier,0,1,2.0
0,0,52.1568615868173,complier,0,1,2.0
1,0,45.254113199487094,never,0,0,-3.0
0,1,70.84752755402397,always,1,1,12.0
1,1,70.02618753729728,always,1,1,12.0
0,1,69.42649933618038,always,1,1,12.0
1,0,45.64590885836403,never,0,0,-3.0
1,0,45.0580291040218,never,0,0,-3.0
0,0,48.77706777778868,never,0,0,-3.0
1,1,70.02996778478777,always,1,1,12.0
1,1,65.73243460015182,always,1,1,12.0
0,0,45.14995156671098,never,0,0,-3.0
1,1,58.20585229194639,complier,0,1,2.0
1,1,66.88010659474863,always,1,1,12.0
1,1,66.11982398461748,always,1,1,12.0
0,1,70.69850265916573,always,1,1,12.0
1,1,67.55338181728398,always,1,1,12.0
1,1,48.03986236699691,complier,0,1,2.0
0,0,50.88781379251982,complier,0,1,2.0
1,1,47.89044184754711,complier,0,1,2.0
0,0,45.022688648516464,never,0,0,-3.0
1,0,47.99263853450566,never,0,0,-3.0
0,0,49.19424776700171,complier,0,1,2.0
1,1,52.17167532317723,complier,0,1,2.0
1,1,52.04618745605955,complier,0,1,2.0
1,1,51.5406369718142,complier,0,1,2.0
1,0,45.567103704114096,never,0,0,-3.0
0,0,43.19567402131234,never,0,0,-3.0
0,1,72.24464370480904,always,1,1,12.0
0,1,66.46557390788796,always,1,1,12.0
1,0,48.60214037000995,never,0,0,-3.0
0,0,52.74581283922226,complier,0,1,2.0
1,0,46.160813125123234,never,0,0,-3.0
0,1,64.9630038586455,always,1,1,12.0
1,1,70.70593126207976,always,1,1,12.0
0,1,70.4326421234455,always,1,1,12.0
0,1,67.62511065775092,always,1,1,12.0
0,0,43.67097855957257,never,0,0,-3.0
1,0,46.03241168611009,never,0,0,-3.0
1,1,65.48326494796139,always,1,1,12.0
1,0,43.79048012844509,never,0,0,-3.0
0,1,69.5462054427605,always,1,1,12.0
1,1,52.78835252161778,complier,0,1,2.0
0,0,49.11109755119304,never,0,0,-3.0
0,1,69.59681297443356,always,1,1,12.0
1,0,48.85090956548661,never,0,0,-3.0
0,1,69.65045098921877,always,1,1,12.0
1,1,69.82580259080905,always,1,1,12.0
0,1,69.68023127313772,always,1,1,12.0
1,1,53.77839337369122,complier,0,1,2.0
0,0,47.007511544774836,never,0,0,-3.0
1,1,50.72750616766913,complier,0,1,2.0
1,1,52.019967948232846,complier,0,1,2.0
1,0,43.01932428591951,never,0,0,-3.0
0,1,67.26827773658916,always,1,1,12.0
0,0,51.746515142919364,complier,0,1,2.0
1,1,68.97995769462192,always,1,1,12.0
0,0,52.75325186678402,complier,0,1,2.0
0,0,46.58446921737683,never,0,0,-3.0
0,0,46.47219746320409,never,0,0,-3.0
1,0,43.66408372848605,never,0,0,-3.0
0,0,48.61972075650988,complier,0,1,2.0
0,1,68.54539305635336,always,1,1,12.0
1,0,45.801949209727816,never,0,0,-3.0
0,1,66.83472827293046,always,1,1,12.0
1,1,67.26736566405977,always,1,1,12.0
1,0,48.25134680176951,never,0,0,-3.0
1,0,49.3240096507858,never,0,0,-3.0
1,1,68.16618405184569,always,1,1,12.0
0,0,48.12093598140431,complier,0,1,2.0
0,1,68.02338417137909,always,1,1,12.0
0,0,49.56227546279288,never,0,0,-3.0
1,0,44.9746744179347,never,0,0,-3.0
0,0,42.66914971409551,never,0,0,-3.0
0,0,45.8045338542155,never,0,0,-3.0
1,0,40.16350579497012,never,0,0,-3.0
0,0,48.98372348298394,never,0,0,-3.0
0,0,50.919116306500115,complier,0,1,2.0
1,1,65.2205732573674,always,1,1,12.0
1,1,69.78462413391692,always,1,1,12.0
1,1,70.2993075670972,always,1,1,12.0
1,1,52.12256344171125,complier,0,1,2.0
1,1,49.89901653548338,complier,0,1,2.0
0,1,70.82808553466649,always,1,1,12.0
1,0,51.158454618571916,never,0,0,-3.0
0,0,45.62055740990408,never,0,0,-3.0
1,1,70.26629930567769,always,1,1,12.0
1,1,55.1526552057072,complier,0,1,2.0
0,0,51.06935327653888,complier,0,1,2.0
1,0,49.18884677305622,never,0,0,-3.0
1,0,41.097498474623706,never,0,0,-3.0
0,0,50.06217666073908,complier,0,1,2.0
0,0,51.42616069125122,complier,0,1,2.0
1,1,69.31896925945533,always,1,1,12.0
1,1,70.35240003512612,always,1,1,12.0
1,0,48.12428899843884,never,0,0,-3.0
1,1,50.30160857847701,complier,0,1,2.0
1,0,47.68649838657578,never,0,0,-3.0
1,1,51.520048502312804,complier,0,1,2.0
0,0,50.34461114983777,complier,0,1,2.0
0,0,49.89339799683233,never,0,0,-3.0
1,1,54.90009702182747,complier,0,1,2.0
1,1,67.3013278498146,always,1,1,12.0
0,1,65.9726592490334,always,1,1,12.0
1,1,69.98037382875917,always,1,1,12.0
0,0,50.55770885525857,complier,0,1,2.0
0,1,72.20711175352126,always,1,1,12.0
0,0,49.94034678835059,complier,0,1,2.0
1,0,48.364213835843955,never,0,0,-3.0
0,0,49.789030947684175,complier,0,1,2.0
1,0,47.10647135645479,never,0,0,-3.0
1,1,50.20673956208751,complier,0,1,2.0
0,0,49.396238167289596,never,0,0,-3.0
1,1,52.07092388861245,complier,0,1,2.0
1,1,66.52727864797309,always,1,1,12.0
1,0,46.12712267804045,never,0,0,-3.0
0,1,67.7961993925104,always,1,1,12.0
0,1,67.58517946689484,always,1,1,12.0
0,0,52.74063753200541,complier,0,1,2.0
1,0,45.31540388892852,never,0,0,-3.0
1,1,65.63676476063272,always,1,1,12.0
1,0,47.225613226699586,never,0,0,-3.0
0,1,71.78702290783013,always,1,1,12.0
1,0,49.51580338323649,never,0,0,-3.0
0,0,46.33613655307796,never,0,0,-3.0
1,1,72.11949841437398,always,1,1,12.0
1,0,47.17119613532841,never,0,0,-3.0
1,1,55.66882438380198,complier,0,1,2.0
1,0,44.95322547065639,never,0,0,-3.0
1,1,52.15695991153476,complier,0,1,2.0
1,0,46.86472254860372,never,0,0,-3.0
0,1,69.09035965768977,always,1,1,12.0
0,1,69.07433216366903,always,1,1,12.0
0,0,47.05527890481766,never,0,0,-3.0
1,0,47.241560186705655,never,0,0,-3.0
1,0,46.13520745118456,never,0,0,-3.0
1,1,52.21503136572995,complier,0,1,2.0
1,1,70.62384225760867,always,1,1,12.0
0,0,47.514550614021736,never,0,0,-3.0
1,1,69.56634305370163,always,1,1,12.0
0,0,50.24017567758767,complier,0,1,2.0
1,1,67.6826020896945,always,1,1,12.0
0,1,66.9162156328223,always,1,1,12.0
1,0,46.94918252753161,never,0,0,-3.0
1,1,72.50964626903016,always,1,1,12.0
0,1,71.24928141308914,always,1,1,12.0
0,1,67.10468303933698,always,1,1,12.0
1,1,70.88942463221828,always,1,1,12.0
1,0,47.15716220014091,never,0,0,-3.0
0,0,48.68894293871744,complier,0,1,2.0
1,1,71.63224876110898,always,1,1,12.0
1,1,50.325039412471234,complier,0,1,2.0
0,0,40.064146157099984,never,0,0,-3.0
0,0,46.736402778712744,never,0,0,-3.0
1,1,69.72662199318566,always,1,1,12.0
1,1,51.84527710955078,complier,0,1,2.0
0,0,50.09360684152589,complier,0,1,2.0
0,1,68.86197268260887,always,1,1,12.0
1,1,70.04725754408851,always,1,1,12.0
1,1,53.19723056967233,complier,0,1,2.0
0,0,50.57725542652803,complier,0,1,2.0
1,0,45.1506611328012,never,0,0,-3.0
1,0,50.16738810488965,never,0,0,-3.0
1,1,57.4638796248689,complier,0,1,2.0
0,1,70.56778696274915,always,1,1,12.0
1,1,52.104413794340296,complier,0,1,2.0
1,1,51.71326713200777,complier,0,1,2.0
0,0,44.85033578336967,never,0,0,-3.0
1,1,48.829087707384545,complier,0,1,2.0
1,1,53.73375083308705,complier,0,1,2.0
1,0,45.79075588776617,never,0,0,-3.0
1,0,47.0815753625652,never,0,0,-3.0
1,1,65.65791393144785,always,1,1,12.0
0,0,49.12471033229013,never,0,0,-3.0
0,0,50.910962984193226,complier,0,1,2.0
0,1,70.30583467009978,always,1,1,12.0
1,1,55.33624724939608,complier,0,1,2.0
1,1,67.36005001518575,always,1,1,12.0
0,1,70.11289791088038,always,1,1,12.0
0,0,43.53198795501392,never,0,0,-3.0
0,1,73.47045887346104,always,1,1,12.0
0,0,46.093313282409184,never,0,0,-3.0
0,0,45.134571438201164,never,0,0,-3.0
1,1,53.45101712193947,complier,0,1,2.0
0,0,47.39750730161275,never,0,0,-3.0
1,1,67.58786301453583,always,1,1,12.0
1,0,44.780630880347665,never,0,0,-3.0
1,1,69.8440263171066,always,1,1,12.0
1,0,47.89586084840871,never,0,0,-3.0
1,1,52.24874480820623,complier,0,1,2.0
0,1,67.33046853643376,always,1,1,12.0
0,1,69.5647261931318,always,1,1,12.0
1,1,53.59794206104374,complier,0,1,2.0
1,1,53.548824787948334,complier,0,1,2.0
1,1,54.3827550486643,complier,0,1,2.0
1,0,44.829196598557886,never,0,0,-3.0
0,1,70.84665756327021,always,1,1,12.0
0,0,51.047759728353526,complier,0,1,2.0
1,0,46.52250520541339,never,0,0,-3.0
1,0,44.251364531097195,never,0,0,-3.0
1,0,43.81608653341304,never,0,0,-3.0
1,1,53.4721101083451,complier,0,1,2.0
1,1,67.54869334313558,always,1,1,12.0
1,0,44.18707243901263,never,0,0,-3.0
1,1,72.48784894186298,always,1,1,12.0
1,0,47.904827676454524,never,0,0,-3.0
0,0,48.277487548031715,never,0,0,-3.0
0,1,69.03947950550022,always,1,1,12.0
0,1,70.76478932798284,always,1,1,12.0
0,0,43.313246915382784,never,0,0,-3.0
0,0,50.21336355832716,complier,0,1,2.0
0,0,50.91318520624185,complier,0,1,2.0
0,1,69.50210658419589,always,1,1,12.0
1,0,46.17918692109334,never,0,0,-3.0
1,0,44.80858431979776,never,0,0,-3.0
1,1,52.695224707916594,complier,0,1,2.0
1,1,69.96296780634098,always,1,1,12.0
1,1,52.639597100142524,complier,0,1,2.0
1,1,67.45500649886671,always,1,1,12.0
0,0,49.02730675706535,complier,0,1,2.0
0,0,46.51421416841881,complier,0,1,2.0
0,0,45.332755968663015,never,0,0,-3.0
1,1,66.84593478595755,always,1,1,12.0
1,0,44.97470936761755,never,0,0,-3.0
0,1,66.49495542051173,always,1,1,12.0
0,0,47.764722939231746,never,0,0,-3.0
1,1,69.76267962628592,always,1,1,12.0
0,0,46.42026678632703,never,0,0,-3.0
0,0,47.264206288437485,never,0,0,-3.0
1,1,66.01788724618979,always,1,1,12.0
0,1,65.74380617667651,always,1,1,12.0
1,1,67.6711017659234,always,1,1,12.0
1,1,70.34566831255195,always,1,1,12.0
1,1,70.39137639881062,always,1,1,12.0
1,1,67.71103837806365,always,1,1,12.0
1,0,47.0205676643471,never,0,0,-3.0
1,1,66.29311558882534,always,1,1,12.0
1,1,51.092933553235895,complier,0,1,2.0
1,1,69.2029882442494,always,1,1,12.0
0,0,54.43513105392182,complier,0,1,2.0
1,1,67.73648935727113,always,1,1,12.0
0,0,45.175474391394715,never,0,0,-3.0
0,0,43.887825048504126,never,0,0,-3.0
1,1,53.270402093162986,complier,0,1,2.0
0,1,66.45337573212439,always,1,1,12.0
1,1,70.95513448358675,always,1,1,12.0
1,0,45.39558016611667,never,0,0,-3.0
1,0,45.37860282394084,never,0,0,-3.0
0,0,48.203760646659354,complier,0,1,2.0
1,1,53.115737254264566,complier,0,1,2.0
1,0,46.267497379831944,never,0,0,-3.0
0,0,45.57659101676836,never,0,0,-3.0
0,0,51.063086475090536,complier,0,1,2.0
0,0,42.274685381740426,never,0,0,-3.0
0,0,45.276412577882766,never,0,0,-3.0
1,0,49.01887562655448,never,0,0,-3.0
1,0,47.57185867165841,never,0,0,-3.0
1,0,47.1353339659747,never,0,0,-3.0
1,1,53.97526989773227,complier,0,1,2.0
1,1,52.48218757421278,complier,0,1,2.0
1,0,41.723827711985855,never,0,0,-3.0
1,1,49.61353276581899,complier,0,1,2.0
1,1,67.96848175052708,always,1,1,12.0
1,0,42.84556127856216,never,0,0,-3.0
0,0,51.52389611927591,complier,0,1,2.0
1,1,68.91847540921151,always,1,1,12.0
0,0,49.51271461455894,never,0,0,-3.0
0,1,69.44472000461235,always,1,1,12.0
0,0,43.94215806111696,never,0,0,-3.0
0,1,68.45496147860781,always,1,1,12.0
1,1,68.82194901353087,always,1,1,12.0
1,1,49.15717179297192,complier,0,1,2.0
1,1,53.13883834466075,complier,0,1,2.0
0,1,68.26782980617092,always,1,1,12.0
0,0,49.60026311931299,complier,0,1,2.0
1,0,49.76393200672593,never,0,0,-3.0
1,1,51.35424445274658,complier,0,1,2.0
1,1,51.14413746382135,complier,0,1,2.0
0,0,45.84072113707334,complier,0,1,2.0
0,1,68.66145426924946,always,1,1,12.0
0,0,49.24532711007685,complier,0,1,2.0
0,1,64.67371604926521,always,1,1,12.0
1,1,70.28205825582317,always,1,1,12.0
0,0,50.69658277733024,complier,0,1,2.0
1,0,48.75470765212499,never,0,0,-3.0
0,0,52.113167115553935,complier,0,1,2.0
1,1,51.314629336037136,complier,0,1,2.0
0,0,43.090645984496305,never,0,0,-3.0
1,1,51.630793014444826,complier,0,1,2.0
1,1,49.639629120846294,complier,0,1,2.0
0,0,50.160538050514766,complier,0,1,2.0
1,1,70.80691071100664,always,1,1,12.0
1,0,48.08016523677813,never,0,0,-3.0
1,1,69.75731991594142,always,1,1,12.0
1,0,45.26542201715692,never,0,0,-3.0
1,0,45.916587746156694,never,0,0,-3.0
0,0,44.687638878770436,never,0,0,-3.0
0,1,70.16084697845743,always,1,1,12.0
1,1,55.5228852349017,complier,0,1,2.0
1,1,68.4125526973534,always,1,1,12.0
1,0,43.17300876994324,never,0,0,-3.0
0,1,69.18924025871301,always,1,1,12.0
1,1,66.77520551310215,always,1,1,12.0
1,1,55.18371801121474,complier,0,1,2.0
1,1,52.600252326983984,complier,0,1,2.0
1,0,46.32387622298096,never,0,0,-3.0
1,1,56.16860971994373,complier,0,1,2.0
0,0,47.05097921551924,never,0,0,-3.0
1,1,67.28963245381979,always,1,1,12.0
0,0,50.41564138073089,complier,0,1,2.0
1,1,70.87395311446117,always,1,1,12.0
1,1,70.29504468435076,always,1,1,12.0
1,1,53.764604911671526,complier,0,1,2.0
1,1,51.00492486048005,complier,0,1,2.0
0,1,67.96988443892113,always,1,1,12.0
1,1,49.89327698469633,complier,0,1,2.0
1,1,54.24398881092495,complier,0,1,2.0
0,0,47.190118801680946,complier,0,1,2.0
1,1,70.72669292913378,always,1,1,12.0
1,1,52.73619219228113,complier,0,1,2.0
1,1,51.579728535284715,complier,0,1,2.0
0,1,70.42173252138757,always,1,1,12.0
1,1,53.07376978738045,complier,0,1,2.0
1,1,65.18726456419455,always,1,1,12.0
1,1,50.824305469967975,complier,0,1,2.0
1,1,53.38604642995892,complier,0,1,2.0
0,1,68.3208808855919,always,1,1,12.0
0,0,52.302519773699984,complier,0,1,2.0
1,1,52.62812905514532,complier,0,1,2.0
0,0,49.96052090995036,complier,0,1,2.0
1,1,51.962838202603386,complier,0,1,2.0
1,0,42.330423628096185,never,0,0,-3.0
1,1,51.275235491539895,complier,0,1,2.0
0,0,50.58741181525712,complier,0,1,2.0
1,1,48.87890008801753,complier,0,1,2.0
0,0,50.36944427409679,complier,0,1,2.0
1,1,66.77527485084448,always,1,1,12.0
1,1,69.04898967092176,always,1,1,12.0
1,1,51.380715063963315,complier,0,1,2.0
1,1,51.64456399848503,complier,0,1,2.0
0,0,42.493746878457195,never,0,0,-3.0
0,0,46.86273817140233,never,0,0,-3.0
1,0,41.953342051621306,never,0,0,-3.0
1,0,45.56465454871623,never,0,0,-3.0
0,0,45.82009538255252,never,0,0,-3.0
1,0,47.27416042722229,never,0,0,-3.0
1,0,46.68335015840603,never,0,0,-3.0
1,0,45.611205124766194,never,0,0,-3.0
1,0,45.18768119730784,never,0,0,-3.0
1,1,65.59459349636982,always,1,1,12.0
0,1,68.30887454825319,always,1,1,12.0
0,0,49.45390037963954,complier,0,1,2.0
1,1,50.64262053995726,complier,0,1,2.0
1,0,45.97999731472986,never,0,0,-3.0
0,0,50.82650331037822,complier,0,1,2.0
1,1,68.19586192615118,always,1,1,12.0
0,0,46.59712074379529,complier,0,1,2.0
0,0,48.55930281935329,complier,0,1,2.0
1,0,44.807143538972454,never,0,0,-3.0
0,0,43.23506444791281,never,0,0,-3.0
1,1,65.79677851178576,always,1,1,12.0
1,1,70.57188665000591,always,1,1,12.0
1,1,50.00113430683343,complier,0,1,2.0
1,1,69.44688929556654,always,1,1,12.0
0,0,48.20299154016248,complier,0,1,2.0
0,0,48.391613191549986,complier,0,1,2.0
0,0,44.22364758372039,never,0,0,-3.0
0,1,71.64083505947788,always,1,1,12.0
0,0,47.41668965438184,never,0,0,-3.0
1,1,68.26257351733865,always,1,1,12.0
0,0,47.39295726291576,never,0,0,-3.0
0,0,46.144001572340116,complier,0,1,2.0
0,1,67.78435295656912,always,1,1,12.0
0,0,43.77278846514222,never,0,0,-3.0
1,0,46.863789385287674,never,0,0,-3.0
0,0,43.13797469548468,never,0,0,-3.0
0,0,44.010241287551295,never,0,0,-3.0
1,1,51.63626958745751,complier,0,1,2.0
0,0,46.847084297738895,never,0,0,-3.0
0,0,44.67406142121522,never,0,0,-3.0
0,0,46.605900164667794,never,0,0,-3.0
0,0,45.27870440416767,never,0,0,-3.0
1,1,70.88857237348623,always,1,1,12.0
1,1,55.04653826132209,complier,0,1,2.0
1,1,50.59609837455752,complier,0,1,2.0
1,0,46.32193999303624,never,0,0,-3.0
1,0,48.22227535595396,never,0,0,-3.0
0,1,69.64585391917812,always,1,1,12.0
1,1,50.28842097104484,complier,0,1,2.0
0,0,49.07653757734108,never,0,0,-3.0
1,1,73.19457053304936,always,1,1,12.0
0,0,50.19459524140747,complier,0,1,2.0
0,1,69.84291367452536,always,1,1,12.0
1,1,69.84253162815119,always,1,1,12.0
1,1,52.855461913276116,complier,0,1,2.0
1,0,49.26368367995152,never,0,0,-3.0
0,0,48.492367049479306,complier,0,1,2.0
1,1,52.84387749106703,complier,0,1,2.0
1,0,48.55783256395334,never,0,0,-3.0
1,0,46.55134046309381,never,0,0,-3.0
0,0,44.07714813528644,never,0,0,-3.0
1,1,54.872306504605625,complier,0,1,2.0
1,1,52.846680438107505,complier,0,1,2.0
0,0,49.30704192556624,complier,0,1,2.0
1,1,53.175104851588145,complier,0,1,2.0
0,0,45.14333476127807,never,0,0,-3.0
1,1,68.95919398092448,always,1,1,12.0
0,0,44.759181999380495,never,0,0,-3.0
1,1,48.952249037632555,complier,0,1,2.0
0,0,48.82928839498653,complier,0,1,2.0
1,1,69.34527568971941,always,1,1,12.0
0,0,51.294398099544566,complier,0,1,2.0
1,0,46.255017258463056,never,0,0,-3.0
0,1,67.56384508329889,always,1,1,12.0
1,0,48.31926650616751,never,0,0,-3.0
1,1,69.71901227662563,always,1,1,12.0
1,1,51.02111814405948,complier,0,1,2.0
0,0,48.00383890762618,complier,0,1,2.0
0,0,47.147856140821155,never,0,0,-3.0
1,0,45.4173423299234,never,0,0,-3.0
1,0,43.9271047943856,never,0,0,-3.0
0,0,49.746951514222566,complier,0,1,2.0
1,1,52.88777702529281,complier,0,1,2.0
1,1,66.74999261313357,always,1,1,12.0
0,0,51.560365264420874,complier,0,1,2.0
1,1,70.3134249803049,always,1,1,12.0
0,0,41.28535692452768,never,0,0,-3.0
0,0,47.49225520170553,never,0,0,-3.0
1,1,68.95639517751869,always,1,1,12.0
1,0,46.67331723401079,never,0,0,-3.0
1,1,50.400722065398696,complier,0,1,2.0
0,0,43.795143345031214,never,0,0,-3.0
0,0,49.09865587631948,never,0,0,-3.0
1,0,45.428629093538824,never,0,0,-3.0
1,0,41.0702621099634,never,0,0,-3.0
1,0,44.97150912972867,never,0,0,-3.0
0,0,50.46271875547862,complier,0,1,2.0
0,0,45.107814854597464,never,0,0,-3.0
0,0,51.18116201399283,never,0,0,-3.0
0,0,48.06245356604927,never,0,0,-3.0
0,1,68.56454922101813,always,1,1,12.0
0,1,66.56410593639048,always,1,1,12.0
1,0,47.60264773644917,never,0,0,-3.0
1,1,69.85846533608459,always,1,1,12.0
1,1,50.56096881380911,complier,0,1,2.0
0,0,46.619652331915546,never,0,0,-3.0
0,1,70.47662830178243,always,1,1,12.0
0,0,49.86674423232207,never,0,0,-3.0
0,0,43.19292367148313,never,0,0,-3.0
1,1,69.37178873615369,always,1,1,12.0
0,1,71.08841221701076,always,1,1,12.0
1,0,47.17184972552601,never,0,0,-3.0
1,0,45.67047006237095,never,0,0,-3.0
0,1,71.83431498871751,always,1,1,12.0
1,0,44.40784974741795,never,0,0,-3.0
1,1,53.133661629640976,complier,0,1,2.0
0,0,48.114869857496444,complier,0,1,2.0
1,0,45.29597899878916,never,0,0,-3.0
1,0,47.79488134945477,never,0,0,-3.0
0,0,44.884360024370054,never,0,0,-3.0
0,0,45.600618324803705,never,0,0,-3.0
0,1,66.2578583667646,always,1,1,12.0
0,0,47.89221192244866,complier,0,1,2.0
1,1,51.161608887884555,complier,0,1,2.0
0,1,66.57637304343872,always,1,1,12.0
0,0,49.13290466505411,complier,0,1,2.0
0,0,51.40525302006225,complier,0,1,2.0
1,1,51.681877268991904,complier,0,1,2.0
1,0,47.08503355462334,never,0,0,-3.0
0,0,51.68210056300779,complier,0,1,2.0
1,1,51.71135978764616,complier,0,1,2.0
1,1,51.20939553664883,complier,0,1,2.0
0,1,70.73902788734553,always,1,1,12.0
1,1,52.19340612188021,complier,0,1,2.0
1,1,49.960374147307476,complier,0,1,2.0
1,1,66.6071067690177,always,1,1,12.0
1,1,68.45543148059286,always,1,1,12.0
1,1,51.78529344645059,complier,0,1,2.0
0,1,66.68573563058987,always,1,1,12.0
1,1,47.46008282922942,complier,0,1,2.0
1,1,68.09822262114072,always,1,1,12.0
0,0,47.48509718482655,never,0,0,-3.0
1,1,50.35956946496004,complier,0,1,2.0
0,0,49.60181321346053,complier,0,1,2.0
1,1,67.13372724666368,always,1,1,12.0
1,0,46.02708975509593,never,0,0,-3.0
1,1,51.26984643380634,complier,0,1,2.0
0,0,47.443682561493745,never,0,0,-3.0
0,1,67.96560559847514,always,1,1,12.0
0,0,44.29458262953235,never,0,0,-3.0
1,0,45.44199291760706,never,0,0,-3.0
0,0,48.42016091755737,never,0,0,-3.0
0,0,47.82630859558061,complier,0,1,2.0
0,0,49.81022133643999,complier,0,1,2.0
1,0,46.205160756639806,never,0,0,-3.0
0,0,51.369945481159455,complier,0,1,2.0
1,0,46.94291285450832,never,0,0,-3.0
0,1,63.042491484188545,always,1,1,12.0
1,0,46.56218841217623,never,0,0,-3.0
1,0,47.550625653154626,never,0,0,-3.0
1,0,46.04850390083395,never,0,0,-3.0
1,1,66.93646866560493,always,1,1,12.0
0,1,70.20563006511837,always,1,1,12.0
1,0,45.84804243554096,never,0,0,-3.0
0,0,43.36176712830829,never,0,0,-3.0
1,1,68.27999266960985,always,1,1,12.0
0,0,47.13230835106693,never,0,0,-3.0
1,1,75.33819376337397,always,1,1,12.0
0,0,43.446598126676435,never,0,0,-3.0
0,1,70.37899661303038,always,1,1,12.0
1,0,44.20623574751319,never,0,0,-3.0
0,0,47.8794790208825,complier,0,1,2.0
0,0,45.9785040794585,never,0,0,-3.0
1,1,66.42460429884639,always,1,1,12.0
1,1,70.47610954570453,always,1,1,12.0
0,0,54.364679284574585,complier,0,1,2.0
0,1,69.04349479839674,always,1,1,12.0
0,0,50.322614403319946,complier,0,1,2.0
1,1,65.3771019959823,always,1,1,12.0
0,1,72.78741537264042,always,1,1,12.0
0,0,47.88130638535021,complier,0,1,2.0
0,0,45.54756147582002,never,0,0,-3.0
1,1,69.67964702822802,always,1,1,12.0
0,1,66.7322245715116,always,1,1,12.0
0,0,43.41072386737229,never,0,0,-3.0
0,0,50.02976620270919,complier,0,1,2.0
0,0,46.4319472035896,never,0,0,-3.0
0,0,50.285237257651744,complier,0,1,2.0
1,0,47.34002867395073,never,0,0,-3.0
1,0,44.35592689190922,never,0,0,-3.0
1,0,44.300756758217005,never,0,0,-3.0
0,1,65.33696573616204,always,1,1,12.0
1,0,45.63641982770876,never,0,0,-3.0
0,1,65.18908483331835,always,1,1,12.0
1,0,43.76114609718304,never,0,0,-3.0
0,1,70.83549514539736,always,1,1,12.0
0,0,49.389964666382824,complier,0,1,2.0
0,0,41.934653662071035,never,0,0,-3.0
0,1,67.3438470155238,always,1,1,12.0
1,1,53.741157027381156,complier,0,1,2.0
1,0,44.884445099654044,never,0,0,-3.0
1,0,46.951076933778566,never,0,0,-3.0
0,0,45.50200788888482,never,0,0,-3.0
1,1,69.99060649203976,always,1,1,12.0
1,0,45.29904666832417,never,0,0,-3.0
0,0,47.81604577914841,never,0,0,-3.0
0,1,65.98278392118192,always,1,1,12.0
1,0,42.72823524066042,never,0,0,-3.0
1,0,45.78531548803745,never,0,0,-3.0
0,0,44.71316284445264,never,0,0,-3.0
1,1,53.9491356745518,complier,0,1,2.0
0,0,46.567699278384424,never,0,0,-3.0
1,1,70.41993405931338,always,1,1,12.0
0,0,49.844965448213294,never,0,0,-3.0
1,0,42.399909923195594,never,0,0,-3.0
0,0,45.20024189398651,never,0,0,-3.0
0,1,69.67466699518428,always,1,1,12.0
0,0,46.48505875018904,never,0,0,-3.0
0,0,44.77538452512738,never,0,0,-3.0
0,0,46.87187687098918,complier,0,1,2.0
0,1,69.64573225653592,always,1,1,12.0
0,1,71.06215764313067,always,1,1,12.0
1,1,55.91138445251114,complier,0,1,2.0
1,1,66.85752460258287,always,1,1,12.0
0,0,48.281152780453695,never,0,0,-3.0
1,1,53.80952126099557,complier,0,1,2.0
0,0,43.84586293748669,never,0,0,-3.0
0,0,48.31455294850485,complier,0,1,2.0
0,0,48.650774430563345,never,0,0,-3.0
0,1,69.97340380161118,always,1,1,12.0
1,0,44.633440718148634,never,0,0,-3.0
0,0,47.92164312956776,never,0,0,-3.0
0,1,69.86932565798315,always,1,1,12.0
1,0,42.82761171776268,never,0,0,-3.0
1,1,73.76153428107877,always,1,1,12.0
1,0,46.17546603815931,never,0,0,-3.0
1,1,53.81842210073092,complier,0,1,2.0
0,1,64.92863163168667,always,1,1,12.0
1,1,52.48405467590806,complier,0,1,2.0
1,0,48.126605155951,never,0,0,-3.0
0,0,44.16097138984921,never,0,0,-3.0
1,1,50.97580823872074,complier,0,1,2.0
0,1,69.31012891703415,always,1,1,12.0
1,1,49.851480731946864,complier,0,1,2.0
1,1,66.62908522056232,always,1,1,12.0
1,0,46.516406620756776,never,0,0,-3.0
1,1,70.09307228208469,always,1,1,12.0
0,0,45.64717969805462,never,0,0,-3.0
0,0,46.907770554844724,never,0,0,-3.0
1,1,49.957856320839134,complier,0,1,2.0
1,0,46.018319775027855,never,0,0,-3.0
0,0,45.20529877967908,never,0,0,-3.0
0,0,51.729658098255065,complier,0,1,2.0
0,1,70.04122043612938,always,1,1,12.0
0,0,47.95794761882977,never,0,0,-3.0
0,0,51.149222832092086,complier,0,1,2.0
1,0,45.830271431741345,never,0,0,-3.0
1,1,72.68589461418269,always,1,1,12.0
1,1,51.748793408597905,complier,0,1,2.0
0,0,50.86951239569216,complier,0,1,2.0
1,1,68.28758664080152,always,1,1,12.0
0,0,49.52523085174992,complier,0,1,2.0
0,0,48.758873410632525,never,0,0,-3.0
0,0,46.373872089052874,complier,0,1,2.0
0,0,43.00790778201781,never,0,0,-3.0
1,0,44.00297001590715,never,0,0,-3.0
1,1,53.506320434950126,complier,0,1,2.0
1,1,51.086515186186354,complier,0,1,2.0
1,0,43.83282214851706,never,0,0,-3.0
1,1,70.041341210754,always,1,1,12.0
1,1,50.29045537489889,complier,0,1,2.0
1,0,48.687703657142585,never,0,0,-3.0
1,1,68.1550665285783,always,1,1,12.0
1,0,47.18723294779172,never,0,0,-3.0
1,0,43.67358775652419,never,0,0,-3.0
0,0,44.612124918265245,never,0,0,-3.0
1,0,44.34549478765305,never,0,0,-3.0
1,1,51.134246245511704,complier,0,1,2.0
1,0,44.11513164683695,never,0,0,-3.0
0,0,44.76277913138448,complier,0,1,2.0
0,0,49.875214043362035,complier,0,1,2.0
0,0,46.34720630069047,never,0,0,-3.0
1,0,50.30818513328933,never,0,0,-3.0
1,0,47.030991088518434,never,0,0,-3.0
1,0,44.479499022764564,never,0,0,-3.0
1,1,69.12782961261374,always,1,1,12.0
0,0,50.488503433098316,complier,0,1,2.0
1,0,45.32427813515707,never,0,0,-3.0
1,1,48.365693624913824,complier,0,1,2.0
0,0,43.592121049173116,never,0,0,-3.0
0,1,65.90959441144528,always,1,1,12.0
0,1,71.54580754557844,always,1,1,12.0
0,1,71.27662883444427,always,1,1,12.0
0,0,48.14188686307323,never,0,0,-3.0
1,0,47.571582086516244,never,0,0,-3.0
0,1,69.62918594358568,always,1,1,12.0
1,1,51.9840219978727,complier,0,1,2.0
1,0,43.92893272955137,never,0,0,-3.0
0,0,47.81664457395792,never,0,0,-3.0
1,1,52.46569164238932,complier,0,1,2.0
0,0,47.35460135904588,never,0,0,-3.0
1,0,45.458603158571165,never,0,0,-3.0
0,0,44.91237214362462,never,0,0,-3.0
1,1,53.181937969253696,complier,0,1,2.0
1,1,54.650022566900084,complier,0,1,2.0
0,0,46.46930411353667,never,0,0,-3.0
0,0,50.92298096337438,never,0,0,-3.0
0,0,49.604995312866336,complier,0,1,2.0
1,0,43.54137165388575,never,0,0,-3.0
1,0,44.336505273738034,never,0,0,-3.0
0,0,45.83237281073447,never,0,0,-3.0
0,1,71.50555765760586,always,1,1,12.0
0,1,68.94822495913735,always,1,1,12.0
0,1,71.84114463578267,always,1,1,12.0
0,0,43.73687197166423,never,0,0,-3.0
0,0,53.476577954045275,complier,0,1,2.0
1,0,49.05808104195926,never,0,0,-3.0
1,1,72.4044527919632,always,1,1,12.0
1,1,51.36330000653751,complier,0,1,2.0
1,1,68.75985409864428,always,1,1,12.0
0,1,68.58000479778495,always,1,1,12.0
1,0,46.49132320717358,never,0,0,-3.0
0,0,46.627544335819316,never,0,0,-3.0
0,0,51.66181789734639,complier,0,1,2.0
0,0,48.31151881552343,never,0,0,-3.0
0,0,49.77353418931744,never,0,0,-3.0
1,0,47.43102291108797,never,0,0,-3.0
1,0,46.63482706569329,never,0,0,-3.0
0,1,67.41933874066461,always,1,1,12.0
0,0,41.083793453087154,never,0,0,-3.0
0,0,48.39738038833999,complier,0,1,2.0
1,0,41.47973766391753,never,0,0,-3.0
1,1,54.516479251738275,complier,0,1,2.0
0,0,42.64707528724495,never,0,0,-3.0
1,1,70.53753497529138,always,1,1,12.0
1,0,49.24067991137379,never,0,0,-3.0
1,0,44.56999427094265,never,0,0,-3.0
1,1,68.88064883176304,always,1,1,12.0
1,0,46.40453810560165,never,0,0,-3.0
0,1,70.73977840670838,always,1,1,12.0
0,0,44.29680371239665,never,0,0,-3.0
0,0,45.74909781378108,never,0,0,-3.0
1,0,45.026722992785366,never,0,0,-3.0
1,1,68.37534559608537,always,1,1,12.0
0,0,48.30168163585276,complier,0,1,2.0
0,0,45.24243085449048,never,0,0,-3.0
0,1,67.77906481602673,always,1,1,12.0
0,0,48.74911370378417,complier,0,1,2.0
1,1,69.01234196700018,always,1,1,12.0
0,0,49.55736688738846,complier,0,1,2.0
1,1,69.93259070963312,always,1,1,12.0
0,0,48.48483581578143,never,0,0,-3.0
0,0,44.99122108488152,never,0,0,-3.0
1,0,52.2765929694227,never,0,0,-3.0
0,0,47.998945678136224,complier,0,1,2.0
1,0,44.8120877155438,never,0,0,-3.0
0,0,47.28812870576268,never,0,0,-3.0
0,0,46.611694446931935,complier,0,1,2.0
0,1,68.76061738700899,always,1,1,12.0
0,0,44.64277360212699,never,0,0,-3.0
0,0,50.054634420839925,complier,0,1,2.0
0,0,49.522085904131785,complier,0,1,2.0
1,1,50.125858279625064,complier,0,1,2.0
1,1,68.45825595418366,always,1,1,12.0
1,1,67.6342993356168,always,1,1,12.0
0,0,44.65320980408474,never,0,0,-3.0
1,0,46.26040431851719,never,0,0,-3.0
1,1,52.05370634564647,complier,0,1,2.0
1,1,54.27628944736908,complier,0,1,2.0
1,1,68.95303403021626,always,1,1,12.0
1,0,46.20055470074052,never,0,0,-3.0
1,1,69.68960126681263,always,1,1,12.0
0,0,51.654972320823724,complier,0,1,2.0
0,0,50.91551860369282,complier,0,1,2.0
1,1,69.78103529659475,always,1,1,12.0
0,0,46.631804220807744,never,0,0,-3.0
1,1,51.14183825853382,complier,0,1,2.0
1,1,53.41570561102816,complier,0,1,2.0
0,1,67.71417950788712,always,1,1,12.0
0,0,49.60962167398587,complier,0,1,2.0
0,0,44.266141810504,never,0,0,-3.0
1,0,44.734722442880006,never,0,0,-3.0
1,0,46.515126067112966,never,0,0,-3.0
0,0,48.14834340775321,never,0,0,-3.0
1,0,46.4334497748346,never,0,0,-3.0
0,0,49.943670297127234,never,0,0,-3.0
0,0,47.34355337451021,never,0,0,-3.0
0,0,46.32724233943611,never,0,0,-3.0
0,1,70.64054520695107,always,1,1,12.0
1,1,69.2314415663416,always,1,1,12.0
0,0,44.344048784637444,never,0,0,-3.0
0,1,67.49530934866003,always,1,1,12.0
0,1,68.38971859716017,always,1,1,12.0
0,1,70.12729106473171,always,1,1,12.0
1,1,69.51341556666544,always,1,1,12.0
0,0,47.40901674259231,never,0,0,-3.0
1,0,46.14474328064931,never,0,0,-3.0
0,0,50.11200734909439,complier,0,1,2.0
0,0,49.12936605572287,complier,0,1,2.0
0,1,70.05009603766811,always,1,1,12.0
1,1,69.70555170943327,always,1,1,12.0
0,1,69.04910030948598,always,1,1,12.0
1,1,49.36717307203358,complier,0,1,2.0
1,1,54.19569749696469,complier,0,1,2.0
1,1,68.430931792757,always,1,1,12.0
0,0,49.72002046360126,complier,0,1,2.0
1,0,47.36873974152021,never,0,0,-3.0
1,1,72.38537509328324,always,1,1,12.0
0,0,45.38891781159285,never,0,0,-3.0
0,0,49.12680574155564,never,0,0,-3.0
0,0,44.2681161811301,never,0,0,-3.0
0,0,48.03006546819159,complier,0,1,2.0
1,1,70.6788426453547,always,1,1,12.0
1,1,52.82976390994384,complier,0,1,2.0
1,1,56.28627297148792,complier,0,1,2.0
0,0,46.19718501854227,complier,0,1,2.0
1,1,69.69611717902747,always,1,1,12.0
1,0,43.29148389405306,never,0,0,-3.0
0,1,70.03933387337922,always,1,1,12.0
1,1,68.01841757074324,always,1,1,12.0
0,0,43.54118738494845,never,0,0,-3.0
0,1,71.07143821409291,always,1,1,12.0
0,0,47.25681046969386,never,0,0,-3.0
1,1,73.32000777942731,always,1,1,12.0
1,0,48.77538642176922,never,0,0,-3.0
1,0,48.10832144370907,never,0,0,-3.0
0,0,50.302907477350374,complier,0,1,2.0
0,1,70.49913987680982,always,1,1,12.0
0,0,49.73570011760885,complier,0,1,2.0
1,1,67.94007480685345,always,1,1,12.0
1,0,47.195903562376266,never,0,0,-3.0
0,1,66.88683882216262,always,1,1,12.0
0,0,47.972113001611845,complier,0,1,2.0
0,0,44.86261705678658,never,0,0,-3.0
0,0,46.40650263079832,never,0,0,-3.0
0,0,51.86733389174847,complier,0,1,2.0
1,0,45.008581169714006,never,0,0,-3.0
0,1,67.64598383089418,always,1,1,12.0
1,1,70.16165891651468,always,1,1,12.0
0,1,67.62775057498315,always,1,1,12.0
1,1,66.18890786768445,always,1,1,12.0
0,0,46.961196192465856,never,0,0,-3.0
1,1,51.401933505235405,complier,0,1,2.0
1,1,52.00329675761023,complier,0,1,2.0
1,1,66.3850385846392,always,1,1,12.0
0,0,47.21813225207738,complier,0,1,2.0
1,1,68.94253120588185,always,1,1,12.0
1,0,45.98749967379974,never,0,0,-3.0
0,1,70.6236026929137,always,1,1,12.0
0,1,68.40522631758499,always,1,1,12.0
0,1,67.62209610546157,always,1,1,12.0
1,1,50.367572680703894,complier,0,1,2.0
1,1,54.486339635252264,complier,0,1,2.0
0,0,39.97492453796813,never,0,0,-3.0
0,1,69.81348810607062,always,1,1,12.0
1,1,53.725981798787664,complier,0,1,2.0
0,0,46.888632534822065,never,0,0,-3.0
0,0,43.55471300425938,never,0,0,-3.0
0,0,50.0184657724965,complier,0,1,2.0
1,1,70.48875679832317,always,1,1,12.0
1,1,52.89707258541816,complier,0,1,2.0
1,1,72.43494939524507,always,1,1,12.0
1,1,52.32711488080161,complier,0,1,2.0
1,0,44.76207815851163,never,0,0,-3.0
0,0,45.16857516493972,never,0,0,-3.0
1,0,46.2666783728672,never,0,0,-3.0
0,1,69.58300267033616,always,1,1,12.0
1,1,52.310058929957506,complier,0,1,2.0
1,1,53.32853821077668,complier,0,1,2.0
1,1,67.8777309648266,always,1,1,12.0
0,0,47.82468472640367,never,0,0,-3.0
1,1,68.70272106080851,always,1,1,12.0
1,1,50.944205805515516,complier,0,1,2.0
1,0,46.55819053010041,never,0,0,-3.0
0,1,67.36964545763755,always,1,1,12.0
0,0,48.65417742536655,never,0,0,-3.0
0,0,47.36477732824823,never,0,0,-3.0
1,1,49.154312865317465,complier,0,1,2.0
1,1,53.96603198257589,complier,0,1,2.0
1,1,49.71231242463884,complier,0,1,2.0
1,1,48.75638036224371,complier,0,1,2.0
0,0,51.37861428513628,never,0,0,-3.0
0,1,66.52092919875207,always,1,1,12.0
0,0,50.11722539336295,complier,0,1,2.0
1,1,52.5770170284968,complier,0,1,2.0
1,0,46.5309949484747,never,0,0,-3.0
0,1,70.44683428765299,always,1,1,12.0
1,0,47.89685710409742,never,0,0,-3.0
1,1,45.21108913782406,complier,0,1,2.0
1,0,44.43816782639257,never,0,0,-3.0
0,0,48.44156554217339,complier,0,1,2.0
0,1,69.49817563458845,always,1,1,12.0
1,1,67.70746548352882,always,1,1,12.0
0,0,46.65250331544724,never,0,0,-3.0
0,0,49.13191005890936,never,0,0,-3.0
0,1,69.4560865090575,always,1,1,12.0
1,1,68.14740580327305,always,1,1,12.0
0,1,69.82225497211093,always,1,1,12.0
0,1,67.92602385542544,always,1,1,12.0
1,0,50.246471393857874,never,0,0,-3.0
1,0,45.18155333380102,never,0,0,-3.0
0,0,51.29438930280809,complier,0,1,2.0
1,0,43.06517974094519,never,0,0,-3.0
0,1,70.26641587889058,always,1,1,12.0
0,0,40.73544260914669,never,0,0,-3.0
1,1,52.567753749241454,complier,0,1,2.0
1,1,52.46184877114255,complier,0,1,2.0
1,1,68.21474852431373,always,1,1,12.0
0,1,65.80236605777797,always,1,1,12.0
0,0,44.729947865147935,never,0,0,-3.0
1,1,50.85515638602687,complier,0,1,2.0
0,1,70.51831890589797,always,1,1,12.0
1,1,53.01630329070968,complier,0,1,2.0
1,0,50.00360039092413,never,0,0,-3.0
1,1,50.41042601718079,complier,0,1,2.0
0,0,47.142039029152414,never,0,0,-3.0
0,0,49.91072947115624,complier,0,1,2.0
1,1,51.72838394328085,complier,0,1,2.0
0,0,44.20707723732859,never,0,0,-3.0
0,0,45.47046057714786,never,0,0,-3.0
0,0,46.80558358053995,never,0,0,-3.0
0,0,51.8381710786472,complier,0,1,2.0
1,0,45.80849735042647,never,0,0,-3.0
0,0,51.656564291638475,complier,0,1,2.0
0,1,63.58097366348165,always,1,1,12.0
1,1,52.82987917221462,complier,0,1,2.0
1,1,50.587271896134496,complier,0,1,2.0
0,0,45.65562639033545,never,0,0,-3.0
0,1,68.47746023450513,always,1,1,12.0
1,0,44.43002234476029,never,0,0,-3.0
1,1,52.52217200911612,complier,0,1,2.0
1,0,43.026908182948,never,0,0,-3.0
1,1,50.121763615165264,complier,0,1,2.0
1,0,47.715834140981265,never,0,0,-3.0
1,0,44.30308255109282,never,0,0,-3.0
1,1,48.00840729017801,complier,0,1,2.0
1,0,49.755370316761294,never,0,0,-3.0
0,1,68.39674956523677,always,1,1,12.0
0,1,67.27781008702053,always,1,1,12.0
1,1,69.16494966003968,always,1,1,12.0
1,0,46.37768565280349,never,0,0,-3.0
1,0,50.26883100054618,never,0,0,-3.0
0,0,47.46614888523831,never,0,0,-3.0
1,1,49.65951811322814,complier,0,1,2.0
1,1,66.65083058026144,always,1,1,12.0
0,0,47.811839608685005,never,0,0,-3.0
1,0,45.01599174862225,never,0,0,-3.0
1,1,69.31386126714098,always,1,1,12.0
1,0,44.27547217870582,never,0,0,-3.0
1,1,68.35063493046937,always,1,1,12.0
1,0,43.11728974438353,never,0,0,-3.0
1,0,48.89721636712811,never,0,0,-3.0
1,1,51.5065379053139,complier,0,1,2.0
0,0,52.47382391936545,complier,0,1,2.0
0,0,44.856866584674826,never,0,0,-3.0
0,0,45.97364257979564,never,0,0,-3.0
1,0,49.542928735674955,never,0,0,-3.0
1,0,47.439600379464615,never,0,0,-3.0
1,1,51.98622421444328,complier,0,1,2.0
0,1,70.44390638894212,always,1,1,12.0
0,1,70.52505400803626,always,1,1,12.0
0,0,50.1520739868389,complier,0,1,2.0
0,0,47.55980212221535,never,0,0,-3.0
0,1,68.83204403526847,always,1,1,12.0
1,1,66.56284874139952,always,1,1,12.0
1,1,52.18423325860468,complier,0,1,2.0
1,1,51.03410499524732,complier,0,1,2.0
1,1,71.34336465078015,always,1,1,12.0
1,0,47.8462586148153,never,0,0,-3.0
1,1,73.41269281757225,always,1,1,12.0
0,1,70.31586120594119,always,1,1,12.0
0,0,48.759490808798354,complier,0,1,2.0
1,1,71.11805681759098,always,1,1,12.0
0,0,48.13584511372896,complier,0,1,2.0
1,1,50.503549799476545,complier,0,1,2.0
0,0,46.25532837517039,never,0,0,-3.0
0,0,43.33379424848845,never,0,0,-3.0
1,0,48.923785651215425,never,0,0,-3.0
1,1,72.2104495959391,always,1,1,12.0
1,1,54.5849502222622,complier,0,1,2.0
1,1,55.03828423580017,complier,0,1,2.0
0,1,70.46839763325542,always,1,1,12.0
1,0,44.09148054187979,never,0,0,-3.0
1,1,67.77974940490198,always,1,1,12.0
0,0,47.15106010855931,complier,0,1,2.0
1,0,50.284214039696984,never,0,0,-3.0
0,0,48.40414041981119,never,0,0,-3.0
0,0,43.34522527243944,never,0,0,-3.0
1,1,67.43917127441966,always,1,1,12.0
1,0,47.74627315000557,never,0,0,-3.0
1,0,47.656359987343336,never,0,0,-3.0
0,1,70.14075488809074,always,1,1,12.0
0,0,49.25342424080764,complier,0,1,2.0
1,1,53.634636020698025,complier,0,1,2.0
1,0,46.60719998559281,never,0,0,-3.0
0,0,49.07881479801181,complier,0,1,2.0
1,0,48.33676948614199,never,0,0,-3.0
1,1,52.818426479217905,complier,0,1,2.0
0,0,47.210579650588656,never,0,0,-3.0
1,0,47.61044213311561,never,0,0,-3.0
0,0,48.340008263869144,complier,0,1,2.0
0,0,54.027603749386714,complier,0,1,2.0
1,1,65.68262913794808,always,1,1,12.0
1,0,46.55837662379983,never,0,0,-3.0
0,0,51.33138737268134,complier,0,1,2.0
0,1,71.49230926902466,always,1,1,12.0
0,1,70.73354918746458,always,1,1,12.0
1,0,43.56755754196086,never,0,0,-3.0
1,1,66.17825771228806,always,1,1,12.0
1,1,53.776455195938034,complier,0,1,2.0
1,1,54.328890394318314,complier,0,1,2.0
0,0,46.92262492434565,complier,0,1,2.0
1,0,46.690131347739104,never,0,0,-3.0
1,0,43.89698221589126,never,0,0,-3.0
1,0,44.64105355380427,never,0,0,-3.0
0,1,67.42463134217724,always,1,1,12.0
0,0,50.83186156805153,complier,0,1,2.0
0,0,46.08377974625129,complier,0,1,2.0
1,0,43.69311387528849,never,0,0,-3.0
0,0,44.731648821581445,complier,0,1,2.0
1,0,47.62196774432579,never,0,0,-3.0
1,1,70.21600114258582,always,1,1,12.0
0,0,47.88605900565238,never,0,0,-3.0
0,1,72.80106416059976,always,1,1,12.0
0,0,50.63681107465295,complier,0,1,2.0
1,0,44.721409338676686,never,0,0,-3.0
1,1,70.29962551480067,always,1,1,12.0
1,1,66.03978538807908,always,1,1,12.0
1,0,45.152995911711145,never,0,0,-3.0
0,0,43.69173852292653,never,0,0,-3.0
0,1,67.21119689475947,always,1,1,12.0
0,0,44.38940033888503,never,0,0,-3.0
1,0,44.96579810633219,never,0,0,-3.0
1,1,69.46265471220885,always,1,1,12.0
1,1,54.48422126472309,complier,0,1,2.0
1,1,52.13209313163451,complier,0,1,2.0
1,1,73.3092346471451,always,1,1,12.0
1,0,47.24096209930932,never,0,0,-3.0
0,0,45.41177742579348,never,0,0,-3.0
1,1,70.21476250517843,always,1,1,12.0
1,1,69.83306857010592,always,1,1,12.0
0,1,68.4344900714278,always,1,1,12.0
1,1,51.44543779044411,complier,0,1,2.0
1,0,44.71313077515526,never,0,0,-3.0
1,1,53.84176481933273,complier,0,1,2.0
0,1,70.85336930856079,always,1,1,12.0
1,0,44.5199308826916,never,0,0,-3.0
1,0,49.45756948088792,never,0,0,-3.0
1,1,73.6564911521474,always,1,1,12.0
0,1,69.05369852465928,always,1,1,12.0
1,1,65.1206768339677,always,1,1,12.0
0,0,52.21710023840008,complier,0,1,2.0
0,0,44.597909239710994,never,0,0,-3.0
0,1,69.72554879373939,always,1,1,12.0
1,0,44.55360578670959,never,0,0,-3.0
0,0,50.266973413044894,complier,0,1,2.0
0,1,67.08868835188716,always,1,1,12.0
0,1,68.77241858085094,always,1,1,12.0
1,1,72.1857403499202,always,1,1,12.0
0,1,65.49958539024067,always,1,1,12.0
0,0,51.463093066501564,complier,0,1,2.0
1,0,46.13671588957873,never,0,0,-3.0
1,1,68.05435784456975,always,1,1,12.0
1,1,47.66957821894816,complier,0,1,2.0
0,0,52.465261648183485,complier,0,1,2.0
1,1,51.03439917849976,complier,0,1,2.0
0,0,50.85126781409858,complier,0,1,2.0
0,0,48.442716539870176,never,0,0,-3.0
1,1,52.53013859705202,complier,0,1,2.0
1,1,65.91421772862492,always,1,1,12.0
0,0,52.08263950773051,complier,0,1,2.0
1,0,44.275207093233796,never,0,0,-3.0
1,1,70.72013305419378,always,1,1,12.0
0,0,45.226202860356345,never,0,0,-3.0
1,1,47.838949581339456,complier,0,1,2.0
0,0,51.105381820766404,complier,0,1,2.0
0,0,44.68053446546542,never,0,0,-3.0
0,0,43.12245534132824,never,0,0,-3.0
1,0,46.41898070039259,never,0,0,-3.0
0,1,68.29536355676126,always,1,1,12.0
1,0,45.29762332754886,never,0,0,-3.0
0,1,68.37289021167678,always,1,1,12.0
0,1,70.46910578747821,always,1,1,12.0
0,0,49.96777527130084,complier,0,1,2.0
0,1,68.73487567380036,always,1,1,12.0
0,0,46.871381477250154,complier,0,1,2.0
1,1,69.85742622127256,always,1,1,12.0
0,0,50.42217428558485,complier,0,1,2.0
1,0,45.05262953569125,never,0,0,-3.0
0,0,47.01063981786,never,0,0,-3.0
1,1,69.8174263284605,always,1,1,12.0
0,0,48.88220782429073,never,0,0,-3.0
1,0,43.63393617227981,never,0,0,-3.0
1,1,64.80971928337647,always,1,1,12.0
0,0,51.31909843210047,complier,0,1,2.0
1,1,52.04405226914987,complier,0,1,2.0
1,1,50.932386780547915,complier,0,1,2.0
0,1,66.75539614826549,always,1,1,12.0
1,0,43.11627023147301,never,0,0,-3.0
1,0,46.72614856524658,never,0,0,-3.0
1,1,50.20438335208454,complier,0,1,2.0
0,0,50.57094806123583,complier,0,1,2.0
0,0,48.75315752651811,complier,0,1,2.0
0,0,43.12224891479514,never,0,0,-3.0
1,0,45.185445687137886,never,0,0,-3.0
1,1,65.81516143383652,always,1,1,12.0
0,0,47.21563632076649,never,0,0,-3.0
1,1,49.70846139895557,complier,0,1,2.0
1,0,47.96449300630403,never,0,0,-3.0
0,1,66.8406516045324,always,1,1,12.0
0,0,44.08263260164691,never,0,0,-3.0
0,0,50.857521457527284,never,0,0,-3.0
1,0,44.64533660192937,never,0,0,-3.0
0,0,46.1911132966627,complier,0,1,2.0
0,0,51.88958615530992,complier,0,1,2.0
0,0,45.662474400959226,never,0,0,-3.0
0,0,50.7084346214928,complier,0,1,2.0
0,1,69.99157053582016,always,1,1,12.0
0,0,44.13834565796781,never,0,0,-3.0
1,1,52.65888434550449,complier,0,1,2.0
0,0,46.89105788071538,never,0,0,-3.0
1,1,49.833085765916834,complier,0,1,2.0
0,0,45.63966915379484,never,0,0,-3.0
0,0,50.31974304771444,complier,0,1,2.0
1,1,54.339157299818126,complier,0,1,2.0
1,0,42.797734815568234,never,0,0,-3.0
1,1,69.41860922000222,always,1,1,12.0
1,1,65.63794855167372,always,1,1,12.0
0,0,44.88690178745413,never,0,0,-3.0
1,1,53.67197469148622,complier,0,1,2.0
1,1,49.92281499020947,complier,0,1,2.0
1,1,65.85217365592511,always,1,1,12.0
0,1,68.93090780336038,always,1,1,12.0
0,0,46.258992908719534,never,0,0,-3.0
1,1,66.57422133981503,always,1,1,12.0
1,1,66.05474084053448,always,1,1,12.0
0,0,50.86376454240835,complier,0,1,2.0
0,1,69.53106419468283,always,1,1,12.0
0,0,49.692244623704596,complier,0,1,2.0
1,0,47.503962947236,never,0,0,-3.0
0,1,63.944023710937955,always,1,1,12.0
0,1,70.55374232057049,always,1,1,12.0
0,0,47.343176177862915,never,0,0,-3.0
1,1,51.87851010191498,complier,0,1,2.0
1,1,54.97669418417471,complier,0,1,2.0
1,1,68.83286031180897,always,1,1,12.0
0,0,45.83341152719664,never,0,0,-3.0
1,0,45.18958574786118,never,0,0,-3.0
0,1,64.29324082665445,always,1,1,12.0
1,1,52.03729859289485,complier,0,1,2.0
1,0,44.14485993388905,never,0,0,-3.0
0,0,48.33342431755484,complier,0,1,2.0
1,1,53.5666627715385,complier,0,1,2.0
1,1,70.87093483402509,always,1,1,12.0
1,1,69.57130358295203,always,1,1,12.0
0,0,50.73738805554748,complier,0,1,2.0
1,1,55.368395060022934,complier,0,1,2.0
1,0,45.988376108313936,never,0,0,-3.0
0,0,47.57179530877096,never,0,0,-3.0
0,1,69.68599620107823,always,1,1,12.0
1,0,45.544436991770084,never,0,0,-3.0
0,0,49.48680554791657,complier,0,1,2.0
1,0,44.68016830198973,never,0,0,-3.0
1,1,69.20709791030528,always,1,1,12.0
1,1,52.19440849730702,complier,0,1,2.0
1,0,39.363527853290734,never,0,0,-3.0
0,0,43.637222645711894,never,0,0,-3.0
1,0,50.279376137664705,never,0,0,-3.0
0,0,45.7254919226151,never,0,0,-3.0
0,0,49.51520539469748,complier,0,1,2.0
0,0,44.27185687229695,never,0,0,-3.0
1,1,65.62670572126345,always,1,1,12.0
1,1,68.70285383592208,always,1,1,12.0
0,0,48.095448834627085,never,0,0,-3.0
1,1,53.962407034408315,complier,0,1,2.0
1,0,47.26362953557114,never,0,0,-3.0
0,0,43.926836547071005,never,0,0,-3.0
0,0,43.865615173977,never,0,0,-3.0
0,1,67.94570802084164,always,1,1,12.0
1,0,48.944992937782786,never,0,0,-3.0
1,1,67.23383133999154,always,1,1,12.0
0,1,70.5798762741133,always,1,1,12.0
1,1,69.122831660375,always,1,1,12.0
0,0,50.59906198005906,complier,0,1,2.0
1,0,45.13842818644478,never,0,0,-3.0
0,0,50.43764204637536,complier,0,1,2.0
1,0,43.66555390887526,never,0,0,-3.0
0,0,48.697198298253525,never,0,0,-3.0
1,1,66.24136392765298,always,1,1,12.0
1,0,45.72774708642986,never,0,0,-3.0
0,0,49.05416609838756,complier,0,1,2.0
1,0,45.90571009608242,never,0,0,-3.0
0,0,46.0771321796269,never,0,0,-3.0
1,0,45.03090902442241,never,0,0,-3.0
0,0,45.41816366762412,never,0,0,-3.0
1,1,53.94173687356825,complier,0,1,2.0
0,0,51.43683303728115,complier,0,1,2.0
0,0,53.09186799079788,complier,0,1,2.0
0,1,70.03348769329739,always,1,1,12.0
1,1,53.46716014848896,complier,0,1,2.0
1,0,46.604156829463996,never,0,0,-3.0
0,0,46.39712886073409,never,0,0,-3.0
0,0,49.93257954071722,complier,0,1,2.0
0,1,69.48617094731732,always,1,1,12.0
1,0,45.06327355043501,never,0,0,-3.0
0,0,50.751813257438585,complier,0,1,2.0
0,0,50.784953280693905,never,0,0,-3.0
1,1,51.41060811893495,complier,0,1,2.0
1,1,50.52782157539924,complier,0,1,2.0
1,0,47.48087978397687,never,0,0,-3.0
0,1,69.08241261634521,always,1,1,12.0
1,1,66.29250102834703,always,1,1,12.0
0,0,49.9122987149314,never,0,0,-3.0
1,1,64.9640872693001,always,1,1,12.0
1,1,71.17255772019797,always,1,1,12.0
1,1,53.10394096404856,complier,0,1,2.0
1,1,67.99736098872415,always,1,1,12.0
0,1,70.9004102924135,always,1,1,12.0
1,1,50.85045397400177,complier,0,1,2.0
0,0,46.27625102942846,never,0,0,-3.0
1,1,55.69569330335112,complier,0,1,2.0
0,0,44.90703720478152,never,0,0,-3.0
0,1,68.97551823355361,always,1,1,12.0
1,1,52.00731144723607,complier,0,1,2.0
0,1,67.63188765798132,always,1,1,12.0
1,1,68.55987770426603,always,1,1,12.0
0,0,52.17596193602676,complier,0,1,2.0
0,0,48.721258550991,complier,0,1,2.0
0,1,68.43328133337523,always,1,1,12.0
1,0,44.11827710110037,never,0,0,-3.0
1,0,43.87063743301776,never,0,0,-3.0
1,0,44.87758361860827,never,0,0,-3.0
0,1,66.95957355718916,always,1,1,12.0
1,1,52.03632388279273,complier,0,1,2.0
1,0,47.30960794874358,never,0,0,-3.0
0,0,45.185061682641766,never,0,0,-3.0
0,0,43.48197366081516,never,0,0,-3.0
0,0,47.21316289838331,never,0,0,-3.0
0,0,45.05648539103174,never,0,0,-3.0
1,0,42.007379441284925,never,0,0,-3.0
0,1,68.08223129253255,always,1,1,12.0
1,0,44.446244037826325,never,0,0,-3.0
0,0,48.751421365784694,complier,0,1,2.0
0,0,50.254755854714425,complier,0,1,2.0
1,0,45.12397628929787,never,0,0,-3.0
0,0,49.607277935201886,complier,0,1,2.0
1,1,51.05642426974129,complier,0,1,2.0
0,0,44.52407290722033,never,0,0,-3.0
1,0,49.19745683044132,never,0,0,-3.0
0,1,68.5931954560141,always,1,1,12.0
1,0,44.972563297841496,never,0,0,-3.0
0,1,70.46609637598078,always,1,1,12.0
1,0,46.42489958126354,never,0,0,-3.0
0,0,47.36680009143063,never,0,0,-3.0
0,1,68.37336149588147,always,1,1,12.0
1,1,52.48183216027534,complier,0,1,2.0
0,0,46.35747032042795,never,0,0,-3.0
1,1,55.881630730278644,complier,0,1,2.0
0,1,68.80746370597113,always,1,1,12.0
1,1,49.73013771116819,complier,0,1,2.0
1,0,46.21045265930046,never,0,0,-3.0
0,0,51.87194746526744,complier,0,1,2.0
1,0,47.20994229959875,never,0,0,-3.0
1,0,45.31266953366018,never,0,0,-3.0
0,1,69.02065691126664,always,1,1,12.0
1,0,46.48074079635841,never,0,0,-3.0
0,1,68.35192100589082,always,1,1,12.0
1,1,54.38881644542554,complier,0,1,2.0
1,0,44.92961780458557,never,0,0,-3.0
1,1,69.09635213324793,always,1,1,12.0
1,1,69.30627703925296,always,1,1,12.0
1,1,53.48109126361753,complier,0,1,2.0
1,1,51.28142087437292,complier,0,1,2.0
0,0,48.50023626359317,complier,0,1,2.0
1,0,40.23196416271121,never,0,0,-3.0
1,1,68.54601331653923,always,1,1,12.0
1,1,55.79436173434774,complier,0,1,2.0
1,1,69.05052650408248,always,1,1,12.0
1,1,69.08486943054459,always,1,1,12.0
0,0,46.00599171125298,never,0,0,-3.0
0,1,68.73359072050368,always,1,1,12.0
1,0,45.92918401838478,never,0,0,-3.0
0,0,51.619311212330274,complier,0,1,2.0
0,0,51.127887549388554,complier,0,1,2.0
1,1,48.210716005960606,complier,0,1,2.0
0,0,44.40484342641693,never,0,0,-3.0
1,0,46.50732986792762,never,0,0,-3.0
1,1,67.49380956211834,always,1,1,12.0
0,1,66.99702236103847,always,1,1,12.0
0,0,43.001505103732605,never,0,0,-3.0
1,1,73.2016840048042,always,1,1,12.0
1,1,68.83420673576049,always,1,1,12.0
0,0,50.077035562247715,complier,0,1,2.0
1,0,49.64413356994171,never,0,0,-3.0
1,0,46.716690259467676,never,0,0,-3.0
0,0,49.42853532091773,never,0,0,-3.0
0,0,51.952597139732454,complier,0,1,2.0
1,0,44.005682941827786,never,0,0,-3.0
0,0,43.44372816700505,never,0,0,-3.0
1,1,52.49666397565956,complier,0,1,2.0
0,1,67.25804552344323,always,1,1,12.0
1,1,63.05725887910047,always,1,1,12.0
0,0,39.816102649727576,never,0,0,-3.0
0,0,45.25421741545347,never,0,0,-3.0
0,0,43.928861746664225,never,0,0,-3.0
0,1,67.136836120244,always,1,1,12.0
1,1,48.85110094155155,complier,0,1,2.0
0,0,49.223872981651354,never,0,0,-3.0
0,1,68.83410542024008,always,1,1,12.0
1,0,42.29797595330772,never,0,0,-3.0
0,1,71.03434714066283,always,1,1,12.0
0,1,67.82460958897563,always,1,1,12.0
1,1,66.70415386364218,always,1,1,12.0
1,1,51.05186081608126,complier,0,1,2.0
1,1,48.989233445929685,complier,0,1,2.0
0,0,45.594750410521826,never,0,0,-3.0
0,0,52.96906497784215,complier,0,1,2.0
1,1,69.67031611364403,always,1,1,12.0
0,1,69.84755553310197,always,1,1,12.0
1,0,44.74719349901709,never,0,0,-3.0
1,0,46.76841578820571,never,0,0,-3.0
1,0,47.45477280792093,never,0,0,-3.0
1,1,51.1076919921771,complier,0,1,2.0
0,0,45.588251793635514,never,0,0,-3.0
0,0,53.24764293751916,complier,0,1,2.0
0,0,42.70721729309651,never,0,0,-3.0
1,1,68.78598603696366,always,1,1,12.0
0,0,43.56632263851297,never,0,0,-3.0
0,0,44.75080736684117,never,0,0,-3.0
1,1,68.06294283013686,always,1,1,12.0
0,0,49.34119620284715,complier,0,1,2.0
1,1,68.0100665490131,always,1,1,12.0
1,1,71.62766199281647,always,1,1,12.0
0,0,48.61201635340986,never,0,0,-3.0
1,1,51.836620919553305,complier,0,1,2.0
0,0,50.595657266690694,complier,0,1,2.0
0,0,50.92437576965071,complier,0,1,2.0
1,1,57.31051375228206,complier,0,1,2.0
0,1,67.93403554238978,always,1,1,12.0
0,1,68.12198247626917,always,1,1,12.0
1,1,52.788267608760115,complier,0,1,2.0
0,0,41.682452454872035,never,0,0,-3.0
0,0,47.920976758198265,never,0,0,-3.0
0,0,46.74356764365786,never,0,0,-3.0
0,1,69.46528633517508,always,1,1,12.0
0,0,46.89781110242803,never,0,0,-3.0
1,0,46.829011157644516,never,0,0,-3.0
0,0,49.767808693178786,complier,0,1,2.0
1,1,68.0097074903028,always,1,1,12.0
1,0,45.47867370006284,never,0,0,-3.0
0,0,48.50830721910808,never,0,0,-3.0
0,0,52.272278384857,complier,0,1,2.0
1,1,68.70544546692442,always,1,1,12.0
1,1,67.11037478099811,always,1,1,12.0
1,1,48.934629744498984,complier,0,1,2.0
1,1,49.801807359803206,complier,0,1,2.0
0,1,71.46205282520302,always,1,1,12.0
0,0,45.37357246306017,never,0,0,-3.0
0,0,44.39912536920604,never,0,0,-3.0
1,0,44.14132080621418,never,0,0,-3.0
0,0,49.93400708162141,complier,0,1,2.0
1,0,43.9455071736537,never,0,0,-3.0
0,0,45.20398285167253,never,0,0,-3.0
1,1,55.063444500246646,complier,0,1,2.0
0,1,68.43917543986284,always,1,1,12.0
1,1,54.14692557971563,complier,0,1,2.0
0,0,44.164475553715704,never,0,0,-3.0
0,0,45.035430746917186,never,0,0,-3.0
1,0,46.72988957661928,never,0,0,-3.0
0,1,72.67900958053853,always,1,1,12.0
0,0,45.52936447446569,never,0,0,-3.0
0,1,68.51543501363928,always,1,1,12.0
1,1,50.51635451005133,complier,0,1,2.0
1,1,69.60910460695936,always,1,1,12.0
1,1,72.6358211575618,always,1,1,12.0
0,1,69.98090818922816,always,1,1,12.0
0,0,49.456907322556916,never,0,0,-3.0
1,0,45.537963035390874,never,0,0,-3.0
1,1,48.877368743851044,complier,0,1,2.0
0,1,71.8242750255152,always,1,1,12.0
1,0,43.6030990353706,never,0,0,-3.0
1,0,44.272475541627365,never,0,0,-3.0
0,0,49.60906825249629,complier,0,1,2.0
1,1,52.272765013619484,complier,0,1,2.0
1,0,43.795350058420404,never,0,0,-3.0
0,0,48.82898632323928,complier,0,1,2.0
0,0,52.32814736088623,complier,0,1,2.0
0,0,44.47797427203568,never,0,0,-3.0
1,0,40.05091468727949,never,0,0,-3.0
1,1,70.45442206726392,always,1,1,12.0
0,0,51.818109039771734,complier,0,1,2.0
1,1,69.1286778916755,always,1,1,12.0
1,0,46.3577299763435,never,0,0,-3.0
0,1,68.16437423233128,always,1,1,12.0
0,0,51.214468648670355,complier,0,1,2.0
1,0,45.80740971874024,never,0,0,-3.0
0,0,46.03337094802409,never,0,0,-3.0
0,1,68.07312716602091,always,1,1,12.0
1,1,66.58237549836831,always,1,1,12.0
0,1,69.28855268695,always,1,1,12.0
1,1,51.14770674186247,complier,0,1,2.0
1,1,67.83975017125523,always,1,1,12.0
0,0,51.50981596900234,complier,0,1,2.0
1,1,68.8394829586525,always,1,1,12.0
0,0,47.82409265175904,complier,0,1,2.0
0,1,65.54163555634824,always,1,1,12.0
0,0,51.961689724856214,complier,0,1,2.0
0,0,45.58771313497866,never,0,0,-3.0
1,1,50.35825906718368,complier,0,1,2.0
0,0,52.6681404378156,complier,0,1,2.0
0,0,44.31893030516969,never,0,0,-3.0
0,0,45.3108217859052,never,0,0,-3.0
0,0,47.506769501284424,never,0,0,-3.0
1,1,49.712751120150756,complier,0,1,2.0
1,0,44.42493072484071,never,0,0,-3.0
1,0,44.39820502086052,never,0,0,-3.0
1,1,72.31410247486066,always,1,1,12.0
1,1,71.74589035859842,always,1,1,12.0
0,1,69.1493907095402,always,1,1,12.0
1,0,45.41992705681685,never,0,0,-3.0
1,0,45.27691194700406,never,0,0,-3.0
0,0,46.97338955052931,never,0,0,-3.0
0,0,42.07317063587494,never,0,0,-3.0
1,0,49.02466692058636,never,0,0,-3.0
0,0,46.06093313665523,never,0,0,-3.0
0,0,48.23333876724996,complier,0,1,2.0
0,0,51.52949458338758,complier,0,1,2.0
1,1,67.84299274221566,always,1,1,12.0
0,0,49.38894506188288,complier,0,1,2.0
1,1,70.61321612668493,always,1,1,12.0
0,0,45.72616997145908,never,0,0,-3.0
1,0,45.5974901916135,never,0,0,-3.0
1,0,45.938694983253164,never,0,0,-3.0
1,0,45.31722489077484,never,0,0,-3.0
0,0,44.421143545014935,never,0,0,-3.0
0,0,45.823616855074576,never,0,0,-3.0
1,1,50.961676228935566,complier,0,1,2.0
1,0,44.118943223441086,never,0,0,-3.0
0,1,67.24623212685364,always,1,1,12.0
0,0,44.71879951661778,never,0,0,-3.0
1,1,66.35608827982382,always,1,1,12.0
1,1,72.03184300974996,always,1,1,12.0
0,0,44.93843298926638,never,0,0,-3.0
1,1,53.01856412420759,complier,0,1,2.0
1,1,68.33926289213859,always,1,1,12.0
0,0,47.22638201124486,complier,0,1,2.0
1,1,68.01810008805077,always,1,1,12.0
1,1,51.77031183731989,complier,0,1,2.0
1,0,46.66957783865792,never,0,0,-3.0
0,0,47.24468152657907,never,0,0,-3.0
0,0,42.6876562194889,never,0,0,-3.0
0,0,49.712378978206274,complier,0,1,2.0
0,0,45.92707165622792,complier,0,1,2.0
0,1,69.37993655145571,always,1,1,12.0
1,1,68.60960159177893,always,1,1,12.0
0,1,67.88361027817557,always,1,1,12.0
1,1,70.94771965734343,always,1,1,12.0
1,1,68.06491626660919,always,1,1,12.0
1,1,53.99272136070034,complier,0,1,2.0
1,1,50.946285186202346,complier,0,1,2.0
1,1,55.71799729248859,complier,0,1,2.0
0,1,67.14279941557042,always,1,1,12.0
1,1,68.14540451479066,always,1,1,12.0
1,0,46.69106724272851,never,0,0,-3.0
0,0,43.646841091154364,never,0,0,-3.0
1,1,70.03299020914001,always,1,1,12.0
1,1,51.73842504199056,complier,0,1,2.0
1,0,49.7852249239715,never,0,0,-3.0
1,1,70.97404107418119,always,1,1,12.0
1,1,67.43098359229587,always,1,1,12.0
0,0,49.41089432656415,never,0,0,-3.0
1,1,71.03500810055355,always,1,1,12.0
0,0,50.819842572302655,complier,0,1,2.0
0,0,47.97606445076181,never,0,0,-3.0
1,0,48.54985180681296,never,0,0,-3.0
0,0,49.56446616016705,complier,0,1,2.0
1,1,67.48112884357056,always,1,1,12.0
0,0,51.93958415933169,complier,0,1,2.0
1,0,45.73713626478894,never,0,0,-3.0
0,0,46.3750163653476,never,0,0,-3.0
1,1,48.76037696587601,complier,0,1,2.0
0,0,51.191740291206436,complier,0,1,2.0
1,0,43.978007684966876,never,0,0,-3.0
1,1,49.741793309153024,complier,0,1,2.0
0,0,43.92350300761049,never,0,0,-3.0
1,0,41.59196224014828,never,0,0,-3.0
1,1,69.166911035743,always,1,1,12.0
0,0,47.67018145015779,never,0,0,-3.0
1,1,53.311305482591166,complier,0,1,2.0
0,0,54.166801700845234,complier,0,1,2.0
1,1,52.36860196172072,complier,0,1,2.0
1,1,69.17841320099564,always,1,1,12.0
0,1,70.61362280314285,always,1,1,12.0
0,1,71.901691580096,always,1,1,12.0
1,1,49.90265269242429,complier,0,1,2.0
1,1,56.062341711296604,complier,0,1,2.0
1,0,47.62285687220571,never,0,0,-3.0
0,0,44.77456338714258,never,0,0,-3.0
1,1,52.533921399281994,complier,0,1,2.0
1,1,52.47639829297761,complier,0,1,2.0
0,0,48.13219437461064,never,0,0,-3.0
1,1,67.73412231272015,always,1,1,12.0
1,0,47.99351486952035,never,0,0,-3.0
0,1,65.92386694528027,always,1,1,12.0
0,0,45.020967443593825,never,0,0,-3.0
0,1,69.0519344034016,always,1,1,12.0
0,1,68.97130544394055,always,1,1,12.0
0,1,72.00881045925561,always,1,1,12.0
0,0,53.641305930041234,complier,0,1,2.0
1,1,71.12643061296434,always,1,1,12.0
1,0,45.78174871304488,never,0,0,-3.0
0,0,51.91969113915566,complier,0,1,2.0
1,1,52.287387321009334,complier,0,1,2.0
1,1,68.94519748563972,always,1,1,12.0
0,1,69.16286366806382,always,1,1,12.0
1,0,46.10620817749334,never,0,0,-3.0
0,0,51.28685973156357,complier,0,1,2.0
1,0,48.8958401249146,never,0,0,-3.0
0,1,68.02999648585887,always,1,1,12.0
0,0,49.44147425354804,complier,0,1,2.0
1,1,50.62595460159988,complier,0,1,2.0
0,0,51.08578840283891,complier,0,1,2.0
0,1,71.1293921682392,always,1,1,12.0
1,0,47.99467454732043,never,0,0,-3.0
1,1,50.0765546414694,complier,0,1,2.0
1,1,70.86318493034922,always,1,1,12.0
0,0,47.5622203037082,never,0,0,-3.0
0,0,48.93379024401952,complier,0,1,2.0
1,1,53.77756651077356,complier,0,1,2.0
1,1,67.96208538570517,always,1,1,12.0
1,0,44.58613327614338,never,0,0,-3.0
0,0,46.365008988953676,complier,0,1,2.0
1,0,45.80111211045924,never,0,0,-3.0
1,1,69.40707718963517,always,1,1,12.0
0,0,53.90412507322573,complier,0,1,2.0
0,0,46.57471714086702,never,0,0,-3.0
0,0,43.838526904154385,never,0,0,-3.0
0,0,48.5094905707895,never,0,0,-3.0
1,1,49.771942834846236,complier,0,1,2.0
1,1,50.450881103238636,complier,0,1,2.0
1,0,46.181486515283666,never,0,0,-3.0
1,1,50.76924756170779,complier,0,1,2.0
0,0,48.24207599664651,never,0,0,-3.0
0,1,72.01868809670756,always,1,1,12.0
1,1,66.64793269768298,always,1,1,12.0
0,0,46.74727358574371,never,0,0,-3.0
0,0,41.26490766288874,never,0,0,-3.0
1,0,45.77330924064885,never,0,0,-3.0
0,1,69.95537588464366,always,1,1,12.0
1,1,70.23703103586762,always,1,1,12.0
1,1,49.377920367684176,complier,0,1,2.0
0,0,49.37247536860051,complier,0,1,2.0
1,0,46.69041061725549,never,0,0,-3.0
1,1,68.32901630268007,always,1,1,12.0
1,1,48.3342212231416,complier,0,1,2.0
1,1,47.8329486282517,complier,0,1,2.0
0,0,47.51774309004027,complier,0,1,2.0
1,0,47.10804886535141,never,0,0,-3.0
1,1,70.84384344661497,always,1,1,12.0
1,1,63.54089033297432,always,1,1,12.0
1,0,45.05785601650374,never,0,0,-3.0
0,0,49.42719802146014,complier,0,1,2.0
0,0,48.919254263340996,complier,0,1,2.0
1,1,52.47275651598997,complier,0,1,2.0
1,1,52.71701507681187,complier,0,1,2.0
0,0,45.809341411880524,never,0,0,-3.0
0,0,51.076734492269225,complier,0,1,2.0
0,0,47.283532665482056,never,0,0,-3.0
1,0,45.665114082233245,never,0,0,-3.0
1,1,66.0647104960782,always,1,1,12.0
0,0,46.42274565458882,never,0,0,-3.0
0,0,52.24373086699718,complier,0,1,2.0
1,1,69.41650623887729,always,1,1,12.0
0,0,48.20481801710774,never,0,0,-3.0
1,1,70.04762592436037,always,1,1,12.0
1,0,43.174475488102274,never,0,0,-3.0
1,1,72.76965794374715,always,1,1,12.0
1,0,46.043617667533574,never,0,0,-3.0
1,0,48.019331785535684,never,0,0,-3.0
1,0,45.582500497362766,never,0,0,-3.0
0,0,51.102168243069016,complier,0,1,2.0
1,1,72.15413175716712,always,1,1,12.0
0,1,69.56101272780569,always,1,1,12.0
1,0,44.248074712283504,never,0,0,-3.0
1,0,43.214732210263286,never,0,0,-3.0
1,0,42.87900753221501,never,0,0,-3.0
1,1,69.83886092485876,always,1,1,12.0
0,1,68.07162154197664,always,1,1,12.0
1,1,70.82574733552137,always,1,1,12.0
0,0,53.40871792970714,complier,0,1,2.0
0,0,44.23586469442466,never,0,0,-3.0
1,1,55.966507358461776,complier,0,1,2.0
1,1,51.57272793050561,complier,0,1,2.0
0,0,45.43904647457185,never,0,0,-3.0
1,0,49.34297904417524,never,0,0,-3.0
0,1,72.64990907762112,always,1,1,12.0
0,0,52.41068606973691,complier,0,1,2.0
1,1,67.82225011186893,always,1,1,12.0
0,0,45.27744280676632,never,0,0,-3.0
1,1,52.76159236141224,complier,0,1,2.0
1,1,69.25288710871442,always,1,1,12.0
0,0,44.28536593270628,never,0,0,-3.0
1,1,68.03389624473103,always,1,1,12.0
1,1,54.76933280226726,complier,0,1,2.0
1,0,47.38099954686954,never,0,0,-3.0
0,1,69.95793095751115,always,1,1,12.0
1,1,54.65082684935061,complier,0,1,2.0
0,1,70.55937058014351,always,1,1,12.0
0,0,46.456185001082865,never,0,0,-3.0
1,0,44.65596607733185,never,0,0,-3.0
1,0,47.01714927828895,never,0,0,-3.0
0,0,48.641266492032486,complier,0,1,2.0
1,0,46.40522012624847,never,0,0,-3.0
1,1,68.695311124818,always,1,1,12.0
0,0,48.244641955934085,never,0,0,-3.0
0,0,45.17916659449069,never,0,0,-3.0
0,0,50.167024403935365,never,0,0,-3.0
0,0,46.34842639053478,never,0,0,-3.0
1,1,53.52093765049807,complier,0,1,2.0
1,0,46.01212638281664,never,0,0,-3.0
1,0,47.427831203143626,never,0,0,-3.0
0,0,47.74406303758085,never,0,0,-3.0
0,1,68.96445944117636,always,1,1,12.0
1,0,42.948968465123386,never,0,0,-3.0
0,0,48.81485052765721,complier,0,1,2.0
0,0,46.47424031832064,never,0,0,-3.0
1,0,50.009833458075576,never,0,0,-3.0
1,1,69.12876545561812,always,1,1,12.0
1,1,52.73315093796156,complier,0,1,2.0
0,0,48.51929858945523,complier,0,1,2.0
0,0,43.02732953838515,never,0,0,-3.0
1,1,50.84978552376352,complier,0,1,2.0
1,0,47.13453603561408,never,0,0,-3.0
1,1,50.91580054110422,complier,0,1,2.0
0,0,48.08007401260199,never,0,0,-3.0
0,0,52.73339090416077,complier,0,1,2.0
0,1,66.64487694828813,always,1,1,12.0
0,0,49.497793833421476,complier,0,1,2.0
1,1,69.44610318054102,always,1,1,12.0
0,0,47.03843897913454,never,0,0,-3.0
0,0,46.39453808710677,complier,0,1,2.0
1,0,47.52499646446236,never,0,0,-3.0
0,0,50.29131116358727,complier,0,1,2.0
0,0,50.66775069743364,complier,0,1,2.0
0,1,68.5908139601347,always,1,1,12.0
0,0,47.291143694745706,never,0,0,-3.0
1,1,72.37376079722351,always,1,1,12.0
1,1,48.45441802839164,complier,0,1,2.0
1,0,48.661245222054816,never,0,0,-3.0
1,0,49.015079740405014,never,0,0,-3.0
0,1,68.14781404335227,always,1,1,12.0
1,1,67.78914628829023,always,1,1,12.0
0,0,43.74321633336105,never,0,0,-3.0
0,1,67.35313366123692,always,1,1,12.0
1,1,54.19492780822544,complier,0,1,2.0
1,1,68.95425117308763,always,1,1,12.0
0,0,45.039463034013245,never,0,0,-3.0
0,0,51.78784444450775,complier,0,1,2.0
1,0,43.435650755787975,never,0,0,-3.0
0,0,45.673099924187724,never,0,0,-3.0
0,0,49.24832509891943,complier,0,1,2.0
1,1,68.58033574987054,always,1,1,12.0
1,0,44.66361318010905,never,0,0,-3.0
1,1,49.13250056049569,complier,0,1,2.0
0,0,52.43137152381391,complier,0,1,2.0
0,0,48.441119022860946,complier,0,1,2.0
0,1,66.56997975477682,always,1,1,12.0
0,0,49.31332707455214,never,0,0,-3.0
1,0,47.86901222448567,never,0,0,-3.0
0,0,45.73210016127341,never,0,0,-3.0
1,0,47.35630579970068,never,0,0,-3.0
1,0,46.058276027262664,never,0,0,-3.0
1,1,68.94999906954637,always,1,1,12.0
1,1,48.30474645645986,complier,0,1,2.0
0,0,47.41038417187957,never,0,0,-3.0
1,1,54.79968551710025,complier,0,1,2.0
1,1,50.61784334474089,complier,0,1,2.0
0,0,53.16518332379257,complier,0,1,2.0
0,0,55.04980563729861,complier,0,1,2.0
1,0,45.710926526483576,never,0,0,-3.0
1,0,49.18024327556533,never,0,0,-3.0
1,0,47.70773100932127,never,0,0,-3.0
1,0,47.71779453657722,never,0,0,-3.0
0,0,45.05689920237431,never,0,0,-3.0
0,0,42.59598062515765,never,0,0,-3.0
1,0,44.602492025323315,never,0,0,-3.0
0,0,48.646733865964805,never,0,0,-3.0
0,1,67.91648350688958,always,1,1,12.0
1,0,46.431572909314646,never,0,0,-3.0
0,0,47.418358145486515,never,0,0,-3.0
0,0,51.635934047979134,complier,0,1,2.0
0,1,70.13244377105441,always,1,1,12.0
0,0,51.272231728772304,complier,0,1,2.0
1,1,69.52895369737489,always,1,1,12.0
1,1,68.42119843639048,always,1,1,12.0
1,1,68.93363951338836,always,1,1,12.0
0,0,45.323316976881635,never,0,0,-3.0
1,1,66.28349449132978,always,1,1,12.0
1,1,69.41315916791145,always,1,1,12.0
1,0,46.26722577002521,never,0,0,-3.0
1,1,50.16373247198946,complier,0,1,2.0
1,1,69.7678505969535,always,1,1,12.0
1,1,54.21310903211809,complier,0,1,2.0
0,1,66.32146514885513,always,1,1,12.0
0,1,71.15640724611958,always,1,1,12.0
0,0,51.59055093935757,complier,0,1,2.0
0,1,70.96572104792298,always,1,1,12.0
0,1,64.33653542236266,always,1,1,12.0
1,0,46.01696354135343,never,0,0,-3.0
0,0,47.07582004535246,never,0,0,-3.0
1,1,50.39547772308888,complier,0,1,2.0
1,0,45.719327943420616,never,0,0,-3.0
1,1,66.28850575581174,always,1,1,12.0
0,1,71.26529192524049,always,1,1,12.0
0,0,45.13271633260991,never,0,0,-3.0
1,1,71.71756694170698,always,1,1,12.0
1,0,44.24506756365556,never,0,0,-3.0
1,0,45.55649022347081,never,0,0,-3.0
0,1,67.2783330835312,always,1,1,12.0
0,0,49.116244073370275,complier,0,1,2.0
1,1,53.14737361463658,complier,0,1,2.0
0,1,70.4031869701303,always,1,1,12.0
1,0,47.246362857164286,never,0,0,-3.0
0,0,44.95939252004767,never,0,0,-3.0
1,1,69.57995982137385,always,1,1,12.0
1,1,55.1978769341401,complier,0,1,2.0
1,0,44.924957307893585,never,0,0,-3.0
0,0,49.71606398170904,complier,0,1,2.0
1,0,49.685984824719036,never,0,0,-3.0
0,0,49.483906770665065,complier,0,1,2.0
1,0,45.913050814073884,never,0,0,-3.0
0,0,46.52014984737041,complier,0,1,2.0
1,0,44.872186195921486,never,0,0,-3.0
0,0,44.125371651553806,never,0,0,-3.0
1,0,42.85372218333119,never,0,0,-3.0
1,1,50.03780805339528,complier,0,1,2.0
0,0,53.63065390659522,complier,0,1,2.0
1,0,45.34593712540857,never,0,0,-3.0
1,0,46.69182039530426,never,0,0,-3.0
0,0,44.48788168125784,never,0,0,-3.0
0,0,49.95329720731426,complier,0,1,2.0
0,0,52.06896983424095,complier,0,1,2.0
1,1,65.62453753579342,always,1,1,12.0
0,0,48.878219513965625,never,0,0,-3.0
1,0,45.92186520366013,never,0,0,-3.0
1,0,46.4596882135404,never,0,0,-3.0
1,1,71.5454518839902,always,1,1,12.0
0,0,48.80910468201347,complier,0,1,2.0
0,1,70.20502855954344,always,1,1,12.0
0,0,49.73333899200206,complier,0,1,2.0
0,0,45.05298427053145,never,0,0,-3.0
0,1,71.53176066351325,always,1,1,12.0
1,1,67.84535648519572,always,1,1,12.0
0,0,47.07459515953152,never,0,0,-3.0
0,0,44.485305729492104,never,0,0,-3.0
0,0,47.022361149159785,never,0,0,-3.0
0,1,65.59838984858067,always,1,1,12.0
0,0,45.1604496469466,never,0,0,-3.0
1,0,50.33341861023011,never,0,0,-3.0
0,0,47.72454739638631,never,0,0,-3.0
1,0,50.45207780382549,never,0,0,-3.0
0,1,68.62856599415967,always,1,1,12.0
1,0,44.51035506702773,never,0,0,-3.0
1,1,48.819629687701195,complier,0,1,2.0
0,0,46.8043201208679,complier,0,1,2.0
1,0,48.41505808752401,never,0,0,-3.0
0,1,67.64044522446453,always,1,1,12.0
0,0,49.34812088052651,complier,0,1,2.0
1,0,45.51820658000213,never,0,0,-3.0
1,1,68.08532183067865,always,1,1,12.0
1,1,53.79790881879252,complier,0,1,2.0
0,0,49.66064560156734,complier,0,1,2.0
1,1,70.24210238848536,always,1,1,12.0
0,0,43.23925408883361,never,0,0,-3.0
1,1,69.56552599356971,always,1,1,12.0
1,1,69.16693123931222,always,1,1,12.0
0,0,49.54101351192615,complier,0,1,2.0
1,1,72.75496213384683,always,1,1,12.0
1,1,70.94319161744083,always,1,1,12.0
0,1,66.27625386347191,always,1,1,12.0
1,0,45.25858666213711,never,0,0,-3.0
1,0,47.984781619803215,never,0,0,-3.0
1,1,53.460263407203534,complier,0,1,2.0
1,1,71.4131888407373,always,1,1,12.0
0,0,49.01157287976336,complier,0,1,2.0
1,0,48.30762566097941,never,0,0,-3.0
1,1,70.26975019655323,always,1,1,12.0
0,1,69.57351084763471,always,1,1,12.0
0,0,46.7654857553939,never,0,0,-3.0
0,0,52.60428946177919,complier,0,1,2.0
1,0,48.86108455884684,never,0,0,-3.0
1,1,66.67739776629946,always,1,1,12.0
0,0,47.033261051166576,never,0,0,-3.0
1,0,40.98727542654931,never,0,0,-3.0
0,0,50.77446397998835,complier,0,1,2.0
1,0,42.715452751961884,never,0,0,-3.0
1,0,44.643447402767215,never,0,0,-3.0
1,1,50.92741826119445,complier,0,1,2.0
1,1,67.93763287586347,always,1,1,12.0
0,0,45.67089857288049,never,0,0,-3.0
0,0,44.72386414581424,never,0,0,-3.0
0,0,48.23267659794183,never,0,0,-3.0
1,1,51.38393954528748,complier,0,1,2.0
1,0,43.57305833555495,never,0,0,-3.0
0,0,48.84056507729119,never,0,0,-3.0
1,1,52.265065084545455,complier,0,1,2.0
1,1,54.810550918517656,complier,0,1,2.0
0,0,46.20284675171522,never,0,0,-3.0
0,1,67.6299144488954,always,1,1,12.0
1,0,44.60290579962625,never,0,0,-3.0
0,1,74.23679628914091,always,1,1,12.0
0,0,49.74343257734199,complier,0,1,2.0
1,1,52.00159033714683,complier,0,1,2.0
1,1,68.6158880041698,always,1,1,12.0
1,0,44.36614501252614,never,0,0,-3.0
0,0,46.300599573081065,never,0,0,-3.0
0,0,43.72093849587427,never,0,0,-3.0
0,0,51.64750260170178,complier,0,1,2.0
1,1,68.06913924642473,always,1,1,12.0
1,0,46.45760666865981,never,0,0,-3.0
0,1,69.80280962007915,always,1,1,12.0
1,1,68.86371661035301,always,1,1,12.0
1,0,45.358709840638774,never,0,0,-3.0
0,0,47.95683951990725,never,0,0,-3.0
1,1,67.16686406599293,always,1,1,12.0
0,0,44.19070899658335,never,0,0,-3.0
0,0,48.68526144932266,complier,0,1,2.0
0,0,44.597050026263524,never,0,0,-3.0
0,0,42.908124862370364,never,0,0,-3.0
1,1,68.75928451078937,always,1,1,12.0
1,0,46.16929658740861,never,0,0,-3.0
0,0,50.46923197204312,never,0,0,-3.0
0,0,52.93867768131419,complier,0,1,2.0
1,0,47.08803626866777,never,0,0,-3.0
0,0,48.65983601568813,complier,0,1,2.0
1,1,53.44790599174472,complier,0,1,2.0
0,0,47.790640472572406,never,0,0,-3.0
1,1,51.997362220058456,complier,0,1,2.0
0,0,45.78668349506798,never,0,0,-3.0
1,0,45.608822662893694,never,0,0,-3.0
0,0,48.40912196342939,complier,0,1,2.0
1,0,46.25098495018865,never,0,0,-3.0
1,1,67.35473614693252,always,1,1,12.0
0,1,69.042680432128,always,1,1,12.0
1,1,67.9960046985646,always,1,1,12.0
0,0,51.44237548168546,complier,0,1,2.0
1,1,50.70104456380983,complier,0,1,2.0
0,0,46.35394287539529,never,0,0,-3.0
1,1,67.68321330748314,always,1,1,12.0
0,1,71.27218157590562,always,1,1,12.0
1,0,47.46035383079441,never,0,0,-3.0
0,0,44.393729390172034,never,0,0,-3.0
0,1,68.73641726449559,always,1,1,12.0
1,0,41.94465785410109,never,0,0,-3.0
0,1,69.59840273970063,always,1,1,12.0
1,1,67.24828486688847,always,1,1,12.0
1,1,65.60673465537081,always,1,1,12.0
0,0,47.25682534167131,never,0,0,-3.0
1,1,49.32957320019471,complier,0,1,2.0
0,1,69.66359782957932,always,1,1,12.0
0,0,51.70807782981134,complier,0,1,2.0
0,1,69.1906642282398,always,1,1,12.0
0,0,48.90025634360962,never,0,0,-3.0
0,1,67.42254897962249,always,1,1,12.0
1,1,65.86961568807799,always,1,1,12.0
0,1,67.21971864885623,always,1,1,12.0
0,0,43.20931142295382,never,0,0,-3.0
1,1,66.19094563565005,always,1,1,12.0
0,0,47.29398948188021,complier,0,1,2.0
1,1,53.662259764157184,complier,0,1,2.0
0,0,48.35226536846435,complier,0,1,2.0
0,0,48.006215179749915,never,0,0,-3.0
0,0,44.900439739528,never,0,0,-3.0
1,0,43.30272162847973,never,0,0,-3.0
0,0,53.24392606052041,complier,0,1,2.0
0,1,69.79892615730915,always,1,1,12.0
0,0,52.42137206588086,complier,0,1,2.0
0,0,44.26003076485405,never,0,0,-3.0
1,1,68.83312337784845,always,1,1,12.0
1,0,41.59207279081181,never,0,0,-3.0
1,0,45.94823005777505,never,0,0,-3.0
0,0,49.56548789343975,complier,0,1,2.0
1,1,55.33661799616209,complier,0,1,2.0
1,0,44.68994415826183,never,0,0,-3.0
1,1,70.73204775648863,always,1,1,12.0
1,1,68.7530143335274,always,1,1,12.0
1,0,46.950725306761115,never,0,0,-3.0
0,1,72.31679975707493,always,1,1,12.0
1,0,44.53508763462061,never,0,0,-3.0
0,0,46.891648077021316,never,0,0,-3.0
0,0,46.24163193714732,never,0,0,-3.0
1,1,51.67433988771681,complier,0,1,2.0
1,0,44.70293536543835,never,0,0,-3.0
0,0,45.49718773846443,never,0,0,-3.0
1,0,45.022759283669664,never,0,0,-3.0
0,0,42.82361485895312,never,0,0,-3.0
0,1,64.62538330621116,always,1,1,12.0
0,1,68.98156801738415,always,1,1,12.0
0,0,45.94738465790843,never,0,0,-3.0
1,1,67.83363011621489,always,1,1,12.0
1,0,48.145709042048985,never,0,0,-3.0
1,1,68.86577347402896,always,1,1,12.0
0,0,50.04425685182365,complier,0,1,2.0
1,0,46.64527300261971,never,0,0,-3.0
1,1,70.12076895847491,always,1,1,12.0
1,0,49.30564528542786,never,0,0,-3.0
1,1,69.7853940320425,always,1,1,12.0
0,1,67.08981620292519,always,1,1,12.0
1,1,65.54445943672596,always,1,1,12.0
0,0,50.36102800435979,never,0,0,-3.0
0,0,46.384153975869786,never,0,0,-3.0
1,1,71.78941972467071,always,1,1,12.0
1,1,70.88548767192296,always,1,1,12.0
1,0,44.52838656625472,never,0,0,-3.0
1,1,66.01417628975787,always,1,1,12.0
0,0,51.50019325020135,complier,0,1,2.0
0,0,49.97579464911717,complier,0,1,2.0
1,1,66.69217662888015,always,1,1,12.0
1,1,72.23378719854408,always,1,1,12.0
0,0,51.511542620174936,complier,0,1,2.0
1,1,68.69529295420416,always,1,1,12.0
1,1,66.83545282754193,always,1,1,12.0
1,1,49.13195936553919,complier,0,1,2.0
0,0,54.004987951629865,complier,0,1,2.0
0,1,71.11539046449454,always,1,1,12.0
0,0,51.20515325561858,complier,0,1,2.0
1,1,54.981926643423506,complier,0,1,2.0
0,1,68.515385916972,always,1,1,12.0
0,1,67.11171503902223,always,1,1,12.0
1,1,53.707558059364516,complier,0,1,2.0
1,0,42.61008731526636,never,0,0,-3.0
1,1,68.59014166450869,always,1,1,12.0
0,0,49.25171625272162,never,0,0,-3.0
0,0,52.32827315692283,complier,0,1,2.0
1,1,50.6849230945476,complier,0,1,2.0
1,0,47.64026002534319,never,0,0,-3.0
1,1,66.92997742560262,always,1,1,12.0
0,0,51.61624172457665,complier,0,1,2.0
1,1,67.39595458830603,always,1,1,12.0
1,0,47.92900743846855,never,0,0,-3.0
0,1,65.45461925811394,always,1,1,12.0
1,1,52.68336160031728,complier,0,1,2.0
1,1,68.1185691306801,always,1,1,12.0
1,0,44.46484964416178,never,0,0,-3.0
0,0,50.95164311543226,complier,0,1,2.0
0,1,67.38213004060752,always,1,1,12.0
1,1,53.48157459420751,complier,0,1,2.0
0,0,45.42905917183842,never,0,0,-3.0
1,1,50.32599753426439,complier,0,1,2.0
1,0,44.72358017391228,never,0,0,-3.0
1,1,53.24747589551072,complier,0,1,2.0
1,1,53.544859711052986,complier,0,1,2.0
1,0,45.79131480083221,never,0,0,-3.0
1,0,46.64054741001118,never,0,0,-3.0
1,1,56.40776578023565,complier,0,1,2.0
1,1,57.04502724392748,complier,0,1,2.0
0,0,50.282671193412256,complier,0,1,2.0
0,1,68.77975863413043,always,1,1,12.0
1,0,45.52974973042619,never,0,0,-3.0
1,0,45.61444260044255,never,0,0,-3.0
1,1,75.9265272305669,always,1,1,12.0
1,1,70.47960460329116,always,1,1,12.0
1,1,56.962701497980675,complier,0,1,2.0
0,1,66.80032036865056,always,1,1,12.0
1,0,43.48342211131556,never,0,0,-3.0
0,0,49.242834660903945,complier,0,1,2.0
0,0,48.77368293563471,complier,0,1,2.0
0,1,71.40615236967227,always,1,1,12.0
1,1,66.73626745382631,always,1,1,12.0
1,0,45.41317966506036,never,0,0,-3.0
1,1,69.81916854773483,always,1,1,12.0
1,1,51.954540578539,complier,0,1,2.0
0,0,47.49521114989862,complier,0,1,2.0
0,1,67.56674765853143,always,1,1,12.0
1,0,48.789882829636255,never,0,0,-3.0
0,0,46.09213784525584,never,0,0,-3.0
0,0,49.146054958419526,complier,0,1,2.0
1,1,72.647405443058,always,1,1,12.0
0,0,54.95894361344022,complier,0,1,2.0
1,0,48.255437536727605,never,0,0,-3.0
1,1,49.00535187733779,complier,0,1,2.0
1,1,54.01228731676996,complier,0,1,2.0
1,0,46.61385587145794,never,0,0,-3.0
1,1,70.52492547204109,always,1,1,12.0
0,0,42.62416162865314,never,0,0,-3.0
1,0,44.15727667402785,never,0,0,-3.0
0,1,69.62419631907048,always,1,1,12.0
0,0,47.893610295674264,never,0,0,-3.0
0,1,70.3687326598324,always,1,1,12.0
0,0,47.39886771379638,never,0,0,-3.0
1,1,49.87244475632165,complier,0,1,2.0
0,1,71.20500978561307,always,1,1,12.0
1,0,48.08958117213151,never,0,0,-3.0
1,0,43.886640512276074,never,0,0,-3.0
1,1,53.0015749723885,complier,0,1,2.0
1,1,49.6265517805278,complier,0,1,2.0
0,0,46.75467714813964,never,0,0,-3.0
1,0,45.651033341865784,never,0,0,-3.0
1,1,52.60355210825783,complier,0,1,2.0
1,0,45.818667203683525,never,0,0,-3.0
0,0,48.573015229340385,never,0,0,-3.0
0,1,69.49937108933509,always,1,1,12.0
1,0,44.80821847334981,never,0,0,-3.0
1,0,43.552219807179405,never,0,0,-3.0
0,0,46.81083549733673,complier,0,1,2.0
1,1,68.97981909004828,always,1,1,12.0
0,0,50.836144181649374,complier,0,1,2.0
0,1,69.79374031537935,always,1,1,12.0
1,1,69.41499535239548,always,1,1,12.0
0,1,70.35387234454026,always,1,1,12.0
0,1,69.63609423289947,always,1,1,12.0
0,0,42.56640575705302,never,0,0,-3.0
1,1,67.09141038463541,always,1,1,12.0
1,0,43.31544086422355,never,0,0,-3.0
0,0,48.23068532596506,complier,0,1,2.0
1,0,43.89966787127138,never,0,0,-3.0
0,0,46.24833013875947,never,0,0,-3.0
0,0,50.95154121534267,complier,0,1,2.0
0,0,51.07183659587293,complier,0,1,2.0
1,1,53.377079780628016,complier,0,1,2.0
1,0,46.2258115465252,never,0,0,-3.0
1,1,74.33718234443289,always,1,1,12.0
0,0,46.36414687878161,never,0,0,-3.0
1,0,43.81026023154991,never,0,0,-3.0
0,0,48.34240309365208,never,0,0,-3.0
0,1,68.89864098818205,always,1,1,12.0
0,0,47.239121808324384,complier,0,1,2.0
1,0,47.303786091636866,never,0,0,-3.0
1,0,44.34870226464576,never,0,0,-3.0
0,1,68.59044511647349,always,1,1,12.0
1,1,65.666438382981,always,1,1,12.0
1,0,46.219661897845974,never,0,0,-3.0
1,1,71.13286128263967,always,1,1,12.0
0,0,48.55354885635556,complier,0,1,2.0
1,1,52.94375162400461,complier,0,1,2.0
0,0,50.92184041450619,complier,0,1,2.0
1,1,52.61084175352147,complier,0,1,2.0
1,1,53.47830815055308,complier,0,1,2.0
0,0,43.66969296492792,never,0,0,-3.0
1,1,52.503810262392136,complier,0,1,2.0
0,1,69.44922307991426,always,1,1,12.0
0,0,47.54029173198963,never,0,0,-3.0
1,1,68.16550385049378,always,1,1,12.0
0,0,46.78227441141271,never,0,0,-3.0
0,0,52.74827199820561,complier,0,1,2.0
1,1,53.433605462597775,complier,0,1,2.0
1,1,64.61523281878384,always,1,1,12.0
1,1,52.775904585628716,complier,0,1,2.0
1,1,70.41411863673495,always,1,1,12.0
0,1,66.9148913415117,always,1,1,12.0
0,1,68.14255895062432,always,1,1,12.0
0,0,44.753606470607494,never,0,0,-3.0
1,0,45.85070993959818,never,0,0,-3.0
1,0,46.79659651654314,never,0,0,-3.0
0,0,46.53169880572496,never,0,0,-3.0
1,1,52.17089058271555,complier,0,1,2.0
1,0,46.04019875884027,never,0,0,-3.0
0,1,68.12786937248697,always,1,1,12.0
1,1,66.87476768896936,always,1,1,12.0
1,0,45.93562291986902,never,0,0,-3.0
1,0,45.0637640579733,never,0,0,-3.0
0,1,73.65732515932721,always,1,1,12.0
1,1,71.85542865779219,always,1,1,12.0
0,1,67.42169348029745,always,1,1,12.0
0,0,47.13275239222256,complier,0,1,2.0
1,1,69.61854873100428,always,1,1,12.0
0,1,71.59870472607959,always,1,1,12.0
0,1,72.42701946334759,always,1,1,12.0
0,1,65.88826216536891,always,1,1,12.0
0,0,42.452174385339575,never,0,0,-3.0
1,0,47.20302631189422,never,0,0,-3.0
1,0,43.16735639695109,never,0,0,-3.0
1,1,67.50139838119037,always,1,1,12.0
0,1,70.38331500278457,always,1,1,12.0
0,0,49.67321011438429,never,0,0,-3.0
1,1,67.41265562382604,always,1,1,12.0
1,1,54.456601455737406,complier,0,1,2.0
0,0,45.4673819135168,never,0,0,-3.0
1,1,50.04348718025244,complier,0,1,2.0
0,0,48.842292482465545,complier,0,1,2.0
1,1,69.01888332922715,always,1,1,12.0
1,1,52.05608173989313,complier,0,1,2.0
1,0,46.81447036361762,never,0,0,-3.0
0,1,69.31673047173336,always,1,1,12.0
1,0,50.81997894306546,never,0,0,-3.0
0,0,47.87919368147586,never,0,0,-3.0
0,0,49.79870682236208,complier,0,1,2.0
0,0,45.066133021558585,never,0,0,-3.0
0,0,51.366502936568786,complier,0,1,2.0
1,0,47.1106602310467,never,0,0,-3.0
0,0,48.663428125403584,never,0,0,-3.0
0,0,48.329280666984324,complier,0,1,2.0
1,0,48.76200359628238,never,0,0,-3.0
0,0,44.63577883954321,never,0,0,-3.0
1,1,56.58943899440622,complier,0,1,2.0
1,1,67.71318037054422,always,1,1,12.0
1,0,45.589866630289364,never,0,0,-3.0
1,1,54.188239955417885,complier,0,1,2.0
0,0,50.187444730633025,complier,0,1,2.0
1,1,51.168804019839655,complier,0,1,2.0
0,0,49.89429523200394,never,0,0,-3.0
0,1,68.54237840142848,always,1,1,12.0
0,0,50.473938241938946,complier,0,1,2.0
1,0,46.54007670045034,never,0,0,-3.0
0,0,48.38474726515395,never,0,0,-3.0
0,0,49.01843044197596,complier,0,1,2.0
1,0,44.23830365796886,never,0,0,-3.0
0,0,44.73583822782218,never,0,0,-3.0
0,1,70.00919229645629,always,1,1,12.0
0,0,49.850991933782176,never,0,0,-3.0
1,0,44.147017690863954,never,0,0,-3.0
1,1,69.66405543277213,always,1,1,12.0
0,0,42.05879922226176,never,0,0,-3.0
0,0,49.83153194371685,never,0,0,-3.0
0,0,50.97847619816191,complier,0,1,2.0
1,1,51.42629110783587,complier,0,1,2.0
0,0,43.176646202239205,never,0,0,-3.0
0,1,66.13897493663299,always,1,1,12.0
1,1,52.685133673516006,complier,0,1,2.0
1,1,49.80035546084916,complier,0,1,2.0
1,1,68.12299301734672,always,1,1,12.0
0,0,46.618022004767965,never,0,0,-3.0
1,1,54.04240808696514,complier,0,1,2.0
1,1,69.13372822543215,always,1,1,12.0
0,1,71.00500290564908,always,1,1,12.0
0,0,47.755732656592635,never,0,0,-3.0
1,1,49.37815830353482,complier,0,1,2.0
1,0,43.569161641575114,never,0,0,-3.0
1,0,46.07928165891207,never,0,0,-3.0
1,1,68.64503540398469,always,1,1,12.0
1,1,67.28046312576924,always,1,1,12.0
1,1,65.13672424041474,always,1,1,12.0
1,1,53.629051671884184,complier,0,1,2.0
1,0,51.02308840170657,never,0,0,-3.0
0,0,50.59775191546068,complier,0,1,2.0
0,0,51.14429627585854,complier,0,1,2.0
0,0,45.9104462787775,never,0,0,-3.0
0,0,49.754293552499135,complier,0,1,2.0
0,0,43.884354321562306,never,0,0,-3.0
1,0,45.695785429883685,never,0,0,-3.0
0,0,49.16212819264431,complier,0,1,2.0
0,0,49.37487574688377,complier,0,1,2.0
1,1,49.81416642606353,complier,0,1,2.0
0,0,45.26050421609207,never,0,0,-3.0
0,1,68.95511331596535,always,1,1,12.0
0,1,66.13261035505147,always,1,1,12.0
1,1,50.58154365985998,complier,0,1,2.0
0,1,70.9737122119958,always,1,1,12.0
0,0,51.41584478429156,complier,0,1,2.0
1,1,48.32495176424911,complier,0,1,2.0
1,1,53.71651682313388,complier,0,1,2.0
1,0,47.09263650849638,never,0,0,-3.0
1,0,47.81389479978051,never,0,0,-3.0
1,1,51.205419717907176,complier,0,1,2.0
1,0,43.59082903054977,never,0,0,-3.0
0,0,46.35773116398435,never,0,0,-3.0
0,0,50.97257371482474,complier,0,1,2.0
1,1,69.28308552240432,always,1,1,12.0
0,0,46.16091205805776,never,0,0,-3.0
1,0,45.19578162312125,never,0,0,-3.0
0,0,49.49872014041166,complier,0,1,2.0
1,0,46.01712485775932,never,0,0,-3.0
0,0,48.85429285653673,complier,0,1,2.0
1,1,71.5921345140684,always,1,1,12.0
0,0,46.885511212199475,complier,0,1,2.0
1,1,52.89934191056974,complier,0,1,2.0
1,1,70.58998241430228,always,1,1,12.0
0,1,69.6682629957023,always,1,1,12.0
1,0,47.120184258652465,never,0,0,-3.0
0,0,49.28910429822303,never,0,0,-3.0
0,1,70.50533311214153,always,1,1,12.0
1,1,72.423465866782,always,1,1,12.0
1,1,71.80331480035802,always,1,1,12.0
0,1,68.83818709190155,always,1,1,12.0
0,1,69.96090334780719,always,1,1,12.0
0,0,43.02351991699894,never,0,0,-3.0
1,1,66.79778866637581,always,1,1,12.0
0,0,52.02941406532401,complier,0,1,2.0
0,1,72.2394947032341,always,1,1,12.0
1,1,52.53645582957079,complier,0,1,2.0
0,1,68.89174020195745,always,1,1,12.0
0,0,50.35270035885775,complier,0,1,2.0
1,0,50.5969122069063,never,0,0,-3.0
1,1,52.58018614531916,complier,0,1,2.0
1,0,47.23351523240786,never,0,0,-3.0
0,0,51.01513283240986,complier,0,1,2.0
1,1,71.83127312203156,always,1,1,12.0
0,1,69.6707781263221,always,1,1,12.0
1,1,48.43800662732658,complier,0,1,2.0
0,0,43.95804981632025,never,0,0,-3.0
1,1,49.27363397651128,complier,0,1,2.0
0,0,50.87785313191745,complier,0,1,2.0
0,0,44.20718161165906,never,0,0,-3.0
1,0,44.55100142541856,never,0,0,-3.0
1,1,51.14813608216623,complier,0,1,2.0
0,0,50.96178476018263,complier,0,1,2.0
0,0,46.269154563887014,never,0,0,-3.0
0,0,48.08135340533384,never,0,0,-3.0
1,1,71.16451590856008,always,1,1,12.0
1,0,48.83629758889009,never,0,0,-3.0
0,0,48.896222365704794,never,0,0,-3.0
1,1,50.64170711365986,complier,0,1,2.0
0,0,47.983383205937905,never,0,0,-3.0
1,1,51.37057914894504,complier,0,1,2.0
1,1,66.3219500237721,always,1,1,12.0
0,0,52.010669480514245,complier,0,1,2.0
1,1,68.29741082857055,always,1,1,12.0
1,1,52.32705430266874,complier,0,1,2.0
1,1,51.40253222817785,complier,0,1,2.0
0,0,53.391539186355075,complier,0,1,2.0
0,0,48.52285359809538,never,0,0,-3.0
1,1,53.981531289482874,complier,0,1,2.0
0,1,68.96396598433505,always,1,1,12.0
1,0,48.03149087325618,never,0,0,-3.0
0,0,45.754478618193716,never,0,0,-3.0
0,1,66.61893851801393,always,1,1,12.0
0,0,51.82487451991917,complier,0,1,2.0
0,1,69.51455142054502,always,1,1,12.0
0,1,65.64838030478926,always,1,1,12.0
0,0,48.30240278092026,complier,0,1,2.0
0,1,70.38214732071846,always,1,1,12.0
1,1,69.48295325927194,always,1,1,12.0
0,0,43.43229929996351,never,0,0,-3.0
0,0,43.56701031474263,never,0,0,-3.0
1,1,73.37932085984637,always,1,1,12.0
1,0,44.1387118990959,never,0,0,-3.0
1,0,43.98574732852095,never,0,0,-3.0
1,1,65.87520239749631,always,1,1,12.0
1,1,49.81286001246639,complier,0,1,2.0
0,1,68.39016108826816,always,1,1,12.0
1,0,49.08152877030458,never,0,0,-3.0
1,1,68.34688348225157,always,1,1,12.0
1,1,54.25643222144222,complier,0,1,2.0
1,1,69.13750186088869,always,1,1,12.0
0,0,45.394543355978186,never,0,0,-3.0
0,0,49.5275396022356,complier,0,1,2.0
1,1,50.378468802489685,complier,0,1,2.0
0,0,45.3071102789141,never,0,0,-3.0
1,0,41.67343040545161,never,0,0,-3.0
1,1,56.06353494447116,complier,0,1,2.0
0,0,45.49077075924733,never,0,0,-3.0
0,0,45.07048868909179,never,0,0,-3.0
1,1,54.86131952044875,complier,0,1,2.0
1,1,71.36503261552429,always,1,1,12.0
0,1,67.37270092941237,always,1,1,12.0
0,1,67.95599254967998,always,1,1,12.0
1,1,51.0439331562126,complier,0,1,2.0
0,0,46.54472153104246,never,0,0,-3.0
0,0,44.81213668325251,never,0,0,-3.0
0,0,50.44766477748047,complier,0,1,2.0
0,0,43.001791981918394,never,0,0,-3.0
0,1,67.77496434882234,always,1,1,12.0
1,1,51.619518423587415,complier,0,1,2.0
0,0,52.29803760076954,complier,0,1,2.0
1,1,49.54422918668047,complier,0,1,2.0
1,0,44.95902236978885,never,0,0,-3.0
0,0,44.7673600950304,never,0,0,-3.0
0,0,47.006837115394866,never,0,0,-3.0
0,0,47.357180416827525,never,0,0,-3.0
0,0,43.28296210266878,never,0,0,-3.0
0,0,53.225991794165196,complier,0,1,2.0
1,0,45.6158606129093,never,0,0,-3.0
0,0,46.39717744748612,never,0,0,-3.0
1,1,70.40968410761279,always,1,1,12.0
0,0,50.51691810493095,complier,0,1,2.0
0,0,44.416737205142155,never,0,0,-3.0
0,0,48.16155990886031,never,0,0,-3.0
0,0,49.25783565095442,complier,0,1,2.0
0,1,69.3602160634777,always,1,1,12.0
0,0,49.37424622301263,complier,0,1,2.0
1,0,50.66550375867756,never,0,0,-3.0
0,0,50.22037887412318,complier,0,1,2.0
1,0,46.04271968710059,never,0,0,-3.0
1,1,50.96296243114189,complier,0,1,2.0
1,0,47.70666645650671,never,0,0,-3.0
0,1,67.60416472636966,always,1,1,12.0
0,1,70.38014673164955,always,1,1,12.0
0,0,49.27602864663958,never,0,0,-3.0
1,1,71.095043619698,always,1,1,12.0
1,0,49.18281918894994,never,0,0,-3.0
0,0,48.14631190984146,never,0,0,-3.0
1,1,67.65542162566598,always,1,1,12.0
0,0,46.031609225664205,never,0,0,-3.0
1,1,70.76345294905285,always,1,1,12.0
0,1,66.74094115032244,always,1,1,12.0
0,1,68.63483246699187,always,1,1,12.0
0,1,71.20526475896658,always,1,1,12.0
0,0,46.67280444739859,never,0,0,-3.0
0,1,67.06900480572281,always,1,1,12.0
0,1,66.13300760907275,always,1,1,12.0
1,1,71.17705267083173,always,1,1,12.0
0,0,44.78669995447195,never,0,0,-3.0
1,0,44.67072519507359,never,0,0,-3.0
0,1,68.99935831849413,always,1,1,12.0
0,1,68.25265543478731,always,1,1,12.0
1,0,47.65021682062546,never,0,0,-3.0
0,0,51.11416738826298,complier,0,1,2.0
1,0,46.89662199332508,never,0,0,-3.0
0,1,68.40883719840434,always,1,1,12.0
0,0,51.35038061510207,complier,0,1,2.0
1,0,44.96657045391223,never,0,0,-3.0
0,1,67.91813325283233,always,1,1,12.0
1,1,70.6077063962298,always,1,1,12.0
1,0,43.998749713707944,never,0,0,-3.0
1,1,52.98040672083591,complier,0,1,2.0
0,1,70.39283766485575,always,1,1,12.0
1,1,52.05319115218407,complier,0,1,2.0
1,1,53.25036376114608,complier,0,1,2.0
0,0,50.70862221978588,complier,0,1,2.0
1,0,43.42425348743054,never,0,0,-3.0
0,0,48.514240681623384,never,0,0,-3.0
0,0,46.48848294879955,never,0,0,-3.0
0,1,69.4245660779621,always,1,1,12.0
0,1,67.43359679098083,always,1,1,12.0
1,1,53.44803356612143,complier,0,1,2.0
0,1,69.28413823582798,always,1,1,12.0
0,0,48.057608467065855,never,0,0,-3.0
0,1,70.20506379222778,always,1,1,12.0
0,0,46.307086598752306,never,0,0,-3.0
0,0,47.37664116740566,never,0,0,-3.0
1,1,67.16125645754181,always,1,1,12.0
0,0,43.70422818782988,never,0,0,-3.0
1,1,52.116477409154655,complier,0,1,2.0
1,1,69.9303673295844,always,1,1,12.0
0,0,51.41575048761358,complier,0,1,2.0
0,0,50.615376913947316,never,0,0,-3.0
1,0,43.68474759986129,never,0,0,-3.0
1,1,66.5916523941258,always,1,1,12.0
0,0,51.83468436909384,never,0,0,-3.0
1,1,72.30090447491166,always,1,1,12.0
0,0,50.419003753723324,complier,0,1,2.0
0,0,50.36797346168342,never,0,0,-3.0
0,1,72.73186602445621,always,1,1,12.0
1,0,47.79762052322675,never,0,0,-3.0
0,1,67.7563369940242,always,1,1,12.0
0,0,47.162876939490125,never,0,0,-3.0
0,0,40.93264557355795,never,0,0,-3.0
1,0,46.52469657628142,never,0,0,-3.0
0,0,46.531280629980245,never,0,0,-3.0
1,1,50.26955474620527,complier,0,1,2.0
0,0,51.13097358909789,complier,0,1,2.0
0,1,68.50189229296564,always,1,1,12.0
1,1,49.619602817215394,complier,0,1,2.0
1,1,68.45628429111223,always,1,1,12.0
0,1,68.6253092320351,always,1,1,12.0
1,1,69.3682540239384,always,1,1,12.0
1,1,49.693599288564,complier,0,1,2.0
0,1,65.82291861146992,always,1,1,12.0
0,0,47.66985442255298,complier,0,1,2.0
0,0,49.57068631316411,complier,0,1,2.0
1,0,42.13860719583447,never,0,0,-3.0
0,0,53.56994620803306,complier,0,1,2.0
0,1,66.28959030775533,always,1,1,12.0
0,0,46.25737999146042,never,0,0,-3.0
0,1,69.42138733962211,always,1,1,12.0
0,1,69.5895810492013,always,1,1,12.0
0,0,43.82354750228164,never,0,0,-3.0
0,1,71.38240579798328,always,1,1,12.0
0,0,47.71418796733811,never,0,0,-3.0
0,0,43.139417964148116,never,0,0,-3.0
0,1,67.47369960275334,always,1,1,12.0
1,1,52.15098432960386,complier,0,1,2.0
1,1,68.09801799308426,always,1,1,12.0
1,1,50.22876416363971,complier,0,1,2.0
0,0,47.087745292222586,never,0,0,-3.0
0,1,72.77269768396563,always,1,1,12.0
0,0,50.310791524161694,complier,0,1,2.0
0,0,49.048791460184006,never,0,0,-3.0
0,1,63.77611568634178,always,1,1,12.0
0,0,47.61783560131371,complier,0,1,2.0
1,1,49.768043058091216,complier,0,1,2.0
1,1,51.6754430038262,complier,0,1,2.0
1,1,66.07525657471798,always,1,1,12.0
1,1,70.3905556343127,always,1,1,12.0
1,1,68.98539275716543,always,1,1,12.0
0,0,49.73693563155975,complier,0,1,2.0
1,0,46.02151013444602,never,0,0,-3.0
0,0,47.42588374926581,complier,0,1,2.0
1,1,69.10624477897426,always,1,1,12.0
0,1,68.1472507725004,always,1,1,12.0
1,1,50.24591418153624,complier,0,1,2.0
0,1,68.89409541193228,always,1,1,12.0
0,0,45.09831572238907,never,0,0,-3.0
0,0,46.34623348985595,never,0,0,-3.0
0,0,51.81086598770864,complier,0,1,2.0
0,0,49.10188437289233,never,0,0,-3.0
0,0,46.102031848154866,complier,0,1,2.0
1,1,50.56030700037961,complier,0,1,2.0
0,0,44.902787768994784,never,0,0,-3.0
1,0,47.21895745441422,never,0,0,-3.0
1,1,68.11645283558596,always,1,1,12.0
1,1,72.02775748972482,always,1,1,12.0
0,1,67.68496212112885,always,1,1,12.0
0,0,48.421741889604995,complier,0,1,2.0
0,1,68.84237494675605,always,1,1,12.0
0,0,48.79991757822312,complier,0,1,2.0
0,0,50.557774706013134,complier,0,1,2.0
1,1,52.50804117099959,complier,0,1,2.0
0,0,51.91620310788973,complier,0,1,2.0
0,0,53.15402481943441,complier,0,1,2.0
0,1,69.98295491504042,always,1,1,12.0
0,1,70.3303092293994,always,1,1,12.0
0,0,51.79792731632041,complier,0,1,2.0
1,1,55.30255278016766,complier,0,1,2.0
0,0,49.72045197938255,complier,0,1,2.0
0,1,65.06428757463343,always,1,1,12.0
0,0,50.616172931053455,complier,0,1,2.0
1,0,46.49857057580104,never,0,0,-3.0
1,0,44.61240395878928,never,0,0,-3.0
0,0,45.25597305150907,never,0,0,-3.0
0,0,46.5145318448494,never,0,0,-3.0
1,0,47.884253582898246,never,0,0,-3.0
1,1,66.91607842251638,always,1,1,12.0
1,0,42.29556460802197,never,0,0,-3.0
1,1,52.19598866508716,complier,0,1,2.0
1,1,67.42582651147141,always,1,1,12.0
1,1,70.38056813118324,always,1,1,12.0
1,1,70.7444158046131,always,1,1,12.0
0,0,42.74441454375055,never,0,0,-3.0
1,0,48.02082660731578,never,0,0,-3.0
1,0,48.03976218167719,never,0,0,-3.0
1,1,53.41176909590766,complier,0,1,2.0
1,1,68.59731744137889,always,1,1,12.0
1,1,64.45174696582777,always,1,1,12.0
0,0,49.584512904864425,never,0,0,-3.0
1,1,51.005257823297214,complier,0,1,2.0
0,0,46.411034088169515,never,0,0,-3.0
0,0,45.291357767465115,never,0,0,-3.0
1,0,44.830708804644765,never,0,0,-3.0
1,1,53.70970314471834,complier,0,1,2.0
1,1,73.53073098473354,always,1,1,12.0
0,0,45.26266605409281,never,0,0,-3.0
0,0,44.017553078038716,never,0,0,-3.0
1,0,42.26753399039027,never,0,0,-3.0
0,0,47.4006522106004,complier,0,1,2.0
0,1,69.34076384902279,always,1,1,12.0
0,0,47.291421645297106,complier,0,1,2.0
1,1,51.884526523179446,complier,0,1,2.0
1,0,45.25075034271116,never,0,0,-3.0
0,1,69.37968732081544,always,1,1,12.0
0,0,43.434465316890645,never,0,0,-3.0
0,0,54.03393719496646,complier,0,1,2.0
0,0,48.41436216591686,never,0,0,-3.0
0,0,46.998589743241475,never,0,0,-3.0
1,1,53.346393639052124,complier,0,1,2.0
0,0,46.128863668987975,never,0,0,-3.0
1,0,45.73253677084626,never,0,0,-3.0
1,1,69.53102544784382,always,1,1,12.0
0,0,47.60137676787861,never,0,0,-3.0
1,1,48.10189386575704,complier,0,1,2.0
0,0,50.14907980883787,complier,0,1,2.0
0,0,48.26670608401288,complier,0,1,2.0
0,1,72.97983129671552,always,1,1,12.0
1,0,48.65450236285832,never,0,0,-3.0
1,1,52.6260936723499,complier,0,1,2.0
1,1,53.86082467541692,complier,0,1,2.0
1,1,54.28676071945095,complier,0,1,2.0
1,1,52.872016601644205,complier,0,1,2.0
1,0,43.79614920273421,never,0,0,-3.0
0,1,70.98440409095647,always,1,1,12.0
1,0,40.10923337827851,never,0,0,-3.0
1,0,45.68575715609911,never,0,0,-3.0
0,0,48.32922386644154,never,0,0,-3.0
1,1,71.86768632607227,always,1,1,12.0
0,0,51.48966277115694,complier,0,1,2.0
1,1,54.39392002208995,complier,0,1,2.0
1,0,44.67776582839855,never,0,0,-3.0
0,1,70.76178268042828,always,1,1,12.0
1,1,70.83564328413493,always,1,1,12.0
1,0,47.67457887367909,never,0,0,-3.0
1,0,44.766760097052455,never,0,0,-3.0
0,0,45.85890766558129,never,0,0,-3.0
1,1,52.55262271070583,complier,0,1,2.0
0,0,47.778013039422255,complier,0,1,2.0
0,1,68.96214259793909,always,1,1,12.0
1,1,71.67214952240602,always,1,1,12.0
1,0,44.960566041189075,never,0,0,-3.0
0,0,44.46706515929487,never,0,0,-3.0
0,0,46.952151589190215,never,0,0,-3.0
1,0,46.32671268280309,never,0,0,-3.0
1,1,51.964831003772005,complier,0,1,2.0
1,1,67.1526367573192,always,1,1,12.0
1,1,68.17575882673943,always,1,1,12.0
1,0,45.66164185563227,never,0,0,-3.0
1,1,68.66528236809395,always,1,1,12.0
0,1,67.50138107637622,always,1,1,12.0
0,1,64.55692362300852,always,1,1,12.0
0,0,47.16159742878002,never,0,0,-3.0
1,0,44.36639205584338,never,0,0,-3.0
1,1,72.78880341298424,always,1,1,12.0
0,1,70.9169017975278,always,1,1,12.0
1,1,53.49957308158946,complier,0,1,2.0
1,1,70.03805630032308,always,1,1,12.0
1,0,47.77182401467453,never,0,0,-3.0
0,0,49.5088053348712,complier,0,1,2.0
0,0,48.820052364193835,complier,0,1,2.0
1,0,45.37996397539102,never,0,0,-3.0
1,0,46.20246682827569,never,0,0,-3.0
0,0,47.68027588339017,never,0,0,-3.0
0,1,68.74615281564698,always,1,1,12.0
1,0,47.4684330568046,never,0,0,-3.0
0,0,47.104299947247114,never,0,0,-3.0
0,0,45.94352669723127,never,0,0,-3.0
1,1,69.31802285970925,always,1,1,12.0
0,0,52.81817976520668,complier,0,1,2.0
0,1,69.38607734343896,always,1,1,12.0
1,1,46.89765491326838,complier,0,1,2.0
1,1,52.07576645484964,complier,0,1,2.0
0,1,70.79823604466795,always,1,1,12.0
1,0,47.70615261029488,never,0,0,-3.0
0,0,45.956331404434614,never,0,0,-3.0
0,1,69.1949353280734,always,1,1,12.0
1,0,45.21803482394728,never,0,0,-3.0
0,0,45.01875113654082,never,0,0,-3.0
1,1,51.86048201079369,complier,0,1,2.0
0,0,46.8040304173227,never,0,0,-3.0
0,0,43.85179306597442,never,0,0,-3.0
1,1,67.51109989949693,always,1,1,12.0
1,1,69.56562686235364,always,1,1,12.0
0,0,50.529382499772304,complier,0,1,2.0
1,0,46.59433423458121,never,0,0,-3.0
1,1,68.84446841632229,always,1,1,12.0
0,0,49.584097991410395,never,0,0,-3.0
0,0,52.36942194416641,complier,0,1,2.0
1,1,53.27103979197604,complier,0,1,2.0
1,0,48.61406644827442,never,0,0,-3.0
0,1,69.77780777871133,always,1,1,12.0
0,0,44.38768301445343,never,0,0,-3.0
1,1,70.5179576077022,always,1,1,12.0
1,0,47.49286952407493,never,0,0,-3.0
0,0,48.930223317485975,complier,0,1,2.0
0,0,48.674767901738505,complier,0,1,2.0
0,1,68.88537601475257,always,1,1,12.0
0,1,69.49968103030996,always,1,1,12.0
0,1,69.85132660104574,always,1,1,12.0
0,0,53.62723228189508,complier,0,1,2.0
0,0,46.69563917926997,never,0,0,-3.0
0,0,49.81791752055698,complier,0,1,2.0
1,0,45.668196351255176,never,0,0,-3.0
0,0,44.8929501039312,never,0,0,-3.0
1,0,47.2291650078194,never,0,0,-3.0
0,0,46.18519046766107,never,0,0,-3.0
1,1,48.55989876185033,complier,0,1,2.0
1,1,54.6457929258733,complier,0,1,2.0
0,1,66.01303964378562,always,1,1,12.0
0,0,49.71999186751565,complier,0,1,2.0
0,0,44.98084484890344,never,0,0,-3.0
0,0,50.67230135638033,complier,0,1,2.0
1,0,45.68454296509803,never,0,0,-3.0
0,0,45.59678910967432,never,0,0,-3.0
0,0,44.491876322775674,never,0,0,-3.0
0,0,47.425513579107914,complier,0,1,2.0
1,0,46.53459802347942,never,0,0,-3.0
1,1,52.379140997407006,complier,0,1,2.0
1,0,47.36204878660277,never,0,0,-3.0
0,0,51.706055280554295,complier,0,1,2.0
1,1,52.34821289783322,complier,0,1,2.0
0,1,66.32528896569205,always,1,1,12.0
1,0,43.526860074780444,never,0,0,-3.0
1,0,45.44539624895175,never,0,0,-3.0
1,1,69.09028000322007,always,1,1,12.0
0,0,49.808139615173246,never,0,0,-3.0
1,0,47.61542038082022,never,0,0,-3.0
1,1,52.675531183366395,complier,0,1,2.0
0,0,51.60385341274199,complier,0,1,2.0
0,0,48.432577591098166,complier,0,1,2.0
1,1,51.92492134718482,complier,0,1,2.0
0,0,45.81873585978509,never,0,0,-3.0
0,0,46.71167849044282,never,0,0,-3.0
1,0,48.86390456894147,never,0,0,-3.0
0,0,48.87070805774664,never,0,0,-3.0
1,0,43.34456381830571,never,0,0,-3.0
1,0,43.52242914454837,never,0,0,-3.0
0,0,50.67769366260094,complier,0,1,2.0
1,1,49.148020222852224,complier,0,1,2.0
0,0,46.11128733737974,never,0,0,-3.0
0,1,68.04803399692896,always,1,1,12.0
1,1,69.13531711190707,always,1,1,12.0
0,0,49.46103812802836,complier,0,1,2.0
0,0,43.08865245635347,never,0,0,-3.0
0,0,44.52143474288194,never,0,0,-3.0
0,0,52.99513396970005,complier,0,1,2.0
1,1,51.08187157993057,complier,0,1,2.0
0,0,48.758541917601605,never,0,0,-3.0
1,1,50.7218769463437,complier,0,1,2.0
0,0,48.043804730259325,never,0,0,-3.0
1,0,45.96252686516071,never,0,0,-3.0
0,0,43.61259718316509,never,0,0,-3.0
0,0,45.14205223977639,complier,0,1,2.0
0,0,48.512192798493224,complier,0,1,2.0
0,1,67.84991908565091,always,1,1,12.0
1,1,70.15167098644419,always,1,1,12.0
1,0,45.4650865168509,never,0,0,-3.0
0,0,46.80052389669553,never,0,0,-3.0
1,1,57.30405966937809,complier,0,1,2.0
1,1,68.54091731649119,always,1,1,12.0
1,1,51.779889490575655,complier,0,1,2.0
1,0,44.30395687631072,never,0,0,-3.0
1,1,51.418695233419,complier,0,1,2.0
1,0,46.57586901402451,never,0,0,-3.0
1,1,50.48192575342835,complier,0,1,2.0
0,0,46.474384024660516,never,0,0,-3.0
1,1,69.46442488772635,always,1,1,12.0
0,0,50.905565678243924,complier,0,1,2.0
0,0,45.22763470826341,never,0,0,-3.0
0,0,43.19778919290432,never,0,0,-3.0
0,0,45.929634551349714,never,0,0,-3.0
0,0,47.28047548852706,never,0,0,-3.0
0,0,44.49383206473888,never,0,0,-3.0
0,0,52.34051261453426,complier,0,1,2.0
0,0,49.67877702602481,complier,0,1,2.0
1,1,51.38908196816341,complier,0,1,2.0
1,0,46.68386121897908,never,0,0,-3.0
1,1,50.20458796088581,complier,0,1,2.0
0,0,48.27740020174333,complier,0,1,2.0
1,1,53.61918755258917,complier,0,1,2.0
1,1,68.93011545608135,always,1,1,12.0
1,0,41.82074139580117,never,0,0,-3.0
0,1,65.52375474130683,always,1,1,12.0
0,0,48.67400854412153,never,0,0,-3.0
0,0,45.22696413974361,never,0,0,-3.0
0,0,52.109851546735186,complier,0,1,2.0
0,0,42.868403737834356,never,0,0,-3.0
1,1,52.679120205678,complier,0,1,2.0
1,0,48.04603821469613,never,0,0,-3.0
0,0,50.729374463739234,complier,0,1,2.0
0,0,45.42119753269298,never,0,0,-3.0
0,0,49.72105355576645,complier,0,1,2.0
1,1,70.63099952818253,always,1,1,12.0
1,0,49.75733722689929,never,0,0,-3.0
0,0,47.00809347926669,never,0,0,-3.0
0,0,48.90882126329761,complier,0,1,2.0
0,0,45.55630731654872,never,0,0,-3.0
1,0,47.2116998458011,never,0,0,-3.0
1,1,54.75555285602135,complier,0,1,2.0
1,1,68.66531922717489,always,1,1,12.0
0,0,45.541609158412555,never,0,0,-3.0
0,0,43.4980899705731,never,0,0,-3.0
0,0,47.58414817309441,never,0,0,-3.0
0,0,45.41566686876797,never,0,0,-3.0
1,1,46.67962720589212,complier,0,1,2.0
1,0,47.121456601890586,never,0,0,-3.0
1,1,68.7452706454612,always,1,1,12.0
0,0,49.43970437803174,never,0,0,-3.0
1,1,67.86534872112401,always,1,1,12.0
1,0,45.797973364538166,never,0,0,-3.0
0,0,49.964350415314435,complier,0,1,2.0
1,0,47.574629439350964,never,0,0,-3.0
1,0,46.128154663299505,never,0,0,-3.0
0,1,68.174658714064,always,1,1,12.0
0,1,65.67701522009591,always,1,1,12.0
0,0,45.673705771372035,never,0,0,-3.0
0,0,46.74917869269505,never,0,0,-3.0
0,0,51.3915886555804,complier,0,1,2.0
1,0,46.81892989419232,never,0,0,-3.0
1,1,53.82841617961959,complier,0,1,2.0
1,1,69.74772598703989,always,1,1,12.0
0,0,44.66995387811582,never,0,0,-3.0
0,1,70.5366910658894,always,1,1,12.0
0,0,51.252629663371614,complier,0,1,2.0
1,1,51.972181387547614,complier,0,1,2.0
0,0,49.28298416099233,never,0,0,-3.0
0,0,50.8745151083531,complier,0,1,2.0
0,0,45.827790619590914,never,0,0,-3.0
1,0,44.78387467162226,never,0,0,-3.0
1,1,52.76642477083171,complier,0,1,2.0
1,0,44.88116419683953,never,0,0,-3.0
0,0,48.64435132641965,never,0,0,-3.0
0,0,40.25462540598217,never,0,0,-3.0
0,1,68.13212928086504,always,1,1,12.0
1,0,45.29191865646349,never,0,0,-3.0
0,0,49.55885212399099,never,0,0,-3.0
0,0,42.60048810480766,never,0,0,-3.0
0,0,44.64451804013054,never,0,0,-3.0
0,1,69.52918654976399,always,1,1,12.0
1,1,50.60528907461954,complier,0,1,2.0
1,0,47.5833617149497,never,0,0,-3.0
0,0,46.48732817870928,never,0,0,-3.0
1,1,50.99364983437678,complier,0,1,2.0
1,1,53.67481184257399,complier,0,1,2.0
0,1,70.40280036327914,always,1,1,12.0
0,0,47.565684666310915,complier,0,1,2.0
1,0,48.16193890721109,never,0,0,-3.0
0,1,67.01502672851564,always,1,1,12.0
0,0,46.02609903251815,never,0,0,-3.0
0,0,51.697715731392606,complier,0,1,2.0
1,1,68.3319260034823,always,1,1,12.0
0,1,67.11358867908801,always,1,1,12.0
0,0,49.3629503688439,complier,0,1,2.0
1,1,47.825679635877826,complier,0,1,2.0
0,1,67.37649818725505,always,1,1,12.0
1,0,46.23006290510885,never,0,0,-3.0
0,0,48.32008909859965,complier,0,1,2.0
1,1,51.10723228061393,complier,0,1,2.0
1,0,45.74700765838321,never,0,0,-3.0
0,1,67.9530681395828,always,1,1,12.0
1,1,52.74685678732364,complier,0,1,2.0
0,1,68.7405402019602,always,1,1,12.0
0,0,48.71318639162757,complier,0,1,2.0
0,0,44.334586786661454,never,0,0,-3.0
0,0,47.265872195493266,never,0,0,-3.0
0,0,46.35126891067451,never,0,0,-3.0
0,1,70.12303815029175,always,1,1,12.0
0,1,68.51240664221852,always,1,1,12.0
1,0,45.750944046009316,never,0,0,-3.0
0,0,47.08119078042246,never,0,0,-3.0
0,0,45.106894706187376,complier,0,1,2.0
0,0,51.507330316645536,complier,0,1,2.0
1,0,43.65183935871957,never,0,0,-3.0
1,1,50.36352972849369,complier,0,1,2.0
1,0,46.79194634219346,never,0,0,-3.0
0,1,70.15906918188504,always,1,1,12.0
1,0,43.36752924184599,never,0,0,-3.0
1,0,49.64480473347313,never,0,0,-3.0
0,0,46.46526066169627,never,0,0,-3.0
0,0,44.6865082694941,never,0,0,-3.0
1,1,53.30679665734413,complier,0,1,2.0
1,0,44.194936813824334,never,0,0,-3.0
1,1,69.69906352544898,always,1,1,12.0
0,1,67.9178924403051,always,1,1,12.0
1,0,45.358757583396866,never,0,0,-3.0
0,0,43.849774037261845,never,0,0,-3.0
0,0,44.7453110167106,never,0,0,-3.0
0,0,51.95864125248225,never,0,0,-3.0
1,0,44.23919608462641,never,0,0,-3.0
1,0,47.88500811360833,never,0,0,-3.0
0,0,52.15877740254652,complier,0,1,2.0
1,1,67.67220108745165,always,1,1,12.0
1,0,42.32207611771145,never,0,0,-3.0
0,1,67.55879785152614,always,1,1,12.0
1,0,43.18385266110591,never,0,0,-3.0
0,1,71.85556536197431,always,1,1,12.0
0,0,48.857799996989506,never,0,0,-3.0
0,0,43.00496019803415,never,0,0,-3.0
1,0,46.764326081139515,never,0,0,-3.0
0,0,44.329889304906615,never,0,0,-3.0
0,0,49.393644061756184,complier,0,1,2.0
0,0,53.754006691266255,complier,0,1,2.0
0,0,49.93609869660904,complier,0,1,2.0
1,1,64.54314870409898,always,1,1,12.0
0,0,44.95244516746121,never,0,0,-3.0
1,0,43.485654267795454,never,0,0,-3.0
0,0,44.411594549446775,never,0,0,-3.0
0,1,71.78677902633207,always,1,1,12.0
0,0,52.53549623369303,complier,0,1,2.0
1,1,50.704475152277936,complier,0,1,2.0
0,0,45.24710593056018,never,0,0,-3.0
1,0,48.011756144125755,never,0,0,-3.0
0,0,43.78552820849158,never,0,0,-3.0
1,1,53.87684776979035,complier,0,1,2.0
1,0,43.11784231820677,never,0,0,-3.0
0,1,69.27928713193668,always,1,1,12.0
1,0,47.25133929727257,never,0,0,-3.0
0,0,46.05693968552471,never,0,0,-3.0
1,0,45.909193006486824,never,0,0,-3.0
0,1,68.13068715231091,always,1,1,12.0
1,1,53.75120876621337,complier,0,1,2.0
1,1,69.18112063681286,always,1,1,12.0
1,0,48.03929963930671,never,0,0,-3.0
0,0,50.06031088204191,complier,0,1,2.0
0,0,48.63102620091433,complier,0,1,2.0
0,1,72.48381250784912,always,1,1,12.0
0,1,71.36324638861271,always,1,1,12.0
1,1,49.50327689284368,complier,0,1,2.0
1,1,68.77803830658057,always,1,1,12.0
0,0,52.304197018979316,complier,0,1,2.0
1,1,69.83857134702293,always,1,1,12.0
1,1,66.75996360898023,always,1,1,12.0
1,0,45.61497783115444,never,0,0,-3.0
0,1,70.43779210360928,always,1,1,12.0
1,0,46.13647948578267,never,0,0,-3.0
0,0,48.726170984681985,never,0,0,-3.0
0,0,47.34214527807144,never,0,0,-3.0
0,0,50.916921127674144,complier,0,1,2.0
1,0,45.17596264832234,never,0,0,-3.0
1,0,46.00768274254851,never,0,0,-3.0
1,0,46.068512663603,never,0,0,-3.0
1,1,55.7687722714523,complier,0,1,2.0
0,0,45.34804971253154,never,0,0,-3.0
1,1,52.04897502349,complier,0,1,2.0
0,0,48.100102364923735,never,0,0,-3.0
0,1,67.07216895965057,always,1,1,12.0
0,0,45.14516528691782,never,0,0,-3.0
1,1,72.8303303139114,always,1,1,12.0
0,0,47.36789671422899,never,0,0,-3.0
1,1,65.69925893718677,always,1,1,12.0
1,0,41.4167438780432,never,0,0,-3.0
0,1,65.40411836534959,always,1,1,12.0
1,1,71.86330638686782,always,1,1,12.0
1,1,49.267059731137394,complier,0,1,2.0
0,1,73.00969535385144,always,1,1,12.0
1,1,70.43941774949104,always,1,1,12.0
0,1,67.12866898740121,always,1,1,12.0
1,1,44.87265319568114,complier,0,1,2.0
0,1,71.54328280581612,always,1,1,12.0
1,1,49.22620505878448,complier,0,1,2.0
0,0,45.559146019152834,never,0,0,-3.0
1,0,44.14674187280527,never,0,0,-3.0
0,1,70.55469298722848,always,1,1,12.0
1,0,45.803932830155425,never,0,0,-3.0
0,1,69.39725461735254,always,1,1,12.0
1,1,70.69086483494608,always,1,1,12.0
0,0,50.59090972810999,complier,0,1,2.0
0,0,43.04509289892165,never,0,0,-3.0
1,1,68.96029644060326,always,1,1,12.0
1,1,51.05435250450532,complier,0,1,2.0
0,0,52.460122167230736,complier,0,1,2.0
1,0,43.46056895414275,never,0,0,-3.0
0,1,71.00819187720269,always,1,1,12.0
0,1,67.08733339079731,always,1,1,12.0
0,0,42.45068225257479,never,0,0,-3.0
0,0,48.68009143566011,complier,0,1,2.0
0,0,49.641765719271504,never,0,0,-3.0
0,0,45.874594592040715,complier,0,1,2.0
1,0,46.271536188900804,never,0,0,-3.0
1,1,50.12986373836617,complier,0,1,2.0
1,0,49.37166170277237,never,0,0,-3.0
1,1,49.240478313343395,complier,0,1,2.0
0,0,49.576246879248586,complier,0,1,2.0
1,0,45.5231258645051,never,0,0,-3.0
1,0,49.17538974289645,never,0,0,-3.0
0,1,70.57975094534206,always,1,1,12.0
1,1,71.23654835936935,always,1,1,12.0
0,0,46.30837793542031,never,0,0,-3.0
0,0,42.69867959086747,never,0,0,-3.0
1,1,52.26159415848298,complier,0,1,2.0
0,1,70.24929834684116,always,1,1,12.0
0,0,45.228400834346736,never,0,0,-3.0
1,1,69.69673309190235,always,1,1,12.0
0,0,46.15344680257318,never,0,0,-3.0
1,0,45.279106550539616,never,0,0,-3.0
1,0,46.49771991701327,never,0,0,-3.0
0,0,49.939204417502765,never,0,0,-3.0
1,0,48.09452503409375,never,0,0,-3.0
1,1,55.24488935677176,complier,0,1,2.0
1,1,71.50798099449587,always,1,1,12.0
0,1,69.00142376041305,always,1,1,12.0
1,0,43.603761765772724,never,0,0,-3.0
1,1,67.35453120513546,always,1,1,12.0
1,1,69.2347618683433,always,1,1,12.0
1,1,69.74220585733147,always,1,1,12.0
1,0,42.92915334898806,never,0,0,-3.0
1,1,71.64278551634709,always,1,1,12.0
1,1,50.338196805148975,complier,0,1,2.0
0,1,68.57754941620793,always,1,1,12.0
0,1,69.33558255235,always,1,1,12.0
1,0,47.04968412209247,never,0,0,-3.0
0,0,46.85684500345698,never,0,0,-3.0
0,0,51.45677608162419,complier,0,1,2.0
1,0,50.89843309953135,never,0,0,-3.0
1,0,45.143461569300925,never,0,0,-3.0
1,0,45.86738042566495,never,0,0,-3.0
1,0,44.98414966763902,never,0,0,-3.0
0,0,47.250837466011845,never,0,0,-3.0
1,1,70.64063316121597,always,1,1,12.0
1,1,73.39264745495254,always,1,1,12.0
1,0,46.95404335712801,never,0,0,-3.0
1,1,50.8666467302221,complier,0,1,2.0
0,1,69.53843720150653,always,1,1,12.0
0,0,45.91646406433507,never,0,0,-3.0
0,0,48.55509160548698,never,0,0,-3.0
0,0,48.18965742062966,never,0,0,-3.0
0,1,68.76832606707892,always,1,1,12.0
0,1,69.98650401159269,always,1,1,12.0
0,1,65.27854436001513,always,1,1,12.0
0,1,67.59140459046984,always,1,1,12.0
1,1,56.14691613643242,complier,0,1,2.0
1,0,47.56513706832754,never,0,0,-3.0
0,0,50.82458069966078,complier,0,1,2.0
1,1,67.83997768522684,always,1,1,12.0
1,0,47.99313863668889,never,0,0,-3.0
1,1,54.590883461878185,complier,0,1,2.0
1,1,68.30539959810761,always,1,1,12.0
1,1,53.10292354132927,complier,0,1,2.0
1,1,51.56086466942409,complier,0,1,2.0
0,1,66.6019176505659,always,1,1,12.0
1,0,48.556198370491956,never,0,0,-3.0
1,0,46.398951335545284,never,0,0,-3.0
0,0,45.1420813232153,never,0,0,-3.0
0,1,70.47684653759246,always,1,1,12.0
1,1,70.71844635742697,always,1,1,12.0
1,1,52.74625483234279,complier,0,1,2.0
1,1,51.916717170291385,complier,0,1,2.0
1,1,49.32374024728032,complier,0,1,2.0
0,0,50.8207689406732,complier,0,1,2.0
0,0,50.05649599230505,complier,0,1,2.0
0,0,44.826218071411525,never,0,0,-3.0
1,1,51.22665817136971,complier,0,1,2.0
1,0,45.51079488889512,never,0,0,-3.0
1,1,71.13296968617614,always,1,1,12.0
1,1,68.7094725232283,always,1,1,12.0
1,0,45.56035933010216,never,0,0,-3.0
1,0,44.52523085836652,never,0,0,-3.0
0,1,70.68778429287303,always,1,1,12.0
1,0,45.93320964356864,never,0,0,-3.0
0,0,52.95703476303279,complier,0,1,2.0
0,0,46.02789207381943,never,0,0,-3.0
1,0,43.74467500787908,never,0,0,-3.0
1,0,46.64553225236792,never,0,0,-3.0
1,0,46.766742451177905,never,0,0,-3.0
1,1,54.25228832066499,complier,0,1,2.0
0,1,71.99713587399,always,1,1,12.0
1,0,47.38089826922052,never,0,0,-3.0
1,1,51.59691838400074,complier,0,1,2.0
0,1,67.12576422030557,always,1,1,12.0
1,0,44.10376344216879,never,0,0,-3.0
1,1,71.05809341593353,always,1,1,12.0
0,1,68.54585505345752,always,1,1,12.0
1,0,44.619809875291516,never,0,0,-3.0
1,1,71.4783817031671,always,1,1,12.0
0,1,67.75829101833078,always,1,1,12.0
0,0,48.52976584314226,never,0,0,-3.0
0,0,46.573200332354126,complier,0,1,2.0
1,1,67.96628233794394,always,1,1,12.0
1,1,52.029884140042476,complier,0,1,2.0
0,0,48.69105905987448,complier,0,1,2.0
1,0,47.345961619819924,never,0,0,-3.0
1,1,54.57265384993607,complier,0,1,2.0
1,1,52.01402352666939,complier,0,1,2.0
0,0,50.38188097000122,complier,0,1,2.0
0,1,65.85240345396394,always,1,1,12.0
1,1,68.1323058040647,always,1,1,12.0
1,1,73.10920324606403,always,1,1,12.0
1,0,46.897940854301964,never,0,0,-3.0
0,0,50.638034397777716,complier,0,1,2.0
0,0,49.98642692734679,never,0,0,-3.0
0,1,66.41902982333939,always,1,1,12.0
1,1,69.03349043327862,always,1,1,12.0
1,0,45.16471914624867,never,0,0,-3.0
0,0,46.14725797923068,never,0,0,-3.0
0,0,45.886178153124476,never,0,0,-3.0
1,1,66.9672043049382,always,1,1,12.0
0,1,68.27779992694386,always,1,1,12.0
1,1,66.38778086964864,always,1,1,12.0
1,1,52.195360671503565,complier,0,1,2.0
0,0,45.20219639414261,never,0,0,-3.0
0,0,51.06089490559781,complier,0,1,2.0
0,1,66.9443334638029,always,1,1,12.0
1,1,73.43838970428632,always,1,1,12.0
1,1,71.02277952727181,always,1,1,12.0
1,1,50.59879180874025,complier,0,1,2.0
0,0,51.11311208079579,complier,0,1,2.0
0,1,67.11767128215347,always,1,1,12.0
1,0,48.01159707632047,never,0,0,-3.0
0,1,67.42647946015578,always,1,1,12.0
0,0,49.88284218305457,complier,0,1,2.0
0,0,47.446765508416235,never,0,0,-3.0
1,1,54.493018474923964,complier,0,1,2.0
1,0,45.10279729520911,never,0,0,-3.0
1,1,70.22142784714923,always,1,1,12.0
0,0,47.1363331680279,never,0,0,-3.0
0,0,46.55509709712565,never,0,0,-3.0
1,1,54.84226000047444,complier,0,1,2.0
1,1,67.7152258330183,always,1,1,12.0
0,0,47.88359776238812,complier,0,1,2.0
1,1,65.91699552884506,always,1,1,12.0
1,1,50.87320612333675,complier,0,1,2.0
1,0,41.821931482405915,never,0,0,-3.0
1,0,47.498457949333925,never,0,0,-3.0
1,1,65.87669000390225,always,1,1,12.0
1,1,51.29531770069622,complier,0,1,2.0
1,0,46.85401926871927,never,0,0,-3.0
1,1,71.3810884818073,always,1,1,12.0
0,0,47.264504811507756,never,0,0,-3.0
1,1,68.66918335221663,always,1,1,12.0
1,1,70.51893191217953,always,1,1,12.0
1,1,73.22205633643365,always,1,1,12.0
0,0,51.532000493259716,complier,0,1,2.0
0,0,45.56076225187032,never,0,0,-3.0
1,0,45.177109399202294,never,0,0,-3.0
1,0,45.89817970272326,never,0,0,-3.0
1,1,54.594879814814234,complier,0,1,2.0
1,1,73.39548507538208,always,1,1,12.0
0,0,52.79240216127958,complier,0,1,2.0
1,0,44.840430250697345,never,0,0,-3.0
1,0,46.921485399356996,never,0,0,-3.0
0,0,54.3066054350066,complier,0,1,2.0
0,1,67.83403150310374,always,1,1,12.0
1,1,68.9811699649976,always,1,1,12.0
1,1,69.59513785007347,always,1,1,12.0
1,0,42.438534249090296,never,0,0,-3.0
1,0,50.80329404028075,never,0,0,-3.0
1,1,70.67848561421181,always,1,1,12.0
0,0,48.845073684637235,never,0,0,-3.0
1,1,51.83737933858079,complier,0,1,2.0
1,1,54.24245798103618,complier,0,1,2.0
1,0,46.12478269798767,never,0,0,-3.0
1,1,53.81961282058204,complier,0,1,2.0
0,0,47.28853175239156,never,0,0,-3.0
1,1,65.96881234412687,always,1,1,12.0
1,1,54.158442544153594,complier,0,1,2.0
0,0,49.10424428214113,complier,0,1,2.0
1,1,55.39543320680789,complier,0,1,2.0
1,1,50.04193113672677,complier,0,1,2.0
1,0,49.64112444845652,never,0,0,-3.0
0,0,48.16771994291742,never,0,0,-3.0
0,1,72.91781775439496,always,1,1,12.0
1,1,68.51385411554516,always,1,1,12.0
0,0,48.04744742320372,never,0,0,-3.0
0,0,45.36555882111975,never,0,0,-3.0
1,0,47.90691909072823,never,0,0,-3.0
1,0,44.41664415103205,never,0,0,-3.0
0,1,68.62705748454422,always,1,1,12.0
1,1,71.78516855395203,always,1,1,12.0
1,1,49.26285726981452,complier,0,1,2.0
0,0,47.53548380159636,never,0,0,-3.0
0,1,69.16155360107963,always,1,1,12.0
1,0,44.10953216023145,never,0,0,-3.0
1,1,51.06816888193656,complier,0,1,2.0
0,1,64.93246332530858,always,1,1,12.0
0,0,46.223102232725,never,0,0,-3.0
1,1,52.05103053293811,complier,0,1,2.0
1,1,69.29340438852982,always,1,1,12.0
0,0,47.23215048011142,never,0,0,-3.0
0,0,49.06511469496063,never,0,0,-3.0
0,0,50.431785402718596,complier,0,1,2.0
0,0,52.22028698336595,complier,0,1,2.0
1,1,52.33912174436069,complier,0,1,2.0
0,1,68.54956366652803,always,1,1,12.0
1,1,50.79027139679907,complier,0,1,2.0
1,0,45.96128567840762,never,0,0,-3.0
1,1,67.28358277284146,always,1,1,12.0
1,1,67.6811002968048,always,1,1,12.0
0,1,69.55668775005822,always,1,1,12.0
0,1,70.00564981810844,always,1,1,12.0
0,0,50.77012597535963,complier,0,1,2.0
1,1,69.2821803587823,always,1,1,12.0
0,1,66.29443674258228,always,1,1,12.0
0,0,49.43700552487343,complier,0,1,2.0
1,0,43.79528721763821,never,0,0,-3.0
0,0,47.18619330537848,complier,0,1,2.0
0,1,66.07739089986424,always,1,1,12.0
0,0,44.02974408508268,never,0,0,-3.0
1,1,70.4078807165732,always,1,1,12.0
0,0,45.233692982851075,never,0,0,-3.0
0,0,48.48206050326714,complier,0,1,2.0
1,0,44.2213595189564,never,0,0,-3.0
1,1,52.68373975221593,complier,0,1,2.0
1,0,47.35616193854954,never,0,0,-3.0
1,1,52.352727479293144,complier,0,1,2.0
0,0,48.8340547701275,complier,0,1,2.0
1,0,43.93781135827299,never,0,0,-3.0
1,1,69.5396402992536,always,1,1,12.0
1,1,73.23589446646108,always,1,1,12.0
0,1,68.17849115353529,always,1,1,12.0
1,1,70.18237454519222,always,1,1,12.0
1,0,41.416587129093834,never,0,0,-3.0
1,1,71.45603890430318,always,1,1,12.0
0,0,45.12119659559318,never,0,0,-3.0
0,0,42.783891517377356,never,0,0,-3.0
1,0,45.98647843199894,never,0,0,-3.0
0,0,47.411669711063766,complier,0,1,2.0
1,1,51.93017705980021,complier,0,1,2.0
1,1,69.14743878711158,always,1,1,12.0
0,1,67.39288244948439,always,1,1,12.0
1,1,70.80163028910782,always,1,1,12.0
1,1,69.71319948618054,always,1,1,12.0
0,1,71.1493339656367,always,1,1,12.0
1,1,49.893751825658114,complier,0,1,2.0
0,1,66.57759449606294,always,1,1,12.0
0,0,50.78630088825127,complier,0,1,2.0
0,1,73.57440733674024,always,1,1,12.0
1,1,69.8842439221007,always,1,1,12.0
0,0,50.58394016269721,complier,0,1,2.0
1,1,52.06718241746956,complier,0,1,2.0
0,1,68.90382373318145,always,1,1,12.0
1,1,53.32948402240427,complier,0,1,2.0
1,1,69.52389244106736,always,1,1,12.0
1,1,69.44079078707783,always,1,1,12.0
1,1,53.74110437334747,complier,0,1,2.0
1,0,49.37677181194209,never,0,0,-3.0
0,0,46.4524144715681,never,0,0,-3.0
0,0,48.74110844753106,complier,0,1,2.0
0,0,45.748188797275574,never,0,0,-3.0
1,0,43.691807977227135,never,0,0,-3.0
0,0,44.19806853962218,never,0,0,-3.0
1,0,48.44888787213959,never,0,0,-3.0
0,0,46.843886435760226,never,0,0,-3.0
1,1,50.74893247501013,complier,0,1,2.0
1,1,68.42517187568369,always,1,1,12.0
0,0,49.905037459959146,complier,0,1,2.0
1,1,54.98836617307031,complier,0,1,2.0
0,0,44.117927798200164,never,0,0,-3.0
0,0,47.98743039075445,complier,0,1,2.0
1,1,50.88000068090026,complier,0,1,2.0
1,1,68.1925269105184,always,1,1,12.0
1,1,64.5177157695527,always,1,1,12.0
0,1,71.27217863295927,always,1,1,12.0
0,0,52.008328649616914,complier,0,1,2.0
1,1,53.42542948241122,complier,0,1,2.0
1,1,49.42555128127922,complier,0,1,2.0
1,1,48.620756313370784,complier,0,1,2.0
0,1,69.00786446802799,always,1,1,12.0
0,1,72.9574250706514,always,1,1,12.0
0,1,68.22858217231642,always,1,1,12.0
1,1,68.79297152923778,always,1,1,12.0
0,0,48.16486722490763,complier,0,1,2.0
0,1,72.52543927282989,always,1,1,12.0
1,0,47.883489290436486,never,0,0,-3.0
0,0,44.904123353609585,never,0,0,-3.0
1,1,48.30519311681788,complier,0,1,2.0
1,0,46.60908118544544,never,0,0,-3.0
0,0,46.51757194027579,never,0,0,-3.0
1,0,46.338003958172145,never,0,0,-3.0
1,0,44.81195729403735,never,0,0,-3.0
1,1,67.8808717026875,always,1,1,12.0
0,0,49.356784725557134,complier,0,1,2.0
1,1,54.81214201888599,complier,0,1,2.0
1,1,51.61649739416411,complier,0,1,2.0
1,0,44.7451369978774,never,0,0,-3.0
0,1,71.63924059950736,always,1,1,12.0
0,0,46.99214718072314,never,0,0,-3.0
0,1,70.86389957082746,always,1,1,12.0
0,1,71.42044818137218,always,1,1,12.0
1,0,50.2494617795554,never,0,0,-3.0
0,1,68.64355646701844,always,1,1,12.0
0,0,41.784081731075354,never,0,0,-3.0
1,0,43.74220172193805,never,0,0,-3.0
0,1,72.80713099103421,always,1,1,12.0
0,0,46.3148838499966,never,0,0,-3.0
0,1,70.81949300730585,always,1,1,12.0
1,1,67.92860064364564,always,1,1,12.0
0,1,68.46885173087131,always,1,1,12.0
1,0,49.16747731823222,never,0,0,-3.0
1,1,52.41235538731243,complier,0,1,2.0
1,1,54.100553813397866,complier,0,1,2.0
1,1,52.18286244707127,complier,0,1,2.0
0,0,50.56333204165725,never,0,0,-3.0
0,0,42.389862737429766,never,0,0,-3.0
0,1,66.40201826678441,always,1,1,12.0
0,0,47.13828536490782,never,0,0,-3.0
0,1,67.28726949503775,always,1,1,12.0
0,0,46.08385660107558,never,0,0,-3.0
0,0,45.22334326933478,never,0,0,-3.0
0,0,43.579034804285605,never,0,0,-3.0
1,1,52.504532930511814,complier,0,1,2.0
1,1,50.13460366738861,complier,0,1,2.0
1,1,71.9498019345522,always,1,1,12.0
1,0,44.45649229247059,never,0,0,-3.0
0,0,44.13255335133378,never,0,0,-3.0
0,0,51.02335495924916,complier,0,1,2.0
1,0,46.380151884629186,never,0,0,-3.0
1,1,66.14868196982621,always,1,1,12.0
1,0,44.098955725422236,never,0,0,-3.0
1,0,41.96383109982169,never,0,0,-3.0
0,0,46.85585502578375,never,0,0,-3.0
0,0,46.32265173938405,never,0,0,-3.0
0,0,47.33917185552497,never,0,0,-3.0
0,0,44.95327319067397,never,0,0,-3.0
0,1,68.07176173140516,always,1,1,12.0
0,0,45.8580929877706,never,0,0,-3.0
1,0,44.69083867167845,never,0,0,-3.0
0,0,52.294749601946975,complier,0,1,2.0
1,1,51.93816848175686,complier,0,1,2.0
0,0,46.59740711536734,never,0,0,-3.0
0,0,46.68703235709589,never,0,0,-3.0
0,0,43.10728731445392,never,0,0,-3.0
1,1,65.72392875426405,always,1,1,12.0
1,1,66.60747727790964,always,1,1,12.0
0,0,45.269970374869864,never,0,0,-3.0
0,0,49.55717745678368,complier,0,1,2.0
1,0,45.761229000425224,never,0,0,-3.0
0,0,46.696671382943094,complier,0,1,2.0
0,1,69.88731656564484,always,1,1,12.0
0,0,49.37751502884437,complier,0,1,2.0
0,1,67.37275382464291,always,1,1,12.0
1,1,67.56796038620323,always,1,1,12.0
1,1,50.183262887475564,complier,0,1,2.0
1,0,43.173922869522414,never,0,0,-3.0
0,0,47.337951439008265,complier,0,1,2.0
0,1,67.08937188591307,always,1,1,12.0
1,1,67.68357518925916,always,1,1,12.0
0,1,69.72703750385755,always,1,1,12.0
1,1,52.0871327893957,complier,0,1,2.0
1,0,49.40731955595353,never,0,0,-3.0
0,0,51.94837059008797,complier,0,1,2.0
0,1,68.95397044665441,always,1,1,12.0
0,0,46.97362038805491,never,0,0,-3.0
0,0,47.65559117495907,complier,0,1,2.0
1,0,47.69391510208195,never,0,0,-3.0
0,0,42.14271739689541,never,0,0,-3.0
1,0,45.01743644924725,never,0,0,-3.0
0,1,69.53777623303792,always,1,1,12.0
1,0,42.334777628656035,never,0,0,-3.0
0,0,47.5456924826174,never,0,0,-3.0
1,0,45.32305986879415,never,0,0,-3.0
0,0,45.53611259100841,never,0,0,-3.0
1,1,67.55536878501466,always,1,1,12.0
1,1,70.84506274346873,always,1,1,12.0
0,0,50.88095479926108,complier,0,1,2.0
0,0,47.84714289888775,never,0,0,-3.0
1,1,69.01166234005765,always,1,1,12.0
0,0,48.64631967055352,never,0,0,-3.0
1,0,42.58510642988032,never,0,0,-3.0
0,1,65.48355046139535,always,1,1,12.0
0,0,41.888134801856495,never,0,0,-3.0
1,1,67.5847684892687,always,1,1,12.0
0,0,48.34956204464245,complier,0,1,2.0
1,0,43.04754626172625,never,0,0,-3.0
1,0,51.13124066513618,never,0,0,-3.0
0,0,49.080819910801736,never,0,0,-3.0
0,0,46.821354891753515,never,0,0,-3.0
1,1,67.95680516861572,always,1,1,12.0
0,0,42.617791000477816,never,0,0,-3.0
0,0,44.50408632906364,never,0,0,-3.0
0,0,44.03186046723916,complier,0,1,2.0
0,0,43.90341204365366,never,0,0,-3.0
1,1,53.63832341455803,complier,0,1,2.0
1,0,45.97447925803228,never,0,0,-3.0
0,0,46.38320636065592,never,0,0,-3.0
0,0,49.52142106677278,complier,0,1,2.0
1,1,69.2152520845688,always,1,1,12.0
1,0,43.95314121602039,never,0,0,-3.0
0,0,45.639811416822035,complier,0,1,2.0
1,0,43.646985360048355,never,0,0,-3.0
1,0,43.659382756479445,never,0,0,-3.0
1,0,46.70771851556096,never,0,0,-3.0
1,1,53.95847323644049,complier,0,1,2.0
0,0,49.299355494619554,complier,0,1,2.0
1,1,54.70343877353608,complier,0,1,2.0
1,1,52.295753620397875,complier,0,1,2.0
1,1,52.711227168976265,complier,0,1,2.0
1,1,53.45328436818499,complier,0,1,2.0
1,1,66.53580156316335,always,1,1,12.0
1,1,69.41571891496778,always,1,1,12.0
0,1,65.8424734344275,always,1,1,12.0
0,0,45.396205898219826,never,0,0,-3.0
0,0,46.056986020443716,never,0,0,-3.0
0,1,70.69575775082139,always,1,1,12.0
0,1,69.40292962681988,always,1,1,12.0
1,0,44.008063342888235,never,0,0,-3.0
0,0,48.74066453131912,complier,0,1,2.0
0,1,67.45039882302466,always,1,1,12.0
1,0,47.50352384138858,never,0,0,-3.0
0,0,49.03010181386875,complier,0,1,2.0
1,1,50.94931591121089,complier,0,1,2.0
0,0,47.16367502892594,never,0,0,-3.0
0,0,48.23673690875278,never,0,0,-3.0
1,1,52.944544465881364,complier,0,1,2.0
1,0,47.872618604182975,never,0,0,-3.0
0,0,50.46250328450973,complier,0,1,2.0
0,0,42.87604245115462,never,0,0,-3.0
1,1,67.29133218093223,always,1,1,12.0
0,1,74.36903156805796,always,1,1,12.0
1,0,43.78386541827328,never,0,0,-3.0
1,0,43.782494692001045,never,0,0,-3.0
0,0,50.504335937812385,complier,0,1,2.0
1,1,66.41973519107599,always,1,1,12.0
0,1,68.7017724844549,always,1,1,12.0
1,0,42.57139513240428,never,0,0,-3.0
0,0,50.83333480231499,complier,0,1,2.0
1,1,53.1036184801724,complier,0,1,2.0
0,1,69.98743542949019,always,1,1,12.0
1,0,47.095245445924476,never,0,0,-3.0
0,0,46.72110965611721,complier,0,1,2.0
1,1,69.1228749674244,always,1,1,12.0
0,0,45.09467693770942,never,0,0,-3.0
1,0,47.37716706357268,never,0,0,-3.0
1,1,50.46147367879173,complier,0,1,2.0
1,0,47.498929144331576,never,0,0,-3.0
1,0,48.140466755255545,never,0,0,-3.0
1,0,46.10851450444439,never,0,0,-3.0
0,0,50.457281468767235,complier,0,1,2.0
1,1,52.15366924029335,complier,0,1,2.0
1,0,45.115904393204445,never,0,0,-3.0
1,1,55.714664038544285,complier,0,1,2.0
0,0,49.369617167709684,complier,0,1,2.0
1,0,45.687118821432676,never,0,0,-3.0
1,1,70.95957286213321,always,1,1,12.0
0,1,68.37032422002353,always,1,1,12.0
0,0,46.855045217144045,never,0,0,-3.0
0,1,65.10999398275068,always,1,1,12.0
0,0,52.177945845034316,complier,0,1,2.0
1,1,54.729528934868966,complier,0,1,2.0
1,0,45.006228041455984,never,0,0,-3.0
1,0,45.548951149059064,never,0,0,-3.0
1,1,52.83509631442229,complier,0,1,2.0
1,1,52.427998984342004,complier,0,1,2.0
1,0,45.992209755059356,never,0,0,-3.0
1,0,47.085924343577815,never,0,0,-3.0
1,1,48.28565748164444,complier,0,1,2.0
0,1,68.10748812140179,always,1,1,12.0
1,0,44.66605856938663,never,0,0,-3.0
0,1,68.51411830307869,always,1,1,12.0
0,0,43.433023728928525,never,0,0,-3.0
1,0,47.170791981951034,never,0,0,-3.0
1,0,44.99208759489882,never,0,0,-3.0
1,1,49.98893348336881,complier,0,1,2.0
1,1,49.75100114994223,complier,0,1,2.0
1,1,52.745214062092465,complier,0,1,2.0
1,1,74.73673334803492,always,1,1,12.0
1,0,45.232670626776006,never,0,0,-3.0
0,1,69.56543849531188,always,1,1,12.0
0,0,45.52706854176042,never,0,0,-3.0
0,1,67.07593381261835,always,1,1,12.0
1,0,45.73536783893621,never,0,0,-3.0
0,0,53.695836215429146,complier,0,1,2.0
0,0,44.849522950729614,never,0,0,-3.0
1,0,47.628673424324596,never,0,0,-3.0
0,1,67.01090415350458,always,1,1,12.0
0,0,55.88163267792476,complier,0,1,2.0
0,0,46.96743319041053,never,0,0,-3.0
0,0,49.76976233674499,complier,0,1,2.0
0,0,43.46054226669293,never,0,0,-3.0
1,1,53.88340868251243,complier,0,1,2.0
0,0,43.08277592798407,never,0,0,-3.0
0,1,66.63092086580875,always,1,1,12.0
0,0,45.41629734058571,never,0,0,-3.0
1,1,66.97930947614296,always,1,1,12.0
0,0,48.1637774924385,never,0,0,-3.0
1,1,67.6561994359273,always,1,1,12.0
1,1,68.52545372244883,always,1,1,12.0
1,1,51.34912972187007,complier,0,1,2.0
1,1,65.30432575523845,always,1,1,12.0
1,1,68.55739822936273,always,1,1,12.0
0,0,45.28123626043519,never,0,0,-3.0
1,1,72.42000459181838,always,1,1,12.0
0,0,46.78241380302156,never,0,0,-3.0
1,1,73.33785666896048,always,1,1,12.0
0,0,44.347647209959824,never,0,0,-3.0
1,1,53.0062025149773,complier,0,1,2.0
1,1,52.700863366204615,complier,0,1,2.0
1,1,69.03757313322157,always,1,1,12.0
1,1,69.81085125662092,always,1,1,12.0
1,0,50.20157989232061,never,0,0,-3.0
1,1,49.680257734558346,complier,0,1,2.0
1,1,70.30864277621292,always,1,1,12.0
1,0,46.507563308869564,never,0,0,-3.0
0,1,68.17130656621207,always,1,1,12.0
0,1,69.18976877460946,always,1,1,12.0
1,1,51.067029762060436,complier,0,1,2.0
0,1,68.29374724496076,always,1,1,12.0
0,0,50.67544232938905,complier,0,1,2.0
1,1,53.57154784093007,complier,0,1,2.0
1,0,46.43391265704004,never,0,0,-3.0
1,0,44.77255468377458,never,0,0,-3.0
0,1,70.05174025783796,always,1,1,12.0
0,0,45.58181836266244,complier,0,1,2.0
1,1,50.814156751978345,complier,0,1,2.0
0,1,70.68396913287371,always,1,1,12.0
0,0,45.653953715856126,never,0,0,-3.0
0,1,69.60065970851215,always,1,1,12.0
1,0,44.6739114955217,never,0,0,-3.0
0,0,47.89432605600575,complier,0,1,2.0
0,0,47.65560970125362,never,0,0,-3.0
1,1,53.855542651766875,complier,0,1,2.0
0,1,67.30730464394985,always,1,1,12.0
0,0,48.92208214886709,complier,0,1,2.0
0,0,43.75073360293678,never,0,0,-3.0
1,0,44.20645388310927,never,0,0,-3.0
0,0,49.43020670833796,complier,0,1,2.0
0,0,49.79918111392948,complier,0,1,2.0
1,0,45.67524507093296,never,0,0,-3.0
1,1,53.855946479669676,complier,0,1,2.0
1,1,51.612163181292786,complier,0,1,2.0
0,1,71.6584714711584,always,1,1,12.0
0,1,68.68890840229324,always,1,1,12.0
0,0,51.74259830056076,complier,0,1,2.0
1,0,46.89636305793912,never,0,0,-3.0
0,0,45.187120102187016,never,0,0,-3.0
1,1,52.73383729280977,complier,0,1,2.0
0,0,48.08674834010335,never,0,0,-3.0
1,0,45.78070954607594,never,0,0,-3.0
1,1,66.38521461331322,always,1,1,12.0
0,1,68.18250912342175,always,1,1,12.0
1,1,50.63182627873436,complier,0,1,2.0
0,0,53.97819013221903,complier,0,1,2.0
1,0,45.729273365360996,never,0,0,-3.0
1,0,44.41156750160225,never,0,0,-3.0
1,0,46.96383595938162,never,0,0,-3.0
1,1,67.17907239592871,always,1,1,12.0
0,0,44.13106214027322,never,0,0,-3.0
0,1,68.11942174543012,always,1,1,12.0
1,0,47.840386431564276,never,0,0,-3.0
0,0,51.94538824939044,complier,0,1,2.0
0,0,42.32939747521302,never,0,0,-3.0
0,0,48.08617382989391,never,0,0,-3.0
1,1,57.67615592354131,complier,0,1,2.0
1,0,44.938797438755316,never,0,0,-3.0
1,0,44.12173321167203,never,0,0,-3.0
0,0,53.31660224506693,complier,0,1,2.0
0,0,48.877960610893595,complier,0,1,2.0
1,0,46.165821401589696,never,0,0,-3.0
1,1,52.16632247910927,complier,0,1,2.0
0,1,70.12392841391402,always,1,1,12.0
1,1,68.15992646644153,always,1,1,12.0
0,1,65.12422915258517,always,1,1,12.0
1,1,66.6970049681287,always,1,1,12.0
0,0,51.77864199291372,complier,0,1,2.0
0,0,46.75025410200102,never,0,0,-3.0
0,1,67.97108099069784,always,1,1,12.0
1,1,69.31755134608915,always,1,1,12.0
0,1,65.02701457954643,always,1,1,12.0
0,1,69.45590552723766,always,1,1,12.0
0,0,50.77842699051722,complier,0,1,2.0
0,1,70.98852280770132,always,1,1,12.0
1,0,48.58369999194348,never,0,0,-3.0
0,0,45.60330662672493,never,0,0,-3.0
0,1,68.43627236772379,always,1,1,12.0
0,1,68.73823082822271,always,1,1,12.0
1,1,55.32786474861564,complier,0,1,2.0
0,0,47.74363638864907,complier,0,1,2.0
1,1,55.7928391455465,complier,0,1,2.0
1,1,68.40827047943323,always,1,1,12.0
0,1,69.01748529401922,always,1,1,12.0
1,1,53.748884016954726,complier,0,1,2.0
0,1,69.29731327121105,always,1,1,12.0
1,0,41.79615925281152,never,0,0,-3.0
0,0,47.35641314531919,never,0,0,-3.0
1,1,51.50447898575971,complier,0,1,2.0
1,0,45.348527564003675,never,0,0,-3.0
0,0,44.41158730082286,complier,0,1,2.0
1,0,44.2834030505189,never,0,0,-3.0
0,0,55.08973322176652,complier,0,1,2.0
0,1,67.33068314549115,always,1,1,12.0
1,0,42.70521546672234,never,0,0,-3.0
0,0,43.34337054085805,never,0,0,-3.0
1,1,54.95609277685815,complier,0,1,2.0
0,1,63.9822852585512,always,1,1,12.0
1,1,64.35560049939876,always,1,1,12.0
1,0,47.12419460361053,never,0,0,-3.0
1,0,47.863848281600184,never,0,0,-3.0
1,1,69.97337233054392,always,1,1,12.0
1,1,69.17772140763194,always,1,1,12.0
1,1,50.70152417932033,complier,0,1,2.0
0,0,46.53456019977179,never,0,0,-3.0
1,0,44.39926869230825,never,0,0,-3.0
0,0,51.596735253803175,complier,0,1,2.0
0,1,70.48811154382865,always,1,1,12.0
0,0,49.415847088667235,complier,0,1,2.0
1,1,68.96270267539076,always,1,1,12.0
1,1,73.7718394978104,always,1,1,12.0
0,1,68.43688170668956,always,1,1,12.0
1,1,48.696960580959434,complier,0,1,2.0
0,0,50.6076276224775,never,0,0,-3.0
1,0,47.58143857002736,never,0,0,-3.0
0,0,50.14037957602802,never,0,0,-3.0
0,0,52.772160773383774,complier,0,1,2.0
0,0,47.97633821729814,never,0,0,-3.0
0,0,46.31144924594474,complier,0,1,2.0
1,0,49.222820859882475,never,0,0,-3.0
0,0,44.47570277093702,never,0,0,-3.0
0,0,50.55854099405006,complier,0,1,2.0
0,0,47.71123807673164,never,0,0,-3.0
1,0,44.34575046408836,never,0,0,-3.0
0,0,51.88756880655688,complier,0,1,2.0
0,0,50.447419170770765,complier,0,1,2.0
1,0,44.86653998183299,never,0,0,-3.0
1,1,52.91202794905464,complier,0,1,2.0
0,1,68.40423308055782,always,1,1,12.0
1,1,70.47646624694241,always,1,1,12.0
1,1,70.01994793994265,always,1,1,12.0
0,0,44.586758995914856,never,0,0,-3.0
0,1,67.46345799343693,always,1,1,12.0
0,1,69.21865214255924,always,1,1,12.0
0,0,42.92382350721831,never,0,0,-3.0
0,1,70.78865046659256,always,1,1,12.0
0,0,46.610452984384864,never,0,0,-3.0
0,1,68.38460084019705,always,1,1,12.0
1,1,70.89036426891599,always,1,1,12.0
0,0,52.50033593422657,complier,0,1,2.0
1,1,66.72085525562368,always,1,1,12.0
0,0,50.85381693495863,complier,0,1,2.0
0,0,45.29862438594195,never,0,0,-3.0
0,0,46.589658935332324,never,0,0,-3.0
1,1,52.25857997538948,complier,0,1,2.0
0,1,69.5888652673539,always,1,1,12.0
0,1,70.17852711153203,always,1,1,12.0
0,0,47.76477832380747,never,0,0,-3.0
0,1,69.2121202551722,always,1,1,12.0
1,0,44.6502338766594,never,0,0,-3.0
0,0,47.644746448003055,never,0,0,-3.0
1,0,45.16349096164295,never,0,0,-3.0
0,0,44.389104998257075,never,0,0,-3.0
0,0,47.6887643537475,never,0,0,-3.0
0,1,67.4286235985787,always,1,1,12.0
1,1,68.05160962110034,always,1,1,12.0
0,0,44.32580402712167,never,0,0,-3.0
0,0,47.35187870968587,complier,0,1,2.0
0,0,44.608044079848945,never,0,0,-3.0
0,0,51.20647864886206,complier,0,1,2.0
1,1,49.81675028147614,complier,0,1,2.0
1,1,68.79880955983208,always,1,1,12.0
0,0,46.072852878678404,never,0,0,-3.0
0,0,49.89550767618742,complier,0,1,2.0
1,1,49.136145309683556,complier,0,1,2.0
1,0,46.62298081203146,never,0,0,-3.0
1,1,50.545374235040235,complier,0,1,2.0
1,0,45.69991262827972,never,0,0,-3.0
0,0,44.161132141855326,never,0,0,-3.0
0,0,45.23778326341716,never,0,0,-3.0
1,0,45.8998848842183,never,0,0,-3.0
0,0,42.66455846907227,never,0,0,-3.0
1,0,47.837702528840474,never,0,0,-3.0
0,0,49.78989145564523,never,0,0,-3.0
0,1,66.74680726354796,always,1,1,12.0
1,0,46.99040669186663,never,0,0,-3.0
1,1,53.340555742533944,complier,0,1,2.0
1,0,45.926712201187385,never,0,0,-3.0
1,1,67.889990705789,always,1,1,12.0
0,1,71.86948163178154,always,1,1,12.0
0,0,47.261915351808874,never,0,0,-3.0
1,0,41.42414005208632,never,0,0,-3.0
1,1,65.59784049764171,always,1,1,12.0
0,0,43.32908034589583,never,0,0,-3.0
1,1,68.12083326139441,always,1,1,12.0
0,0,43.35457277157615,never,0,0,-3.0
1,0,51.120135110836955,never,0,0,-3.0
0,0,44.43512860311687,never,0,0,-3.0
1,0,49.051795623964495,never,0,0,-3.0
0,1,66.56599160966591,always,1,1,12.0
1,1,50.08855101093489,complier,0,1,2.0
1,0,45.17153945161009,never,0,0,-3.0
1,1,50.72386480810621,complier,0,1,2.0
1,0,47.983647266728504,never,0,0,-3.0
0,0,42.927722787610286,never,0,0,-3.0
0,1,68.53672894367942,always,1,1,12.0
0,0,50.342179408067494,complier,0,1,2.0
1,1,68.89578454357994,always,1,1,12.0
0,0,46.437508172934535,never,0,0,-3.0
1,0,43.70884485641432,never,0,0,-3.0
1,0,47.17429176338056,never,0,0,-3.0
0,1,70.98429655543227,always,1,1,12.0
1,1,51.76031496496279,complier,0,1,2.0
0,0,50.594286763001804,never,0,0,-3.0
0,0,49.39291409049367,complier,0,1,2.0
0,0,49.53508206149948,complier,0,1,2.0
0,0,45.30039775653354,never,0,0,-3.0
0,1,71.26621106484076,always,1,1,12.0
1,0,44.84800583020896,never,0,0,-3.0
0,1,67.5723656146825,always,1,1,12.0
0,0,51.50588104569471,complier,0,1,2.0
0,0,41.37257547139651,never,0,0,-3.0
0,0,43.938138199727405,never,0,0,-3.0
1,1,67.84057335785005,always,1,1,12.0
0,0,45.66421051213648,never,0,0,-3.0
0,1,69.26500090231306,always,1,1,12.0
0,0,51.31032481457892,complier,0,1,2.0
1,0,46.67399262547061,never,0,0,-3.0
0,1,69.49633927900554,always,1,1,12.0
0,0,47.664712907297364,never,0,0,-3.0
1,0,44.15279691551796,never,0,0,-3.0
0,0,49.66112563636501,complier,0,1,2.0
1,0,47.00400741677662,never,0,0,-3.0
0,0,45.32446349261012,never,0,0,-3.0
1,1,68.89984748789854,always,1,1,12.0
1,1,50.17663350992064,complier,0,1,2.0
1,1,51.74130556192481,complier,0,1,2.0
0,0,43.97843941332569,never,0,0,-3.0
1,0,44.322510997120816,never,0,0,-3.0
0,1,68.34613468838874,always,1,1,12.0
0,1,72.26117575458578,always,1,1,12.0
1,0,48.74815122485897,never,0,0,-3.0
1,1,56.19233027431793,complier,0,1,2.0
1,1,67.86458058868266,always,1,1,12.0
0,0,45.8225979005048,never,0,0,-3.0
0,1,67.59639653069135,always,1,1,12.0
1,1,70.04091790091843,always,1,1,12.0
0,0,42.634112837018655,never,0,0,-3.0
1,1,72.78841532578129,always,1,1,12.0
1,0,46.84182209119079,never,0,0,-3.0
1,0,42.941171747960304,never,0,0,-3.0
0,0,48.286444125590855,complier,0,1,2.0
0,0,50.75554039326886,complier,0,1,2.0
0,0,51.47087432714012,complier,0,1,2.0
1,1,51.163269033572824,complier,0,1,2.0
1,1,49.72829038013005,complier,0,1,2.0
0,1,68.5927567569331,always,1,1,12.0
0,0,51.77205994132262,complier,0,1,2.0
1,1,48.645891305880774,complier,0,1,2.0
1,1,70.490665613811,always,1,1,12.0
1,0,46.097483445849846,never,0,0,-3.0
1,0,44.661097761388184,never,0,0,-3.0
1,1,69.26654973787575,always,1,1,12.0
0,0,44.362968138016264,never,0,0,-3.0
1,0,44.3093521799123,never,0,0,-3.0
0,1,69.50207634730646,always,1,1,12.0
0,0,48.0455898450339,complier,0,1,2.0
1,1,51.997082718594825,complier,0,1,2.0
0,0,45.618435291251444,never,0,0,-3.0
0,1,65.83441078717347,always,1,1,12.0
0,0,47.471893733889736,never,0,0,-3.0
0,0,43.93716005009874,never,0,0,-3.0
1,1,57.190603502479185,complier,0,1,2.0
0,0,45.174995423780025,never,0,0,-3.0
0,0,50.458231965442884,complier,0,1,2.0
0,1,71.32226227553566,always,1,1,12.0
1,0,47.74709202531781,never,0,0,-3.0
1,1,68.42405272073336,always,1,1,12.0
0,0,50.66397181349629,complier,0,1,2.0
0,0,51.38254236961536,complier,0,1,2.0
0,1,65.32650783540925,always,1,1,12.0
0,0,44.792382537537236,never,0,0,-3.0
1,1,50.0069738295308,complier,0,1,2.0
1,1,51.1878606558043,complier,0,1,2.0
0,1,67.61079707663585,always,1,1,12.0
1,1,50.64022941698644,complier,0,1,2.0
0,0,49.48515363472022,complier,0,1,2.0
1,1,52.10012992056389,complier,0,1,2.0
0,0,47.24680691771865,never,0,0,-3.0
0,0,45.814621789636156,never,0,0,-3.0
1,1,67.15025828155918,always,1,1,12.0
0,0,45.96714060873717,never,0,0,-3.0
0,1,69.01937769008191,always,1,1,12.0
1,0,47.68045602060405,never,0,0,-3.0
1,0,45.75937783447282,never,0,0,-3.0
0,0,48.269003518488546,complier,0,1,2.0
0,0,45.42830344500008,never,0,0,-3.0
1,1,65.96049863158225,always,1,1,12.0
0,0,49.580963972711636,complier,0,1,2.0
0,0,44.87133585827713,never,0,0,-3.0
0,0,45.31891539818781,never,0,0,-3.0
1,0,47.83657553592711,never,0,0,-3.0
1,1,66.79344490703726,always,1,1,12.0
0,0,45.616924159545206,never,0,0,-3.0
0,0,41.18625066871937,never,0,0,-3.0
0,0,45.2170957789441,never,0,0,-3.0
1,1,69.6262726787404,always,1,1,12.0
1,0,44.60653897079461,never,0,0,-3.0
0,1,69.56220611040406,always,1,1,12.0
0,0,50.8632002917419,complier,0,1,2.0
0,0,47.534143787294184,complier,0,1,2.0
0,1,68.96376767182201,always,1,1,12.0
1,1,69.4236908375247,always,1,1,12.0
1,1,69.61458251728283,always,1,1,12.0
0,1,67.51886290412416,always,1,1,12.0
0,0,46.84634878630979,never,0,0,-3.0
1,0,45.877166235490485,never,0,0,-3.0
1,1,68.90321708857972,always,1,1,12.0
1,1,53.42216839093759,complier,0,1,2.0
0,0,50.238769090656206,complier,0,1,2.0
0,1,68.74537696955502,always,1,1,12.0
1,1,70.99919112637625,always,1,1,12.0
1,0,42.84856896255388,never,0,0,-3.0
0,0,50.22997095238628,complier,0,1,2.0
1,0,48.370603123899926,never,0,0,-3.0
1,1,54.19935277908175,complier,0,1,2.0
0,0,50.97345611558446,complier,0,1,2.0
0,0,48.977103696121866,complier,0,1,2.0
1,1,56.69011530466831,complier,0,1,2.0
0,1,72.85843869349178,always,1,1,12.0
0,0,46.17567065934299,never,0,0,-3.0
1,1,68.09095046425331,always,1,1,12.0
1,1,47.41915922593606,complier,0,1,2.0
0,0,48.07137689783707,never,0,0,-3.0
0,0,44.74717911438989,never,0,0,-3.0
1,1,54.72521762485914,complier,0,1,2.0
1,0,48.31643329986239,never,0,0,-3.0
0,0,43.98693888656854,never,0,0,-3.0
0,0,48.65591422371942,never,0,0,-3.0
1,0,43.050223108832704,never,0,0,-3.0
0,1,70.37732323118026,always,1,1,12.0
1,0,46.31366581668399,never,0,0,-3.0
0,0,44.99812696644435,never,0,0,-3.0
1,1,69.41558175621796,always,1,1,12.0
1,0,45.968081467934866,never,0,0,-3.0
1,1,54.42949746083817,complier,0,1,2.0
0,0,50.6196568441719,complier,0,1,2.0
1,0,48.83857131609505,never,0,0,-3.0
0,1,65.70911614963636,always,1,1,12.0
1,0,45.65708424015318,never,0,0,-3.0
0,0,50.34222920254758,complier,0,1,2.0
0,0,46.601637583984065,never,0,0,-3.0
1,0,47.172814238638985,never,0,0,-3.0
0,0,43.26408596735274,never,0,0,-3.0
0,0,50.19922367820029,complier,0,1,2.0
0,1,67.84127661499296,always,1,1,12.0
1,1,54.40482315173171,complier,0,1,2.0
1,0,49.06803862572604,never,0,0,-3.0
1,0,44.48601921282429,never,0,0,-3.0
1,0,45.44398638070414,never,0,0,-3.0
1,1,69.15000612477478,always,1,1,12.0
1,1,65.17308057927545,always,1,1,12.0
1,1,50.60811686891852,complier,0,1,2.0
0,0,46.700632603279935,never,0,0,-3.0
0,0,43.84279631218706,never,0,0,-3.0
0,1,68.64746594675702,always,1,1,12.0
1,1,74.90964030228355,always,1,1,12.0
1,1,63.00242579465442,always,1,1,12.0
0,0,48.15227221779705,never,0,0,-3.0
1,0,46.718895905136456,never,0,0,-3.0
1,0,46.35832319917341,never,0,0,-3.0
1,1,67.55564356248159,always,1,1,12.0
0,0,46.63035996012747,never,0,0,-3.0
0,0,51.24277134635136,complier,0,1,2.0
1,1,72.83668047987264,always,1,1,12.0
1,1,48.609081500025674,complier,0,1,2.0
0,0,48.143396363214606,complier,0,1,2.0
1,1,54.236606820752186,complier,0,1,2.0
1,0,44.53955408547846,never,0,0,-3.0
0,1,66.40889485429229,always,1,1,12.0
1,1,53.87120106896705,complier,0,1,2.0
1,0,47.413760731273875,never,0,0,-3.0
0,0,48.98345563878599,complier,0,1,2.0
1,0,46.54205531392072,never,0,0,-3.0
1,0,46.11061278551347,never,0,0,-3.0
0,1,70.73223791077962,always,1,1,12.0
0,0,49.085327017673116,complier,0,1,2.0
1,0,44.780769405739925,never,0,0,-3.0
0,0,45.40605810892318,never,0,0,-3.0
1,1,50.70453665691412,complier,0,1,2.0
1,1,70.41236562359668,always,1,1,12.0
1,0,45.676945121090164,never,0,0,-3.0
1,1,54.669185043429465,complier,0,1,2.0
1,0,44.002740034664384,never,0,0,-3.0
1,1,68.64967103008414,always,1,1,12.0
1,1,49.07234428477737,complier,0,1,2.0
0,1,68.10772948734511,always,1,1,12.0
0,0,42.42709430352307,never,0,0,-3.0
0,0,45.63471394754892,complier,0,1,2.0
1,0,48.36190918024516,never,0,0,-3.0
1,1,71.59896963177174,always,1,1,12.0
1,0,48.241549866982616,never,0,0,-3.0
0,0,44.73079860453467,never,0,0,-3.0
0,0,48.94563190141153,never,0,0,-3.0
0,0,48.69472725631397,complier,0,1,2.0
0,0,43.65137769365576,never,0,0,-3.0
1,1,69.58817156173575,always,1,1,12.0
0,0,40.96766316607625,never,0,0,-3.0
0,0,48.08239506853419,complier,0,1,2.0
1,1,67.58149318753068,always,1,1,12.0
1,0,48.08751507724804,never,0,0,-3.0
1,0,44.328078300850144,never,0,0,-3.0
0,0,46.260973579208574,never,0,0,-3.0
1,0,43.72544965012815,never,0,0,-3.0
0,0,49.73610230138204,never,0,0,-3.0
0,1,70.82093193817899,always,1,1,12.0
1,0,43.25900239271063,never,0,0,-3.0
0,0,51.00190771627265,complier,0,1,2.0
1,1,68.36310602329905,always,1,1,12.0
0,1,64.84452223436708,always,1,1,12.0
0,0,49.64613246198161,complier,0,1,2.0
1,0,46.28277396724899,never,0,0,-3.0
0,0,43.839973296226844,never,0,0,-3.0
1,1,67.83595686014914,always,1,1,12.0
0,1,71.72608951436612,always,1,1,12.0
1,0,43.92477526571016,never,0,0,-3.0
0,1,68.71545017686924,always,1,1,12.0
1,1,71.71090509962062,always,1,1,12.0
1,0,48.10115317790474,never,0,0,-3.0
1,1,49.823568973531486,complier,0,1,2.0
0,0,49.864979811050546,complier,0,1,2.0
1,1,68.66711159674256,always,1,1,12.0
1,1,53.8596307610302,complier,0,1,2.0
0,0,50.87656161179346,complier,0,1,2.0
1,0,47.742662689540246,never,0,0,-3.0
0,1,67.36441077838278,always,1,1,12.0
0,0,47.3809899330522,never,0,0,-3.0
0,0,45.74261760765483,never,0,0,-3.0
0,0,47.483846037447684,never,0,0,-3.0
0,1,72.64390712528937,always,1,1,12.0
0,0,46.22553353118162,never,0,0,-3.0
0,0,48.56470392074897,complier,0,1,2.0
0,0,51.47655976968698,complier,0,1,2.0
1,0,46.36069675910808,never,0,0,-3.0
0,0,45.16369471663896,never,0,0,-3.0
1,1,51.52653391800562,complier,0,1,2.0
1,0,42.39869580162355,never,0,0,-3.0
0,1,69.17819449110883,always,1,1,12.0
1,1,71.53473993009995,always,1,1,12.0
1,0,46.71709452817078,never,0,0,-3.0
0,0,49.461506216487955,complier,0,1,2.0
1,1,50.39594814787908,complier,0,1,2.0
0,0,44.81756132318054,never,0,0,-3.0
0,0,44.487595965358246,never,0,0,-3.0
0,0,49.054848407385265,complier,0,1,2.0
1,1,68.6122614767358,always,1,1,12.0
0,0,44.8025727608265,complier,0,1,2.0
0,1,70.82178951939989,always,1,1,12.0
0,0,51.70835343788577,complier,0,1,2.0
1,0,51.08721803749938,never,0,0,-3.0
1,0,42.637354298252184,never,0,0,-3.0
1,0,45.68869170875654,never,0,0,-3.0
1,1,66.54939644149742,always,1,1,12.0
0,0,46.80386444059743,never,0,0,-3.0
0,0,47.00160362834895,complier,0,1,2.0
1,1,51.1982891268853,complier,0,1,2.0
1,1,70.79684486638534,always,1,1,12.0
0,1,69.56783966481545,always,1,1,12.0
0,0,54.04679350467402,complier,0,1,2.0
1,0,47.23269726161068,never,0,0,-3.0
1,0,47.91769944709371,never,0,0,-3.0
1,0,44.117270683926,never,0,0,-3.0
1,1,47.954154989707305,complier,0,1,2.0
0,0,47.02703278998982,never,0,0,-3.0
0,0,45.05677626037231,never,0,0,-3.0
1,0,46.792505179455134,never,0,0,-3.0
0,0,45.73441413165352,never,0,0,-3.0
1,1,71.05440298011783,always,1,1,12.0
0,0,46.101569166876,never,0,0,-3.0
0,0,52.13831064451148,complier,0,1,2.0
1,1,68.01230004052202,always,1,1,12.0
1,1,69.87628031153115,always,1,1,12.0
0,1,67.54208482611966,always,1,1,12.0
1,0,45.4992500900492,never,0,0,-3.0
1,1,72.37890568519785,always,1,1,12.0
1,0,46.16729422921507,never,0,0,-3.0
0,0,43.25018026799577,never,0,0,-3.0
0,0,48.448799375540894,never,0,0,-3.0
0,0,44.876570615820576,never,0,0,-3.0
1,0,47.74271350620961,never,0,0,-3.0
1,0,44.93311652969308,never,0,0,-3.0
0,0,45.94263917879959,never,0,0,-3.0
0,1,67.91875590954405,always,1,1,12.0
1,0,45.9021984504354,never,0,0,-3.0
1,1,70.22356435257392,always,1,1,12.0
0,0,42.70982121487942,never,0,0,-3.0
0,0,44.13230849616317,never,0,0,-3.0
1,0,46.5842699256165,never,0,0,-3.0
0,0,46.20630406351626,never,0,0,-3.0
1,1,69.1647632524836,always,1,1,12.0
1,1,67.03759376879893,always,1,1,12.0
1,1,51.17552809670151,complier,0,1,2.0
1,0,45.18486718514672,never,0,0,-3.0
0,0,44.39459547810808,never,0,0,-3.0
0,0,49.11126177989616,never,0,0,-3.0
0,1,66.59631540302294,always,1,1,12.0
0,0,48.5375026876452,complier,0,1,2.0
0,0,45.23812528926823,never,0,0,-3.0
0,1,71.78792845053873,always,1,1,12.0
0,0,50.11140580542981,never,0,0,-3.0
1,1,51.253489649561814,complier,0,1,2.0
0,0,50.32892007021735,complier,0,1,2.0
0,0,50.398022550761624,complier,0,1,2.0
1,0,42.9951858610249,never,0,0,-3.0
1,1,71.55664523578358,always,1,1,12.0
1,1,67.5409932463788,always,1,1,12.0
0,1,71.32960957466418,always,1,1,12.0
1,1,68.22118467699049,always,1,1,12.0
1,1,71.69034992143725,always,1,1,12.0
0,0,45.34747283269352,never,0,0,-3.0
1,1,52.86671022351963,complier,0,1,2.0
1,1,48.805283976317696,complier,0,1,2.0
1,0,43.90765670991026,never,0,0,-3.0
0,0,49.58485401097829,complier,0,1,2.0
1,1,69.56240969133432,always,1,1,12.0
0,0,46.534859589801954,never,0,0,-3.0
0,1,67.92752815602314,always,1,1,12.0
0,1,71.91143776866416,always,1,1,12.0
0,0,49.082034936594575,complier,0,1,2.0
0,1,64.59535893344398,always,1,1,12.0
1,0,44.535682568174,never,0,0,-3.0
0,0,42.84169578031677,never,0,0,-3.0
1,1,68.36116501616429,always,1,1,12.0
0,1,70.33482793318889,always,1,1,12.0
1,1,52.04091816165571,complier,0,1,2.0
0,0,43.72095333714884,never,0,0,-3.0
1,1,66.12717965564333,always,1,1,12.0
0,0,45.98731717260287,never,0,0,-3.0
0,1,70.10421936675529,always,1,1,12.0
1,1,68.59186352503816,always,1,1,12.0
0,1,68.37124181930324,always,1,1,12.0
0,0,49.76734804605388,complier,0,1,2.0
1,0,44.9907678657556,never,0,0,-3.0
1,1,54.1604090703322,complier,0,1,2.0
0,0,44.19113266606232,never,0,0,-3.0
0,0,41.2164307584892,never,0,0,-3.0
0,0,49.54707978753742,complier,0,1,2.0
0,0,50.32275514497384,complier,0,1,2.0
0,1,63.44569465396408,always,1,1,12.0
0,0,48.348377560369634,complier,0,1,2.0
0,0,51.264891755353666,complier,0,1,2.0
0,0,51.779996559695654,complier,0,1,2.0
0,0,53.859990331201516,complier,0,1,2.0
0,0,53.097295177130114,complier,0,1,2.0
0,0,48.10077636891725,complier,0,1,2.0
1,1,49.79720981942488,complier,0,1,2.0
1,1,54.11435686771787,complier,0,1,2.0
1,1,69.35119079323175,always,1,1,12.0
1,1,50.53572048294838,complier,0,1,2.0
0,0,48.815530966174684,complier,0,1,2.0
0,1,67.53352643246521,always,1,1,12.0
1,1,53.339582640946425,complier,0,1,2.0
0,1,69.78682530564504,always,1,1,12.0
0,0,46.75070625802149,complier,0,1,2.0
1,1,51.99864810383987,complier,0,1,2.0
0,0,46.28071667271257,never,0,0,-3.0
0,1,68.1251758712618,always,1,1,12.0
1,0,45.21127197110241,never,0,0,-3.0
0,0,44.481612872517886,never,0,0,-3.0
1,1,69.77775479351259,always,1,1,12.0
0,1,69.5895584905738,always,1,1,12.0
1,1,68.24040588142252,always,1,1,12.0
0,0,43.073184573612004,never,0,0,-3.0
0,0,47.410733930943195,never,0,0,-3.0
1,1,70.06701167871938,always,1,1,12.0
0,0,43.839387470328774,never,0,0,-3.0
0,1,71.9216982666457,always,1,1,12.0
0,0,50.441268567245075,complier,0,1,2.0
1,1,51.163420315845734,complier,0,1,2.0
1,1,70.94189943036454,always,1,1,12.0
0,0,49.956041482903196,complier,0,1,2.0
1,1,70.26994919005877,always,1,1,12.0
0,0,43.12694966469212,never,0,0,-3.0
1,0,46.266880643565855,never,0,0,-3.0
1,1,70.72586470126122,always,1,1,12.0
1,0,46.97400995267162,never,0,0,-3.0
1,1,52.33049070794669,complier,0,1,2.0
1,1,52.3577213988796,complier,0,1,2.0
0,1,70.36261236607565,always,1,1,12.0
1,0,46.04616225079294,never,0,0,-3.0
0,1,72.36001879865493,always,1,1,12.0
1,0,40.73963227168113,never,0,0,-3.0
1,1,69.62609387065203,always,1,1,12.0
1,1,68.18519036096087,always,1,1,12.0
1,1,68.4417046426701,always,1,1,12.0
1,0,42.587904709149385,never,0,0,-3.0
1,0,48.824974135207476,never,0,0,-3.0
1,0,45.882488510886226,never,0,0,-3.0
1,0,46.49806266453819,never,0,0,-3.0
1,1,66.955917410003,always,1,1,12.0
1,0,47.03760076360062,never,0,0,-3.0
0,0,49.18766323455259,complier,0,1,2.0
0,1,70.18260711805445,always,1,1,12.0
0,1,66.56751687485314,always,1,1,12.0
1,1,46.274129340926905,complier,0,1,2.0
0,0,51.674817226639696,complier,0,1,2.0
0,0,46.36472936104275,never,0,0,-3.0
0,0,46.66111590510807,never,0,0,-3.0
1,0,42.47590163589637,never,0,0,-3.0
1,1,52.60102218828969,complier,0,1,2.0
1,1,71.77054380279046,always,1,1,12.0
0,1,69.82502333663194,always,1,1,12.0
0,0,47.05385545745575,never,0,0,-3.0
0,0,52.040352103072834,complier,0,1,2.0
1,0,45.72483605454418,never,0,0,-3.0
1,1,71.75560857476525,always,1,1,12.0
1,0,47.22668872470195,never,0,0,-3.0
0,0,48.913458479721875,complier,0,1,2.0
1,1,50.7307741978111,complier,0,1,2.0
0,0,47.30442966456367,never,0,0,-3.0
0,0,46.80748668909891,never,0,0,-3.0
1,0,46.750375603535446,never,0,0,-3.0
0,0,48.44908945755488,never,0,0,-3.0
1,1,67.81032086336022,always,1,1,12.0
1,0,44.469200145299,never,0,0,-3.0
0,0,46.23781295939178,never,0,0,-3.0
1,1,68.71772840411168,always,1,1,12.0
1,0,45.368383564253826,never,0,0,-3.0
1,1,70.24842066057049,always,1,1,12.0
0,0,46.103874865718275,never,0,0,-3.0
1,1,54.92868226421849,complier,0,1,2.0
1,1,66.57924574686875,always,1,1,12.0
1,1,48.301163292518886,complier,0,1,2.0
0,1,67.06649853671749,always,1,1,12.0
0,1,67.48675132802879,always,1,1,12.0
1,0,42.85029500912545,never,0,0,-3.0
1,1,69.72736650657211,always,1,1,12.0
1,1,54.89003180472048,complier,0,1,2.0
1,0,48.735176623455345,never,0,0,-3.0
1,1,52.08788557603078,complier,0,1,2.0
1,1,67.38356127962993,always,1,1,12.0
1,0,45.790996079980104,never,0,0,-3.0
1,0,43.8729929198925,never,0,0,-3.0
1,0,41.87362819775801,never,0,0,-3.0
1,1,66.68186318832073,always,1,1,12.0
0,0,51.04676347140845,complier,0,1,2.0
1,0,47.19644991642114,never,0,0,-3.0
0,0,45.002424279098555,never,0,0,-3.0
1,0,45.88776530099375,never,0,0,-3.0
1,0,45.53959386208122,never,0,0,-3.0
0,0,45.97722513287616,never,0,0,-3.0
1,1,68.3990406941655,always,1,1,12.0
1,1,50.9837991063414,complier,0,1,2.0
1,1,69.7841504050161,always,1,1,12.0
0,1,65.88637416736634,always,1,1,12.0
0,0,49.53930023218349,complier,0,1,2.0
1,0,41.50761017478773,never,0,0,-3.0
0,1,64.34203484432977,always,1,1,12.0
0,0,46.42299333695945,never,0,0,-3.0
1,0,46.918327121620116,never,0,0,-3.0
1,1,48.12597828105771,complier,0,1,2.0
0,1,68.8626236289701,always,1,1,12.0
1,0,46.88176051176996,never,0,0,-3.0
1,1,50.327341913950676,complier,0,1,2.0
0,0,49.62790792535369,complier,0,1,2.0
0,0,44.81298188934987,never,0,0,-3.0
1,0,47.458967886090974,never,0,0,-3.0
0,0,49.0834767532591,complier,0,1,2.0
1,1,70.89487601751405,always,1,1,12.0
0,0,52.072875866764115,complier,0,1,2.0
0,0,48.2273316264598,complier,0,1,2.0
0,0,47.92776008289486,never,0,0,-3.0
0,1,67.13249133630843,always,1,1,12.0
1,1,47.60708004167642,complier,0,1,2.0
1,0,46.57607306168056,never,0,0,-3.0
1,0,48.41454042059298,never,0,0,-3.0
0,0,49.82110208926751,never,0,0,-3.0
0,1,69.1016833902919,always,1,1,12.0
1,0,46.506690790151566,never,0,0,-3.0
1,1,66.72338296245755,always,1,1,12.0
0,0,51.279097885635544,complier,0,1,2.0
1,0,47.59534208826424,never,0,0,-3.0
1,1,70.45050356515064,always,1,1,12.0
0,0,46.94942714020246,complier,0,1,2.0
1,1,50.882356819150736,complier,0,1,2.0
1,1,51.35149287542448,complier,0,1,2.0
1,1,68.13288910858176,always,1,1,12.0
1,1,55.09681656757528,complier,0,1,2.0
0,0,45.9692889562778,never,0,0,-3.0
0,0,50.064848390059055,complier,0,1,2.0
0,0,54.45561594343018,complier,0,1,2.0
1,1,68.94393828883956,always,1,1,12.0
0,0,47.162408999424365,complier,0,1,2.0
0,0,42.306237161314144,never,0,0,-3.0
0,1,70.15193414801045,always,1,1,12.0
1,0,44.41318827500832,never,0,0,-3.0
1,1,70.7178141665231,always,1,1,12.0
0,0,43.32127421497667,never,0,0,-3.0
0,0,48.090774865366214,never,0,0,-3.0
1,1,47.341322267534935,complier,0,1,2.0
1,0,44.586276180581436,never,0,0,-3.0
1,0,46.638977091707176,never,0,0,-3.0
1,1,53.93113966184626,complier,0,1,2.0
1,0,46.60093600902367,never,0,0,-3.0
0,0,50.57773254246014,complier,0,1,2.0
1,1,71.11899938332766,always,1,1,12.0
1,1,69.57386582229933,always,1,1,12.0
0,1,72.7329175242163,always,1,1,12.0
1,0,46.95468151414412,never,0,0,-3.0
1,1,49.71104195080879,complier,0,1,2.0
1,0,44.89542786144886,never,0,0,-3.0
1,1,52.65117532496393,complier,0,1,2.0
0,0,51.43020815896378,complier,0,1,2.0
0,0,47.789546447871835,never,0,0,-3.0
0,0,52.25570465926129,complier,0,1,2.0
0,0,46.892966041038484,never,0,0,-3.0
1,1,49.61639177805675,complier,0,1,2.0
1,0,46.54050625766342,never,0,0,-3.0
1,1,51.76895832652769,complier,0,1,2.0
1,1,51.497882274068594,complier,0,1,2.0
0,0,42.28923226877053,never,0,0,-3.0
1,0,46.325420756571624,never,0,0,-3.0
0,0,47.67207358440393,complier,0,1,2.0
1,1,59.283200409312144,complier,0,1,2.0
0,1,70.71516370063672,always,1,1,12.0
0,0,52.70111294477242,complier,0,1,2.0
0,0,46.984146082320734,never,0,0,-3.0
1,1,47.31050211571776,complier,0,1,2.0
1,1,71.68941256720167,always,1,1,12.0
1,0,49.07523184514062,never,0,0,-3.0
1,1,52.65720759970322,complier,0,1,2.0
0,0,46.681024021854356,never,0,0,-3.0
1,1,52.59546731179589,complier,0,1,2.0
0,1,69.14512696547048,always,1,1,12.0
1,1,69.78145624763769,always,1,1,12.0
0,0,45.45666684895564,never,0,0,-3.0
1,1,51.81066092747013,complier,0,1,2.0
0,1,68.4035724317415,always,1,1,12.0
0,1,66.74839880204823,always,1,1,12.0
0,0,48.10355991450756,complier,0,1,2.0
0,0,48.362633439027555,complier,0,1,2.0
0,0,50.82445219570319,complier,0,1,2.0
0,0,50.565242235587625,complier,0,1,2.0
0,0,41.87284029041575,never,0,0,-3.0
0,1,68.72717225655981,always,1,1,12.0
1,0,44.204208954454,never,0,0,-3.0
1,1,52.28338790198806,complier,0,1,2.0
0,0,51.76866723362957,complier,0,1,2.0
0,1,67.19795804573404,always,1,1,12.0
1,0,45.71338504622338,never,0,0,-3.0
0,0,49.52398631310788,never,0,0,-3.0
1,0,47.06180533381601,never,0,0,-3.0
1,0,45.03667846844339,never,0,0,-3.0
1,0,43.0451649545976,never,0,0,-3.0
1,0,48.349913465307615,never,0,0,-3.0
1,0,48.6819748510158,never,0,0,-3.0
1,1,52.71628755858659,complier,0,1,2.0
0,1,65.63548840940457,always,1,1,12.0
1,1,67.96231453987807,always,1,1,12.0
0,0,49.88419861210961,never,0,0,-3.0
0,0,44.31787666586342,never,0,0,-3.0
0,0,47.303724149702724,never,0,0,-3.0
0,0,44.986075909711275,never,0,0,-3.0
0,0,50.72404776084997,complier,0,1,2.0
1,0,47.496527990676285,never,0,0,-3.0
0,1,68.36859910187634,always,1,1,12.0
1,0,45.28462912562595,never,0,0,-3.0
0,0,52.14626573956202,complier,0,1,2.0
0,1,68.18746673318367,always,1,1,12.0
1,1,68.36321245651159,always,1,1,12.0
0,0,48.002043178457235,never,0,0,-3.0
0,1,66.01433812957842,always,1,1,12.0
1,1,54.69205323394144,complier,0,1,2.0
0,0,47.643807922339036,complier,0,1,2.0
1,1,53.44672196600396,complier,0,1,2.0
1,1,53.31598858568588,complier,0,1,2.0
1,1,67.72002825780471,always,1,1,12.0
1,1,55.908235294682534,complier,0,1,2.0
0,0,47.593878356244524,never,0,0,-3.0
1,0,44.76396374478847,never,0,0,-3.0
1,1,53.19631272877091,complier,0,1,2.0
1,0,48.218405824255825,never,0,0,-3.0
0,1,68.256993947956,always,1,1,12.0
0,1,70.44141553302362,always,1,1,12.0
0,1,71.25010041158498,always,1,1,12.0
1,0,44.832164913058755,never,0,0,-3.0
1,0,46.14270236893715,never,0,0,-3.0
1,0,47.951011094411946,never,0,0,-3.0
1,1,50.68762567929203,complier,0,1,2.0
1,1,69.55854361931094,always,1,1,12.0
1,1,69.78793960620659,always,1,1,12.0
1,0,43.42940398511726,never,0,0,-3.0
1,1,66.72780946159594,always,1,1,12.0
0,0,47.62711774369675,complier,0,1,2.0
1,1,68.82974132928703,always,1,1,12.0
1,0,46.911657703691496,never,0,0,-3.0
0,0,45.80510058683436,never,0,0,-3.0
0,0,51.566603561950075,complier,0,1,2.0
1,1,54.397350953671854,complier,0,1,2.0
0,1,67.6363154019681,always,1,1,12.0
1,0,45.845230365941624,never,0,0,-3.0
0,1,70.23858903801487,always,1,1,12.0
1,1,51.90051352250529,complier,0,1,2.0
0,0,50.153337315523636,complier,0,1,2.0
0,0,52.0914272921296,complier,0,1,2.0
1,1,66.49123870213748,always,1,1,12.0
0,0,46.88191078493989,complier,0,1,2.0
0,0,50.85777122871222,complier,0,1,2.0
1,1,48.671053774281894,complier,0,1,2.0
0,0,43.94532429599668,never,0,0,-3.0
0,0,47.38286864235502,complier,0,1,2.0
1,1,68.83617561666631,always,1,1,12.0
1,1,49.41190063122851,complier,0,1,2.0
1,0,43.770767993692715,never,0,0,-3.0
0,1,68.02648858662353,always,1,1,12.0
1,1,66.86603788411557,always,1,1,12.0
1,0,47.46974635687679,never,0,0,-3.0
0,1,65.31766556302159,always,1,1,12.0
1,1,67.30467968505016,always,1,1,12.0
0,0,46.747911429679924,never,0,0,-3.0
1,1,49.342562062645996,complier,0,1,2.0
0,0,46.515196007249884,complier,0,1,2.0
1,0,47.654694674913216,never,0,0,-3.0
0,0,48.86455522022338,never,0,0,-3.0
1,1,51.07511713600545,complier,0,1,2.0
0,0,47.08416307775732,never,0,0,-3.0
0,0,44.14668612839584,never,0,0,-3.0
1,0,47.76814562510055,never,0,0,-3.0
0,0,53.86102417244243,complier,0,1,2.0
0,0,49.308390683483765,never,0,0,-3.0
1,0,42.0441179960809,never,0,0,-3.0
0,0,45.642099877595015,never,0,0,-3.0
1,0,48.63975527487263,never,0,0,-3.0
0,0,44.47189450666713,never,0,0,-3.0
1,0,44.685571756765995,never,0,0,-3.0
0,1,67.35572957142296,always,1,1,12.0
0,0,45.33919386391613,never,0,0,-3.0
1,1,69.78381676534188,always,1,1,12.0
0,0,48.2895450441456,complier,0,1,2.0
0,0,49.14568139544174,never,0,0,-3.0
1,1,69.78770052474822,always,1,1,12.0
1,1,72.98466461608352,always,1,1,12.0
1,1,51.20988836604692,complier,0,1,2.0
0,0,46.29831206247514,complier,0,1,2.0
1,0,45.49984504877761,never,0,0,-3.0
0,1,71.75703404204896,always,1,1,12.0
1,1,53.46780687378656,complier,0,1,2.0
1,0,44.04758793199624,never,0,0,-3.0
1,0,42.74664226642386,never,0,0,-3.0
0,1,66.85382105898682,always,1,1,12.0
0,1,67.756989102377,always,1,1,12.0
1,1,68.09022385297675,always,1,1,12.0
1,0,45.13954549174289,never,0,0,-3.0
1,0,42.25089131288943,never,0,0,-3.0
1,1,67.2101689759295,always,1,1,12.0
0,1,67.86776000143317,always,1,1,12.0
1,1,49.84618400506689,complier,0,1,2.0
1,0,44.06177464244069,never,0,0,-3.0
0,0,48.06401478923361,never,0,0,-3.0
1,1,52.14443993119421,complier,0,1,2.0
0,0,45.57361005476271,never,0,0,-3.0
0,1,71.79437733189685,always,1,1,12.0
1,0,44.77534185970098,never,0,0,-3.0
1,1,53.600420539614795,complier,0,1,2.0
1,0,45.34679328912667,never,0,0,-3.0
1,0,48.019053126938566,never,0,0,-3.0
1,1,68.68347759360209,always,1,1,12.0
1,1,68.74973336494067,always,1,1,12.0
0,1,65.71859641564795,always,1,1,12.0
0,1,70.3859947299248,always,1,1,12.0
1,1,48.57633420984555,complier,0,1,2.0
0,0,45.144510968676705,never,0,0,-3.0
1,1,70.61049530351825,always,1,1,12.0
1,0,44.4611441681306,never,0,0,-3.0
0,0,47.74857382230632,never,0,0,-3.0
0,0,49.25137557901299,complier,0,1,2.0
1,0,47.28537124190115,never,0,0,-3.0
0,0,49.8921414155432,complier,0,1,2.0
1,0,44.076780988261895,never,0,0,-3.0
1,1,49.13426930117784,complier,0,1,2.0
0,1,68.27020572347537,always,1,1,12.0
0,0,45.073335730508816,complier,0,1,2.0
1,1,68.85078607726861,always,1,1,12.0
0,0,45.95758965020036,never,0,0,-3.0
0,0,41.684670633211724,never,0,0,-3.0
0,0,49.05595298290508,complier,0,1,2.0
0,0,46.010597421923244,complier,0,1,2.0
1,1,49.87823661994754,complier,0,1,2.0
1,1,67.24575330190379,always,1,1,12.0
0,0,49.717891901474125,complier,0,1,2.0
1,1,63.20945736002632,always,1,1,12.0
0,0,46.932979400706024,complier,0,1,2.0
1,1,72.01296447134493,always,1,1,12.0
0,0,49.57010147626714,complier,0,1,2.0
0,0,46.41269296216424,never,0,0,-3.0
1,1,71.3266407552674,always,1,1,12.0
0,1,74.87385564926426,always,1,1,12.0
1,0,46.65249271356088,never,0,0,-3.0
0,0,49.56240620446717,complier,0,1,2.0
0,0,51.28005912295009,complier,0,1,2.0
0,1,68.94411961665932,always,1,1,12.0
1,1,71.48838349791438,always,1,1,12.0
0,1,65.574026894831,always,1,1,12.0
1,0,43.39450843428256,never,0,0,-3.0
0,0,46.58549163055943,never,0,0,-3.0
0,0,48.30681388760719,complier,0,1,2.0
1,0,45.04083532394001,never,0,0,-3.0
1,1,51.62803131410232,complier,0,1,2.0
0,0,49.60609573546929,never,0,0,-3.0
0,0,50.430435942116056,complier,0,1,2.0
0,1,68.95968491535413,always,1,1,12.0
0,0,44.98022883146936,never,0,0,-3.0
1,1,54.29777100529381,complier,0,1,2.0
0,0,50.730607543908874,complier,0,1,2.0
1,1,66.54508615014625,always,1,1,12.0
1,1,48.93671509576565,complier,0,1,2.0
0,0,48.66140287949959,never,0,0,-3.0
1,0,46.11039870344025,never,0,0,-3.0
0,0,50.753662807292585,complier,0,1,2.0
0,0,50.70381913975749,complier,0,1,2.0
1,1,67.46999776368743,always,1,1,12.0
0,1,66.3219901834789,always,1,1,12.0
1,0,44.72215334033881,never,0,0,-3.0
1,0,43.557218442491894,never,0,0,-3.0
1,1,68.45565858572476,always,1,1,12.0
1,1,74.8202750049895,always,1,1,12.0
1,1,52.34955215815399,complier,0,1,2.0
0,1,68.07474059105704,always,1,1,12.0
0,1,69.93320326893488,always,1,1,12.0
1,0,47.33369126462208,never,0,0,-3.0
1,0,44.11650098858526,never,0,0,-3.0
1,0,48.825863150636515,never,0,0,-3.0
1,0,46.111431502621066,never,0,0,-3.0
1,1,50.66127728181668,complier,0,1,2.0
0,0,50.9714170994819,complier,0,1,2.0
1,1,50.512836725561996,complier,0,1,2.0
1,1,50.27909080335705,complier,0,1,2.0
1,1,67.6591679054383,always,1,1,12.0
0,0,53.98360791986796,complier,0,1,2.0
0,0,47.67289982145549,never,0,0,-3.0
1,1,52.939900648921025,complier,0,1,2.0
0,1,70.08226892100652,always,1,1,12.0
1,0,43.46088466285417,never,0,0,-3.0
0,0,45.71452203309633,never,0,0,-3.0
0,0,46.23249268678236,never,0,0,-3.0
1,0,47.02052915366865,never,0,0,-3.0
0,0,50.210712117976385,complier,0,1,2.0
1,1,51.78674839858362,complier,0,1,2.0
1,1,66.31706798692689,always,1,1,12.0
1,0,44.180214286231646,never,0,0,-3.0
1,1,52.81768138859006,complier,0,1,2.0
0,0,49.65928564100758,complier,0,1,2.0
0,0,47.143707247934486,never,0,0,-3.0
0,0,46.620601923196894,never,0,0,-3.0
1,1,69.28871888077279,always,1,1,12.0
1,1,69.73777447326731,always,1,1,12.0
0,0,46.2168705883738,never,0,0,-3.0
0,0,47.904090581083544,never,0,0,-3.0
1,1,52.745018380378944,complier,0,1,2.0
1,1,67.22346628779253,always,1,1,12.0
1,1,52.00359045307077,complier,0,1,2.0
1,0,41.11131295395012,never,0,0,-3.0
0,0,44.47980067621496,never,0,0,-3.0
0,0,46.18939660913395,complier,0,1,2.0
1,0,48.45190435289539,never,0,0,-3.0
1,1,51.43146370881676,complier,0,1,2.0
1,0,46.65344172142636,never,0,0,-3.0
0,1,70.71405324674262,always,1,1,12.0
0,0,50.88160745462868,complier,0,1,2.0
0,0,46.43469878801875,never,0,0,-3.0
0,1,67.61264776456255,always,1,1,12.0
1,1,69.91326607780577,always,1,1,12.0
1,0,45.767264342766474,never,0,0,-3.0
1,0,47.8049843019552,never,0,0,-3.0
1,0,42.21400092629592,never,0,0,-3.0
1,1,69.47573258493199,always,1,1,12.0
0,1,67.86775855622267,always,1,1,12.0
1,0,42.74928822183203,never,0,0,-3.0
0,0,43.86699387581147,never,0,0,-3.0
0,0,44.255232071514655,never,0,0,-3.0
1,1,52.802299719398164,complier,0,1,2.0
1,1,66.67574611781765,always,1,1,12.0
0,0,47.526535793411725,complier,0,1,2.0
1,0,46.379168858854214,never,0,0,-3.0
0,0,40.97245566568941,never,0,0,-3.0
0,0,47.67833631578647,never,0,0,-3.0
1,1,54.207886463443394,complier,0,1,2.0
0,1,71.4075088801932,always,1,1,12.0
0,0,48.86258567243466,never,0,0,-3.0
1,0,47.72262716508202,never,0,0,-3.0
0,0,49.208988576978186,complier,0,1,2.0
1,1,50.14202030465802,complier,0,1,2.0
1,0,47.7088149139382,never,0,0,-3.0
1,1,51.34934283746004,complier,0,1,2.0
0,0,44.88069411937127,never,0,0,-3.0
1,0,46.78556867286495,never,0,0,-3.0
0,1,66.4185282735286,always,1,1,12.0
1,1,54.642693654066974,complier,0,1,2.0
1,0,43.218801705253135,never,0,0,-3.0
1,1,53.400692372803235,complier,0,1,2.0
1,0,47.09164475637958,never,0,0,-3.0
0,1,66.04931353119545,always,1,1,12.0
0,0,50.61242934113354,complier,0,1,2.0
1,0,44.83613098105182,never,0,0,-3.0
1,1,54.58630229283339,complier,0,1,2.0
0,1,68.53111707749652,always,1,1,12.0
0,0,45.75162488667243,never,0,0,-3.0
0,0,46.28544040726242,never,0,0,-3.0
0,0,48.568720139761645,complier,0,1,2.0
0,0,48.91848714413701,complier,0,1,2.0
1,1,52.60351005461742,complier,0,1,2.0
1,0,45.48545917290827,never,0,0,-3.0
1,0,41.737560634754566,never,0,0,-3.0
1,0,45.59050210210182,never,0,0,-3.0
0,0,49.40198423909862,complier,0,1,2.0
0,1,69.81411207467845,always,1,1,12.0
0,0,44.193555139742585,never,0,0,-3.0
0,0,47.937766662554786,never,0,0,-3.0
1,0,44.73339714617249,never,0,0,-3.0
0,1,69.35479184436355,always,1,1,12.0
1,0,47.094190746574476,never,0,0,-3.0
0,0,45.59508602250471,never,0,0,-3.0
0,1,68.54801807199067,always,1,1,12.0
1,0,46.39654289290853,never,0,0,-3.0
1,1,50.591156621132946,complier,0,1,2.0
1,0,45.2937844068548,never,0,0,-3.0
0,0,50.456972227997,complier,0,1,2.0
1,1,51.00493150850415,complier,0,1,2.0
0,0,46.37931653211118,never,0,0,-3.0
1,1,48.77965568683233,complier,0,1,2.0
0,0,44.59208910512382,never,0,0,-3.0
0,0,47.169631483451894,never,0,0,-3.0
1,0,48.31830732401395,never,0,0,-3.0
1,1,50.224617388467905,complier,0,1,2.0
0,0,44.70157817129018,never,0,0,-3.0
0,0,51.39650970552833,complier,0,1,2.0
1,0,43.585514758366855,never,0,0,-3.0
0,0,53.252925806404924,complier,0,1,2.0
0,1,70.56170591907951,always,1,1,12.0
0,0,44.079221944053465,never,0,0,-3.0
1,0,45.048335275339774,never,0,0,-3.0
1,1,50.81325152308347,complier,0,1,2.0
0,0,42.66861403959406,never,0,0,-3.0
1,1,51.16228445094567,complier,0,1,2.0
0,0,45.26196596627838,never,0,0,-3.0
0,0,46.569741738714185,never,0,0,-3.0
1,1,52.84387311217425,complier,0,1,2.0
0,1,69.1461024833879,always,1,1,12.0
0,0,46.4894687235344,never,0,0,-3.0
0,0,47.76981112967582,never,0,0,-3.0
1,1,53.976342147061054,complier,0,1,2.0
0,0,47.844381575868525,never,0,0,-3.0
1,1,54.991716810791935,complier,0,1,2.0
0,0,48.62680708047313,complier,0,1,2.0
0,0,47.09114625526604,never,0,0,-3.0
1,0,46.816058049901486,never,0,0,-3.0
1,1,69.79365268491217,always,1,1,12.0
0,0,52.400028510027795,complier,0,1,2.0
1,0,46.89613028507563,never,0,0,-3.0
1,1,68.56993593126772,always,1,1,12.0
1,0,47.36987547719516,never,0,0,-3.0
1,0,44.57334314798654,never,0,0,-3.0
1,1,68.60696703835596,always,1,1,12.0
1,0,47.88122275223599,never,0,0,-3.0
1,0,45.62123574262217,never,0,0,-3.0
1,1,69.04846172349309,always,1,1,12.0
1,0,45.070688086636835,never,0,0,-3.0
0,0,47.61245180807189,never,0,0,-3.0
0,0,44.474256814859956,never,0,0,-3.0
0,0,47.123764308414486,never,0,0,-3.0
0,0,48.58562198743989,complier,0,1,2.0
1,1,72.85115486134404,always,1,1,12.0
1,1,48.289534319527746,complier,0,1,2.0
1,0,46.87703409327563,never,0,0,-3.0
1,0,44.916811386528686,never,0,0,-3.0
0,1,64.49747973670607,always,1,1,12.0
1,1,69.63907764231706,always,1,1,12.0
1,1,73.86424999722455,always,1,1,12.0
1,1,51.44342036811198,complier,0,1,2.0
1,1,42.13926257027818,complier,0,1,2.0
1,1,66.4707375877581,always,1,1,12.0
0,0,46.47913416769753,never,0,0,-3.0
1,1,55.38865328426795,complier,0,1,2.0
0,1,66.3794647014186,always,1,1,12.0
0,0,42.31310282397361,never,0,0,-3.0
0,1,71.10461636956806,always,1,1,12.0
1,1,50.87220424101662,complier,0,1,2.0
0,0,47.5426413254164,complier,0,1,2.0
1,0,47.128531179283236,never,0,0,-3.0
1,0,44.74961438423349,never,0,0,-3.0
1,1,51.334351669604374,complier,0,1,2.0
1,0,47.19089982079855,never,0,0,-3.0
0,1,71.35564239956429,always,1,1,12.0
0,0,49.68965991213231,complier,0,1,2.0
0,0,44.828207587067446,never,0,0,-3.0
0,0,45.964430130723656,never,0,0,-3.0
0,0,53.207744867092785,complier,0,1,2.0
0,0,43.88132213672008,never,0,0,-3.0
0,0,52.097499176403296,complier,0,1,2.0
0,0,47.227372714157504,never,0,0,-3.0
0,0,43.63185462337862,never,0,0,-3.0
1,1,67.54136158357161,always,1,1,12.0
0,0,46.376049195817686,never,0,0,-3.0
1,1,53.62307980408294,complier,0,1,2.0
1,0,45.51888555017194,never,0,0,-3.0
0,0,48.81989151502776,complier,0,1,2.0
0,1,68.19092019821406,always,1,1,12.0
1,0,45.777907259385145,never,0,0,-3.0
0,0,48.63551425469109,complier,0,1,2.0
1,1,55.60207523142371,complier,0,1,2.0
1,1,51.931424504579425,complier,0,1,2.0
0,0,48.229623302035264,never,0,0,-3.0
0,1,67.38109253501531,always,1,1,12.0
0,0,49.86330749623308,complier,0,1,2.0
1,1,49.19206533705594,complier,0,1,2.0
0,1,70.24509438007831,always,1,1,12.0
0,1,66.49638513304954,always,1,1,12.0
0,0,47.7357954026857,never,0,0,-3.0
1,1,69.48791663104303,always,1,1,12.0
0,0,47.9744893896902,never,0,0,-3.0
1,1,70.60039995472822,always,1,1,12.0
0,0,49.838800328123284,complier,0,1,2.0
1,1,67.06944157079293,always,1,1,12.0
1,1,51.647311434548534,complier,0,1,2.0
0,0,47.17232545012544,never,0,0,-3.0
1,1,49.56674845517136,complier,0,1,2.0
0,0,46.44725255506949,never,0,0,-3.0
1,1,53.647711746179255,complier,0,1,2.0
0,1,69.50974294160528,always,1,1,12.0
1,1,54.735283721528425,complier,0,1,2.0
0,0,51.602966211679906,complier,0,1,2.0
1,1,71.4639160595102,always,1,1,12.0
1,0,45.003075102486406,never,0,0,-3.0
1,1,55.79841312889486,complier,0,1,2.0
1,0,42.42713268448433,never,0,0,-3.0
0,0,50.260290890646274,complier,0,1,2.0
0,0,45.50077936752684,never,0,0,-3.0
0,1,71.62277697260801,always,1,1,12.0
0,1,69.3513396286742,always,1,1,12.0
1,0,45.28612481143245,never,0,0,-3.0
1,0,46.482516668342235,never,0,0,-3.0
1,0,46.9984420591516,never,0,0,-3.0
1,0,46.60564857462685,never,0,0,-3.0
0,0,50.16401721363111,complier,0,1,2.0
1,1,69.15746301586167,always,1,1,12.0
1,0,46.76981586658604,never,0,0,-3.0
0,0,51.78373676871827,complier,0,1,2.0
1,1,67.58846488267938,always,1,1,12.0
0,0,47.31805608821364,never,0,0,-3.0
1,1,73.2137272350491,always,1,1,12.0
0,0,47.044371065567425,never,0,0,-3.0
0,0,51.816767566226176,complier,0,1,2.0
1,1,51.847863995750444,complier,0,1,2.0
1,1,70.85800406625572,always,1,1,12.0
1,1,67.27443477153354,always,1,1,12.0
0,0,46.516947359571915,never,0,0,-3.0
1,1,50.71473220130912,complier,0,1,2.0
1,1,67.80066913243876,always,1,1,12.0
1,0,47.00205885100041,never,0,0,-3.0
0,0,48.00484468960783,complier,0,1,2.0
0,0,44.85057614767534,never,0,0,-3.0
1,1,67.23743636514563,always,1,1,12.0
0,0,46.645305845518244,never,0,0,-3.0
0,0,49.2216499522856,never,0,0,-3.0
0,0,44.12905935867921,never,0,0,-3.0
1,1,52.05603068897744,complier,0,1,2.0
0,0,46.71155144801992,never,0,0,-3.0
0,0,44.037205885823305,never,0,0,-3.0
1,1,72.31824694225072,always,1,1,12.0
1,1,48.85595010343367,complier,0,1,2.0
0,0,46.556100819013956,never,0,0,-3.0
0,0,50.653026151406365,complier,0,1,2.0
0,0,45.42852737228382,never,0,0,-3.0
1,0,44.710384622348734,never,0,0,-3.0
1,1,66.1896216559834,always,1,1,12.0
1,0,45.92860735409511,never,0,0,-3.0
0,0,52.42788575379767,complier,0,1,2.0
1,1,69.16421163196841,always,1,1,12.0
0,0,51.827791235832244,complier,0,1,2.0
1,0,44.47623893234146,never,0,0,-3.0
0,0,48.094277089376185,complier,0,1,2.0
1,0,46.53022313961719,never,0,0,-3.0
0,0,50.140642378731606,complier,0,1,2.0
1,0,45.75705047031809,never,0,0,-3.0
0,0,46.80944177983837,complier,0,1,2.0
0,0,44.914512379786714,never,0,0,-3.0
0,0,42.352880241810404,never,0,0,-3.0
1,1,66.4394440016226,always,1,1,12.0
0,0,48.90119136722887,complier,0,1,2.0
1,1,52.78254339361783,complier,0,1,2.0
0,0,50.298795092745436,complier,0,1,2.0
1,0,45.514631969080554,never,0,0,-3.0
0,0,47.83935585615954,never,0,0,-3.0
1,0,46.30670002521883,never,0,0,-3.0
0,0,49.3096544532613,complier,0,1,2.0
0,0,47.545757947316616,never,0,0,-3.0
0,1,67.36924827389551,always,1,1,12.0
0,0,44.5325569702211,never,0,0,-3.0
1,1,69.486175477138,always,1,1,12.0
0,0,48.19650323595101,never,0,0,-3.0
1,0,46.89848271815869,never,0,0,-3.0
0,0,54.77752675816926,complier,0,1,2.0
0,1,72.28928839127529,always,1,1,12.0
1,0,44.60641753211712,never,0,0,-3.0
1,0,45.62346772216803,never,0,0,-3.0
0,0,44.26362780332577,never,0,0,-3.0
1,1,69.7319858916925,always,1,1,12.0
0,1,70.01097175544317,always,1,1,12.0
0,1,69.54273077638878,always,1,1,12.0
0,0,48.179470665315996,complier,0,1,2.0
1,0,44.945974254704055,never,0,0,-3.0
1,1,67.72086606826247,always,1,1,12.0
0,0,50.33265304174838,complier,0,1,2.0
1,1,55.113422362926336,complier,0,1,2.0
1,1,52.069606750825805,complier,0,1,2.0
0,1,67.26568339233353,always,1,1,12.0
0,1,66.56337004549651,always,1,1,12.0
1,1,72.50710412976103,always,1,1,12.0
1,0,45.684618168815746,never,0,0,-3.0
1,1,52.650314161383356,complier,0,1,2.0
1,0,46.07369159432417,never,0,0,-3.0
1,1,49.19692132342383,complier,0,1,2.0
1,1,67.88889205872458,always,1,1,12.0
1,0,50.27771816455874,never,0,0,-3.0
1,1,52.97272373357141,complier,0,1,2.0
0,0,52.60505598585652,complier,0,1,2.0
0,0,51.33862544352665,complier,0,1,2.0
0,0,52.3646722743026,complier,0,1,2.0
0,0,45.68493709380381,never,0,0,-3.0
1,1,69.55666074826237,always,1,1,12.0
0,0,49.375886856000704,complier,0,1,2.0
1,1,53.95026670630138,complier,0,1,2.0
1,1,49.594456439761856,complier,0,1,2.0
0,1,71.07622995698163,always,1,1,12.0
0,0,49.74964634766827,complier,0,1,2.0
0,0,45.50995336145728,never,0,0,-3.0
0,0,51.61962864719995,complier,0,1,2.0
1,0,46.01305599589603,never,0,0,-3.0
1,0,48.48882217115029,never,0,0,-3.0
0,0,47.50619579758565,never,0,0,-3.0
0,0,47.445144909922874,never,0,0,-3.0
1,0,46.19909522236754,never,0,0,-3.0
0,0,52.250101113725975,complier,0,1,2.0
0,0,53.315026837187254,complier,0,1,2.0
1,0,43.631100154530465,never,0,0,-3.0
0,0,49.60203381883313,complier,0,1,2.0
1,1,55.304268077022165,complier,0,1,2.0
0,0,44.20500542065774,never,0,0,-3.0
1,1,55.187578361455834,complier,0,1,2.0
1,1,68.04154471216617,always,1,1,12.0
1,1,69.65808882243276,always,1,1,12.0
1,0,44.43860931893722,never,0,0,-3.0
1,1,66.57549344649595,always,1,1,12.0
0,1,69.95042242241959,always,1,1,12.0
0,1,71.86923385729428,always,1,1,12.0
1,1,49.085067513460174,complier,0,1,2.0
0,0,49.94746492268689,complier,0,1,2.0
0,1,68.30195308557953,always,1,1,12.0
0,0,50.23053688231336,complier,0,1,2.0
0,0,48.4755134218988,complier,0,1,2.0
0,0,44.68496030106861,never,0,0,-3.0
0,1,67.192753608317,always,1,1,12.0
0,0,48.81258741188681,never,0,0,-3.0
1,0,47.701503715137775,never,0,0,-3.0
0,0,49.031007720538845,never,0,0,-3.0
1,1,68.15634538753406,always,1,1,12.0
1,0,45.50829193062858,never,0,0,-3.0
1,1,71.44792151679553,always,1,1,12.0
1,0,46.50900378498369,never,0,0,-3.0
0,1,68.44804552410255,always,1,1,12.0
0,0,45.68877604471191,never,0,0,-3.0
1,0,45.237430574390245,never,0,0,-3.0
0,0,53.64060233915821,complier,0,1,2.0
1,1,69.6115070954203,always,1,1,12.0
1,1,55.14941882932954,complier,0,1,2.0
1,1,52.63854053894489,complier,0,1,2.0
0,0,49.099917641466824,complier,0,1,2.0
1,1,53.08102501610283,complier,0,1,2.0
1,0,44.10723562903968,never,0,0,-3.0
1,0,47.36782288241635,never,0,0,-3.0
1,0,43.967266124354396,never,0,0,-3.0
0,0,50.95292120755392,complier,0,1,2.0
0,1,67.05299049308097,always,1,1,12.0
1,1,68.30710318694518,always,1,1,12.0
0,0,49.04846690430658,never,0,0,-3.0
1,1,68.33376210385181,always,1,1,12.0
1,0,45.47188566614305,never,0,0,-3.0
0,0,49.13307467067078,never,0,0,-3.0
0,1,69.20906890129682,always,1,1,12.0
1,1,54.676294085879384,complier,0,1,2.0
1,1,71.44219937012899,always,1,1,12.0
0,1,68.27794469118527,always,1,1,12.0
0,0,54.39279986230224,complier,0,1,2.0
1,1,71.07044973988604,always,1,1,12.0
0,0,45.43272171811334,never,0,0,-3.0
1,0,48.49457916076052,never,0,0,-3.0
1,0,46.83486184838608,never,0,0,-3.0
1,1,69.91162147206623,always,1,1,12.0
1,1,67.70855734819294,always,1,1,12.0
0,1,67.57837322347216,always,1,1,12.0
1,0,48.55444127830282,never,0,0,-3.0
0,1,69.12008292870489,always,1,1,12.0
1,1,51.23196260629001,complier,0,1,2.0
0,0,46.91213227717832,never,0,0,-3.0
1,1,51.36325433054738,complier,0,1,2.0
1,1,52.517340238707554,complier,0,1,2.0
1,1,70.5458485503229,always,1,1,12.0
0,0,49.83451504538596,never,0,0,-3.0
0,1,63.62939526043803,always,1,1,12.0
1,1,52.0376899161301,complier,0,1,2.0
0,1,71.1828284682962,always,1,1,12.0
1,1,68.14165992482576,always,1,1,12.0
1,1,67.4505528763276,always,1,1,12.0
0,0,44.56860035067662,never,0,0,-3.0
1,1,55.62095957294034,complier,0,1,2.0
0,0,48.85585102898781,complier,0,1,2.0
0,0,43.61417429346511,complier,0,1,2.0
1,1,68.34182735512196,always,1,1,12.0
0,1,72.06094584073067,always,1,1,12.0
0,0,43.914352634256836,never,0,0,-3.0
0,0,45.087976839894836,never,0,0,-3.0
1,1,69.79679122150382,always,1,1,12.0
0,1,69.51908361378027,always,1,1,12.0
1,0,45.2559698082531,never,0,0,-3.0
0,0,46.37276403404532,complier,0,1,2.0
1,1,68.98678244153484,always,1,1,12.0
1,1,68.30106296881809,always,1,1,12.0
0,0,50.64725491784618,never,0,0,-3.0
0,0,48.86820916239213,complier,0,1,2.0
0,0,53.53242330206683,complier,0,1,2.0
0,1,71.61956331970146,always,1,1,12.0
1,0,44.96936263981008,never,0,0,-3.0
0,0,41.77771142973562,never,0,0,-3.0
0,1,66.9459832137437,always,1,1,12.0
1,0,45.8995414655743,never,0,0,-3.0
0,0,46.1959600274148,never,0,0,-3.0
1,1,51.029880809290724,complier,0,1,2.0
1,0,44.491571274986626,never,0,0,-3.0
0,0,44.164743422508984,never,0,0,-3.0
1,1,51.85640441811402,complier,0,1,2.0
0,1,66.43202678991092,always,1,1,12.0
0,0,44.2746926520893,never,0,0,-3.0
1,0,45.04775177630633,never,0,0,-3.0
1,0,45.72688109171508,never,0,0,-3.0
1,0,42.68735847910637,never,0,0,-3.0
0,0,45.3561194505412,never,0,0,-3.0
1,0,47.25887116062282,never,0,0,-3.0
1,0,46.83500961626233,never,0,0,-3.0
1,0,49.04160890771255,never,0,0,-3.0
0,0,49.70307240154534,never,0,0,-3.0
1,0,43.35749791097012,never,0,0,-3.0
0,0,43.27074003489285,never,0,0,-3.0
1,0,44.14524669353,never,0,0,-3.0
0,1,70.78015123244566,always,1,1,12.0
0,0,44.84338775893714,never,0,0,-3.0
1,0,47.38619495260518,never,0,0,-3.0
1,1,68.03649795442617,always,1,1,12.0
0,0,43.45248990128175,never,0,0,-3.0
1,1,70.13446690775244,always,1,1,12.0
0,1,67.94939672914383,always,1,1,12.0
1,1,51.22320391690983,complier,0,1,2.0
0,0,43.20278178800434,never,0,0,-3.0
0,0,49.48009769279598,never,0,0,-3.0
1,0,44.18045250613724,never,0,0,-3.0
1,0,48.25208999680579,never,0,0,-3.0
1,0,47.174030116002086,never,0,0,-3.0
1,0,43.94577273064443,never,0,0,-3.0
1,1,54.157909641616094,complier,0,1,2.0
1,0,46.58792693459409,never,0,0,-3.0
0,0,46.921085129821016,never,0,0,-3.0
0,0,43.95084217609418,never,0,0,-3.0
0,0,48.5998185056268,complier,0,1,2.0
0,1,72.10896081902354,always,1,1,12.0
0,1,70.24488182235706,always,1,1,12.0
1,0,45.46261131833035,never,0,0,-3.0
0,1,67.26974722767095,always,1,1,12.0
0,1,72.64505489077428,always,1,1,12.0
0,0,47.8248628839705,never,0,0,-3.0
0,0,44.46102184415216,never,0,0,-3.0
0,0,47.47285609279393,complier,0,1,2.0
1,1,46.83170737503106,complier,0,1,2.0
0,1,71.5541873671994,always,1,1,12.0
1,1,51.11413067236204,complier,0,1,2.0
0,0,46.811765552868366,never,0,0,-3.0
0,0,48.02513017840965,complier,0,1,2.0
1,1,69.42089374806058,always,1,1,12.0
0,0,46.64263606515967,never,0,0,-3.0
1,1,69.71813221665656,always,1,1,12.0
1,1,52.039875278161844,complier,0,1,2.0
0,0,45.664186961774234,never,0,0,-3.0
1,1,67.76342730191993,always,1,1,12.0
0,0,49.35869146084285,never,0,0,-3.0
1,0,46.29690630671571,never,0,0,-3.0
0,1,70.11091737305038,always,1,1,12.0
0,0,45.109319596691066,never,0,0,-3.0
0,0,44.382379097166464,never,0,0,-3.0
0,0,46.553725404570955,never,0,0,-3.0
1,1,51.58287575860634,complier,0,1,2.0
1,1,52.57559015783748,complier,0,1,2.0
1,0,49.197094215625924,never,0,0,-3.0
0,0,45.54451375501235,never,0,0,-3.0
0,0,44.21825046843347,never,0,0,-3.0
0,0,52.13308294418959,complier,0,1,2.0
0,0,45.332872445058584,never,0,0,-3.0
1,1,68.62043516090415,always,1,1,12.0
1,1,53.05518600850907,complier,0,1,2.0
0,1,69.62657622813984,always,1,1,12.0
0,1,66.32264550408,always,1,1,12.0
0,0,48.96019117305651,never,0,0,-3.0
0,0,50.69531295138823,complier,0,1,2.0
0,0,47.09871568110288,complier,0,1,2.0
1,1,72.49395822168505,always,1,1,12.0
1,1,67.05382717088223,always,1,1,12.0
0,0,43.48496212388043,never,0,0,-3.0
1,0,47.23623591220742,never,0,0,-3.0
0,0,46.252612729536004,never,0,0,-3.0
0,1,69.01280044643927,always,1,1,12.0
1,0,43.44192145993119,never,0,0,-3.0
0,0,49.64386544329499,complier,0,1,2.0
1,1,52.23569224264224,complier,0,1,2.0
0,0,48.514426227975264,never,0,0,-3.0
1,0,44.17506234546723,never,0,0,-3.0
1,1,66.62469443997016,always,1,1,12.0
1,1,73.2080529882253,always,1,1,12.0
1,0,41.26702417085563,never,0,0,-3.0
1,1,48.47929610748223,complier,0,1,2.0
1,1,67.6191931894096,always,1,1,12.0
0,0,44.12862007872528,never,0,0,-3.0
1,1,67.54192825511427,always,1,1,12.0
0,1,69.61489077805597,always,1,1,12.0
1,0,48.64460997919843,never,0,0,-3.0
1,0,44.593883145797435,never,0,0,-3.0
1,1,55.159573596986675,complier,0,1,2.0
1,1,69.60271646372955,always,1,1,12.0
0,1,65.05142526303686,always,1,1,12.0
0,1,70.81052869554246,always,1,1,12.0
0,1,68.30944499255777,always,1,1,12.0
0,0,53.271393021899236,complier,0,1,2.0
1,1,69.75834279649415,always,1,1,12.0
0,0,43.65419595401434,never,0,0,-3.0
0,0,47.57471806921264,complier,0,1,2.0
0,0,49.288929582733935,complier,0,1,2.0
0,0,51.614809377623914,complier,0,1,2.0
1,0,43.86104925470434,never,0,0,-3.0
0,1,68.63509340308902,always,1,1,12.0
0,0,44.4107046888132,never,0,0,-3.0
0,1,70.74663370267746,always,1,1,12.0
0,1,70.12185124989128,always,1,1,12.0
0,0,46.67723333352797,complier,0,1,2.0
0,1,73.2058482800239,always,1,1,12.0
1,0,48.51812536583996,never,0,0,-3.0
1,1,68.60595045460451,always,1,1,12.0
0,0,50.937325152317065,complier,0,1,2.0
0,1,72.03336854536809,always,1,1,12.0
0,0,46.64725910317467,complier,0,1,2.0
1,1,50.93247016968648,complier,0,1,2.0
0,0,54.13692646518166,complier,0,1,2.0
1,1,69.24871162592981,always,1,1,12.0
0,1,68.39167699815431,always,1,1,12.0
0,0,46.427667281399906,never,0,0,-3.0
0,1,67.00500625185062,always,1,1,12.0
1,1,50.66270502711567,complier,0,1,2.0
1,1,68.9604750100056,always,1,1,12.0
1,1,71.32225233637736,always,1,1,12.0
1,1,68.39597742361285,always,1,1,12.0
0,0,48.31649158737585,complier,0,1,2.0
1,0,47.10371627617026,never,0,0,-3.0
0,0,44.69925338499978,never,0,0,-3.0
0,0,49.03179992555084,never,0,0,-3.0
0,0,45.832648752193336,complier,0,1,2.0
1,1,52.77103815495605,complier,0,1,2.0
1,1,70.07292025640405,always,1,1,12.0
0,0,50.27299791000275,never,0,0,-3.0
0,0,51.82209533503434,complier,0,1,2.0
1,0,46.04920507733269,never,0,0,-3.0
1,0,45.69782235249986,never,0,0,-3.0
0,1,67.99357958058901,always,1,1,12.0
0,0,41.34636751896604,never,0,0,-3.0
0,0,45.89600228587727,never,0,0,-3.0
0,1,71.70649884525508,always,1,1,12.0
1,1,51.086926375472096,complier,0,1,2.0
1,0,48.47013523202702,never,0,0,-3.0
0,1,68.49521040189993,always,1,1,12.0
1,0,46.64342342259239,never,0,0,-3.0
1,0,47.79220203650009,never,0,0,-3.0
1,1,67.52987514543021,always,1,1,12.0
0,0,46.77797174253843,never,0,0,-3.0
1,1,53.62534476606284,complier,0,1,2.0
1,1,68.06141687108959,always,1,1,12.0
0,0,48.028867614850434,complier,0,1,2.0
1,1,49.980937352794285,complier,0,1,2.0
0,0,49.90054927060488,complier,0,1,2.0
0,0,45.16994733315803,never,0,0,-3.0
0,0,46.431874288487855,never,0,0,-3.0
1,1,48.62872209324598,complier,0,1,2.0
0,1,70.1723274786542,always,1,1,12.0
0,0,50.47476758825202,complier,0,1,2.0
1,0,44.977552147726975,never,0,0,-3.0
1,0,47.352079104018856,never,0,0,-3.0
1,1,66.87751752126013,always,1,1,12.0
0,1,68.50063431845227,always,1,1,12.0
1,0,44.8694237171242,never,0,0,-3.0
1,0,48.47047320527852,never,0,0,-3.0
1,0,45.62349152101923,never,0,0,-3.0
1,1,53.34496671100572,complier,0,1,2.0
0,0,51.46044106965662,complier,0,1,2.0
1,0,47.09528289880795,never,0,0,-3.0
0,0,44.730221707187525,never,0,0,-3.0
0,1,70.61148251195965,always,1,1,12.0
1,1,71.13373152597565,always,1,1,12.0
0,0,53.10093815388673,complier,0,1,2.0
0,0,45.205551857394454,never,0,0,-3.0
1,1,68.59906904290759,always,1,1,12.0
1,1,68.98619650866884,always,1,1,12.0
0,0,52.50619220850153,complier,0,1,2.0
1,0,44.416613234713175,never,0,0,-3.0
0,0,51.55882950539563,complier,0,1,2.0
0,1,68.71358803846131,always,1,1,12.0
1,1,53.67541518704206,complier,0,1,2.0
1,0,45.98069301387099,never,0,0,-3.0
0,1,71.6472845405259,always,1,1,12.0
1,1,69.07927275957454,always,1,1,12.0
0,0,48.41722066573324,never,0,0,-3.0
0,0,48.80436542954647,never,0,0,-3.0
1,1,66.26936728202065,always,1,1,12.0
1,0,41.22631781706909,never,0,0,-3.0
0,0,48.7846953646303,complier,0,1,2.0
1,1,66.9703783452801,always,1,1,12.0
1,1,68.54491802517362,always,1,1,12.0
0,0,50.13392327866769,complier,0,1,2.0
0,1,69.33560874066018,always,1,1,12.0
0,1,69.86109405399512,always,1,1,12.0
0,0,50.32223036267177,complier,0,1,2.0
0,0,52.21768230877669,complier,0,1,2.0
1,1,51.7774829971795,complier,0,1,2.0
1,0,45.70233624703357,never,0,0,-3.0
1,1,68.38962301710679,always,1,1,12.0
0,0,48.43845767285154,complier,0,1,2.0
1,0,41.748706256535286,never,0,0,-3.0
0,0,46.76010984864329,never,0,0,-3.0
1,0,42.94898827302707,never,0,0,-3.0
1,1,51.82129696759963,complier,0,1,2.0
1,1,70.3629406609099,always,1,1,12.0
1,1,72.60073514881127,always,1,1,12.0
1,1,51.91872177824251,complier,0,1,2.0
1,0,43.143862025761294,never,0,0,-3.0
1,1,65.28626033195415,always,1,1,12.0
1,1,68.96267016136075,always,1,1,12.0
0,1,71.34535738027012,always,1,1,12.0
0,0,49.8134140792593,complier,0,1,2.0
0,0,45.917493933352446,complier,0,1,2.0
1,0,46.588209849280894,never,0,0,-3.0
0,0,44.90203051905743,never,0,0,-3.0
1,0,44.76860897139029,never,0,0,-3.0
0,1,71.04512594130807,always,1,1,12.0
1,0,47.814299669109154,never,0,0,-3.0
1,1,53.236946959077684,complier,0,1,2.0
0,0,48.72467123683779,complier,0,1,2.0
0,1,69.73171157774517,always,1,1,12.0
1,1,53.12423024937918,complier,0,1,2.0
1,1,65.65957948451647,always,1,1,12.0
1,0,46.47146264075008,never,0,0,-3.0
1,0,46.18119646741744,never,0,0,-3.0
1,1,49.53395097356276,complier,0,1,2.0
0,0,48.98565702286962,never,0,0,-3.0
1,1,71.11725075935456,always,1,1,12.0
0,0,45.17519976207294,never,0,0,-3.0
0,0,52.24819501798183,complier,0,1,2.0
1,1,70.81730991506836,always,1,1,12.0
0,0,48.53464822425708,never,0,0,-3.0
0,0,49.90546185907407,complier,0,1,2.0
0,1,70.31569381131484,always,1,1,12.0
1,1,50.61244254903342,complier,0,1,2.0
1,1,69.77738669212283,always,1,1,12.0
0,1,69.33782944278576,always,1,1,12.0
0,0,47.745071901290345,never,0,0,-3.0
0,1,69.33004438348344,always,1,1,12.0
0,1,66.24038142633428,always,1,1,12.0
1,0,47.13363955292707,never,0,0,-3.0
1,1,71.316497659842,always,1,1,12.0
0,1,67.1789830700052,always,1,1,12.0
1,0,44.90207087992131,never,0,0,-3.0
1,1,68.3226607434981,always,1,1,12.0
0,1,67.5635839220902,always,1,1,12.0
1,0,43.856866622246166,never,0,0,-3.0
0,0,55.321221796604746,complier,0,1,2.0
1,1,67.18222553661558,always,1,1,12.0
1,0,43.99203673186298,never,0,0,-3.0
1,1,51.42523106333539,complier,0,1,2.0
0,0,46.85940567751684,never,0,0,-3.0
1,0,47.5660880080664,never,0,0,-3.0
0,1,67.34310995896999,always,1,1,12.0
0,0,50.217410920760095,never,0,0,-3.0
1,0,44.258739129074826,never,0,0,-3.0
0,0,48.68489915823871,never,0,0,-3.0
1,1,51.52422180723395,complier,0,1,2.0
0,0,46.85565022684125,never,0,0,-3.0
1,1,53.84093470415786,complier,0,1,2.0
1,1,70.52636210422011,always,1,1,12.0
1,1,54.175337162037756,complier,0,1,2.0
1,1,67.97972094412167,always,1,1,12.0
0,0,52.30304795443315,complier,0,1,2.0
1,0,46.11540029944514,never,0,0,-3.0
0,0,45.312526786719594,never,0,0,-3.0
1,1,66.96036351102644,always,1,1,12.0
0,1,65.66261239898398,always,1,1,12.0
0,0,48.171796346871126,never,0,0,-3.0
0,0,44.311596796005986,never,0,0,-3.0
1,1,50.588421144528404,complier,0,1,2.0
0,1,72.40556067003311,always,1,1,12.0
1,1,69.21806965869656,always,1,1,12.0
1,0,48.2571602600258,never,0,0,-3.0
0,1,67.47133840715595,always,1,1,12.0
1,0,46.34336970197797,never,0,0,-3.0
1,1,49.850842693988646,complier,0,1,2.0
0,0,43.56886597408033,never,0,0,-3.0
0,0,43.77573478089086,never,0,0,-3.0
1,0,44.13223595208021,never,0,0,-3.0
0,0,46.52410932404627,never,0,0,-3.0
1,1,68.66013359923116,always,1,1,12.0
0,1,71.46695730910496,always,1,1,12.0
1,1,48.17992148422131,complier,0,1,2.0
1,0,48.496014163124556,never,0,0,-3.0
1,1,68.42585897150659,always,1,1,12.0
1,1,51.811086940649986,complier,0,1,2.0
0,0,49.21743104208118,complier,0,1,2.0
0,0,44.2806469815609,never,0,0,-3.0
1,1,66.54945543130898,always,1,1,12.0
0,1,70.36011072268188,always,1,1,12.0
0,0,45.11045246886302,never,0,0,-3.0
1,0,46.64757693038903,never,0,0,-3.0
0,0,45.851189776678346,never,0,0,-3.0
0,1,66.40183399785471,always,1,1,12.0
0,0,48.349405823858625,never,0,0,-3.0
0,0,50.36694321907487,complier,0,1,2.0
0,0,46.62851436814849,never,0,0,-3.0
0,0,50.51882435590982,complier,0,1,2.0
1,1,53.532809529690496,complier,0,1,2.0
0,0,50.47268488845995,complier,0,1,2.0
0,0,53.69248686054857,complier,0,1,2.0
1,1,68.9608689940977,always,1,1,12.0
0,0,45.87471866069143,never,0,0,-3.0
0,0,45.20579740765377,never,0,0,-3.0
0,0,53.13979212927011,complier,0,1,2.0
1,1,51.22331187783461,complier,0,1,2.0
1,1,69.3714441329052,always,1,1,12.0
1,1,54.90749850252738,complier,0,1,2.0
0,1,66.80654052110737,always,1,1,12.0
0,1,67.78912721618626,always,1,1,12.0
0,0,49.38948706394284,never,0,0,-3.0
0,1,69.58255986594415,always,1,1,12.0
0,1,69.19503410346448,always,1,1,12.0
0,0,47.63480623401712,never,0,0,-3.0
0,1,70.90229724791499,always,1,1,12.0
1,1,68.62187068873564,always,1,1,12.0
0,0,48.34968670511946,complier,0,1,2.0
0,1,68.99689360599004,always,1,1,12.0
0,0,46.00448581991321,never,0,0,-3.0
0,0,52.195028185456415,complier,0,1,2.0
0,0,49.36233338786578,complier,0,1,2.0
1,0,47.09185888893249,never,0,0,-3.0
1,0,42.80890351723406,never,0,0,-3.0
1,0,44.43498226312653,never,0,0,-3.0
1,0,46.15070221010237,never,0,0,-3.0
0,1,69.90844101194611,always,1,1,12.0
0,0,51.9680634122321,complier,0,1,2.0
1,0,43.8772455612425,never,0,0,-3.0
1,0,45.17502575167293,never,0,0,-3.0
0,1,70.36515617725105,always,1,1,12.0
0,1,71.86608531621145,always,1,1,12.0
0,0,52.180309037935245,never,0,0,-3.0
0,1,68.89590153908739,always,1,1,12.0
0,0,49.72081250857037,never,0,0,-3.0
1,1,65.77587064125856,always,1,1,12.0
1,1,54.51972138373313,complier,0,1,2.0
1,1,72.24864764035256,always,1,1,12.0
1,0,47.701550674819366,never,0,0,-3.0
1,1,53.894763295918835,complier,0,1,2.0
1,1,66.6050334714417,always,1,1,12.0
1,1,69.51827462762431,always,1,1,12.0
1,1,70.02887548673492,always,1,1,12.0
0,0,48.89303060004121,never,0,0,-3.0
0,0,47.037606604413085,never,0,0,-3.0
1,0,48.575536455732845,never,0,0,-3.0
0,1,69.2162084660348,always,1,1,12.0
0,0,43.72105040056828,never,0,0,-3.0
1,0,44.093532057628835,never,0,0,-3.0
0,0,49.3077065219236,complier,0,1,2.0
1,0,46.918311121414554,never,0,0,-3.0
0,0,45.525187063088666,never,0,0,-3.0
1,1,71.70764431749579,always,1,1,12.0
1,0,43.640378683901695,never,0,0,-3.0
0,0,45.776987354511796,never,0,0,-3.0
1,1,53.61339411379929,complier,0,1,2.0
1,0,46.0904646344467,never,0,0,-3.0
1,1,71.44103894492703,always,1,1,12.0
1,1,67.3881705888272,always,1,1,12.0
0,0,48.162395435889124,complier,0,1,2.0
0,0,44.257673751478954,never,0,0,-3.0
1,0,43.30545227896332,never,0,0,-3.0
1,1,70.56628339000174,always,1,1,12.0
0,1,68.22801065691864,always,1,1,12.0
0,1,70.53008259651676,always,1,1,12.0
0,1,66.75948272257185,always,1,1,12.0
0,0,44.420051988846744,never,0,0,-3.0
1,1,66.6656016750097,always,1,1,12.0
1,1,65.1258925173576,always,1,1,12.0
0,0,49.429747135589686,never,0,0,-3.0
0,0,53.33572573361824,complier,0,1,2.0
1,1,69.30546405225796,always,1,1,12.0
0,0,51.642112392245245,complier,0,1,2.0
1,1,68.3778611713486,always,1,1,12.0
0,0,43.721848042604144,never,0,0,-3.0
0,0,52.95033012192138,complier,0,1,2.0
1,1,51.876212973427464,complier,0,1,2.0
0,1,70.56489388027623,always,1,1,12.0
1,1,66.98755587365548,always,1,1,12.0
0,0,48.802807684089345,complier,0,1,2.0
1,0,42.25244021026096,never,0,0,-3.0
0,0,46.091975798685525,never,0,0,-3.0
1,0,46.73367296879633,never,0,0,-3.0
1,1,53.66364852400962,complier,0,1,2.0
0,0,50.10917360013414,complier,0,1,2.0
0,1,66.7180165285029,always,1,1,12.0
1,1,53.84129119481435,complier,0,1,2.0
1,1,54.13037654382339,complier,0,1,2.0
1,1,48.44260339070715,complier,0,1,2.0
1,1,65.43234569223672,always,1,1,12.0
1,1,51.873016038339074,complier,0,1,2.0
1,0,50.65447189701526,never,0,0,-3.0
0,0,48.02139626547179,never,0,0,-3.0
0,1,67.41332349917289,always,1,1,12.0
0,0,43.96621907032129,never,0,0,-3.0
0,0,48.801326973393415,complier,0,1,2.0
0,0,47.26015644325831,complier,0,1,2.0
1,1,52.31599481995127,complier,0,1,2.0
0,1,68.44234590239071,always,1,1,12.0
1,1,68.50872445648137,always,1,1,12.0
1,1,67.00072597048361,always,1,1,12.0
0,0,43.97482889824141,never,0,0,-3.0
1,1,67.60215368333289,always,1,1,12.0
1,0,48.660627136791746,never,0,0,-3.0
0,0,50.09132904202998,complier,0,1,2.0
0,0,52.092500791549895,complier,0,1,2.0
0,0,48.68568730358762,complier,0,1,2.0
1,1,68.25303319795255,always,1,1,12.0
0,0,51.1482618889327,complier,0,1,2.0
1,1,71.21775894887445,always,1,1,12.0
0,0,47.700843932827695,complier,0,1,2.0
0,0,43.68553577334286,never,0,0,-3.0
1,1,68.98940259806457,always,1,1,12.0
0,0,46.77260053219986,never,0,0,-3.0
0,0,49.13122190297135,never,0,0,-3.0
1,1,66.43194556312716,always,1,1,12.0
0,0,52.30954769563574,complier,0,1,2.0
1,1,70.28355287231281,always,1,1,12.0
1,0,49.10610579333682,never,0,0,-3.0
0,1,69.59964200592442,always,1,1,12.0
0,0,44.3931570555464,never,0,0,-3.0
0,0,46.01415674822661,never,0,0,-3.0
0,0,44.164351632358525,never,0,0,-3.0
0,1,72.16911886535438,always,1,1,12.0
1,1,52.74752589694606,complier,0,1,2.0
1,0,45.98722512660907,never,0,0,-3.0
1,0,43.657635457772734,never,0,0,-3.0
0,0,45.15493273901236,never,0,0,-3.0
0,0,55.91635193630108,complier,0,1,2.0
0,1,67.9468771278189,always,1,1,12.0
1,1,54.338706324795474,complier,0,1,2.0
0,0,42.03565658716508,never,0,0,-3.0
0,0,47.05399535242795,complier,0,1,2.0
1,1,67.80967250852778,always,1,1,12.0
1,1,75.75959770415835,always,1,1,12.0
1,1,53.59638981235638,complier,0,1,2.0
0,1,72.15557898756589,always,1,1,12.0
0,0,45.644070553627664,never,0,0,-3.0
1,0,46.529293475225074,never,0,0,-3.0
1,0,44.61474379366943,never,0,0,-3.0
0,0,45.61053255232308,never,0,0,-3.0
1,0,46.91364977639925,never,0,0,-3.0
0,0,50.064576658307985,complier,0,1,2.0
1,1,51.20116253884946,complier,0,1,2.0
0,0,46.09100631222901,never,0,0,-3.0
1,1,68.20353411549151,always,1,1,12.0
0,1,67.14461755133799,always,1,1,12.0
1,0,43.97595193031744,never,0,0,-3.0
1,0,44.73820373283135,never,0,0,-3.0
0,0,49.54746202673408,complier,0,1,2.0
1,1,50.97562445753306,complier,0,1,2.0
1,1,71.70958425853114,always,1,1,12.0
0,1,66.81451323178992,always,1,1,12.0
1,0,45.717341250202175,never,0,0,-3.0
1,1,53.17627813041897,complier,0,1,2.0
1,0,49.896750575016405,never,0,0,-3.0
0,0,52.74540837864282,complier,0,1,2.0
1,1,69.34288766879493,always,1,1,12.0
1,1,51.8986122377133,complier,0,1,2.0
0,0,51.94682710106743,complier,0,1,2.0
1,1,66.19605787600351,always,1,1,12.0
0,0,51.824038409720046,complier,0,1,2.0
0,1,68.25214757197571,always,1,1,12.0
0,0,46.20139720239221,never,0,0,-3.0
1,0,43.52508782258056,never,0,0,-3.0
1,0,46.01831211493649,never,0,0,-3.0
1,1,75.0808143517217,always,1,1,12.0
0,1,71.53347988932526,always,1,1,12.0
1,1,67.68333125322842,always,1,1,12.0
0,0,47.272086980197756,never,0,0,-3.0
0,0,45.55861703794,never,0,0,-3.0
0,0,50.20848359261988,complier,0,1,2.0
1,1,48.3432017608003,complier,0,1,2.0
0,1,73.35630973942926,always,1,1,12.0
0,1,68.90262598535834,always,1,1,12.0
1,0,48.91681043164616,never,0,0,-3.0
1,0,43.73870534018018,never,0,0,-3.0
0,0,43.55012379590263,never,0,0,-3.0
0,0,52.43316735131946,complier,0,1,2.0
1,0,48.06839783151705,never,0,0,-3.0
0,0,48.181964597101384,complier,0,1,2.0
0,1,69.96479294386907,always,1,1,12.0
0,1,69.24029261404063,always,1,1,12.0
0,1,65.65974449453081,always,1,1,12.0
0,0,47.30865031413836,never,0,0,-3.0
0,1,69.15125247262729,always,1,1,12.0
0,0,43.745590733754945,never,0,0,-3.0
0,0,49.84069705779963,complier,0,1,2.0
0,1,68.06064861395745,always,1,1,12.0
0,1,70.96387906727561,always,1,1,12.0
1,1,70.04454497841824,always,1,1,12.0
0,1,65.96506665351438,always,1,1,12.0
0,0,49.25795623061427,never,0,0,-3.0
1,1,69.59532145997977,always,1,1,12.0
1,1,68.54573267064308,always,1,1,12.0
0,0,47.145527093255836,complier,0,1,2.0
1,0,48.14370843790357,never,0,0,-3.0
1,0,48.43553359616425,never,0,0,-3.0
1,1,67.48800175379061,always,1,1,12.0
1,1,51.031224535512045,complier,0,1,2.0
0,1,70.00528047919175,always,1,1,12.0
1,1,51.01236717405515,complier,0,1,2.0
0,0,47.846714820515494,complier,0,1,2.0
1,0,47.93490753706685,never,0,0,-3.0
0,0,49.12020388945947,complier,0,1,2.0
0,0,47.321853797619745,complier,0,1,2.0
1,0,42.65764123565366,never,0,0,-3.0
1,1,56.82195136819054,complier,0,1,2.0
0,1,63.59232157977354,always,1,1,12.0
1,0,44.63915816628294,never,0,0,-3.0
1,0,50.4198048005129,never,0,0,-3.0
1,1,71.09538012400004,always,1,1,12.0
1,0,47.94383064857601,never,0,0,-3.0
1,1,71.06672505726452,always,1,1,12.0
0,1,69.99933003486458,always,1,1,12.0
0,1,68.10584261145586,always,1,1,12.0
0,1,67.1054190650835,always,1,1,12.0
1,1,55.773156110499094,complier,0,1,2.0
0,0,49.95778795473703,never,0,0,-3.0
0,0,54.18481516246632,complier,0,1,2.0
1,1,68.14885630919062,always,1,1,12.0
1,1,69.46992270334955,always,1,1,12.0
0,0,52.06565937922746,complier,0,1,2.0
0,0,48.231643710320796,complier,0,1,2.0
1,1,56.96291114954987,complier,0,1,2.0
0,0,50.05248372698711,complier,0,1,2.0
0,0,50.99044099492752,complier,0,1,2.0
1,1,71.39034573312561,always,1,1,12.0
1,1,51.18977653382688,complier,0,1,2.0
1,1,67.28944983275782,always,1,1,12.0
1,1,67.65263575682134,always,1,1,12.0
1,1,69.7152831670042,always,1,1,12.0
1,1,50.905522400450444,complier,0,1,2.0
0,0,46.81618872955507,never,0,0,-3.0
0,0,50.324772992757715,never,0,0,-3.0
0,1,69.00953379992535,always,1,1,12.0
1,0,47.56853536045808,never,0,0,-3.0
0,0,45.23897556742275,never,0,0,-3.0
1,0,46.35060864989446,never,0,0,-3.0
1,0,48.8413513187957,never,0,0,-3.0
0,1,73.47538902380164,always,1,1,12.0
1,1,52.25098690196453,complier,0,1,2.0
0,1,69.79218401116647,always,1,1,12.0
1,0,45.3099213626291,never,0,0,-3.0
0,0,45.50489198788428,complier,0,1,2.0
0,1,66.28985036647987,always,1,1,12.0
0,0,44.87290213183185,never,0,0,-3.0
0,1,70.58336040769079,always,1,1,12.0
1,1,53.837933977279086,complier,0,1,2.0
0,1,66.95765350547445,always,1,1,12.0
1,0,47.48956605309285,never,0,0,-3.0
0,0,44.8731415873815,never,0,0,-3.0
0,0,51.10237808143206,complier,0,1,2.0
0,1,72.98651570618614,always,1,1,12.0
0,1,68.79241525512731,always,1,1,12.0
1,1,67.07206911982274,always,1,1,12.0
0,0,50.18920432810472,complier,0,1,2.0
1,0,46.31582403343337,never,0,0,-3.0
0,1,66.03562045248259,always,1,1,12.0
1,1,68.65814581271736,always,1,1,12.0
1,1,49.12049051664028,complier,0,1,2.0
1,1,73.48122644794348,always,1,1,12.0
0,0,44.52226351995311,complier,0,1,2.0
1,0,44.90323338811916,never,0,0,-3.0
0,1,68.71686269136892,always,1,1,12.0
1,0,47.12345668331381,never,0,0,-3.0
1,1,55.09879406822152,complier,0,1,2.0
1,0,44.60773052713589,never,0,0,-3.0
1,1,69.2199178856987,always,1,1,12.0
0,0,46.01447125997712,never,0,0,-3.0
1,1,69.33863178558092,always,1,1,12.0
0,0,45.60291224727117,never,0,0,-3.0
0,0,46.45937782745753,never,0,0,-3.0
1,0,45.167546144851194,never,0,0,-3.0
1,1,53.284845061961754,complier,0,1,2.0
0,0,47.29649957114475,never,0,0,-3.0
0,0,44.47188652340168,never,0,0,-3.0
1,0,43.31996312839068,never,0,0,-3.0
0,0,45.88718027786507,never,0,0,-3.0
0,0,43.3933151690846,never,0,0,-3.0
0,1,68.35684684072658,always,1,1,12.0
1,0,47.52481175527755,never,0,0,-3.0
1,0,44.38720060779673,never,0,0,-3.0
0,0,50.79201258351921,complier,0,1,2.0
0,0,45.31236248065236,never,0,0,-3.0
1,1,53.44383050158654,complier,0,1,2.0
1,1,69.8018837136486,always,1,1,12.0
0,0,45.480237777670766,never,0,0,-3.0
1,0,44.654727513645625,never,0,0,-3.0
0,1,70.46439025965208,always,1,1,12.0
1,0,47.58375992143324,never,0,0,-3.0
1,1,50.63944785329886,complier,0,1,2.0
1,1,70.85118655498925,always,1,1,12.0
1,1,70.42237275840338,always,1,1,12.0
0,0,43.61623415821159,never,0,0,-3.0
0,0,46.04216594968415,never,0,0,-3.0
1,1,54.173514910806084,complier,0,1,2.0
1,1,53.00067105698888,complier,0,1,2.0
0,0,49.24720413421256,complier,0,1,2.0
0,0,47.58838644408931,never,0,0,-3.0
1,1,50.905050261937156,complier,0,1,2.0
0,0,44.64712857943,never,0,0,-3.0
0,0,44.08787584220058,never,0,0,-3.0
1,1,70.84885876274842,always,1,1,12.0
1,0,44.95078491560474,never,0,0,-3.0
0,0,46.162786862757194,never,0,0,-3.0
1,0,48.65043093299494,never,0,0,-3.0
1,0,44.948229201479094,never,0,0,-3.0
0,1,70.4098556214907,always,1,1,12.0
0,0,52.840503747383416,complier,0,1,2.0
0,1,68.51790221480753,always,1,1,12.0
0,0,47.776998363153034,never,0,0,-3.0
1,1,71.52840324458904,always,1,1,12.0
0,0,47.177359466431476,never,0,0,-3.0
1,1,52.64645950557751,complier,0,1,2.0
1,1,53.141726864695876,complier,0,1,2.0
1,1,71.52076645318101,always,1,1,12.0
1,1,67.96262750195,always,1,1,12.0
0,0,53.29325095587027,complier,0,1,2.0
1,1,71.59408334876004,always,1,1,12.0
1,0,44.98181211308707,never,0,0,-3.0
0,0,45.781579986326534,never,0,0,-3.0
0,1,67.02309530317106,always,1,1,12.0
0,0,46.47765547829225,never,0,0,-3.0
1,1,67.59009427073401,always,1,1,12.0
1,1,53.712780826009904,complier,0,1,2.0
0,0,52.519654412024444,complier,0,1,2.0
0,1,70.28173235812045,always,1,1,12.0
1,1,53.131106258566376,complier,0,1,2.0
0,0,45.07736067304972,never,0,0,-3.0
0,0,48.79044770787027,never,0,0,-3.0
0,0,43.00265739538795,never,0,0,-3.0
0,0,53.647065872463756,complier,0,1,2.0
0,0,44.60040111571184,never,0,0,-3.0
1,1,54.5627296803269,complier,0,1,2.0
1,1,70.35796878814277,always,1,1,12.0
0,0,47.96027335533089,complier,0,1,2.0
1,0,47.178055548251045,never,0,0,-3.0
1,1,72.3595356362155,always,1,1,12.0
0,0,51.22669708071409,complier,0,1,2.0
0,0,49.802505169154024,complier,0,1,2.0
0,0,48.88246277082972,never,0,0,-3.0
0,1,71.3221774775034,always,1,1,12.0
0,0,44.965665404889954,never,0,0,-3.0
1,1,71.70395755817185,always,1,1,12.0
0,0,52.967935459967826,complier,0,1,2.0
1,1,50.11759184024955,complier,0,1,2.0
1,1,50.934178836422845,complier,0,1,2.0
0,0,46.80991368614172,complier,0,1,2.0
0,0,45.799952975345946,never,0,0,-3.0
0,1,68.24516475424403,always,1,1,12.0
0,0,46.37603470475688,never,0,0,-3.0
1,1,73.87204793043014,always,1,1,12.0
1,0,43.94602014836415,never,0,0,-3.0
1,1,72.4884254856126,always,1,1,12.0
0,0,48.9012924875121,never,0,0,-3.0
0,1,69.20553781772537,always,1,1,12.0
1,0,45.01572064524694,never,0,0,-3.0
0,0,45.80604108591487,never,0,0,-3.0
1,0,46.483284695491804,never,0,0,-3.0
0,0,49.89517743577855,never,0,0,-3.0
0,0,47.85370150338832,never,0,0,-3.0
0,1,70.08074793831793,always,1,1,12.0
1,0,43.032729977622964,never,0,0,-3.0
0,0,48.206767148322946,complier,0,1,2.0
1,1,55.08194478678566,complier,0,1,2.0
0,1,69.95203267499366,always,1,1,12.0
1,1,53.549449594979,complier,0,1,2.0
1,0,46.32581081600004,never,0,0,-3.0
1,1,68.72387054994573,always,1,1,12.0
0,1,65.73279554520849,always,1,1,12.0
0,0,44.81842693637836,never,0,0,-3.0
1,0,46.3735947206309,never,0,0,-3.0
1,1,73.60217332460283,always,1,1,12.0
1,0,44.202570252750185,never,0,0,-3.0
0,1,66.246600540736,always,1,1,12.0
1,1,50.04106265229465,complier,0,1,2.0
1,0,46.16629245411518,never,0,0,-3.0
1,0,48.25510896512309,never,0,0,-3.0
0,1,69.57851228454125,always,1,1,12.0
0,0,47.61147458189196,never,0,0,-3.0
1,0,42.86110853373608,never,0,0,-3.0
1,0,46.63700789280227,never,0,0,-3.0
0,0,48.61740847087527,never,0,0,-3.0
0,0,53.65065770371015,complier,0,1,2.0
1,0,47.20643794990556,never,0,0,-3.0
1,1,74.15065436692606,always,1,1,12.0
1,1,50.568917917552874,complier,0,1,2.0
0,1,69.18604167654843,always,1,1,12.0
0,0,52.37135060155507,complier,0,1,2.0
1,0,48.209940450287476,never,0,0,-3.0
0,0,51.92454340601368,complier,0,1,2.0
1,0,42.99942183870387,never,0,0,-3.0
0,0,48.50354045038711,never,0,0,-3.0
0,1,69.33190682179261,always,1,1,12.0
1,0,48.592570353661884,never,0,0,-3.0
0,0,49.2887165018167,never,0,0,-3.0
0,0,44.88733167826685,never,0,0,-3.0
0,1,71.19477403944622,always,1,1,12.0
0,0,46.839731452617336,never,0,0,-3.0
1,0,48.253145130068525,never,0,0,-3.0
0,0,50.31590991696899,never,0,0,-3.0
0,0,44.72587277129756,never,0,0,-3.0
1,1,68.54554471812106,always,1,1,12.0
1,1,55.68048177977649,complier,0,1,2.0
0,1,65.01489919807521,always,1,1,12.0
1,1,68.39409215926685,always,1,1,12.0
1,1,69.75657362408568,always,1,1,12.0
1,1,68.11786286238636,always,1,1,12.0
1,1,68.62879181173805,always,1,1,12.0
0,1,69.89421421485805,always,1,1,12.0
1,0,45.31731781470937,never,0,0,-3.0
0,0,52.263924426882035,complier,0,1,2.0
0,0,45.743146271429644,never,0,0,-3.0
1,0,47.37769612118328,never,0,0,-3.0
0,1,66.61239324776825,always,1,1,12.0
1,1,68.76708743935562,always,1,1,12.0
1,1,51.33819630250831,complier,0,1,2.0
0,0,52.04579309304228,complier,0,1,2.0
0,0,50.92277445825376,complier,0,1,2.0
0,0,47.509473512134655,never,0,0,-3.0
0,0,47.68672549617593,complier,0,1,2.0
1,1,54.262557019845275,complier,0,1,2.0
0,0,47.46935851214505,never,0,0,-3.0
1,1,54.502188162935596,complier,0,1,2.0
0,0,48.58973453271685,complier,0,1,2.0
1,1,73.79188626743071,always,1,1,12.0
1,1,53.65102649469227,complier,0,1,2.0
1,0,50.53299336757462,never,0,0,-3.0
1,0,44.28187486586172,never,0,0,-3.0
1,1,67.01827846838997,always,1,1,12.0
0,0,52.723300902467045,complier,0,1,2.0
0,0,46.567259978929776,never,0,0,-3.0
0,0,43.949087402794305,never,0,0,-3.0
1,1,63.851789063649775,always,1,1,12.0
1,1,71.3680899726643,always,1,1,12.0
1,0,48.32101561798062,never,0,0,-3.0
1,1,52.66076856028664,complier,0,1,2.0
0,0,51.87217130325743,complier,0,1,2.0
0,0,49.02689226007518,never,0,0,-3.0
1,0,47.07369152945454,never,0,0,-3.0
0,0,47.943788250307826,complier,0,1,2.0
0,1,71.27026628723138,always,1,1,12.0
1,1,52.03569846298471,complier,0,1,2.0
0,0,45.05322034503701,never,0,0,-3.0
1,1,52.13176801959051,complier,0,1,2.0
0,0,49.20852336180926,complier,0,1,2.0
0,0,52.723119089700454,complier,0,1,2.0
1,1,51.90452789756255,complier,0,1,2.0
0,0,52.37195993599332,complier,0,1,2.0
1,0,46.99744589529459,never,0,0,-3.0
0,0,42.45361920539758,never,0,0,-3.0
1,0,48.490874216956804,never,0,0,-3.0
1,0,43.0574389180761,never,0,0,-3.0
0,0,49.260414188180356,complier,0,1,2.0
0,0,51.77664400668129,complier,0,1,2.0
0,0,52.0402473577675,never,0,0,-3.0
1,0,44.14456653183649,never,0,0,-3.0
0,0,50.92000134433149,complier,0,1,2.0
1,1,52.41610275714947,complier,0,1,2.0
0,1,70.26775286810276,always,1,1,12.0
0,0,41.28868864168126,never,0,0,-3.0
1,0,45.44624335946131,never,0,0,-3.0
1,1,68.07175483262047,always,1,1,12.0
0,0,44.47998930715463,never,0,0,-3.0
0,0,48.796852593387534,never,0,0,-3.0
0,0,47.616897945977705,never,0,0,-3.0
0,0,45.42952969397341,never,0,0,-3.0
0,0,49.42354180225215,complier,0,1,2.0
0,1,63.61071367989176,always,1,1,12.0
1,0,44.18106347369397,never,0,0,-3.0
0,0,39.54676050121843,never,0,0,-3.0
1,0,48.242257314001215,never,0,0,-3.0
1,1,69.90734832777785,always,1,1,12.0
0,1,68.97217034087497,always,1,1,12.0
1,1,69.89173991992334,always,1,1,12.0
0,1,69.73444453881233,always,1,1,12.0
0,1,69.27997582589508,always,1,1,12.0
1,1,70.1298916888687,always,1,1,12.0
1,1,52.77257433752386,complier,0,1,2.0
0,0,45.84366083785492,never,0,0,-3.0
1,1,52.58686325950672,complier,0,1,2.0
0,0,54.31486498470583,complier,0,1,2.0
0,0,45.76783634496283,never,0,0,-3.0
0,1,67.97994570115921,always,1,1,12.0
0,0,47.14218817497029,complier,0,1,2.0
1,0,45.92450531927779,never,0,0,-3.0
1,1,69.0002594152903,always,1,1,12.0
1,0,48.68943805868203,never,0,0,-3.0
1,1,67.64665056958202,always,1,1,12.0
0,1,68.12662926901989,always,1,1,12.0
0,0,48.218697826049485,never,0,0,-3.0
0,0,49.774303009711176,complier,0,1,2.0
0,1,69.6941615829859,always,1,1,12.0
0,1,71.24979054594809,always,1,1,12.0
0,0,43.6481675266849,never,0,0,-3.0
1,1,69.35197756900976,always,1,1,12.0
1,1,52.78507946784472,complier,0,1,2.0
1,1,69.29984779761732,always,1,1,12.0
1,1,68.4637212779523,always,1,1,12.0
1,1,69.18259841551058,always,1,1,12.0
0,1,69.74524855118786,always,1,1,12.0
0,0,49.918352691524106,complier,0,1,2.0
1,0,46.59583579581205,never,0,0,-3.0
0,0,48.77306708187868,never,0,0,-3.0
0,0,48.80391657377558,complier,0,1,2.0
1,0,42.39085327693068,never,0,0,-3.0
0,0,43.90856958696853,never,0,0,-3.0
1,1,51.60812841294693,complier,0,1,2.0
1,1,68.52918250654221,always,1,1,12.0
0,0,48.13939674398495,complier,0,1,2.0
1,1,71.8676004900821,always,1,1,12.0
1,1,58.04905747877476,complier,0,1,2.0
0,0,44.96250332986141,never,0,0,-3.0
1,0,44.59994495226485,never,0,0,-3.0
0,1,67.12968430497573,always,1,1,12.0
1,1,52.47615574156145,complier,0,1,2.0
0,1,67.5143186575893,always,1,1,12.0
1,1,68.00533979548396,always,1,1,12.0
0,1,70.92278970322938,always,1,1,12.0
1,1,50.88542395897821,complier,0,1,2.0
0,0,45.66914019991777,never,0,0,-3.0
1,0,45.76194983669611,never,0,0,-3.0
0,0,49.49142177800364,complier,0,1,2.0
1,0,44.57977374817777,never,0,0,-3.0
0,0,49.510448299973426,complier,0,1,2.0
0,0,43.353527439174975,never,0,0,-3.0
1,1,52.59305009925208,complier,0,1,2.0
1,0,45.97887195916756,never,0,0,-3.0
0,1,68.61626743366241,always,1,1,12.0
1,0,46.23166850585626,never,0,0,-3.0
1,1,68.45519847480696,always,1,1,12.0
0,0,50.804950469568425,complier,0,1,2.0
1,0,44.14552910389327,never,0,0,-3.0
0,1,66.09642870292352,always,1,1,12.0
0,0,42.85542404740791,never,0,0,-3.0
0,0,47.53587642079481,complier,0,1,2.0
0,0,46.69410416898676,never,0,0,-3.0
1,1,49.1938835170544,complier,0,1,2.0
1,1,51.924016473072385,complier,0,1,2.0
0,0,50.829233222985565,complier,0,1,2.0
1,0,45.055005344138976,never,0,0,-3.0
0,1,71.81562183538217,always,1,1,12.0
1,1,70.0267488990727,always,1,1,12.0
1,1,65.62237794625914,always,1,1,12.0
1,0,44.04472575799393,never,0,0,-3.0
1,1,50.4611119571475,complier,0,1,2.0
0,0,42.093541757706014,never,0,0,-3.0
1,0,48.07546661817015,never,0,0,-3.0
0,0,48.696814572594846,complier,0,1,2.0
1,1,71.32243036744764,always,1,1,12.0
0,0,49.955505928769036,complier,0,1,2.0
1,1,51.731976851330565,complier,0,1,2.0
1,1,68.68924882194553,always,1,1,12.0
1,1,52.4082446394661,complier,0,1,2.0
0,0,48.53623134637258,complier,0,1,2.0
0,0,47.98828748274588,never,0,0,-3.0
1,1,68.31019769476619,always,1,1,12.0
1,1,50.077860904133715,complier,0,1,2.0
1,0,45.05621108252124,never,0,0,-3.0
1,1,53.0712746041843,complier,0,1,2.0
0,1,65.54832299013457,always,1,1,12.0
0,0,49.82664312223785,complier,0,1,2.0
1,1,67.16691567212486,always,1,1,12.0
0,1,66.24365661968095,always,1,1,12.0
0,0,47.96456226226854,complier,0,1,2.0
1,1,49.1083673392738,complier,0,1,2.0
0,0,50.982839435204944,complier,0,1,2.0
1,0,47.87882921697339,never,0,0,-3.0
0,0,46.45205796687141,complier,0,1,2.0
1,0,44.41548737498161,never,0,0,-3.0
0,0,49.958692113279675,complier,0,1,2.0
0,1,65.75207812613205,always,1,1,12.0
0,0,42.80330098369169,never,0,0,-3.0
1,1,52.32130760997364,complier,0,1,2.0
1,1,49.834401388430805,complier,0,1,2.0
1,0,46.57071224264731,never,0,0,-3.0
0,0,46.74288333247679,never,0,0,-3.0
0,0,49.25829163853121,complier,0,1,2.0
0,0,48.09605906891906,never,0,0,-3.0
0,1,71.22960445244584,always,1,1,12.0
0,0,48.56079817304424,never,0,0,-3.0
0,1,69.37838871107456,always,1,1,12.0
1,0,42.40399433294231,never,0,0,-3.0
0,0,43.91655984353174,never,0,0,-3.0
0,0,49.85514409469697,never,0,0,-3.0
1,1,54.65202460854772,complier,0,1,2.0
0,0,46.11900399092915,complier,0,1,2.0
1,1,53.986985340341334,complier,0,1,2.0
0,0,45.16008801856929,complier,0,1,2.0
0,1,67.19578083217017,always,1,1,12.0
1,0,48.02313047095005,never,0,0,-3.0
1,1,70.1724163718427,always,1,1,12.0
0,1,69.59642055486789,always,1,1,12.0
1,1,50.64296327321845,complier,0,1,2.0
1,1,50.412265155873634,complier,0,1,2.0
1,0,43.20175630347059,never,0,0,-3.0
1,1,65.79103026735017,always,1,1,12.0
1,0,44.582606667984614,never,0,0,-3.0
0,0,45.09198068713271,never,0,0,-3.0
0,0,47.48247416827406,never,0,0,-3.0
1,1,52.592833867781344,complier,0,1,2.0
0,1,71.0856274858154,always,1,1,12.0
0,0,50.99940198452945,complier,0,1,2.0
0,0,50.056764580080376,complier,0,1,2.0
1,1,52.061731856703446,complier,0,1,2.0
0,0,47.80953449039434,never,0,0,-3.0
1,1,70.43333143759344,always,1,1,12.0
0,0,48.19776322097668,never,0,0,-3.0
1,1,54.94356049033258,complier,0,1,2.0
1,1,70.45272486421423,always,1,1,12.0
1,0,47.522116455744786,never,0,0,-3.0
0,1,69.63187904488588,always,1,1,12.0
0,1,64.76870234761265,always,1,1,12.0
0,0,44.4654932097145,never,0,0,-3.0
0,0,48.32131169099506,complier,0,1,2.0
0,0,43.99475562923657,never,0,0,-3.0
1,1,51.579463480986135,complier,0,1,2.0
1,0,45.95256848995154,never,0,0,-3.0
1,1,52.67485187608483,complier,0,1,2.0
1,1,51.63661555842835,complier,0,1,2.0
0,1,70.54583118675092,always,1,1,12.0
0,0,47.62750038186869,never,0,0,-3.0
1,0,47.20040604162821,never,0,0,-3.0
0,0,48.87975730553015,never,0,0,-3.0
1,1,53.11449731229923,complier,0,1,2.0
1,0,49.127257365373055,never,0,0,-3.0
0,1,65.23340166231307,always,1,1,12.0
1,1,51.79020720170185,complier,0,1,2.0
0,0,45.76530253167453,never,0,0,-3.0
1,1,69.04093778376544,always,1,1,12.0
1,1,70.24026589265056,always,1,1,12.0
0,0,48.81934407187842,complier,0,1,2.0
1,0,44.185328839182034,never,0,0,-3.0
0,0,46.208879167944325,never,0,0,-3.0
1,0,48.04358003472021,never,0,0,-3.0
0,1,69.36292408423037,always,1,1,12.0
1,0,46.623937138429476,never,0,0,-3.0
0,1,69.55648816617904,always,1,1,12.0
1,1,50.936882433210585,complier,0,1,2.0
0,0,39.658914406797045,never,0,0,-3.0
0,0,46.43417050439917,complier,0,1,2.0
1,0,47.3360268004249,never,0,0,-3.0
1,1,52.34705338008312,complier,0,1,2.0
0,0,49.382022008085755,never,0,0,-3.0
1,1,68.23123011734025,always,1,1,12.0
1,1,69.17222309141945,always,1,1,12.0
0,0,52.295102530310444,complier,0,1,2.0
1,0,48.56050110194717,never,0,0,-3.0
0,0,46.00976504979208,never,0,0,-3.0
1,1,51.59658898287105,complier,0,1,2.0
0,0,44.18336364827273,never,0,0,-3.0
1,1,66.59846998270591,always,1,1,12.0
1,1,51.44806651043492,complier,0,1,2.0
1,0,47.00216214735652,never,0,0,-3.0
0,1,71.10495008371657,always,1,1,12.0
1,1,53.08777550074827,complier,0,1,2.0
1,0,44.14056060884493,never,0,0,-3.0
0,0,44.62049534025411,never,0,0,-3.0
1,0,44.90020931379434,never,0,0,-3.0
0,0,50.38445101643539,complier,0,1,2.0
1,1,67.25561479399863,always,1,1,12.0
0,0,48.6535316124332,complier,0,1,2.0
0,0,51.22392625575898,complier,0,1,2.0
0,1,67.53092008088639,always,1,1,12.0
1,1,66.97356524827848,always,1,1,12.0
0,1,72.72838058962465,always,1,1,12.0
1,1,68.25274981846438,always,1,1,12.0
0,0,43.53483634671592,never,0,0,-3.0
0,0,44.333461145404776,never,0,0,-3.0
1,0,48.39334910999633,never,0,0,-3.0
1,1,69.47890151438244,always,1,1,12.0
1,0,48.67815705739107,never,0,0,-3.0
0,0,46.378697924314416,never,0,0,-3.0
1,1,50.63180062408608,complier,0,1,2.0
1,1,67.74313125001228,always,1,1,12.0
1,1,66.49479401745852,always,1,1,12.0
1,1,53.711982151928304,complier,0,1,2.0
1,1,54.85327640936583,complier,0,1,2.0
1,1,66.51938301688914,always,1,1,12.0
1,0,47.662522670743904,never,0,0,-3.0
0,0,50.010003330346386,complier,0,1,2.0
1,1,68.27688606621717,always,1,1,12.0
0,1,67.13264509479609,always,1,1,12.0
1,0,47.35710495672703,never,0,0,-3.0
0,0,45.77399506954576,never,0,0,-3.0
1,0,47.55760723678412,never,0,0,-3.0
1,1,68.45661142475159,always,1,1,12.0
0,0,47.74050286621567,never,0,0,-3.0
0,0,48.6611934991123,complier,0,1,2.0
1,0,44.85815902083716,never,0,0,-3.0
0,0,46.61654661762526,never,0,0,-3.0
0,1,66.28072077845474,always,1,1,12.0
1,0,44.69114597292938,never,0,0,-3.0
0,0,43.03489704973753,never,0,0,-3.0
0,0,51.55233324510682,complier,0,1,2.0
0,0,49.036463729741776,never,0,0,-3.0
1,1,70.46252971969093,always,1,1,12.0
0,0,44.665179209530905,never,0,0,-3.0
1,1,52.860049977688746,complier,0,1,2.0
1,1,67.26964621559213,always,1,1,12.0
0,0,52.86443617484616,complier,0,1,2.0
0,0,48.946184689281864,complier,0,1,2.0
1,0,46.342285793737155,never,0,0,-3.0
1,1,72.0283441224346,always,1,1,12.0
0,0,52.52564739600056,complier,0,1,2.0
1,1,70.2848762526703,always,1,1,12.0
1,1,49.9940675639994,complier,0,1,2.0
0,0,48.598061921578214,complier,0,1,2.0
0,1,67.54808428425234,always,1,1,12.0
0,0,51.09002830329582,complier,0,1,2.0
1,1,71.08228028877456,always,1,1,12.0
1,1,68.42320998635681,always,1,1,12.0
1,1,67.88755268052644,always,1,1,12.0
0,0,47.51080105062935,never,0,0,-3.0
0,0,46.496127365936516,never,0,0,-3.0
0,0,51.5519432401833,complier,0,1,2.0
1,0,40.94484529022725,never,0,0,-3.0
0,1,70.64204181029697,always,1,1,12.0
1,0,46.81579682366981,never,0,0,-3.0
1,0,45.3906098704019,never,0,0,-3.0
0,1,70.75759029112648,always,1,1,12.0
1,1,72.63801403919962,always,1,1,12.0
0,1,72.43443837439828,always,1,1,12.0
1,1,67.73271378128682,always,1,1,12.0
0,0,52.670397695404404,complier,0,1,2.0
0,0,43.234232438956795,never,0,0,-3.0
1,1,65.70712832121855,always,1,1,12.0
0,0,49.72414881705878,complier,0,1,2.0
0,0,49.48459554807438,never,0,0,-3.0
1,0,43.01945192736952,never,0,0,-3.0
0,0,45.4729594526708,never,0,0,-3.0
1,1,49.44696601419721,complier,0,1,2.0
1,1,53.78353566312422,complier,0,1,2.0
1,0,48.95190124401522,never,0,0,-3.0
1,1,46.41842381833392,complier,0,1,2.0
1,1,68.37998968809325,always,1,1,12.0
0,0,45.850741986634816,never,0,0,-3.0
1,1,49.222740866194634,complier,0,1,2.0
0,1,67.72555452734883,always,1,1,12.0
0,1,68.90283847462753,always,1,1,12.0
0,0,47.595601664106084,never,0,0,-3.0
0,1,69.1405293821318,always,1,1,12.0
0,1,70.96148281075735,always,1,1,12.0
0,1,66.70345283181602,always,1,1,12.0
1,1,68.13966509560899,always,1,1,12.0
0,1,68.64628225616335,always,1,1,12.0
1,1,50.97886948999034,complier,0,1,2.0
0,0,46.249406272970965,never,0,0,-3.0
1,1,54.21151478524807,complier,0,1,2.0
1,1,68.59114118725054,always,1,1,12.0
0,0,48.04068922839524,complier,0,1,2.0
0,0,42.141763258057004,never,0,0,-3.0
1,1,51.61191211501947,complier,0,1,2.0
1,1,67.43700157005414,always,1,1,12.0
1,1,72.36071516626659,always,1,1,12.0
1,0,46.14441258328824,never,0,0,-3.0
0,0,51.15481275212469,complier,0,1,2.0
1,0,49.76916263544742,never,0,0,-3.0
1,0,47.27229009085339,never,0,0,-3.0
1,1,50.71189320797818,complier,0,1,2.0
1,0,42.05464669197357,never,0,0,-3.0
1,1,67.26767341162792,always,1,1,12.0
0,1,65.51455387139283,always,1,1,12.0
1,0,43.963778474873614,never,0,0,-3.0
1,0,47.17967865454288,never,0,0,-3.0
1,1,57.50655373954466,complier,0,1,2.0
1,0,46.86261328336372,never,0,0,-3.0
1,0,45.92803260970596,never,0,0,-3.0
0,1,65.04684367387769,always,1,1,12.0
1,0,46.98947346982515,never,0,0,-3.0
1,1,53.478073703943195,complier,0,1,2.0
0,0,44.47661974754039,never,0,0,-3.0
1,0,46.0605310735307,never,0,0,-3.0
0,0,52.22580750514973,complier,0,1,2.0
1,1,66.02443641720956,always,1,1,12.0
0,1,67.82454855911136,always,1,1,12.0
0,0,53.22580212885247,complier,0,1,2.0
1,1,70.76596663169393,always,1,1,12.0
1,1,71.74867383376841,always,1,1,12.0
1,0,46.35786365655724,never,0,0,-3.0
1,1,50.52577568100484,complier,0,1,2.0
1,1,67.92234300746709,always,1,1,12.0
0,0,54.84853597653318,complier,0,1,2.0
0,0,43.82687499390694,never,0,0,-3.0
1,1,69.19727792841698,always,1,1,12.0
0,1,69.19271122136409,always,1,1,12.0
1,0,48.10024755168295,never,0,0,-3.0
0,0,51.50164905437492,complier,0,1,2.0
1,1,52.57812639218103,complier,0,1,2.0
1,1,65.07124906263745,always,1,1,12.0
0,1,71.12708509443912,always,1,1,12.0
0,0,53.406040594062915,complier,0,1,2.0
0,1,68.70024777579148,always,1,1,12.0
1,0,46.496641501541276,never,0,0,-3.0
1,1,66.83297636573815,always,1,1,12.0
0,0,45.88635605379544,never,0,0,-3.0
0,0,43.657344230374214,never,0,0,-3.0
1,1,53.97733479623614,complier,0,1,2.0
0,0,47.89754106246918,never,0,0,-3.0
1,0,43.22897154663919,never,0,0,-3.0
1,0,47.15124075915425,never,0,0,-3.0
0,0,51.80886155959858,complier,0,1,2.0
1,1,52.690503181914764,complier,0,1,2.0
0,1,68.70973187505486,always,1,1,12.0
0,1,67.39163991120336,always,1,1,12.0
0,0,46.70771791360832,never,0,0,-3.0
0,1,68.21079927464373,always,1,1,12.0
0,0,50.861522798860946,complier,0,1,2.0
0,0,43.75954147786128,never,0,0,-3.0
1,1,71.22344101026256,always,1,1,12.0
0,0,48.8120855815347,complier,0,1,2.0
1,1,67.93734442175781,always,1,1,12.0
1,1,70.84643926780983,always,1,1,12.0
0,0,49.376818120755956,complier,0,1,2.0
0,1,68.21729884842148,always,1,1,12.0
0,0,51.786563474211256,complier,0,1,2.0
1,0,45.44087075908011,never,0,0,-3.0
1,0,46.50408653921417,never,0,0,-3.0
0,0,44.66275825230792,never,0,0,-3.0
0,0,45.99131817527109,never,0,0,-3.0
1,0,50.67456548291536,never,0,0,-3.0
1,1,69.52305779860488,always,1,1,12.0
1,0,52.14313616144316,never,0,0,-3.0
1,0,48.0364471530439,never,0,0,-3.0
1,1,68.23893646480575,always,1,1,12.0
1,1,53.63134685522335,complier,0,1,2.0
0,0,46.461260260083755,never,0,0,-3.0
0,0,44.96467154223548,never,0,0,-3.0
1,1,68.48329635014568,always,1,1,12.0
0,0,50.40134532899213,never,0,0,-3.0
1,1,49.9067748696322,complier,0,1,2.0
0,0,45.75999788743444,never,0,0,-3.0
0,0,43.79012956026203,never,0,0,-3.0
1,1,73.75759836375987,always,1,1,12.0
1,0,46.038972187951074,never,0,0,-3.0
0,0,46.140691752119466,complier,0,1,2.0
0,0,50.17723808262479,complier,0,1,2.0
0,0,50.05505012553922,complier,0,1,2.0
0,0,46.41746597527189,never,0,0,-3.0
1,0,44.84754304491373,never,0,0,-3.0
1,1,56.12299117145126,complier,0,1,2.0
0,0,49.33387119830539,complier,0,1,2.0
0,0,46.2950999081803,never,0,0,-3.0
0,1,69.79204590641456,always,1,1,12.0
0,0,45.77316076918864,never,0,0,-3.0
1,1,69.79976954933707,always,1,1,12.0
1,1,51.62301706834931,complier,0,1,2.0
1,1,54.18444908995386,complier,0,1,2.0
1,1,49.630951727917996,complier,0,1,2.0
1,0,50.02103850823616,never,0,0,-3.0
1,1,54.45701848676429,complier,0,1,2.0
0,0,46.656147332808075,never,0,0,-3.0
1,1,68.01626081524014,always,1,1,12.0
0,0,47.03451096627829,never,0,0,-3.0
1,0,48.53632035534235,never,0,0,-3.0
0,0,45.55886462795776,never,0,0,-3.0
1,0,44.815222194664564,never,0,0,-3.0
1,0,46.36898334443287,never,0,0,-3.0
1,0,48.7357232448797,never,0,0,-3.0
0,0,48.57013692209407,complier,0,1,2.0
1,0,48.25517198816092,never,0,0,-3.0
0,0,47.381660279233465,never,0,0,-3.0
0,1,68.35555348571899,always,1,1,12.0
0,0,44.98838212140361,never,0,0,-3.0
0,0,44.97194079720366,never,0,0,-3.0
0,1,65.13545826276075,always,1,1,12.0
0,1,69.93432137530255,always,1,1,12.0
0,1,64.560515301764,always,1,1,12.0
0,0,50.110558308417076,complier,0,1,2.0
1,0,42.261735434931886,never,0,0,-3.0
0,1,71.38895682938941,always,1,1,12.0
0,1,70.93457117169302,always,1,1,12.0
0,1,68.91186413245921,always,1,1,12.0
1,0,45.05352603594161,never,0,0,-3.0
1,1,53.91207929416573,complier,0,1,2.0
1,1,50.88524912900195,complier,0,1,2.0
0,1,66.9407470540935,always,1,1,12.0
0,0,44.90450386526922,never,0,0,-3.0
1,1,52.63862793784666,complier,0,1,2.0
0,0,40.78947775599024,never,0,0,-3.0
1,1,69.88058859528218,always,1,1,12.0
1,1,66.07719216503686,always,1,1,12.0
1,0,46.301409455388736,never,0,0,-3.0
0,0,45.16948004882824,never,0,0,-3.0
1,0,45.38115786556868,never,0,0,-3.0
1,0,45.52411546658611,never,0,0,-3.0
0,0,45.91445534493067,never,0,0,-3.0
1,0,47.44734244352941,never,0,0,-3.0
0,0,48.78493315102192,complier,0,1,2.0
0,0,50.49934947255869,complier,0,1,2.0
0,0,44.939502350056095,never,0,0,-3.0
1,0,47.58587516674219,never,0,0,-3.0
0,0,48.214084530344486,complier,0,1,2.0
0,0,44.504803493022834,never,0,0,-3.0
1,0,44.89864039005352,never,0,0,-3.0
1,0,47.573050919539305,never,0,0,-3.0
0,1,74.06443416373594,always,1,1,12.0
0,0,48.86837729429125,complier,0,1,2.0
0,0,50.45389436533802,complier,0,1,2.0
1,1,70.61816288723219,always,1,1,12.0
0,0,52.448621610127276,complier,0,1,2.0
1,1,67.88212596130839,always,1,1,12.0
0,0,44.88381988529263,never,0,0,-3.0
1,1,66.89729057787144,always,1,1,12.0
1,1,69.85812735002276,always,1,1,12.0
0,1,71.01746060258483,always,1,1,12.0
0,0,49.680814357781706,complier,0,1,2.0
0,0,48.85434302844301,complier,0,1,2.0
0,0,46.028714245044554,never,0,0,-3.0
0,0,44.53960011723034,never,0,0,-3.0
1,1,56.17559517902167,complier,0,1,2.0
0,0,46.83807403925804,never,0,0,-3.0
1,1,47.471586854874985,complier,0,1,2.0
0,0,44.016773919088585,never,0,0,-3.0
0,0,44.5210548435277,never,0,0,-3.0
1,1,51.79244893246354,complier,0,1,2.0
1,1,68.38357526894929,always,1,1,12.0
0,1,71.02617823016477,always,1,1,12.0
1,1,52.825911263521895,complier,0,1,2.0
0,1,68.42452596415811,always,1,1,12.0
1,1,70.18546095253683,always,1,1,12.0
1,0,48.250979451363534,never,0,0,-3.0
0,0,47.464570540778354,never,0,0,-3.0
1,1,70.96866706540136,always,1,1,12.0
0,0,52.19311321930082,complier,0,1,2.0
1,0,47.193972854338185,never,0,0,-3.0
1,0,48.256434772992925,never,0,0,-3.0
0,0,43.17014379219415,never,0,0,-3.0
1,1,51.01676484790179,complier,0,1,2.0
0,0,47.18181921218921,never,0,0,-3.0
0,1,68.98524217864019,always,1,1,12.0
1,1,51.64152094816623,complier,0,1,2.0
1,1,51.76033784200161,complier,0,1,2.0
0,1,67.45983215291328,always,1,1,12.0
1,1,68.12603759755424,always,1,1,12.0
0,0,47.64113604463381,complier,0,1,2.0
0,0,46.40878134255698,never,0,0,-3.0
0,1,69.99834538599892,always,1,1,12.0
0,0,46.82290883417576,never,0,0,-3.0
0,1,70.15649388156204,always,1,1,12.0
0,0,51.19386360738129,complier,0,1,2.0
1,0,45.321893801829695,never,0,0,-3.0
1,0,48.15200296221855,never,0,0,-3.0
0,0,46.77946624860434,never,0,0,-3.0
1,1,67.57572433431686,always,1,1,12.0
0,0,47.53179030919782,never,0,0,-3.0
1,0,46.323829618962286,never,0,0,-3.0
1,1,66.8231025913547,always,1,1,12.0
0,0,48.79658905054732,complier,0,1,2.0
1,1,49.718819285660715,complier,0,1,2.0
0,0,43.49164116992841,never,0,0,-3.0
1,0,48.22934375939555,never,0,0,-3.0
1,1,56.17591496198807,complier,0,1,2.0
0,0,51.42398775583462,complier,0,1,2.0
0,0,47.65291299597609,complier,0,1,2.0
0,0,44.461166199687064,never,0,0,-3.0
0,0,51.61918235171118,complier,0,1,2.0
1,1,70.34493535783481,always,1,1,12.0
0,1,64.99469884930275,always,1,1,12.0
1,1,50.19327095669015,complier,0,1,2.0
1,0,43.333571358914654,never,0,0,-3.0
1,0,44.778973097899396,never,0,0,-3.0
0,0,46.7159536141496,never,0,0,-3.0
0,0,48.034283837045585,never,0,0,-3.0
1,1,51.771055052202406,complier,0,1,2.0
0,0,51.80975868241647,complier,0,1,2.0
0,1,70.37725304889449,always,1,1,12.0
0,1,70.52403100221154,always,1,1,12.0
0,0,46.42243720164503,never,0,0,-3.0
0,0,43.809095016217334,never,0,0,-3.0
0,0,45.999487995243015,never,0,0,-3.0
0,0,46.65327954176606,never,0,0,-3.0
1,1,69.1058473861006,always,1,1,12.0
1,1,70.12477996189351,always,1,1,12.0
1,1,71.62912295576041,always,1,1,12.0
1,0,50.292666995556154,never,0,0,-3.0
1,1,51.014750438008875,complier,0,1,2.0
0,0,46.13365431204415,never,0,0,-3.0
1,0,46.16013560733748,never,0,0,-3.0
1,1,51.309991949190916,complier,0,1,2.0
0,0,41.23335067516226,never,0,0,-3.0
1,0,43.9801988566353,never,0,0,-3.0
1,1,68.83832286823544,always,1,1,12.0
0,0,51.63652687905933,complier,0,1,2.0
0,0,47.6598241379333,complier,0,1,2.0
1,1,68.03966550697346,always,1,1,12.0
1,0,43.58336813215316,never,0,0,-3.0
0,0,47.93995545911489,complier,0,1,2.0
1,1,66.47743856294451,always,1,1,12.0
1,1,69.91191639712699,always,1,1,12.0
1,0,46.22846147545205,never,0,0,-3.0
1,0,44.198210364206304,never,0,0,-3.0
0,0,47.431790117948836,complier,0,1,2.0
0,1,70.27178729673898,always,1,1,12.0
1,1,53.796543201145546,complier,0,1,2.0
1,0,48.90017466961334,never,0,0,-3.0
0,0,48.070509028499025,never,0,0,-3.0
0,0,44.87104616903305,never,0,0,-3.0
1,0,42.46703107117742,never,0,0,-3.0
1,1,67.992824439254,always,1,1,12.0
1,0,44.97121489506525,never,0,0,-3.0
0,0,51.23870844181017,complier,0,1,2.0
1,1,67.78277069559124,always,1,1,12.0
1,1,54.24497291629356,complier,0,1,2.0
0,1,71.14627873342212,always,1,1,12.0
0,1,68.93214493458751,always,1,1,12.0
0,0,44.18737887636324,never,0,0,-3.0
1,1,66.61989132192616,always,1,1,12.0
1,0,47.169938908760756,never,0,0,-3.0
1,1,55.19817468490693,complier,0,1,2.0
1,1,49.71620978682611,complier,0,1,2.0
0,0,47.52755497347178,complier,0,1,2.0
1,0,43.26014658513296,never,0,0,-3.0
1,1,68.16668957791804,always,1,1,12.0
1,1,53.58825484235496,complier,0,1,2.0
1,1,53.78519737482424,complier,0,1,2.0
1,1,50.40897158705997,complier,0,1,2.0
1,0,50.02739006727086,never,0,0,-3.0
0,1,71.82276005392669,always,1,1,12.0
1,1,49.44354272066443,complier,0,1,2.0
0,0,53.47481560087632,complier,0,1,2.0
1,1,65.75402260965257,always,1,1,12.0
1,1,48.14997171562278,complier,0,1,2.0
1,0,45.80641100929443,never,0,0,-3.0
1,1,67.35320057628927,always,1,1,12.0
1,1,48.829810118046694,complier,0,1,2.0
0,0,44.17711708587279,never,0,0,-3.0
1,1,53.99930635484962,complier,0,1,2.0
1,1,69.81218131467985,always,1,1,12.0
0,1,67.98329708667465,always,1,1,12.0
0,0,47.079477151575055,never,0,0,-3.0
1,1,51.29526410464178,complier,0,1,2.0
0,0,43.69148059319784,never,0,0,-3.0
1,0,46.18916865024966,never,0,0,-3.0
0,0,46.61247623886044,complier,0,1,2.0
0,1,66.7999207430363,always,1,1,12.0
1,1,49.1157854746188,complier,0,1,2.0
1,0,46.96298561985501,never,0,0,-3.0
1,0,48.84279137727644,never,0,0,-3.0
1,1,53.29493856594166,complier,0,1,2.0
0,1,70.04951026298374,always,1,1,12.0
0,0,52.14613571294102,complier,0,1,2.0
0,1,65.87863054585574,always,1,1,12.0
1,0,47.842540502552154,never,0,0,-3.0
0,0,47.071526706822596,complier,0,1,2.0
0,0,44.84292049698695,never,0,0,-3.0
0,0,44.94437620546325,never,0,0,-3.0
1,1,68.12143483755663,always,1,1,12.0
1,0,43.60381762565673,never,0,0,-3.0
1,0,44.367898790658245,never,0,0,-3.0
0,0,45.88767291363911,never,0,0,-3.0
1,1,54.39485466219384,complier,0,1,2.0
0,0,46.14363094481321,never,0,0,-3.0
0,0,46.5823545441959,never,0,0,-3.0
0,0,43.7909442726196,never,0,0,-3.0
1,0,45.84292129681817,never,0,0,-3.0
0,1,71.64252766862745,always,1,1,12.0
0,0,43.54440312847426,never,0,0,-3.0
1,0,46.560798495050456,never,0,0,-3.0
1,1,68.75726990224297,always,1,1,12.0
0,0,52.753708756155135,complier,0,1,2.0
1,0,45.473492443122744,never,0,0,-3.0
1,1,54.9356486487474,complier,0,1,2.0
0,1,67.6724730951847,always,1,1,12.0
1,1,52.37008144308134,complier,0,1,2.0
0,1,65.0859909459969,always,1,1,12.0
1,0,45.882332763673965,never,0,0,-3.0
0,1,68.93275895965134,always,1,1,12.0
1,0,50.647344107390346,never,0,0,-3.0
1,0,45.32473453190601,never,0,0,-3.0
1,1,53.82576949512584,complier,0,1,2.0
0,0,44.47824786280593,never,0,0,-3.0
1,0,44.86380291120371,never,0,0,-3.0
1,0,43.26431003055904,never,0,0,-3.0
0,0,48.03457701356346,never,0,0,-3.0
0,1,67.24903594243303,always,1,1,12.0
1,1,52.679343186357364,complier,0,1,2.0
0,0,51.63834415584567,complier,0,1,2.0
1,1,68.44106780857528,always,1,1,12.0
1,1,54.59985393381686,complier,0,1,2.0
1,0,46.24611754907002,never,0,0,-3.0
0,0,48.1488779540695,complier,0,1,2.0
0,0,46.15960807140588,complier,0,1,2.0
1,0,47.930071409673054,never,0,0,-3.0
1,1,64.7442270748698,always,1,1,12.0
0,0,48.24578911633621,never,0,0,-3.0
1,1,47.60964825287097,complier,0,1,2.0
1,0,44.005242339297425,never,0,0,-3.0
1,1,69.46206626615918,always,1,1,12.0
1,1,54.31512393391646,complier,0,1,2.0
0,1,68.87145718111786,always,1,1,12.0
1,1,67.17225630895757,always,1,1,12.0
1,0,46.91444249723908,never,0,0,-3.0
1,1,68.54761363140571,always,1,1,12.0
0,0,51.3742520560996,complier,0,1,2.0
0,0,46.20172510281682,never,0,0,-3.0
0,1,65.70213550392229,always,1,1,12.0
1,0,46.4712049244829,never,0,0,-3.0
1,0,47.1621814336731,never,0,0,-3.0
1,1,51.22116166010221,complier,0,1,2.0
1,1,49.76982350952558,complier,0,1,2.0
1,1,51.27294394377291,complier,0,1,2.0
1,0,42.51714521331135,never,0,0,-3.0
1,0,44.34888518360391,never,0,0,-3.0
0,0,48.916679685629525,complier,0,1,2.0
0,0,46.491601721939546,never,0,0,-3.0
1,0,45.05992205146416,never,0,0,-3.0
1,1,69.37253305762152,always,1,1,12.0
0,1,64.2802650302716,always,1,1,12.0
0,0,44.80057706489192,never,0,0,-3.0
1,0,46.234146418446564,never,0,0,-3.0
0,0,49.295176243598846,complier,0,1,2.0
0,0,42.73529975132988,never,0,0,-3.0
1,1,49.416861416192965,complier,0,1,2.0
1,0,45.693696822428244,never,0,0,-3.0
1,1,51.508795313689546,complier,0,1,2.0
1,1,70.76345969536843,always,1,1,12.0
1,0,48.890374941298695,never,0,0,-3.0
0,0,45.7601868645472,never,0,0,-3.0
1,0,46.54008134423431,never,0,0,-3.0
1,0,47.31908375669507,never,0,0,-3.0
0,0,45.84487497835684,never,0,0,-3.0
1,1,67.44114019771845,always,1,1,12.0
1,0,47.31083125732724,never,0,0,-3.0
0,1,67.8285681800222,always,1,1,12.0
0,0,46.095476032010545,never,0,0,-3.0
1,1,54.354688174563655,complier,0,1,2.0
0,1,67.09377695001523,always,1,1,12.0
0,1,67.17871677869195,always,1,1,12.0
0,0,46.57563312533001,never,0,0,-3.0
0,1,69.48340336806,always,1,1,12.0
0,1,70.46792950920128,always,1,1,12.0
0,0,44.69450144645226,never,0,0,-3.0
1,1,68.9245237775988,always,1,1,12.0
0,0,50.708292008345715,complier,0,1,2.0
0,1,72.09067050494491,always,1,1,12.0
0,0,47.40518004567767,complier,0,1,2.0
1,0,47.17337009882233,never,0,0,-3.0
0,0,43.65808569304675,never,0,0,-3.0
1,0,44.40973082919161,never,0,0,-3.0
1,0,44.84086915030385,never,0,0,-3.0
1,1,49.83545631547911,complier,0,1,2.0
1,1,70.11855462808659,always,1,1,12.0
1,1,53.70635922202038,complier,0,1,2.0
0,1,71.1193612982257,always,1,1,12.0
1,1,49.06565400787844,complier,0,1,2.0
1,1,70.58159379328409,always,1,1,12.0
1,1,70.25331067115319,always,1,1,12.0
0,0,49.89691999529623,complier,0,1,2.0
1,1,51.64016979162493,complier,0,1,2.0
0,0,44.65150480580128,never,0,0,-3.0
1,1,51.02771735760873,complier,0,1,2.0
1,0,48.02937765473492,never,0,0,-3.0
0,0,48.99413443763589,complier,0,1,2.0
1,0,42.490309845427845,never,0,0,-3.0
1,1,50.571888614484386,complier,0,1,2.0
1,0,43.8834112851932,never,0,0,-3.0
0,0,44.81345420531478,never,0,0,-3.0
1,1,50.90129157946586,complier,0,1,2.0
1,0,45.67537826797071,never,0,0,-3.0
0,1,70.21857800485176,always,1,1,12.0
1,1,70.80492132568713,always,1,1,12.0
0,0,52.29443501587163,complier,0,1,2.0
1,0,47.37846893461999,never,0,0,-3.0
0,0,48.9346976985008,complier,0,1,2.0
0,1,70.62036678303674,always,1,1,12.0
0,0,44.80708508592615,never,0,0,-3.0
0,0,45.45370791273779,never,0,0,-3.0
0,0,53.52530527202282,complier,0,1,2.0
1,1,52.51704475015724,complier,0,1,2.0
1,1,53.61791964940647,complier,0,1,2.0
0,1,67.17646484651195,always,1,1,12.0
1,0,44.49499668704556,never,0,0,-3.0
0,0,43.785681082989626,never,0,0,-3.0
0,1,70.48274128045804,always,1,1,12.0
1,0,44.02129032861044,never,0,0,-3.0
0,0,48.31427030797349,complier,0,1,2.0
0,0,44.14006970152597,never,0,0,-3.0
1,1,69.4475570746733,always,1,1,12.0
0,0,50.91948073649735,never,0,0,-3.0
1,1,53.74765906768664,complier,0,1,2.0
1,0,47.98144468204888,never,0,0,-3.0
1,1,52.37038107108117,complier,0,1,2.0
1,0,47.85895230628909,never,0,0,-3.0
0,0,44.722854270140374,never,0,0,-3.0
0,0,45.89959896107068,never,0,0,-3.0
0,1,69.56609502483964,always,1,1,12.0
0,0,54.12192786852133,complier,0,1,2.0
0,1,72.97536052402131,always,1,1,12.0
1,1,69.30858882272331,always,1,1,12.0
1,0,47.330209765796056,never,0,0,-3.0
1,1,68.79256367379563,always,1,1,12.0
0,0,44.95071518654781,never,0,0,-3.0
1,0,45.62548581012743,never,0,0,-3.0
0,0,48.04734842692457,never,0,0,-3.0
0,0,45.0583249419305,never,0,0,-3.0
1,1,52.49656349690738,complier,0,1,2.0
0,0,50.07918076425393,complier,0,1,2.0
0,0,48.77476370894646,complier,0,1,2.0
0,0,44.771502705425966,never,0,0,-3.0
0,1,64.13645665265734,always,1,1,12.0
1,1,51.20936461308954,complier,0,1,2.0
0,0,48.08489919721072,never,0,0,-3.0
1,0,46.44213895395902,never,0,0,-3.0
0,1,69.75972195312085,always,1,1,12.0
0,0,44.011951236789415,never,0,0,-3.0
1,0,47.589820357407966,never,0,0,-3.0
1,1,53.24952782269445,complier,0,1,2.0
0,1,65.54353857127265,always,1,1,12.0
0,0,45.70611090522274,never,0,0,-3.0
0,1,68.75649387540255,always,1,1,12.0
0,1,67.14322346551397,always,1,1,12.0
1,1,49.75446104400524,complier,0,1,2.0
1,1,48.9713337786397,complier,0,1,2.0
1,1,53.97023533960006,complier,0,1,2.0
0,0,47.812903217825486,complier,0,1,2.0
0,0,50.377140106950286,complier,0,1,2.0
1,0,49.248251623061535,never,0,0,-3.0
1,0,47.854794510804155,never,0,0,-3.0
0,0,48.36573435398545,complier,0,1,2.0
1,0,46.44197135590414,never,0,0,-3.0
0,0,45.122223496964544,never,0,0,-3.0
0,0,44.970883157906826,never,0,0,-3.0
1,1,69.05379443703941,always,1,1,12.0
1,1,50.48616756127048,complier,0,1,2.0
1,0,47.28265187848681,never,0,0,-3.0
1,0,47.07738949958624,never,0,0,-3.0
1,1,70.99639338118375,always,1,1,12.0
1,1,51.124830833986685,complier,0,1,2.0
1,1,65.15496775092474,always,1,1,12.0
0,0,46.02242061320006,never,0,0,-3.0
0,1,68.33251269123949,always,1,1,12.0
1,0,48.655289891805694,never,0,0,-3.0
0,1,69.77659071652168,always,1,1,12.0
0,1,66.31645177212734,always,1,1,12.0
1,1,70.98093349708886,always,1,1,12.0
1,1,68.31154932492252,always,1,1,12.0
1,1,57.1996173886082,complier,0,1,2.0
0,0,45.867056358771244,never,0,0,-3.0
0,0,44.53358812525978,never,0,0,-3.0
1,0,46.14569755630194,never,0,0,-3.0
0,0,50.82235689955161,complier,0,1,2.0
1,1,51.354327427274086,complier,0,1,2.0
1,1,50.34502996719448,complier,0,1,2.0
0,0,50.3374984042704,complier,0,1,2.0
1,1,50.62265575417937,complier,0,1,2.0
1,1,67.19999704613126,always,1,1,12.0
1,0,44.970753916681026,never,0,0,-3.0
0,1,69.25264982640103,always,1,1,12.0
0,0,49.67328127918087,complier,0,1,2.0
0,0,52.451630590046925,complier,0,1,2.0
1,1,68.82480894163733,always,1,1,12.0
0,0,48.7115487987871,complier,0,1,2.0
1,1,53.42522661415323,complier,0,1,2.0
0,0,49.71686019675399,complier,0,1,2.0
1,0,46.59314839100665,never,0,0,-3.0
0,0,45.19998549044222,never,0,0,-3.0
0,0,45.132019735663334,never,0,0,-3.0
1,1,50.941464159890735,complier,0,1,2.0
0,0,47.106660461461225,never,0,0,-3.0
0,1,70.79685443877155,always,1,1,12.0
1,1,48.67850456468028,complier,0,1,2.0
0,1,65.90871043517039,always,1,1,12.0
0,1,69.40899571501616,always,1,1,12.0
1,1,50.99722287544144,complier,0,1,2.0
0,0,47.01696531496245,complier,0,1,2.0
1,1,70.8326037827403,always,1,1,12.0
0,0,41.11127772217663,never,0,0,-3.0
0,1,66.16449204857936,always,1,1,12.0
1,0,45.71539117199069,never,0,0,-3.0
1,0,46.38864989201813,never,0,0,-3.0
0,1,70.90192382740008,always,1,1,12.0
1,1,49.55066070738461,complier,0,1,2.0
1,1,71.24977112823517,always,1,1,12.0
0,0,48.38694883519825,complier,0,1,2.0
0,0,45.07837005023458,never,0,0,-3.0
0,0,44.666932413665506,never,0,0,-3.0
1,0,45.20656145478671,never,0,0,-3.0
0,1,70.51523105582515,always,1,1,12.0
0,1,68.46788647158033,always,1,1,12.0
1,0,47.27592184457822,never,0,0,-3.0
0,0,44.739581005523355,complier,0,1,2.0
0,0,50.50559162479257,complier,0,1,2.0
1,0,46.5051971750505,never,0,0,-3.0
0,0,43.963126720515156,never,0,0,-3.0
1,1,69.13461809671315,always,1,1,12.0
0,1,71.06669575355227,always,1,1,12.0
0,0,44.89660571081085,never,0,0,-3.0
1,1,67.02584175545671,always,1,1,12.0
1,1,51.30168753498488,complier,0,1,2.0
1,1,49.87899571969886,complier,0,1,2.0
0,0,46.82576921968865,never,0,0,-3.0
1,0,45.20465474856151,never,0,0,-3.0
0,0,42.754545442691295,never,0,0,-3.0
1,1,52.645783021996046,complier,0,1,2.0
0,1,65.28926414658642,always,1,1,12.0
1,1,75.25902089046106,always,1,1,12.0
1,1,52.79071052466739,complier,0,1,2.0
0,1,66.62964143019678,always,1,1,12.0
0,0,50.604378635140854,complier,0,1,2.0
1,0,47.00866646009093,never,0,0,-3.0
1,1,68.52526142717124,always,1,1,12.0
0,1,69.07889822957353,always,1,1,12.0
1,1,51.751024108941955,complier,0,1,2.0
1,1,51.5084237008253,complier,0,1,2.0
0,0,52.17967589291839,complier,0,1,2.0
0,1,64.27429772283949,always,1,1,12.0
1,0,45.7188569684896,never,0,0,-3.0
1,1,52.0573715263938,complier,0,1,2.0
0,0,46.28340854817408,never,0,0,-3.0
1,1,65.98077083072943,always,1,1,12.0
1,0,45.34653920014075,never,0,0,-3.0
0,0,48.98966401411712,complier,0,1,2.0
1,0,48.803976859277746,never,0,0,-3.0
0,0,44.809429438981475,never,0,0,-3.0
1,1,53.91218178018287,complier,0,1,2.0
1,0,46.18306404068412,never,0,0,-3.0
1,0,46.71396833841615,never,0,0,-3.0
1,0,42.23979947131451,never,0,0,-3.0
1,1,69.79759429469269,always,1,1,12.0
1,0,49.6248112393434,never,0,0,-3.0
0,0,46.26816431415415,never,0,0,-3.0
1,0,45.828923429308446,never,0,0,-3.0
0,0,48.17585869904042,never,0,0,-3.0
0,0,49.79424440657223,complier,0,1,2.0
0,0,47.44633496547945,never,0,0,-3.0
0,0,45.66663349437577,never,0,0,-3.0
1,1,66.4209768777582,always,1,1,12.0
1,1,49.40547109271051,complier,0,1,2.0
0,0,49.054134189251556,complier,0,1,2.0
0,1,65.6065590917351,always,1,1,12.0
1,0,48.66624635419719,never,0,0,-3.0
1,1,51.50168179507084,complier,0,1,2.0
0,0,50.18732431452088,complier,0,1,2.0
0,0,53.23445544051703,complier,0,1,2.0
1,1,70.30626740949221,always,1,1,12.0
0,0,44.78135482821313,never,0,0,-3.0
0,0,51.32497006500071,complier,0,1,2.0
1,0,43.42303671033492,never,0,0,-3.0
1,1,71.61311602282107,always,1,1,12.0
1,0,46.346268513841096,never,0,0,-3.0
0,0,45.236292531058325,never,0,0,-3.0
1,0,44.3991017836932,never,0,0,-3.0
0,1,67.5316343618791,always,1,1,12.0
1,1,66.15586333258126,always,1,1,12.0
0,0,48.04088085217589,complier,0,1,2.0
0,0,51.72005924148079,complier,0,1,2.0
1,1,69.485905408362,always,1,1,12.0
1,1,68.97800030548241,always,1,1,12.0
1,0,47.8743629692394,never,0,0,-3.0
0,1,67.6472834428236,always,1,1,12.0
0,1,70.34486012588881,always,1,1,12.0
0,0,48.76731586116263,complier,0,1,2.0
0,0,51.02857800202928,complier,0,1,2.0
0,0,54.31169431980002,complier,0,1,2.0
0,1,69.61338539563192,always,1,1,12.0
0,0,46.410709610280286,never,0,0,-3.0
0,0,46.599320238990856,never,0,0,-3.0
1,0,45.9151789849445,never,0,0,-3.0
0,0,47.273669922937934,complier,0,1,2.0
0,0,50.04251981551573,never,0,0,-3.0
1,1,69.97016801327514,always,1,1,12.0
0,1,70.80966424245072,always,1,1,12.0
1,0,43.48568973930273,never,0,0,-3.0
1,0,43.85098434526831,never,0,0,-3.0
0,1,71.79684567151986,always,1,1,12.0
1,1,69.36183313126125,always,1,1,12.0
1,1,57.63189251464651,complier,0,1,2.0
1,1,51.76283651752385,complier,0,1,2.0
1,0,47.726730016190814,never,0,0,-3.0
0,0,44.106170525936285,never,0,0,-3.0
0,0,44.26830164768268,never,0,0,-3.0
1,1,52.27722862276523,complier,0,1,2.0
1,1,70.85093720532248,always,1,1,12.0
0,0,45.45687979785227,never,0,0,-3.0
1,0,49.10058629632307,never,0,0,-3.0
0,0,50.569693823576344,complier,0,1,2.0
1,0,46.61846506109862,never,0,0,-3.0
1,1,51.90792639375403,complier,0,1,2.0
0,0,47.44814609389517,never,0,0,-3.0
0,0,49.87859427279455,complier,0,1,2.0
1,0,44.35665464277459,never,0,0,-3.0
1,1,52.86653226262768,complier,0,1,2.0
0,0,49.877928351003284,complier,0,1,2.0
0,0,48.139845460243166,complier,0,1,2.0
0,1,67.25989065731983,always,1,1,12.0
0,0,54.050182259138715,complier,0,1,2.0
0,1,63.99637954128463,always,1,1,12.0
0,0,44.285114184687565,never,0,0,-3.0
0,1,66.4955167835152,always,1,1,12.0
0,0,47.78712868121144,complier,0,1,2.0
0,0,49.788250815381055,complier,0,1,2.0
0,0,51.87755767251683,complier,0,1,2.0
0,0,45.81589871297959,never,0,0,-3.0
1,1,53.19468303376798,complier,0,1,2.0
0,1,67.2510372253604,always,1,1,12.0
0,1,68.69340087516098,always,1,1,12.0
1,1,53.3223722418037,complier,0,1,2.0
1,1,52.708935207165254,complier,0,1,2.0
1,1,50.77360704579725,complier,0,1,2.0
1,1,52.31433518372154,complier,0,1,2.0
0,1,67.55882218178304,always,1,1,12.0
1,1,67.62355073023565,always,1,1,12.0
0,0,43.404394862686104,never,0,0,-3.0
0,0,49.67401102524811,complier,0,1,2.0
0,0,47.995359129681546,never,0,0,-3.0
0,0,51.03230819080185,complier,0,1,2.0
1,1,48.67398689452792,complier,0,1,2.0
1,0,42.44468188863066,never,0,0,-3.0
0,0,50.68661965694597,never,0,0,-3.0
0,1,69.6334891507532,always,1,1,12.0
1,1,51.22745218286107,complier,0,1,2.0
0,0,48.359455968281864,complier,0,1,2.0
0,0,44.821701559654414,never,0,0,-3.0
0,0,44.2325035582231,never,0,0,-3.0
1,0,45.05256917469489,never,0,0,-3.0
1,1,51.421789787722254,complier,0,1,2.0
0,1,67.29836734035896,always,1,1,12.0
0,0,43.564537613088405,never,0,0,-3.0
1,0,43.662761198145695,never,0,0,-3.0
1,0,48.04219492156326,never,0,0,-3.0
1,1,66.76413133824181,always,1,1,12.0
0,0,46.456657647891696,never,0,0,-3.0
0,0,54.812347030623876,complier,0,1,2.0
1,1,66.8993861269748,always,1,1,12.0
1,0,43.1844773153305,never,0,0,-3.0
1,0,41.70225549205415,never,0,0,-3.0
0,0,51.224447882288736,complier,0,1,2.0
1,1,68.46457293940955,always,1,1,12.0
1,1,68.06870271027272,always,1,1,12.0
0,0,46.982170817897696,never,0,0,-3.0
0,0,47.8682084602006,never,0,0,-3.0
0,0,49.35107048029403,complier,0,1,2.0
0,0,51.22319276878974,complier,0,1,2.0
0,0,50.951145069328696,complier,0,1,2.0
1,1,53.01365465686872,complier,0,1,2.0
1,0,42.66608575114962,never,0,0,-3.0
1,1,67.41987708686268,always,1,1,12.0
1,1,68.88790177654106,always,1,1,12.0
0,1,70.45888215303012,always,1,1,12.0
1,0,44.512015003105056,never,0,0,-3.0
0,1,69.06092373606418,always,1,1,12.0
0,0,50.17967822374518,complier,0,1,2.0
1,0,45.72641825693558,never,0,0,-3.0
1,1,49.406805466727356,complier,0,1,2.0
1,0,49.12247344546029,never,0,0,-3.0
1,0,47.29966475784817,never,0,0,-3.0
0,1,71.76948032793882,always,1,1,12.0
1,1,68.00045395654426,always,1,1,12.0
1,1,51.649258815585334,complier,0,1,2.0
1,1,56.17453608036074,complier,0,1,2.0
1,1,50.988056482737704,complier,0,1,2.0
1,1,51.00958125102342,complier,0,1,2.0
1,0,47.7870866414191,never,0,0,-3.0
1,0,44.19273923256891,never,0,0,-3.0
0,0,47.75594282649708,never,0,0,-3.0
0,1,70.1403893329971,always,1,1,12.0
1,1,68.97098843417275,always,1,1,12.0
1,1,52.36845951822032,complier,0,1,2.0
0,0,46.87326365867419,never,0,0,-3.0
0,0,44.99704123765464,complier,0,1,2.0
0,0,51.862283192560554,never,0,0,-3.0
0,0,43.68899662647917,never,0,0,-3.0
0,0,50.864557396507465,complier,0,1,2.0
0,0,47.91249034861835,complier,0,1,2.0
0,0,47.58946937050257,complier,0,1,2.0
1,1,55.749332815541685,complier,0,1,2.0
1,1,50.85938061897031,complier,0,1,2.0
0,1,66.61556076754304,always,1,1,12.0
1,1,54.8606969317106,complier,0,1,2.0
1,1,49.55738265314919,complier,0,1,2.0
1,0,47.32849792550578,never,0,0,-3.0
1,0,45.80468746002376,never,0,0,-3.0
0,0,43.74374419016681,never,0,0,-3.0
0,0,46.39251483009933,never,0,0,-3.0
1,0,48.2578568617365,never,0,0,-3.0
0,0,42.17085011179149,never,0,0,-3.0
0,1,67.4114681964996,always,1,1,12.0
0,1,66.85143693091923,always,1,1,12.0
0,0,49.00916725311008,never,0,0,-3.0
0,0,49.596189211652344,complier,0,1,2.0
1,1,69.48152687051827,always,1,1,12.0
0,0,46.247806645736176,never,0,0,-3.0
0,1,67.99511452779353,always,1,1,12.0
0,0,46.031787853442125,never,0,0,-3.0
0,1,67.96120212629629,always,1,1,12.0
1,1,48.913794777053695,complier,0,1,2.0
1,0,43.18255864365442,never,0,0,-3.0
1,1,69.42913400018178,always,1,1,12.0
0,0,46.39818055175094,never,0,0,-3.0
0,0,50.48217092315616,complier,0,1,2.0
1,1,64.89217298710533,always,1,1,12.0
1,1,53.396182448844655,complier,0,1,2.0
1,1,68.31245656352388,always,1,1,12.0
1,1,51.94045321018688,complier,0,1,2.0
0,0,44.22434808029445,never,0,0,-3.0
1,0,46.596685971074386,never,0,0,-3.0
1,1,51.54941076113048,complier,0,1,2.0
0,0,49.52755967011381,complier,0,1,2.0
1,1,52.07285326014749,complier,0,1,2.0
1,0,42.21417520846988,never,0,0,-3.0
1,0,45.39887443123997,never,0,0,-3.0
1,1,68.90444405637261,always,1,1,12.0
1,1,71.89595623246788,always,1,1,12.0
1,1,54.33319365776205,complier,0,1,2.0
1,1,71.4148868601724,always,1,1,12.0
1,1,69.30939466723247,always,1,1,12.0
1,1,66.64109144619437,always,1,1,12.0
0,1,66.83754167891291,always,1,1,12.0
0,0,49.857933666215736,complier,0,1,2.0
1,1,71.56323446784022,always,1,1,12.0
0,0,51.118557765439995,complier,0,1,2.0
1,1,53.58920155101283,complier,0,1,2.0
0,0,46.17092411876763,never,0,0,-3.0
0,0,48.60941599264286,never,0,0,-3.0
1,0,47.838311001006,never,0,0,-3.0
0,0,45.505621669275605,never,0,0,-3.0
1,1,72.96906973203764,always,1,1,12.0
1,0,42.13012129440463,never,0,0,-3.0
0,0,52.55751394474629,complier,0,1,2.0
1,1,68.02321693098571,always,1,1,12.0
0,0,45.02795612168379,never,0,0,-3.0
0,0,48.408108857347045,complier,0,1,2.0
1,1,56.738875001526694,complier,0,1,2.0
1,1,67.46668770904083,always,1,1,12.0
1,1,72.12846422557189,always,1,1,12.0
1,0,46.51703719277004,never,0,0,-3.0
0,0,45.96316575492053,complier,0,1,2.0
0,0,45.500579821743365,never,0,0,-3.0
0,0,46.25354245348002,never,0,0,-3.0
1,1,55.53598893229822,complier,0,1,2.0
1,1,53.94401431574167,complier,0,1,2.0
0,0,43.78842385968565,never,0,0,-3.0
1,0,47.32012748936012,never,0,0,-3.0
0,0,45.60036024337874,never,0,0,-3.0
0,1,67.67677354120065,always,1,1,12.0
1,1,51.12724398500984,complier,0,1,2.0
1,0,46.48125178724306,never,0,0,-3.0
1,0,50.008887364816985,never,0,0,-3.0
1,1,55.246230158336886,complier,0,1,2.0
0,0,45.07157317241066,never,0,0,-3.0
1,1,70.70719974569703,always,1,1,12.0
0,0,47.19868380273665,never,0,0,-3.0
0,0,47.94756886403559,never,0,0,-3.0
0,0,46.96244137811195,never,0,0,-3.0
1,0,45.97023385792352,never,0,0,-3.0
0,0,47.359661954525,never,0,0,-3.0
1,1,67.66670164254568,always,1,1,12.0
1,0,49.08152496792024,never,0,0,-3.0
1,1,67.96523431137184,always,1,1,12.0
0,0,52.916756676940686,complier,0,1,2.0
1,1,53.0336485379279,complier,0,1,2.0
1,1,67.56687089461207,always,1,1,12.0
1,1,71.6562862243697,always,1,1,12.0
0,1,69.10848858654057,always,1,1,12.0
1,1,69.20466577762315,always,1,1,12.0
1,0,45.211584626105804,never,0,0,-3.0
1,0,46.916946521097344,never,0,0,-3.0
0,0,48.19989306081796,complier,0,1,2.0
0,0,48.488617287069864,complier,0,1,2.0
1,1,68.65921235699912,always,1,1,12.0
0,1,70.15173212362893,always,1,1,12.0
1,1,69.05705645763169,always,1,1,12.0
1,0,41.98936431184128,never,0,0,-3.0
0,0,46.497967728798535,never,0,0,-3.0
1,0,49.52927225821356,never,0,0,-3.0
0,1,66.74744106591945,always,1,1,12.0
1,1,50.11266556164265,complier,0,1,2.0
0,0,48.17076619648694,never,0,0,-3.0
1,1,52.370341711862125,complier,0,1,2.0
0,0,46.956851719308126,never,0,0,-3.0
0,0,49.87633242508029,complier,0,1,2.0
1,0,44.51479459281671,never,0,0,-3.0
0,0,50.279701677429685,complier,0,1,2.0
1,1,54.152841704432596,complier,0,1,2.0
0,1,73.20528264395757,always,1,1,12.0
1,0,45.24710787409328,never,0,0,-3.0
1,1,64.71212590222198,always,1,1,12.0
1,1,55.770904070140055,complier,0,1,2.0
1,1,46.50713879766565,complier,0,1,2.0
1,0,50.36212474156522,never,0,0,-3.0
0,0,46.274867389767046,never,0,0,-3.0
1,1,52.32522975826073,complier,0,1,2.0
0,1,65.87120067345033,always,1,1,12.0
1,1,71.68730633787146,always,1,1,12.0
1,0,48.57289140636261,never,0,0,-3.0
0,0,48.76967821302259,complier,0,1,2.0
1,0,48.82502040757023,never,0,0,-3.0
0,1,66.13943872402584,always,1,1,12.0
0,0,51.51068271518751,complier,0,1,2.0
0,0,46.38882177853537,complier,0,1,2.0
1,0,47.055091721299476,never,0,0,-3.0
0,0,49.03502032958824,complier,0,1,2.0
0,0,47.79769136671431,complier,0,1,2.0
0,1,68.04170303923475,always,1,1,12.0
1,1,50.90341097930807,complier,0,1,2.0
0,0,47.474228132007134,never,0,0,-3.0
1,0,48.59436766936891,never,0,0,-3.0
1,1,69.05720013745615,always,1,1,12.0
1,0,43.95689895161693,never,0,0,-3.0
1,0,49.77958296497809,never,0,0,-3.0
0,0,48.71250529094016,complier,0,1,2.0
1,1,69.85272251236184,always,1,1,12.0
0,0,48.03056045686348,complier,0,1,2.0
1,0,53.191048566626286,never,0,0,-3.0
0,0,49.76685207547874,complier,0,1,2.0
0,0,50.42348020118765,never,0,0,-3.0
0,0,44.45380967950045,never,0,0,-3.0
1,1,50.5867441000863,complier,0,1,2.0
0,1,69.00083881628244,always,1,1,12.0
0,0,46.56668831010254,never,0,0,-3.0
1,1,69.29700410368407,always,1,1,12.0
1,0,47.510760392214216,never,0,0,-3.0
0,0,45.40124972339738,never,0,0,-3.0
0,1,71.69643404917441,always,1,1,12.0
0,0,50.81878234928396,never,0,0,-3.0
0,0,43.78176257456373,never,0,0,-3.0
1,0,41.67330124314114,never,0,0,-3.0
1,1,51.743439093011375,complier,0,1,2.0
1,0,46.20586957000254,never,0,0,-3.0
1,0,45.007043713883604,never,0,0,-3.0
0,0,51.25753482384209,complier,0,1,2.0
1,1,67.20971387527098,always,1,1,12.0
1,1,52.46502078508023,complier,0,1,2.0
0,0,48.264623523496354,never,0,0,-3.0
0,0,51.35139637131666,complier,0,1,2.0
0,0,46.541976144579586,never,0,0,-3.0
0,0,49.603417131246104,complier,0,1,2.0
0,1,69.90276072231046,always,1,1,12.0
1,0,47.28611193196507,never,0,0,-3.0
0,0,45.54820158709703,never,0,0,-3.0
1,0,45.09328025413187,never,0,0,-3.0
1,1,50.46793665394446,complier,0,1,2.0
1,1,53.24489889926363,complier,0,1,2.0
0,1,66.54123358754558,always,1,1,12.0
0,0,51.69569899284655,complier,0,1,2.0
1,1,50.58662463660008,complier,0,1,2.0
1,0,45.77421347853427,never,0,0,-3.0
0,0,45.487868751085195,never,0,0,-3.0
0,0,42.97893427515102,never,0,0,-3.0
1,1,67.7540363698085,always,1,1,12.0
1,0,46.18598469439964,never,0,0,-3.0
1,1,69.97654833700739,always,1,1,12.0
0,1,72.57540590119392,always,1,1,12.0
1,1,53.7994510815681,complier,0,1,2.0
1,1,51.88434483615873,complier,0,1,2.0
0,0,46.73000943968293,never,0,0,-3.0
0,0,45.9792717755532,never,0,0,-3.0
1,0,47.36189521634911,never,0,0,-3.0
1,1,69.66952749458022,always,1,1,12.0
1,0,47.40056499463557,never,0,0,-3.0
1,0,42.9663810870058,never,0,0,-3.0
1,0,44.333177446536666,never,0,0,-3.0
0,0,45.51038735840576,never,0,0,-3.0
0,0,44.72578956207203,never,0,0,-3.0
1,0,48.231404575433324,never,0,0,-3.0
1,0,44.74716132273772,never,0,0,-3.0
0,0,45.51900260107846,never,0,0,-3.0
0,0,46.499313294122615,never,0,0,-3.0
0,0,42.548255079739505,never,0,0,-3.0
1,1,67.8499408163615,always,1,1,12.0
0,0,47.286825311606705,complier,0,1,2.0
0,0,51.717320847665796,complier,0,1,2.0
0,0,47.28865024713398,never,0,0,-3.0
1,1,50.22057578305929,complier,0,1,2.0
0,0,49.302127249655065,complier,0,1,2.0
1,0,45.5087644544897,never,0,0,-3.0
1,1,53.80578961180227,complier,0,1,2.0
1,0,46.840675283337795,never,0,0,-3.0
1,0,46.82766843348255,never,0,0,-3.0
1,1,54.586430835167214,complier,0,1,2.0
1,1,71.96811545759766,always,1,1,12.0
1,1,72.4755704412875,always,1,1,12.0
0,1,69.00672583085667,always,1,1,12.0
0,1,69.49191109661705,always,1,1,12.0
1,0,45.4006337243737,never,0,0,-3.0
0,1,69.149605552833,always,1,1,12.0
1,1,63.19683505799367,always,1,1,12.0
1,0,42.70911627067856,never,0,0,-3.0
0,0,41.92782906262552,never,0,0,-3.0
1,0,46.32496751994008,never,0,0,-3.0
1,1,69.58785781507238,always,1,1,12.0
1,1,51.9590929862287,complier,0,1,2.0
0,1,68.31603151903902,always,1,1,12.0
0,0,47.41415437281505,never,0,0,-3.0
1,0,49.038472309263085,never,0,0,-3.0
0,0,49.87652874537727,complier,0,1,2.0
0,1,70.49363590039677,always,1,1,12.0
0,0,47.449146267954454,complier,0,1,2.0
0,1,68.10054947076,always,1,1,12.0
0,1,66.76328731526303,always,1,1,12.0
0,0,49.490472591573116,complier,0,1,2.0
0,0,46.30705143016905,never,0,0,-3.0
0,0,48.10012262019616,complier,0,1,2.0
1,1,51.896553526935506,complier,0,1,2.0
1,1,70.90207579103873,always,1,1,12.0
1,1,52.43157292221183,complier,0,1,2.0
0,1,66.78272912767933,always,1,1,12.0
1,1,52.49291780489768,complier,0,1,2.0
1,0,44.678940808905175,never,0,0,-3.0
0,0,45.832162263453924,never,0,0,-3.0
0,0,47.10842494911777,never,0,0,-3.0
0,1,72.5284691144699,always,1,1,12.0
0,0,47.354332580887494,never,0,0,-3.0
1,1,51.90885794091432,complier,0,1,2.0
1,1,49.244302529940235,complier,0,1,2.0
0,0,49.36236779369435,never,0,0,-3.0
1,1,52.058862046694706,complier,0,1,2.0
1,0,45.82414954033484,never,0,0,-3.0
1,1,55.33455264816771,complier,0,1,2.0
1,0,48.02130015172618,never,0,0,-3.0
0,1,69.58159217634214,always,1,1,12.0
0,0,48.51153267339057,never,0,0,-3.0
0,0,48.93508488864232,complier,0,1,2.0
1,1,53.110624488677956,complier,0,1,2.0
1,1,71.98555786376491,always,1,1,12.0
1,0,44.10938576388017,never,0,0,-3.0
1,1,50.11241042494315,complier,0,1,2.0
0,0,48.204848157555226,complier,0,1,2.0
0,0,46.82198145943396,never,0,0,-3.0
1,1,69.55707856051467,always,1,1,12.0
1,1,51.58875596568289,complier,0,1,2.0
0,0,48.42013526511011,never,0,0,-3.0
1,1,73.32025407643464,always,1,1,12.0
1,0,44.622459001477175,never,0,0,-3.0
1,1,69.94361706432417,always,1,1,12.0
1,0,46.93462933569617,never,0,0,-3.0
1,1,51.73927545961921,complier,0,1,2.0
0,0,46.38419448442253,never,0,0,-3.0
1,1,70.01665451922918,always,1,1,12.0
0,0,44.91970674860335,never,0,0,-3.0
0,0,50.02755214035089,complier,0,1,2.0
1,1,68.64798029017878,always,1,1,12.0
1,1,69.90555992873801,always,1,1,12.0
1,0,46.545052513801316,never,0,0,-3.0
0,0,49.28185798412806,complier,0,1,2.0
0,0,48.123774525461926,never,0,0,-3.0
1,0,48.293872071112986,never,0,0,-3.0
1,0,49.523433327087155,never,0,0,-3.0
1,1,66.89928879372968,always,1,1,12.0
0,1,63.21713265897288,always,1,1,12.0
1,0,45.90083386156766,never,0,0,-3.0
1,0,46.157524863268755,never,0,0,-3.0
1,0,46.04128642887849,never,0,0,-3.0
0,1,68.45602808058041,always,1,1,12.0
1,1,46.9622772826744,complier,0,1,2.0
0,0,47.19104899124206,complier,0,1,2.0
0,0,44.88887138794806,never,0,0,-3.0
1,0,44.87031671272533,never,0,0,-3.0
1,0,44.35494804604183,never,0,0,-3.0
0,1,67.7942269661932,always,1,1,12.0
0,1,73.59794929061768,always,1,1,12.0
0,0,45.541930356241345,never,0,0,-3.0
1,0,43.38732761030634,never,0,0,-3.0
1,1,53.51467995048052,complier,0,1,2.0
0,0,47.29360937406398,never,0,0,-3.0
0,0,48.67142160887038,complier,0,1,2.0
0,0,47.515703957334864,never,0,0,-3.0
1,0,46.808057755477165,never,0,0,-3.0
0,1,69.76275746911959,always,1,1,12.0
1,0,49.18855234462025,never,0,0,-3.0
0,0,43.491953294980355,never,0,0,-3.0
1,1,69.41428684121722,always,1,1,12.0
1,0,45.93509446003128,never,0,0,-3.0
0,0,53.65326163135976,complier,0,1,2.0
0,1,68.37021046547984,always,1,1,12.0
0,1,68.56256241511295,always,1,1,12.0
0,0,45.835950374915086,never,0,0,-3.0
1,0,43.946429766118264,never,0,0,-3.0
1,1,67.30504043884027,always,1,1,12.0
0,1,70.54000839841763,always,1,1,12.0
0,0,48.1468447200101,complier,0,1,2.0
1,1,71.54759950971851,always,1,1,12.0
0,1,67.92584905583652,always,1,1,12.0
1,1,64.57609153631138,always,1,1,12.0
0,0,46.13384796306773,never,0,0,-3.0
0,0,46.891264482645205,complier,0,1,2.0
0,0,46.59450665658505,never,0,0,-3.0
1,1,70.5227647314156,always,1,1,12.0
0,0,46.63505985643086,never,0,0,-3.0
0,0,52.49610279937993,complier,0,1,2.0
0,1,70.04302196274159,always,1,1,12.0
0,0,42.745877963938156,never,0,0,-3.0
1,1,49.907945231115775,complier,0,1,2.0
1,1,71.89386852696045,always,1,1,12.0
0,1,65.5633906909114,always,1,1,12.0
1,1,67.79836871993146,always,1,1,12.0
1,1,54.503061786916106,complier,0,1,2.0
0,0,45.38166853643416,never,0,0,-3.0
1,1,71.42723410911644,always,1,1,12.0
0,0,48.802200953068436,complier,0,1,2.0
0,1,68.04026080811086,always,1,1,12.0
1,0,47.10395040303101,never,0,0,-3.0
1,1,50.334004804000436,complier,0,1,2.0
1,0,43.609674305515966,never,0,0,-3.0
0,1,65.97652064591853,always,1,1,12.0
1,0,46.40256107951502,never,0,0,-3.0
0,1,69.18387422177062,always,1,1,12.0
1,0,45.9534680396169,never,0,0,-3.0
1,1,69.33115916798236,always,1,1,12.0
0,0,45.401205885500566,never,0,0,-3.0
0,1,68.33711555934156,always,1,1,12.0
0,1,70.08189444246422,always,1,1,12.0
0,0,49.083387833572765,never,0,0,-3.0
1,1,68.80563334183996,always,1,1,12.0
1,0,47.4216733709203,never,0,0,-3.0
1,1,51.66993968674125,complier,0,1,2.0
1,0,43.43099844590262,never,0,0,-3.0
1,0,43.586558497831916,never,0,0,-3.0
1,0,47.18536964566689,never,0,0,-3.0
1,0,47.2443483974483,never,0,0,-3.0
1,0,46.72890635052632,never,0,0,-3.0
1,1,52.09672610457853,complier,0,1,2.0
1,1,70.245146157531,always,1,1,12.0
1,0,44.26324200152527,never,0,0,-3.0
1,0,46.33143233901506,never,0,0,-3.0
0,0,47.628161026807916,complier,0,1,2.0
0,0,47.418224009918156,complier,0,1,2.0
0,0,47.6937735061263,never,0,0,-3.0
0,0,43.76862826665426,never,0,0,-3.0
1,1,69.69226185732508,always,1,1,12.0
1,0,46.49971143760914,never,0,0,-3.0
0,1,65.97350264118957,always,1,1,12.0
0,0,51.70561485261094,complier,0,1,2.0
0,0,51.4371509565697,complier,0,1,2.0
0,1,67.30752420410344,always,1,1,12.0
0,0,41.856199689810865,never,0,0,-3.0
0,1,71.02798884045828,always,1,1,12.0
0,0,50.99234725763643,complier,0,1,2.0
1,1,69.20409014725418,always,1,1,12.0
1,0,47.31937745168163,never,0,0,-3.0
1,1,69.71967620628409,always,1,1,12.0
0,0,51.9848179128401,complier,0,1,2.0
1,1,67.5566064787948,always,1,1,12.0
0,0,49.94223313398371,complier,0,1,2.0
1,1,49.695611607082014,complier,0,1,2.0
1,0,41.76026549054902,never,0,0,-3.0
0,1,71.56185507494821,always,1,1,12.0
0,1,69.83830187850116,always,1,1,12.0
1,0,45.806306389361794,never,0,0,-3.0
1,1,70.69213448408918,always,1,1,12.0
0,1,66.89368866728272,always,1,1,12.0
1,1,68.39370482123978,always,1,1,12.0
1,1,51.27507870409271,complier,0,1,2.0
0,0,49.573104666781674,complier,0,1,2.0
0,0,48.38198711392607,never,0,0,-3.0
1,1,51.95832047135398,complier,0,1,2.0
0,0,47.30285855562097,never,0,0,-3.0
1,1,49.94396809343549,complier,0,1,2.0
1,1,69.37468193051596,always,1,1,12.0
0,0,44.99765987695577,never,0,0,-3.0
1,0,44.99175534864113,never,0,0,-3.0
1,1,66.4160312994093,always,1,1,12.0
0,0,45.17552960545813,never,0,0,-3.0
0,0,48.67780479023183,never,0,0,-3.0
0,0,50.0106627682963,complier,0,1,2.0
0,0,46.47743195380333,never,0,0,-3.0
0,1,65.493879605333,always,1,1,12.0
1,1,70.30562856750747,always,1,1,12.0
0,1,72.19118737344334,always,1,1,12.0
0,0,47.84927376345851,complier,0,1,2.0
1,0,42.142807079183,never,0,0,-3.0
0,0,48.93342283025135,complier,0,1,2.0
1,0,45.16353580146142,never,0,0,-3.0
0,1,68.2834369782585,always,1,1,12.0
0,0,49.657530893164676,complier,0,1,2.0
0,0,48.41166167007131,never,0,0,-3.0
0,1,68.05817047140307,always,1,1,12.0
1,1,50.547911291362446,complier,0,1,2.0
1,1,69.59139453646625,always,1,1,12.0
0,1,66.34547209825077,always,1,1,12.0
1,1,53.43836119120168,complier,0,1,2.0
1,1,52.786597820907495,complier,0,1,2.0
0,0,46.59640487831398,complier,0,1,2.0
1,1,51.47025830133711,complier,0,1,2.0
1,0,46.02749164135143,never,0,0,-3.0
0,0,53.703910969944275,complier,0,1,2.0
0,0,45.55079709308998,never,0,0,-3.0
0,0,43.9037132958354,never,0,0,-3.0
0,0,49.32094356085975,complier,0,1,2.0
1,0,45.6530730605418,never,0,0,-3.0
1,0,44.232246786231755,never,0,0,-3.0
0,0,49.70354672134442,never,0,0,-3.0
1,1,48.944745875620434,complier,0,1,2.0
0,0,50.6932293855326,complier,0,1,2.0
1,0,48.226064848503185,never,0,0,-3.0
1,1,70.3029519060417,always,1,1,12.0
1,1,50.04449470156755,complier,0,1,2.0
0,0,44.99107938435836,never,0,0,-3.0
0,0,43.41363807365351,never,0,0,-3.0
1,1,55.150890429196785,complier,0,1,2.0
0,0,46.038720434999114,never,0,0,-3.0
1,1,69.98599379850523,always,1,1,12.0
0,1,68.88037407350178,always,1,1,12.0
1,1,69.0173539864545,always,1,1,12.0
0,0,48.732478662803466,never,0,0,-3.0
0,0,46.52933238778612,never,0,0,-3.0
1,0,46.892506659310556,never,0,0,-3.0
1,0,46.11865178244276,never,0,0,-3.0
1,0,49.657770004989416,never,0,0,-3.0
0,0,47.86224703307747,never,0,0,-3.0
1,1,54.17085788331824,complier,0,1,2.0
1,0,47.748210710766315,never,0,0,-3.0
1,0,45.566384981786214,never,0,0,-3.0
0,1,67.78754927106583,always,1,1,12.0
0,0,50.118311169490184,complier,0,1,2.0
0,1,67.25322513249142,always,1,1,12.0
1,0,45.863681909238025,never,0,0,-3.0
1,1,70.03496434387347,always,1,1,12.0
0,0,42.27252573620689,never,0,0,-3.0
1,1,70.12200168300616,always,1,1,12.0
0,0,44.6249928477301,never,0,0,-3.0
0,0,48.60734007838158,never,0,0,-3.0
1,1,48.51859602536477,complier,0,1,2.0
0,0,45.995576414739936,never,0,0,-3.0
1,1,69.20315465304584,always,1,1,12.0
0,0,43.45228082956274,never,0,0,-3.0
1,0,47.33987956857721,never,0,0,-3.0
0,0,50.57286021522212,complier,0,1,2.0
1,1,54.40376896447579,complier,0,1,2.0
0,1,67.4389781484138,always,1,1,12.0
1,1,51.9222405590711,complier,0,1,2.0
1,1,64.8907720853552,always,1,1,12.0
0,0,50.903099639267516,complier,0,1,2.0
0,0,48.03108479430831,complier,0,1,2.0
0,1,71.93504704302615,always,1,1,12.0
1,0,46.55318864793066,never,0,0,-3.0
1,0,46.9123635391247,never,0,0,-3.0
0,0,44.58771893439538,never,0,0,-3.0
0,0,41.71272638724148,complier,0,1,2.0
1,1,52.318147039313146,complier,0,1,2.0
1,1,48.66266818677052,complier,0,1,2.0
1,1,54.04229193469719,complier,0,1,2.0
0,0,46.11537371543511,complier,0,1,2.0
0,0,40.98158249182174,never,0,0,-3.0
0,0,42.32633254553504,never,0,0,-3.0
0,0,50.683492362082006,complier,0,1,2.0
0,0,49.056879768145016,never,0,0,-3.0
1,1,49.82869899648623,complier,0,1,2.0
0,0,46.230995123266574,never,0,0,-3.0
0,0,50.76158258567821,complier,0,1,2.0
1,1,69.39636733357638,always,1,1,12.0
0,1,68.12311290764929,always,1,1,12.0
0,0,52.2763476280905,complier,0,1,2.0
1,1,49.629594908020565,complier,0,1,2.0
0,0,50.01719337842977,complier,0,1,2.0
1,0,47.46927749116149,never,0,0,-3.0
0,0,51.867797301208626,complier,0,1,2.0
0,1,67.9675404619465,always,1,1,12.0
1,0,43.201880474182374,never,0,0,-3.0
0,0,42.76516779071669,never,0,0,-3.0
0,1,66.32653609396363,always,1,1,12.0
1,0,44.521756946209884,never,0,0,-3.0
1,0,48.64130318140473,never,0,0,-3.0
0,0,50.27994508254664,complier,0,1,2.0
1,1,68.08025042445175,always,1,1,12.0
1,1,66.46988397342874,always,1,1,12.0
1,1,73.84153803382378,always,1,1,12.0
1,0,47.991652123293925,never,0,0,-3.0
1,1,51.46358408261521,complier,0,1,2.0
0,1,70.88585058205288,always,1,1,12.0
0,0,45.92472188993387,never,0,0,-3.0
1,1,70.22969118904074,always,1,1,12.0
0,0,48.38856506192274,never,0,0,-3.0
0,0,49.229453354268045,never,0,0,-3.0
1,1,52.453961319871446,complier,0,1,2.0
1,1,50.95366935338423,complier,0,1,2.0
1,0,46.17703927238432,never,0,0,-3.0
0,0,49.789455680685215,complier,0,1,2.0
1,0,44.54337554285532,never,0,0,-3.0
0,1,68.86908956243526,always,1,1,12.0
0,0,47.38176102163495,complier,0,1,2.0
0,0,46.10751585839702,never,0,0,-3.0
1,0,43.85859114051621,never,0,0,-3.0
1,1,67.80816143240095,always,1,1,12.0
0,0,42.86613996470475,never,0,0,-3.0
0,0,45.79439059243998,never,0,0,-3.0
1,0,45.06461287822093,never,0,0,-3.0
0,1,72.52390903471894,always,1,1,12.0
1,0,45.40083863163385,never,0,0,-3.0
0,0,49.143954998128216,never,0,0,-3.0
0,0,46.56222822082277,never,0,0,-3.0
1,0,46.48369038994315,never,0,0,-3.0
0,0,47.42804390612638,complier,0,1,2.0
0,0,48.82844074100396,complier,0,1,2.0
1,1,52.691068615596386,complier,0,1,2.0
1,1,66.02445614141125,always,1,1,12.0
0,0,41.47179358101883,never,0,0,-3.0
1,1,52.30834937892591,complier,0,1,2.0
1,1,55.23717394310444,complier,0,1,2.0
1,1,70.43655559355938,always,1,1,12.0
0,0,45.09137557748935,never,0,0,-3.0
1,0,45.6018594560791,never,0,0,-3.0
1,1,68.38326512942287,always,1,1,12.0
1,0,43.69723852219989,never,0,0,-3.0
0,1,71.23113613286357,always,1,1,12.0
0,1,68.90989426223662,always,1,1,12.0
1,1,53.36475206153465,complier,0,1,2.0
1,0,47.30200115253016,never,0,0,-3.0
0,0,49.91983669765052,complier,0,1,2.0
0,0,49.39450452606567,complier,0,1,2.0
0,0,53.119552511982,complier,0,1,2.0
0,0,50.75881439777445,complier,0,1,2.0
0,0,49.21553438853711,complier,0,1,2.0
1,1,49.33764155801986,complier,0,1,2.0
1,1,72.19741160107593,always,1,1,12.0
1,0,44.77571132713515,never,0,0,-3.0
0,1,69.66954288377087,always,1,1,12.0
0,1,72.03318665071089,always,1,1,12.0
0,0,49.692017564966086,never,0,0,-3.0
0,0,46.877283863012025,never,0,0,-3.0
0,1,68.63485661391859,always,1,1,12.0
0,0,52.8534595980838,complier,0,1,2.0
1,0,45.554590588348994,never,0,0,-3.0
1,1,53.684737206684424,complier,0,1,2.0
1,0,46.77860199140111,never,0,0,-3.0
1,0,42.55044799004946,never,0,0,-3.0
0,0,50.29549446688651,complier,0,1,2.0
1,1,50.17517527014331,complier,0,1,2.0
1,1,52.11048086061323,complier,0,1,2.0
0,1,69.48263598896041,always,1,1,12.0
0,1,67.2773565750537,always,1,1,12.0
1,0,44.50855194740854,never,0,0,-3.0
0,0,49.61717879132299,complier,0,1,2.0
0,0,44.86983429541519,complier,0,1,2.0
1,1,53.83378260837076,complier,0,1,2.0
0,0,43.21927498559412,never,0,0,-3.0
0,1,71.85053797122903,always,1,1,12.0
0,0,48.84427495963315,complier,0,1,2.0
1,1,70.96167847122437,always,1,1,12.0
0,0,48.728785355916116,complier,0,1,2.0
0,0,47.40328189222413,complier,0,1,2.0
0,0,46.826265852727445,never,0,0,-3.0
1,0,45.17905911488881,never,0,0,-3.0
1,1,68.69836165680479,always,1,1,12.0
0,0,47.72188019055571,complier,0,1,2.0
1,1,67.17466429770522,always,1,1,12.0
1,0,48.42954569191458,never,0,0,-3.0
1,1,51.83642986431475,complier,0,1,2.0
0,1,66.67264128678679,always,1,1,12.0
0,0,50.94209602479013,complier,0,1,2.0
0,0,47.747223550904835,never,0,0,-3.0
1,1,51.693642440292635,complier,0,1,2.0
1,0,46.70950962037067,never,0,0,-3.0
0,1,69.67563776780382,always,1,1,12.0
1,1,68.12871918674497,always,1,1,12.0
1,0,45.46124747060204,never,0,0,-3.0
1,1,50.76952698408861,complier,0,1,2.0
1,0,46.80102079779933,never,0,0,-3.0
1,0,47.85147105960744,never,0,0,-3.0
0,0,47.960271669033,never,0,0,-3.0
0,1,71.0022440438268,always,1,1,12.0
1,1,70.93413459784514,always,1,1,12.0
1,1,51.97782980860459,complier,0,1,2.0
1,0,49.254261876881394,never,0,0,-3.0
0,1,63.85057727756497,always,1,1,12.0
0,0,45.28745342425602,never,0,0,-3.0
1,1,50.55969493868401,complier,0,1,2.0
1,0,45.46831190330152,never,0,0,-3.0
1,1,51.67500565643308,complier,0,1,2.0
0,0,45.23671439217272,never,0,0,-3.0
1,1,51.692530400958226,complier,0,1,2.0
1,1,68.96517839258665,always,1,1,12.0
0,0,42.71175481880832,never,0,0,-3.0
1,0,43.85061587472889,never,0,0,-3.0
0,1,66.946472182144,always,1,1,12.0
0,0,47.569531549145324,never,0,0,-3.0
1,1,53.3370825853691,complier,0,1,2.0
1,1,52.20442997099064,complier,0,1,2.0
1,0,45.61165739442678,never,0,0,-3.0
1,0,44.990606121594936,never,0,0,-3.0
1,1,72.49853944981717,always,1,1,12.0
0,0,50.230839033668126,complier,0,1,2.0
1,1,53.34168532564813,complier,0,1,2.0
0,0,46.14996357468597,never,0,0,-3.0
1,0,46.355341670225634,never,0,0,-3.0
0,0,53.565723362885635,complier,0,1,2.0
0,0,44.81668382536447,never,0,0,-3.0
0,0,50.0489316979014,complier,0,1,2.0
1,1,51.83791780324032,complier,0,1,2.0
1,0,47.17666637727767,never,0,0,-3.0
1,1,69.55965465887286,always,1,1,12.0
0,0,45.14591978865406,never,0,0,-3.0
1,1,52.01035666563891,complier,0,1,2.0
0,1,69.20679098492717,always,1,1,12.0
1,0,45.16623021882859,never,0,0,-3.0
0,0,48.942084979871,complier,0,1,2.0
1,0,45.829130916431666,never,0,0,-3.0
0,0,46.69328622598914,never,0,0,-3.0
1,1,50.59276326837594,complier,0,1,2.0
0,0,49.74555593897074,never,0,0,-3.0
0,0,48.39653528812619,never,0,0,-3.0
0,1,66.22558129643393,always,1,1,12.0
0,0,46.67260037967602,never,0,0,-3.0
0,0,47.486919191862825,complier,0,1,2.0
0,0,51.07395743993022,complier,0,1,2.0
0,0,45.478475161439505,never,0,0,-3.0
0,0,49.390579273934854,complier,0,1,2.0
1,1,52.865679680588734,complier,0,1,2.0
0,0,51.759559878045486,complier,0,1,2.0
0,1,70.31606583101001,always,1,1,12.0
1,0,49.38415730988512,never,0,0,-3.0
0,0,49.414592192302905,never,0,0,-3.0
1,0,44.35401267657593,never,0,0,-3.0
1,0,45.45293713721976,never,0,0,-3.0
0,0,43.78402445394463,never,0,0,-3.0
1,0,45.408318473519344,never,0,0,-3.0
0,1,69.87888502787754,always,1,1,12.0
0,0,45.3955811678524,never,0,0,-3.0
1,0,43.442997714626905,never,0,0,-3.0
1,0,45.3720145361939,never,0,0,-3.0
1,1,47.409489699125864,complier,0,1,2.0
1,1,51.700640396913535,complier,0,1,2.0
1,1,49.81032637430658,complier,0,1,2.0
0,0,52.091934309817844,complier,0,1,2.0
0,0,45.184134998838196,never,0,0,-3.0
1,0,44.8096589637205,never,0,0,-3.0
0,1,67.36484652687572,always,1,1,12.0
1,1,49.89131097458447,complier,0,1,2.0
1,1,54.198075812113565,complier,0,1,2.0
0,0,52.240735191169,complier,0,1,2.0
1,1,53.5392261939258,complier,0,1,2.0
0,1,70.90035264187581,always,1,1,12.0
0,0,49.48213239237587,complier,0,1,2.0
1,1,50.60705083095703,complier,0,1,2.0
0,0,47.94069625908719,complier,0,1,2.0
0,1,68.66377102511679,always,1,1,12.0
0,0,49.758008161765765,complier,0,1,2.0
1,1,52.21058645333847,complier,0,1,2.0
1,0,45.09940354241051,never,0,0,-3.0
1,1,67.64365034119004,always,1,1,12.0
1,1,53.332289853317924,complier,0,1,2.0
1,0,46.95479649183511,never,0,0,-3.0
1,1,65.68409393013623,always,1,1,12.0
1,1,50.74106565129897,complier,0,1,2.0
0,0,48.58177744094374,never,0,0,-3.0
1,0,44.893381633325866,never,0,0,-3.0
0,1,69.42011981196481,always,1,1,12.0
1,1,51.597258040651184,complier,0,1,2.0
1,0,47.513873301174314,never,0,0,-3.0
0,1,71.51616111416527,always,1,1,12.0
1,1,73.26346681491441,always,1,1,12.0
0,0,49.68779282429915,complier,0,1,2.0
0,0,43.849300109311706,never,0,0,-3.0
1,0,45.08655078874928,never,0,0,-3.0
0,0,42.66621090250995,never,0,0,-3.0
1,1,72.92080578852931,always,1,1,12.0
0,0,43.08049401273687,never,0,0,-3.0
0,0,42.62123780980259,never,0,0,-3.0
1,0,44.6402673985492,never,0,0,-3.0
1,1,55.23373076238106,complier,0,1,2.0
0,0,45.19637554423227,never,0,0,-3.0
0,0,48.16313522516861,complier,0,1,2.0
1,1,49.81379152143608,complier,0,1,2.0
1,1,49.18872281680355,complier,0,1,2.0
0,0,50.08211556343664,complier,0,1,2.0
0,1,68.03887122379798,always,1,1,12.0
0,0,49.24005876254449,never,0,0,-3.0
1,1,69.1748681121469,always,1,1,12.0
0,0,44.378993933457615,never,0,0,-3.0
0,0,50.43722915860197,never,0,0,-3.0
0,0,45.71740138940222,never,0,0,-3.0
1,0,46.70778545434722,never,0,0,-3.0
1,1,49.840618591669504,complier,0,1,2.0
1,1,68.50262959162195,always,1,1,12.0
0,0,44.24647058591874,never,0,0,-3.0
0,0,49.992523445120085,complier,0,1,2.0
1,1,69.95299069980697,always,1,1,12.0
0,0,46.525168935656794,never,0,0,-3.0
1,1,68.9907457347801,always,1,1,12.0
0,1,66.95754373803145,always,1,1,12.0
1,1,52.22876632997943,complier,0,1,2.0
0,0,49.81230150244466,complier,0,1,2.0
0,0,48.134082501539254,never,0,0,-3.0
1,0,42.193532294301065,never,0,0,-3.0
1,1,48.454887906297984,complier,0,1,2.0
0,0,51.8208948925029,complier,0,1,2.0
1,1,50.52286154254901,complier,0,1,2.0
1,1,68.2567406319216,always,1,1,12.0
0,1,71.95492966933678,always,1,1,12.0
0,0,48.585333415932695,never,0,0,-3.0
0,0,43.769483256090055,never,0,0,-3.0
1,0,47.166804293397746,never,0,0,-3.0
0,0,43.2326316527574,never,0,0,-3.0
1,0,44.48227124073467,never,0,0,-3.0
1,1,54.01991981486767,complier,0,1,2.0
1,0,45.486399864714116,never,0,0,-3.0
1,1,50.84869965094193,complier,0,1,2.0
1,0,45.72728577884334,never,0,0,-3.0
0,0,47.07704988905215,never,0,0,-3.0
1,1,69.54349179676058,always,1,1,12.0
1,1,50.644617235603505,complier,0,1,2.0
1,0,47.603382346970214,never,0,0,-3.0
0,0,46.032260079762914,never,0,0,-3.0
1,0,48.17577526995379,never,0,0,-3.0
1,0,47.511430211282146,never,0,0,-3.0
0,1,67.80636212034287,always,1,1,12.0
0,0,50.12385017685345,never,0,0,-3.0
0,0,47.629001430775254,never,0,0,-3.0
0,1,70.09868450089441,always,1,1,12.0
1,0,50.39410890684821,never,0,0,-3.0
1,1,69.99223461704878,always,1,1,12.0
1,1,72.77826171724271,always,1,1,12.0
1,0,42.31767307489065,never,0,0,-3.0
1,1,70.49858160154218,always,1,1,12.0
0,1,67.94387587768679,always,1,1,12.0
0,0,46.248502029211735,never,0,0,-3.0
1,0,45.93453758972174,never,0,0,-3.0
0,1,68.35959253599341,always,1,1,12.0
0,1,71.09371645991052,always,1,1,12.0
1,1,52.16909230333022,complier,0,1,2.0
1,0,43.01262089639911,never,0,0,-3.0
1,0,45.772312389791615,never,0,0,-3.0
1,1,65.56288779524547,always,1,1,12.0
0,1,70.35882668746487,always,1,1,12.0
1,1,51.69112771749244,complier,0,1,2.0
0,0,47.66189254789127,complier,0,1,2.0
1,1,52.856447650070145,complier,0,1,2.0
1,1,50.637629857486104,complier,0,1,2.0
0,0,44.248109567391204,never,0,0,-3.0
0,0,52.90252113750309,complier,0,1,2.0
1,1,71.41534628280974,always,1,1,12.0
0,0,45.525138006892796,never,0,0,-3.0
1,0,42.78359489285795,never,0,0,-3.0
0,0,49.48828124111723,never,0,0,-3.0
1,1,49.77316752405287,complier,0,1,2.0
1,1,71.24625455459939,always,1,1,12.0
0,0,44.15877747832712,never,0,0,-3.0
0,0,42.82768258757912,never,0,0,-3.0
0,0,46.876367371169124,complier,0,1,2.0
0,0,44.94344267631796,never,0,0,-3.0
1,1,54.48079698142451,complier,0,1,2.0
0,0,48.32085359946419,complier,0,1,2.0
1,0,43.53390671978053,never,0,0,-3.0
0,0,44.731123741502444,never,0,0,-3.0
0,0,53.63064665148416,complier,0,1,2.0
0,0,49.79066899616224,complier,0,1,2.0
0,1,68.69996405295693,always,1,1,12.0
1,1,47.020602940726135,complier,0,1,2.0
0,0,49.41262917675049,complier,0,1,2.0
1,1,53.14418885955946,complier,0,1,2.0
0,0,43.283628569042335,never,0,0,-3.0
1,1,53.4028993512488,complier,0,1,2.0
1,1,51.10074890245929,complier,0,1,2.0
0,1,67.30543235800712,always,1,1,12.0
0,1,71.22524600973112,always,1,1,12.0
0,0,43.01555235626664,never,0,0,-3.0
1,0,47.41842885171412,never,0,0,-3.0
1,0,47.85541891035172,never,0,0,-3.0
1,0,47.62830061101071,never,0,0,-3.0
0,0,48.29112475577233,never,0,0,-3.0
0,0,49.55926610860737,complier,0,1,2.0
0,0,47.39167341114377,never,0,0,-3.0
1,1,50.783967349466955,complier,0,1,2.0
1,0,45.80927647673483,never,0,0,-3.0
1,0,44.98593570991166,never,0,0,-3.0
1,1,51.36729778431151,complier,0,1,2.0
0,0,47.732467191386746,complier,0,1,2.0
0,0,44.67317535781397,never,0,0,-3.0
1,1,53.014298920417666,complier,0,1,2.0
0,0,48.115074471578104,complier,0,1,2.0
1,1,69.6479276156487,always,1,1,12.0
1,0,43.14887047873361,never,0,0,-3.0
0,0,44.92424440125976,never,0,0,-3.0
0,1,66.48683931217766,always,1,1,12.0
0,0,50.230094186453755,complier,0,1,2.0
0,0,44.55399625327032,never,0,0,-3.0
1,1,50.777936318767864,complier,0,1,2.0
1,0,43.715907469887284,never,0,0,-3.0
1,0,43.44249064226861,never,0,0,-3.0
0,1,67.14101232957152,always,1,1,12.0
1,0,46.258017773909216,never,0,0,-3.0
1,0,46.09373238331179,never,0,0,-3.0
0,0,49.5561681905192,complier,0,1,2.0
1,1,70.08789285084454,always,1,1,12.0
0,0,52.35667252219413,complier,0,1,2.0
0,0,48.42915763617219,complier,0,1,2.0
1,1,68.2491977362407,always,1,1,12.0
1,0,44.799403251186966,never,0,0,-3.0
0,0,46.07578866527099,never,0,0,-3.0
1,0,42.412358119891245,never,0,0,-3.0
1,0,49.03316117613912,never,0,0,-3.0
1,1,51.958692139964825,complier,0,1,2.0
0,0,44.27532314235941,never,0,0,-3.0
1,0,49.70396036533903,never,0,0,-3.0
0,0,46.94980415687003,never,0,0,-3.0
0,1,65.25169097046566,always,1,1,12.0
0,0,46.53465391879317,never,0,0,-3.0
0,1,68.20599973186198,always,1,1,12.0
0,1,66.5185855031634,always,1,1,12.0
0,0,46.825761041782016,never,0,0,-3.0
1,0,48.60244770564613,never,0,0,-3.0
0,0,43.696887627566305,never,0,0,-3.0
1,0,46.049628928998686,never,0,0,-3.0
0,1,68.79721351803163,always,1,1,12.0
0,0,47.16355197113703,never,0,0,-3.0
1,1,67.38915455507653,always,1,1,12.0
1,1,76.32519257817967,always,1,1,12.0
0,0,51.278331592844445,never,0,0,-3.0
1,1,53.76741575131654,complier,0,1,2.0
0,0,44.26879172442419,never,0,0,-3.0
1,0,47.7979805272193,never,0,0,-3.0
1,1,52.89752481764455,complier,0,1,2.0
0,1,64.26323738998163,always,1,1,12.0
1,0,49.23439682784904,never,0,0,-3.0
0,0,51.09494696396332,complier,0,1,2.0
1,1,71.97924399336307,always,1,1,12.0
1,0,43.17338826527124,never,0,0,-3.0
0,0,45.311383519687375,never,0,0,-3.0
1,0,45.89432281640754,never,0,0,-3.0
1,0,45.6274137779561,never,0,0,-3.0
0,0,44.45089477492442,never,0,0,-3.0
0,1,68.67308763880841,always,1,1,12.0
1,0,44.55750829524451,never,0,0,-3.0
0,1,72.93675166172682,always,1,1,12.0
1,1,71.62387889922599,always,1,1,12.0
0,1,67.96462950893817,always,1,1,12.0
0,0,50.74997052674182,complier,0,1,2.0
0,0,47.24769547709182,never,0,0,-3.0
1,1,54.35073061849468,complier,0,1,2.0
1,0,45.792776627455545,never,0,0,-3.0
1,1,52.01790271769804,complier,0,1,2.0
0,1,72.47277346261573,always,1,1,12.0
0,0,42.82145022547698,never,0,0,-3.0
0,0,44.320323751921606,never,0,0,-3.0
0,0,45.41939561129203,never,0,0,-3.0
1,1,58.17869580944503,complier,0,1,2.0
0,0,47.49429379994003,never,0,0,-3.0
0,0,52.055829044032905,complier,0,1,2.0
0,0,48.08035605615032,never,0,0,-3.0
1,1,71.7781183822269,always,1,1,12.0
0,0,48.090870773980065,complier,0,1,2.0
1,0,45.28376228008932,never,0,0,-3.0
0,0,43.97154630071425,never,0,0,-3.0
1,1,71.30354650393966,always,1,1,12.0
0,0,46.23415426038572,never,0,0,-3.0
0,1,67.3180806046406,always,1,1,12.0
1,1,54.51709280474642,complier,0,1,2.0
1,1,50.750606110697156,complier,0,1,2.0
1,0,44.41022917387711,never,0,0,-3.0
0,0,50.790192117481624,never,0,0,-3.0
0,0,39.81210370699551,never,0,0,-3.0
1,0,42.95874504083751,never,0,0,-3.0
1,1,52.24116513598905,complier,0,1,2.0
0,0,49.43338754228601,complier,0,1,2.0
0,1,65.93182058042538,always,1,1,12.0
1,1,55.975403078129176,complier,0,1,2.0
0,0,49.72103299594927,complier,0,1,2.0
1,0,45.626643912640105,never,0,0,-3.0
1,0,46.81638700088116,never,0,0,-3.0
1,1,50.1266086457478,complier,0,1,2.0
1,1,66.39539407762663,always,1,1,12.0
0,0,50.632709312326774,complier,0,1,2.0
1,1,51.426015938296906,complier,0,1,2.0
0,1,72.63762601313005,always,1,1,12.0
0,1,72.68508911159472,always,1,1,12.0
0,1,67.93629436191556,always,1,1,12.0
0,0,46.31655394465439,never,0,0,-3.0
1,0,45.46095531963758,never,0,0,-3.0
1,1,65.97730413264514,always,1,1,12.0
0,0,49.2983595313049,never,0,0,-3.0
1,0,45.20703952305878,never,0,0,-3.0
0,0,52.30255344392253,complier,0,1,2.0
1,1,68.08085391152072,always,1,1,12.0
1,1,66.23274782480932,always,1,1,12.0
1,1,53.00724260548211,complier,0,1,2.0
0,0,50.17164867547406,complier,0,1,2.0
0,0,46.800806273344996,never,0,0,-3.0
0,1,71.71896802325554,always,1,1,12.0
1,1,49.4454417477262,complier,0,1,2.0
0,0,47.63915740945687,never,0,0,-3.0
1,1,55.05678102317947,complier,0,1,2.0
0,0,50.82752776105054,complier,0,1,2.0
1,1,67.24316682697686,always,1,1,12.0
1,1,68.28122773870787,always,1,1,12.0
0,0,48.8327381812585,never,0,0,-3.0
0,0,45.980273366847946,never,0,0,-3.0
0,0,51.073698125915044,complier,0,1,2.0
1,0,44.80942681137207,never,0,0,-3.0
1,0,43.531059106789584,never,0,0,-3.0
0,0,49.20446945821358,complier,0,1,2.0
0,0,45.28236177512752,never,0,0,-3.0
0,1,70.44005086837326,always,1,1,12.0
1,0,42.7392248024059,never,0,0,-3.0
1,1,53.59372349264811,complier,0,1,2.0
1,1,51.57919856879007,complier,0,1,2.0
0,0,45.19453940862844,never,0,0,-3.0
1,0,48.2998497352324,never,0,0,-3.0
1,0,44.40229269469849,never,0,0,-3.0
1,1,51.17362939210687,complier,0,1,2.0
0,1,69.13807650978704,always,1,1,12.0
1,0,47.78407823848905,never,0,0,-3.0
0,0,47.77310819883275,never,0,0,-3.0
0,0,44.8584588601301,never,0,0,-3.0
0,0,45.05223969543996,never,0,0,-3.0
0,0,49.903287244946206,complier,0,1,2.0
0,0,47.22789114771902,never,0,0,-3.0
1,1,48.624834505080806,complier,0,1,2.0
0,0,45.64735240513565,never,0,0,-3.0
0,0,51.31493877001728,complier,0,1,2.0
0,1,70.23131554275054,always,1,1,12.0
1,1,52.429801539498435,complier,0,1,2.0
1,1,50.8075831300913,complier,0,1,2.0
1,0,45.34837221270711,never,0,0,-3.0
1,0,47.98017154499531,never,0,0,-3.0
1,1,71.72029976865817,always,1,1,12.0
1,1,69.63959320310745,always,1,1,12.0
1,1,66.79363304007772,always,1,1,12.0
0,0,49.50264383196382,never,0,0,-3.0
1,1,66.6502808360818,always,1,1,12.0
0,0,44.01333109222005,never,0,0,-3.0
0,0,46.288441702328164,complier,0,1,2.0
0,0,46.811112305475255,never,0,0,-3.0
0,1,65.97220251862018,always,1,1,12.0
0,0,44.244276442926,never,0,0,-3.0
0,0,46.09759146045718,never,0,0,-3.0
0,0,46.566705547456394,never,0,0,-3.0
0,0,49.70396088939125,complier,0,1,2.0
1,0,47.48874894114203,never,0,0,-3.0
1,0,44.16494521889502,never,0,0,-3.0
1,0,46.02247372705426,never,0,0,-3.0
1,0,45.463567555036384,never,0,0,-3.0
1,0,46.34789310242081,never,0,0,-3.0
0,0,46.7550094888744,complier,0,1,2.0
0,0,47.58081986383818,complier,0,1,2.0
1,1,70.28338620841355,always,1,1,12.0
1,1,68.16055293974188,always,1,1,12.0
0,0,50.25216250768818,complier,0,1,2.0
0,0,52.359363282366175,complier,0,1,2.0
0,1,66.45023321892917,always,1,1,12.0
1,1,69.73080960416928,always,1,1,12.0
1,1,72.02667452651238,always,1,1,12.0
0,0,46.4653508887277,complier,0,1,2.0
0,0,43.88436561549639,never,0,0,-3.0
0,0,42.638127836735606,never,0,0,-3.0
0,0,47.51591764706518,never,0,0,-3.0
0,1,68.90759724368372,always,1,1,12.0
1,1,51.738614887994295,complier,0,1,2.0
0,1,71.29512604607909,always,1,1,12.0
1,1,51.614144293906676,complier,0,1,2.0
0,1,69.00050461392377,always,1,1,12.0
0,1,68.26706935818227,always,1,1,12.0
0,0,44.397400789071966,never,0,0,-3.0
1,0,45.03617540080793,never,0,0,-3.0
1,0,42.554575428266666,never,0,0,-3.0
1,1,52.50882992287291,complier,0,1,2.0
0,1,66.19755462162742,always,1,1,12.0
0,0,48.04511102033886,complier,0,1,2.0
0,0,46.103761219094054,never,0,0,-3.0
1,0,44.32225335562313,never,0,0,-3.0
1,1,54.20526511848339,complier,0,1,2.0
1,1,51.19298537960745,complier,0,1,2.0
0,0,43.82605541298422,never,0,0,-3.0
0,1,66.68268995342088,always,1,1,12.0
1,1,50.42929949205969,complier,0,1,2.0
0,0,45.446854991775986,never,0,0,-3.0
0,0,52.30908812747187,complier,0,1,2.0
0,1,69.37265353651115,always,1,1,12.0
1,1,51.40845985396737,complier,0,1,2.0
0,0,47.227474832620906,complier,0,1,2.0
1,0,46.06411106351824,never,0,0,-3.0
0,1,67.21897735440537,always,1,1,12.0
1,1,52.85185296344416,complier,0,1,2.0
0,1,72.19554834327965,always,1,1,12.0
0,1,68.12508820350932,always,1,1,12.0
1,1,50.1869440807618,complier,0,1,2.0
0,0,45.96254057204259,never,0,0,-3.0
0,0,50.988035884793995,complier,0,1,2.0
1,1,55.20537799646623,complier,0,1,2.0
1,1,51.88754916694796,complier,0,1,2.0
1,0,46.59608466958461,never,0,0,-3.0
1,1,53.05947875275966,complier,0,1,2.0
0,0,50.405160195321166,complier,0,1,2.0
0,0,49.05691231407429,never,0,0,-3.0
0,0,50.89320676845176,never,0,0,-3.0
1,0,45.61353972584085,never,0,0,-3.0
0,1,65.9705047009163,always,1,1,12.0
1,1,68.83106813728863,always,1,1,12.0
1,1,72.15894213376714,always,1,1,12.0
1,0,45.721743123129286,never,0,0,-3.0
0,0,52.28414259575911,complier,0,1,2.0
0,0,50.92215086908254,complier,0,1,2.0
0,0,42.46423439614758,never,0,0,-3.0
0,1,68.64344430620689,always,1,1,12.0
1,0,44.682598952169954,never,0,0,-3.0
1,1,73.90440353535062,always,1,1,12.0
1,0,46.15611288695658,never,0,0,-3.0
0,0,42.46279546020935,never,0,0,-3.0
0,0,47.59823455715912,never,0,0,-3.0
1,1,51.646218843296424,complier,0,1,2.0
0,0,44.82213808378845,never,0,0,-3.0
0,0,44.81315016380229,never,0,0,-3.0
0,0,49.92011693097757,complier,0,1,2.0
0,0,48.69219995761236,never,0,0,-3.0
1,1,67.81107397360773,always,1,1,12.0
1,1,52.36098990219338,complier,0,1,2.0
1,1,52.515642083082724,complier,0,1,2.0
0,1,69.407474731366,always,1,1,12.0
0,1,68.34474149428671,always,1,1,12.0
0,0,44.93769907128249,never,0,0,-3.0
0,0,43.41543013720471,never,0,0,-3.0
1,1,48.966189440750654,complier,0,1,2.0
0,0,48.66567111785863,complier,0,1,2.0
1,1,54.89095658526496,complier,0,1,2.0
1,0,43.69334180967245,never,0,0,-3.0
0,0,45.51359396667002,never,0,0,-3.0
0,0,42.93586395210989,never,0,0,-3.0
1,0,44.14983022929946,never,0,0,-3.0
0,1,70.92317425045142,always,1,1,12.0
0,1,66.81427729559685,always,1,1,12.0
1,1,51.26191281952488,complier,0,1,2.0
0,1,66.79584202869383,always,1,1,12.0
1,1,52.82001678817385,complier,0,1,2.0
0,0,48.395085673745044,complier,0,1,2.0
1,1,50.40928367993784,complier,0,1,2.0
1,1,69.17116442326447,always,1,1,12.0
1,1,66.22916700144997,always,1,1,12.0
0,0,50.71077456321047,complier,0,1,2.0
1,1,68.1518396522638,always,1,1,12.0
0,0,47.533566074437836,never,0,0,-3.0
1,0,43.48345679116256,never,0,0,-3.0
1,1,50.97584022896181,complier,0,1,2.0
1,0,43.28814326095328,never,0,0,-3.0
0,0,48.48228879208205,complier,0,1,2.0
1,1,68.68787725602095,always,1,1,12.0
0,0,49.55652509082236,never,0,0,-3.0
0,0,50.95945090159901,complier,0,1,2.0
0,1,66.53482545580763,always,1,1,12.0
1,0,46.791008003721096,never,0,0,-3.0
0,0,45.084229265190885,never,0,0,-3.0
1,1,51.25891384585482,complier,0,1,2.0
1,1,52.212602346899004,complier,0,1,2.0
0,0,43.7146312617403,never,0,0,-3.0
0,1,71.17268159513726,always,1,1,12.0
0,0,53.054377333675475,complier,0,1,2.0
1,1,71.52990086470173,always,1,1,12.0
0,0,49.29981567304818,complier,0,1,2.0
0,0,45.921944523124964,never,0,0,-3.0
0,0,44.216264678205604,never,0,0,-3.0
0,0,48.196902318635814,never,0,0,-3.0
1,1,70.04131202791001,always,1,1,12.0
0,0,47.891368197196144,never,0,0,-3.0
1,1,69.01048852422261,always,1,1,12.0
0,1,68.11463778875112,always,1,1,12.0
1,1,69.9312668288783,always,1,1,12.0
1,1,71.86235267867536,always,1,1,12.0
1,0,45.38449143935356,never,0,0,-3.0
1,1,68.79785251629798,always,1,1,12.0
1,1,51.42007716819283,complier,0,1,2.0
0,0,48.110039341130786,never,0,0,-3.0
0,1,70.68539452265155,always,1,1,12.0
1,0,45.702780660943894,never,0,0,-3.0
0,0,51.46888894837251,complier,0,1,2.0
1,0,46.86412573693039,never,0,0,-3.0
1,1,66.63825804386354,always,1,1,12.0
0,1,73.64462729018038,always,1,1,12.0
0,0,44.697933160027,never,0,0,-3.0
0,1,73.17130197846433,always,1,1,12.0
1,1,70.02875718395727,always,1,1,12.0
1,0,44.672527017326956,never,0,0,-3.0
1,0,46.81058262034512,never,0,0,-3.0
1,0,44.61052988917298,never,0,0,-3.0
1,0,44.93779994029367,never,0,0,-3.0
0,0,43.321099475917244,never,0,0,-3.0
1,1,69.409787457777,always,1,1,12.0
1,1,70.67842034569018,always,1,1,12.0
0,0,49.631982193905074,never,0,0,-3.0
1,0,44.24640749568051,never,0,0,-3.0
0,0,48.16649599187875,never,0,0,-3.0
1,0,48.082984424153935,never,0,0,-3.0
0,0,50.4277568290967,complier,0,1,2.0
1,0,48.76225719577343,never,0,0,-3.0
1,0,45.377394972359866,never,0,0,-3.0
1,1,73.29264889783359,always,1,1,12.0
0,1,70.12398847496517,always,1,1,12.0
1,0,47.867145369174516,never,0,0,-3.0
0,0,50.379656553925265,complier,0,1,2.0
1,1,69.94459867871073,always,1,1,12.0
1,1,51.02347779371237,complier,0,1,2.0
0,1,70.29292605340716,always,1,1,12.0
0,0,48.80079589093764,complier,0,1,2.0
1,1,49.91845929961946,complier,0,1,2.0
0,0,47.53194485527372,never,0,0,-3.0
0,0,52.24551467890657,complier,0,1,2.0
1,1,67.33021470679554,always,1,1,12.0
0,0,46.86729593975272,never,0,0,-3.0
0,0,48.614996737944374,never,0,0,-3.0
1,1,69.06878952828974,always,1,1,12.0
1,1,53.725299087732964,complier,0,1,2.0
0,0,45.973458143759466,never,0,0,-3.0
0,0,54.48308553041777,complier,0,1,2.0
0,1,66.65995912509844,always,1,1,12.0
1,1,72.51749790736841,always,1,1,12.0
1,1,51.14235634238992,complier,0,1,2.0
0,0,46.82229269372473,never,0,0,-3.0
1,1,67.91572828665397,always,1,1,12.0
1,1,71.11838481928035,always,1,1,12.0
1,1,52.93958435967177,complier,0,1,2.0
1,1,70.48128402135374,always,1,1,12.0
1,0,45.953212447249804,never,0,0,-3.0
1,1,70.73119393595518,always,1,1,12.0
0,0,45.687349243653586,never,0,0,-3.0
1,1,67.79938165475936,always,1,1,12.0
1,0,47.2873261001046,never,0,0,-3.0
0,1,69.72715984383835,always,1,1,12.0
0,1,70.481888278167,always,1,1,12.0
0,1,68.76810518801173,always,1,1,12.0
1,0,43.533633912191014,never,0,0,-3.0
0,0,46.805039691200946,complier,0,1,2.0
1,0,45.59378290959145,never,0,0,-3.0
0,0,44.383497595409914,never,0,0,-3.0
1,1,53.341480325614036,complier,0,1,2.0
1,1,51.20786305309943,complier,0,1,2.0
1,1,52.85694820289095,complier,0,1,2.0
1,1,68.43443452413004,always,1,1,12.0
1,1,69.55222255419883,always,1,1,12.0
0,1,68.42593390921272,always,1,1,12.0
1,1,54.5410619142096,complier,0,1,2.0
1,1,70.49332403855475,always,1,1,12.0
1,1,71.74623402656836,always,1,1,12.0
0,0,44.245116848739116,never,0,0,-3.0
1,1,49.33452401754147,complier,0,1,2.0
1,0,45.64525892316375,never,0,0,-3.0
0,0,48.24521835148432,never,0,0,-3.0
0,0,48.35198896840377,never,0,0,-3.0
0,0,49.1101549495784,never,0,0,-3.0
1,1,71.56391553963174,always,1,1,12.0
0,0,49.77020635763527,complier,0,1,2.0
0,0,45.300700329337154,never,0,0,-3.0
1,1,54.80219376807406,complier,0,1,2.0
1,1,51.57635386304068,complier,0,1,2.0
0,0,49.73572200239036,complier,0,1,2.0
0,0,43.89511139706539,never,0,0,-3.0
0,1,69.63676635011794,always,1,1,12.0
1,0,47.60135171680728,never,0,0,-3.0
1,1,49.318278817337166,complier,0,1,2.0
1,1,69.37260531090332,always,1,1,12.0
1,0,47.2544849352703,never,0,0,-3.0
1,0,49.08996482527967,never,0,0,-3.0
0,0,47.80769944464351,complier,0,1,2.0
0,1,67.66930466970085,always,1,1,12.0
1,1,68.81891784519343,always,1,1,12.0
0,0,43.81291131612534,never,0,0,-3.0
0,0,41.55057833110023,never,0,0,-3.0
0,0,50.88419820641323,complier,0,1,2.0
0,0,45.39469308637508,complier,0,1,2.0
0,0,45.650112794462835,never,0,0,-3.0
1,0,47.894351920643494,never,0,0,-3.0
0,1,69.41619594649706,always,1,1,12.0
1,1,72.4068689707822,always,1,1,12.0
0,1,69.72530925861851,always,1,1,12.0
0,0,46.08752783764263,never,0,0,-3.0
1,1,69.56060195167827,always,1,1,12.0
0,1,71.80565822121417,always,1,1,12.0
1,1,71.0817511479369,always,1,1,12.0
0,0,51.17539215348854,complier,0,1,2.0
0,0,50.06762920935319,complier,0,1,2.0
1,0,48.3066913851945,never,0,0,-3.0
1,1,56.51019198553588,complier,0,1,2.0
1,1,50.718063998666615,complier,0,1,2.0
1,0,44.70958807306517,never,0,0,-3.0
0,0,48.49677534973293,never,0,0,-3.0
0,1,67.63325777569136,always,1,1,12.0
1,1,53.47125782240204,complier,0,1,2.0
1,0,49.589814339079936,never,0,0,-3.0
0,1,70.10051369896199,always,1,1,12.0
1,0,46.17583448083004,never,0,0,-3.0
0,0,47.76236807296935,never,0,0,-3.0
1,0,46.38837025640273,never,0,0,-3.0
0,1,67.20064117376128,always,1,1,12.0
1,0,43.862822129485565,never,0,0,-3.0
0,1,68.84704336214959,always,1,1,12.0
0,0,46.04212390007459,never,0,0,-3.0
1,0,45.86934153721316,never,0,0,-3.0
0,0,45.377964483906894,never,0,0,-3.0
0,1,68.08798298619236,always,1,1,12.0
0,1,68.49129773955094,always,1,1,12.0
1,0,45.971679663477126,never,0,0,-3.0
0,0,41.745556189984,never,0,0,-3.0
1,0,45.59817375543868,never,0,0,-3.0
1,0,45.749474208167385,never,0,0,-3.0
0,1,69.01911249869478,always,1,1,12.0
1,0,44.06997723530302,never,0,0,-3.0
1,0,44.947215631656725,never,0,0,-3.0
0,1,67.91800195326752,always,1,1,12.0
1,1,67.1764724728249,always,1,1,12.0
0,0,47.89395147959427,complier,0,1,2.0
0,0,45.72557352422628,never,0,0,-3.0
1,1,72.96562207476669,always,1,1,12.0
0,0,46.93810533099504,never,0,0,-3.0
1,1,49.55472182239638,complier,0,1,2.0
0,0,46.91320600172464,never,0,0,-3.0
0,0,51.024427328674946,complier,0,1,2.0
1,0,44.05578405824698,never,0,0,-3.0
0,0,45.73973323160982,never,0,0,-3.0
0,1,67.31120819308165,always,1,1,12.0
0,0,45.47498417594474,complier,0,1,2.0
0,0,50.75850280859175,complier,0,1,2.0
0,0,52.3634298801079,complier,0,1,2.0
0,0,51.46165528751032,complier,0,1,2.0
1,0,44.86556338993706,never,0,0,-3.0
1,1,51.89796018427983,complier,0,1,2.0
1,1,49.585193023308186,complier,0,1,2.0
1,1,51.01222578379536,complier,0,1,2.0
1,0,43.3528023349014,never,0,0,-3.0
0,0,49.588146908995014,complier,0,1,2.0
0,0,46.689184695408976,never,0,0,-3.0
1,1,68.61386350930057,always,1,1,12.0
0,0,45.44538296326446,never,0,0,-3.0
1,1,54.23480557513208,complier,0,1,2.0
0,0,50.63513095868601,complier,0,1,2.0
0,0,50.94358936994187,never,0,0,-3.0
0,0,45.63852090674027,complier,0,1,2.0
1,0,47.0054644320661,never,0,0,-3.0
0,0,45.991376981985574,never,0,0,-3.0
1,1,67.40305935970838,always,1,1,12.0
1,1,70.25121665800096,always,1,1,12.0
1,0,46.574717772633576,never,0,0,-3.0
1,1,51.779850063752235,complier,0,1,2.0
1,0,43.64850444040827,never,0,0,-3.0
1,1,72.51625758937357,always,1,1,12.0
0,0,47.42482741629486,never,0,0,-3.0
0,1,66.3644489905294,always,1,1,12.0
0,0,53.088452070911515,complier,0,1,2.0
1,1,68.03157207002481,always,1,1,12.0
0,0,50.36334996141053,complier,0,1,2.0
0,0,52.52703129291533,complier,0,1,2.0
0,0,50.22905391276324,complier,0,1,2.0
1,0,46.04140037590362,never,0,0,-3.0
0,0,50.391779623643934,complier,0,1,2.0
0,1,71.82296399859925,always,1,1,12.0
0,0,49.35187649504039,complier,0,1,2.0
0,0,44.29093844828825,never,0,0,-3.0
1,1,53.39637751400397,complier,0,1,2.0
1,1,65.20594680079705,always,1,1,12.0
0,0,49.754334250994546,complier,0,1,2.0
1,0,44.10362549713686,never,0,0,-3.0
1,1,70.40950629958976,always,1,1,12.0
0,1,69.69442468328104,always,1,1,12.0
1,1,64.51233063028594,always,1,1,12.0
0,0,43.39666656076294,never,0,0,-3.0
1,0,46.147364519899945,never,0,0,-3.0
1,1,50.25577775219143,complier,0,1,2.0
1,1,70.27152267414378,always,1,1,12.0
0,0,46.30018303965844,never,0,0,-3.0
0,1,66.65802542012122,always,1,1,12.0
0,0,46.337468187369026,never,0,0,-3.0
0,0,45.87786370755049,never,0,0,-3.0
1,1,52.17197183718737,complier,0,1,2.0
1,0,48.05901544140122,never,0,0,-3.0
0,0,46.817994968152384,complier,0,1,2.0
0,0,53.47335497873675,complier,0,1,2.0
1,1,55.15936245185053,complier,0,1,2.0
1,1,66.99636758545397,always,1,1,12.0
1,1,69.22649277093616,always,1,1,12.0
0,0,51.12081547671153,complier,0,1,2.0
0,0,44.63089961203591,never,0,0,-3.0
1,1,51.230752225733575,complier,0,1,2.0
1,1,53.642974680008024,complier,0,1,2.0
1,1,72.85417175781683,always,1,1,12.0
1,1,69.33846846653456,always,1,1,12.0
0,0,44.522151117532715,never,0,0,-3.0
0,0,50.946537567092136,complier,0,1,2.0
0,0,42.961371667145016,never,0,0,-3.0
1,1,69.97777459714752,always,1,1,12.0
0,1,66.46943547521481,always,1,1,12.0
0,0,49.97082603798563,complier,0,1,2.0
0,0,47.459187569265296,never,0,0,-3.0
0,0,52.387150422307926,complier,0,1,2.0
0,0,47.406762478261065,never,0,0,-3.0
1,1,66.92842353854519,always,1,1,12.0
1,0,44.48592313038952,never,0,0,-3.0
1,1,70.75647035511629,always,1,1,12.0
1,0,46.58110550045844,never,0,0,-3.0
0,0,51.01619648009309,complier,0,1,2.0
1,1,70.39050208266502,always,1,1,12.0
1,1,54.00804001615578,complier,0,1,2.0
0,0,45.35134343390068,never,0,0,-3.0
0,1,68.4797514422699,always,1,1,12.0
1,0,45.51292422349674,never,0,0,-3.0
1,1,66.29289682662635,always,1,1,12.0
0,0,49.088348205468535,complier,0,1,2.0
1,0,45.04450787239704,never,0,0,-3.0
0,0,49.84413909769737,complier,0,1,2.0
1,1,52.630383302489896,complier,0,1,2.0
0,0,46.475355133197475,never,0,0,-3.0
0,0,45.3641405719032,never,0,0,-3.0
0,1,71.95595452093664,always,1,1,12.0
0,0,47.65165328595599,never,0,0,-3.0
1,1,51.284124760053615,complier,0,1,2.0
1,1,53.198803604141844,complier,0,1,2.0
1,1,49.437182267722676,complier,0,1,2.0
1,1,67.07400752479313,always,1,1,12.0
1,1,68.7066921697639,always,1,1,12.0
0,1,71.10499621944935,always,1,1,12.0
1,1,71.9471007854373,always,1,1,12.0
0,1,70.6697871070634,always,1,1,12.0
0,0,50.9120472142035,complier,0,1,2.0
1,0,51.030265353935945,never,0,0,-3.0
1,0,45.758668391032714,never,0,0,-3.0
0,0,47.27207707002454,complier,0,1,2.0
1,1,51.629241275418565,complier,0,1,2.0
0,0,47.950072116430164,never,0,0,-3.0
1,0,41.548740185008135,never,0,0,-3.0
0,1,68.32260813757856,always,1,1,12.0
1,1,54.53023977384148,complier,0,1,2.0
1,1,70.1152763581921,always,1,1,12.0
1,1,69.29103830272761,always,1,1,12.0
1,1,48.88436104177055,complier,0,1,2.0
0,1,69.48189807478064,always,1,1,12.0
1,1,54.48417897953693,complier,0,1,2.0
0,0,45.461132186990994,never,0,0,-3.0
1,1,67.48891030018837,always,1,1,12.0
0,1,69.24659284607051,always,1,1,12.0
0,0,43.305833850843904,never,0,0,-3.0
1,1,67.17563805240565,always,1,1,12.0
1,1,51.80031615207595,complier,0,1,2.0
1,1,64.9723224411518,always,1,1,12.0
1,0,47.64460805679686,never,0,0,-3.0
0,0,46.51345861143052,complier,0,1,2.0
1,0,44.408813387652046,never,0,0,-3.0
1,1,67.55552477549897,always,1,1,12.0
0,0,52.28003513598293,complier,0,1,2.0
0,0,42.584931959005544,never,0,0,-3.0
0,0,50.193654862756304,complier,0,1,2.0
0,0,48.17613173962805,never,0,0,-3.0
0,0,49.99578966525668,complier,0,1,2.0
1,1,52.68857371078447,complier,0,1,2.0
1,0,47.475672798822515,never,0,0,-3.0
1,1,50.18962556360511,complier,0,1,2.0
0,0,47.65346701563158,complier,0,1,2.0
0,1,67.34023873372756,always,1,1,12.0
1,1,52.77836857687105,complier,0,1,2.0
1,1,53.31578995535429,complier,0,1,2.0
1,1,71.28588970519134,always,1,1,12.0
1,1,53.008885603693315,complier,0,1,2.0
0,0,45.60032505454689,never,0,0,-3.0
0,0,45.01103174993791,never,0,0,-3.0
1,1,66.82006806261057,always,1,1,12.0
0,0,45.510483209705676,never,0,0,-3.0
1,1,51.32138676356123,complier,0,1,2.0
0,0,48.895262421732106,complier,0,1,2.0
0,1,71.64888218595844,always,1,1,12.0
1,1,52.07847166142497,complier,0,1,2.0
1,0,47.85977195028007,never,0,0,-3.0
1,1,48.56945387711086,complier,0,1,2.0
1,0,47.08188788366301,never,0,0,-3.0
0,0,44.23098020411086,never,0,0,-3.0
0,0,52.632891323159136,complier,0,1,2.0
1,0,45.65033189211193,never,0,0,-3.0
0,0,43.32467821725671,never,0,0,-3.0
1,1,64.64539433210935,always,1,1,12.0
1,1,70.17527348219825,always,1,1,12.0
1,0,43.820328473785565,never,0,0,-3.0
1,0,47.29672924580535,never,0,0,-3.0
0,0,52.587537915399544,complier,0,1,2.0
0,0,43.74068749571617,never,0,0,-3.0
1,1,50.092438167751986,complier,0,1,2.0
1,1,52.0169527612703,complier,0,1,2.0
1,0,46.015651957129236,never,0,0,-3.0
0,0,43.876493463841946,never,0,0,-3.0
0,0,47.8030559691225,never,0,0,-3.0
0,1,69.35861314452468,always,1,1,12.0
1,0,46.402258025825915,never,0,0,-3.0
0,0,46.48879259912854,never,0,0,-3.0
1,1,53.7333385959011,complier,0,1,2.0
1,1,69.83464556622486,always,1,1,12.0
1,1,51.9333234226479,complier,0,1,2.0
1,1,67.17105455712232,always,1,1,12.0
1,0,42.583388333176266,never,0,0,-3.0
1,1,69.24799130249473,always,1,1,12.0
0,0,47.77882674455372,complier,0,1,2.0
0,0,45.4366923624996,never,0,0,-3.0
0,0,48.74931052744184,complier,0,1,2.0
1,1,51.24158651580895,complier,0,1,2.0
1,0,48.05439018028416,never,0,0,-3.0
0,1,69.42548843797321,always,1,1,12.0
0,1,70.49581282999338,always,1,1,12.0
0,0,52.055844449967104,complier,0,1,2.0
0,0,45.72360280291701,never,0,0,-3.0
0,0,45.321280848532744,never,0,0,-3.0
1,0,44.05332384197444,never,0,0,-3.0
1,0,48.499712020978635,never,0,0,-3.0
0,1,69.24194986996224,always,1,1,12.0
0,0,48.30801564189167,never,0,0,-3.0
1,1,48.23469672609962,complier,0,1,2.0
0,1,73.26643202464913,always,1,1,12.0
1,1,67.87718197086217,always,1,1,12.0
0,1,67.84304380401404,always,1,1,12.0
1,1,55.59643721591151,complier,0,1,2.0
0,1,68.30027017668957,always,1,1,12.0
1,0,47.14056393045213,never,0,0,-3.0
0,0,47.022942692469705,never,0,0,-3.0
0,0,47.729490066826756,never,0,0,-3.0
0,0,46.6446717535411,never,0,0,-3.0
1,0,47.747637893803514,never,0,0,-3.0
0,0,52.26562277771332,complier,0,1,2.0
1,0,44.26804328046495,never,0,0,-3.0
1,1,69.49260566693152,always,1,1,12.0
1,0,43.01530339258299,never,0,0,-3.0
0,0,47.04426599895813,never,0,0,-3.0
1,1,51.125006546555326,complier,0,1,2.0
1,1,48.71314160078294,complier,0,1,2.0
1,1,69.67774225153498,always,1,1,12.0
1,1,70.73499539092332,always,1,1,12.0
0,0,49.879770458188084,complier,0,1,2.0
0,0,46.263460458163294,never,0,0,-3.0
1,0,44.29017292661559,never,0,0,-3.0
1,1,73.45657806139816,always,1,1,12.0
1,1,68.08740370103729,always,1,1,12.0
1,1,68.94505677758377,always,1,1,12.0
0,0,43.07842359648738,never,0,0,-3.0
1,0,46.30535636780406,never,0,0,-3.0
1,1,51.07770204771511,complier,0,1,2.0
0,1,69.19352565096095,always,1,1,12.0
1,1,50.186582598615345,complier,0,1,2.0
1,1,52.94144135146627,complier,0,1,2.0
1,0,49.00123507610379,never,0,0,-3.0
1,1,72.11216689827721,always,1,1,12.0
1,1,50.614711687841066,complier,0,1,2.0
1,0,46.02855443553556,never,0,0,-3.0
1,0,47.83578896408665,never,0,0,-3.0
1,0,46.66379523057919,never,0,0,-3.0
1,1,70.31533639220909,always,1,1,12.0
0,1,65.86997522285263,always,1,1,12.0
0,1,67.24063645281403,always,1,1,12.0
0,0,44.90479699422496,never,0,0,-3.0
0,0,46.1826177727421,never,0,0,-3.0
1,1,68.96785224520924,always,1,1,12.0
1,1,50.758504565812245,complier,0,1,2.0
0,1,68.91962849869543,always,1,1,12.0
0,1,67.0875080745494,always,1,1,12.0
0,0,44.61892028564075,never,0,0,-3.0
0,0,45.1888800185321,never,0,0,-3.0
0,1,67.09509714794676,always,1,1,12.0
0,0,47.36910959859588,never,0,0,-3.0
0,1,70.36474150894082,always,1,1,12.0
0,0,46.84741027772283,never,0,0,-3.0
1,0,48.08463348188873,never,0,0,-3.0
1,1,51.43361669668235,complier,0,1,2.0
0,1,68.76835100320399,always,1,1,12.0
0,0,46.31940555136995,never,0,0,-3.0
1,1,68.84092383152456,always,1,1,12.0
0,0,47.36787364628567,never,0,0,-3.0
0,1,67.43325013603636,always,1,1,12.0
1,1,70.3002270245746,always,1,1,12.0
0,0,48.46931230036845,complier,0,1,2.0
1,1,71.27318791754152,always,1,1,12.0
0,0,43.53713589821681,never,0,0,-3.0
1,0,47.2774573870833,never,0,0,-3.0
1,0,43.708170174855255,never,0,0,-3.0
0,0,45.57890792769654,never,0,0,-3.0
0,1,70.93136726704876,always,1,1,12.0
0,1,70.42362888469954,always,1,1,12.0
0,1,67.98691817941804,always,1,1,12.0
0,1,71.41229502785495,always,1,1,12.0
1,0,44.09371718686942,never,0,0,-3.0
1,1,54.39016573736884,complier,0,1,2.0
1,1,55.79738152860829,complier,0,1,2.0
0,0,47.06001414306351,never,0,0,-3.0
0,0,46.08607179480356,never,0,0,-3.0
1,1,71.59366546400452,always,1,1,12.0
0,0,49.83230704596737,complier,0,1,2.0
0,0,45.91602924190151,never,0,0,-3.0
1,1,69.24340395663117,always,1,1,12.0
0,0,48.33930303970901,never,0,0,-3.0
1,0,44.79344056423323,never,0,0,-3.0
1,1,51.69869384931672,complier,0,1,2.0
0,1,69.32621863797114,always,1,1,12.0
0,1,72.32915439771713,always,1,1,12.0
1,0,46.50837670650872,never,0,0,-3.0
1,1,67.68193999351554,always,1,1,12.0
1,1,54.03380193916993,complier,0,1,2.0
0,1,68.72357665479007,always,1,1,12.0
0,0,45.725224847439975,complier,0,1,2.0
0,0,50.32739271084737,complier,0,1,2.0
0,0,41.3415505417356,never,0,0,-3.0
1,0,48.23271404033255,never,0,0,-3.0
1,0,45.73980786232206,never,0,0,-3.0
0,0,46.964548297575206,never,0,0,-3.0
0,1,71.47119419415813,always,1,1,12.0
0,0,52.28491224761526,complier,0,1,2.0
1,1,52.81657361218941,complier,0,1,2.0
1,1,68.57824501239544,always,1,1,12.0
0,0,45.60023714875156,never,0,0,-3.0
1,1,53.93380318748055,complier,0,1,2.0
1,0,45.4667298394305,never,0,0,-3.0
0,0,44.915924926869614,never,0,0,-3.0
1,0,46.649069618391906,never,0,0,-3.0
1,1,51.583424558013185,complier,0,1,2.0
0,1,70.2327978371615,always,1,1,12.0
1,1,49.774287765803315,complier,0,1,2.0
0,1,66.33954095802744,always,1,1,12.0
0,0,44.607191882867795,never,0,0,-3.0
0,1,68.54309510873092,always,1,1,12.0
0,1,66.19855858830019,always,1,1,12.0
0,0,45.004129393246295,never,0,0,-3.0
0,0,43.91438332304003,never,0,0,-3.0
0,0,48.16397793748805,complier,0,1,2.0
0,0,44.41671142981672,never,0,0,-3.0
0,1,69.98385352302054,always,1,1,12.0
0,0,43.631598582721644,never,0,0,-3.0
0,0,49.32427654361306,complier,0,1,2.0
1,0,43.85683563162162,never,0,0,-3.0
1,1,52.6109504968123,complier,0,1,2.0
0,1,66.64559917369827,always,1,1,12.0
0,0,45.64435005136723,never,0,0,-3.0
0,0,47.2944679055031,never,0,0,-3.0
1,1,71.46104370488297,always,1,1,12.0
0,1,72.76160789847891,always,1,1,12.0
1,1,54.27728229121413,complier,0,1,2.0
0,1,67.82367297907753,always,1,1,12.0
0,0,42.099436794393405,never,0,0,-3.0
1,1,53.97907110090659,complier,0,1,2.0
0,1,69.66840443585284,always,1,1,12.0
0,0,45.13423398562468,never,0,0,-3.0
0,0,46.370509884747285,never,0,0,-3.0
0,1,69.55054964135039,always,1,1,12.0
1,1,69.04715763907157,always,1,1,12.0
0,0,44.755436766678685,never,0,0,-3.0
0,0,47.38827260237993,complier,0,1,2.0
0,0,50.9073805557553,complier,0,1,2.0
0,0,48.29727152681383,never,0,0,-3.0
0,1,68.18032814258032,always,1,1,12.0
1,0,46.46913056780619,never,0,0,-3.0
1,0,42.59925205320724,never,0,0,-3.0
1,1,55.48346321772888,complier,0,1,2.0
0,1,71.00712705151548,always,1,1,12.0
0,1,70.77515412856778,always,1,1,12.0
1,1,68.6275396937809,always,1,1,12.0
1,1,72.7017260833794,always,1,1,12.0
1,1,68.73976063655209,always,1,1,12.0
0,0,43.648242570556036,never,0,0,-3.0
1,0,42.26810298741053,never,0,0,-3.0
0,0,51.07784800190242,complier,0,1,2.0
1,0,46.77301600079556,never,0,0,-3.0
0,0,46.03538422032687,never,0,0,-3.0
1,0,49.192475765905805,never,0,0,-3.0
0,0,41.696684428753805,never,0,0,-3.0
1,1,47.884300906387516,complier,0,1,2.0
0,0,47.299615775774996,never,0,0,-3.0
1,0,46.309516118165156,never,0,0,-3.0
1,1,69.76965443703024,always,1,1,12.0
0,1,69.03550350383355,always,1,1,12.0
1,0,48.63134536896508,never,0,0,-3.0
1,1,63.832507725312766,always,1,1,12.0
1,1,53.59324480231891,complier,0,1,2.0
1,1,53.02667586340538,complier,0,1,2.0
1,0,43.36812564989136,never,0,0,-3.0
1,1,50.714343998032966,complier,0,1,2.0
0,0,47.89515309461336,never,0,0,-3.0
1,1,52.25991606902916,complier,0,1,2.0
1,1,50.46641627924988,complier,0,1,2.0
1,1,65.58297042683958,always,1,1,12.0
1,0,44.741736866410825,never,0,0,-3.0
1,1,52.928583953232305,complier,0,1,2.0
0,0,46.013241863878314,never,0,0,-3.0
0,0,44.68028860820554,never,0,0,-3.0
0,0,42.998955355488114,never,0,0,-3.0
0,0,50.07108274260782,complier,0,1,2.0
0,1,67.8943663057696,always,1,1,12.0
1,1,65.19136575642355,always,1,1,12.0
1,0,45.905098783506816,never,0,0,-3.0
0,0,45.99148362094297,never,0,0,-3.0
1,0,48.14698202979859,never,0,0,-3.0
1,1,71.0128494973709,always,1,1,12.0
1,1,51.98707614102667,complier,0,1,2.0
1,1,51.63045416675343,complier,0,1,2.0
1,1,67.87258630422821,always,1,1,12.0
1,0,44.546652971285326,never,0,0,-3.0
1,1,69.00465638587401,always,1,1,12.0
0,0,48.366590821892544,never,0,0,-3.0
0,0,50.72672210377105,complier,0,1,2.0
1,0,43.479663240094524,never,0,0,-3.0
0,0,50.47087488253227,complier,0,1,2.0
0,1,73.6630927956102,always,1,1,12.0
1,0,44.97027228998328,never,0,0,-3.0
1,0,48.33365946975637,never,0,0,-3.0
1,1,49.45634428030875,complier,0,1,2.0
1,0,48.60655247017375,never,0,0,-3.0
1,1,69.77349411153962,always,1,1,12.0
1,1,68.96343456519129,always,1,1,12.0
1,0,39.88238875560373,never,0,0,-3.0
0,0,43.22874468116543,never,0,0,-3.0
0,1,70.33730154139907,always,1,1,12.0
0,0,45.62072260678273,complier,0,1,2.0
0,0,49.74455540632411,never,0,0,-3.0
1,0,47.33086436001,never,0,0,-3.0
1,1,54.60026093068341,complier,0,1,2.0
1,0,44.844809031110614,never,0,0,-3.0
0,1,68.05457681279815,always,1,1,12.0
0,0,46.97605910406131,never,0,0,-3.0
0,0,49.386220947121075,complier,0,1,2.0
1,0,46.356898275843896,never,0,0,-3.0
0,0,48.828420825011946,complier,0,1,2.0
0,0,50.0797187271281,complier,0,1,2.0
1,0,43.819365790012064,never,0,0,-3.0
1,1,50.66110078287725,complier,0,1,2.0
1,0,44.516946464743135,never,0,0,-3.0
0,1,71.58753828314975,always,1,1,12.0
0,1,69.25567066327939,always,1,1,12.0
1,0,49.583043789458806,never,0,0,-3.0
0,0,49.50309718452675,complier,0,1,2.0
1,1,71.0258931165149,always,1,1,12.0
1,1,51.11714457995391,complier,0,1,2.0
0,0,45.18816715482706,never,0,0,-3.0
1,1,53.465344990549625,complier,0,1,2.0
1,1,69.63120749849628,always,1,1,12.0
1,0,45.439666674537165,never,0,0,-3.0
1,1,47.64828602064966,complier,0,1,2.0
1,0,43.45181003063975,never,0,0,-3.0
0,1,68.43517224875112,always,1,1,12.0
0,0,51.64490182105113,complier,0,1,2.0
0,0,44.390647600346874,never,0,0,-3.0
1,1,49.975982752616886,complier,0,1,2.0
1,1,54.820577332328654,complier,0,1,2.0
1,1,68.04671502484779,always,1,1,12.0
1,0,43.218309260876005,never,0,0,-3.0
0,1,70.53170716679216,always,1,1,12.0
1,1,71.39900357205629,always,1,1,12.0
0,0,45.09443970799376,never,0,0,-3.0
1,1,54.088219076675685,complier,0,1,2.0
0,1,69.35798497162877,always,1,1,12.0
0,0,52.03713789285232,complier,0,1,2.0
1,0,48.39238897882623,never,0,0,-3.0
1,1,51.61031406773745,complier,0,1,2.0
0,1,69.338883385026,always,1,1,12.0
1,1,67.74093403570724,always,1,1,12.0
1,1,66.20716579304175,always,1,1,12.0
0,0,45.980037306247574,never,0,0,-3.0
0,1,68.6074491847387,always,1,1,12.0
0,1,68.21380938168564,always,1,1,12.0
0,0,52.22830495506528,complier,0,1,2.0
0,1,66.69421536778023,always,1,1,12.0
0,1,69.14246153071014,always,1,1,12.0
0,0,51.27172550119924,complier,0,1,2.0
1,1,52.08201133624957,complier,0,1,2.0
1,0,43.18630263061425,never,0,0,-3.0
1,1,51.25055729647939,complier,0,1,2.0
0,1,73.51238263056388,always,1,1,12.0
0,0,48.443364787809784,never,0,0,-3.0
1,1,54.13180966059387,complier,0,1,2.0
1,1,66.20594044282984,always,1,1,12.0
1,1,67.58740029689035,always,1,1,12.0
0,0,46.71054258075731,never,0,0,-3.0
1,0,49.7075186420603,never,0,0,-3.0
1,0,42.217525638235394,never,0,0,-3.0
0,1,69.63558147775494,always,1,1,12.0
0,1,68.4216235788562,always,1,1,12.0
0,0,45.76189296462174,never,0,0,-3.0
0,1,69.98139241043955,always,1,1,12.0
0,1,70.77779564889279,always,1,1,12.0
0,0,46.49082702521158,never,0,0,-3.0
0,0,43.242948249237074,never,0,0,-3.0
0,1,67.805890980613,always,1,1,12.0
1,0,43.4211874486433,never,0,0,-3.0
0,0,44.37974886562853,never,0,0,-3.0
0,0,47.24531655711153,never,0,0,-3.0
1,1,72.09136608044311,always,1,1,12.0
0,1,71.06671555956041,always,1,1,12.0
1,0,46.4536944849422,never,0,0,-3.0
1,1,54.71001074727444,complier,0,1,2.0
0,0,44.0454561828457,never,0,0,-3.0
0,1,67.99281184399688,always,1,1,12.0
0,0,47.374120905029706,never,0,0,-3.0
1,0,46.751455914253,never,0,0,-3.0
1,1,66.98707136214745,always,1,1,12.0
0,1,68.10465107848857,always,1,1,12.0
0,0,43.67050333790765,never,0,0,-3.0
1,1,51.84672823573345,complier,0,1,2.0
0,0,47.74864147211208,never,0,0,-3.0
0,0,52.12069740068564,complier,0,1,2.0
0,0,47.0105293675541,never,0,0,-3.0
1,0,46.32810508079084,never,0,0,-3.0
1,0,46.58597503673493,never,0,0,-3.0
1,0,50.100948759906856,never,0,0,-3.0
0,0,48.027353141966294,never,0,0,-3.0
0,0,52.56328356830524,complier,0,1,2.0
0,0,54.0890337378659,complier,0,1,2.0
0,1,70.41581241097585,always,1,1,12.0
0,0,49.794711354160356,complier,0,1,2.0
1,0,44.61192125532589,never,0,0,-3.0
1,0,45.8037023233475,never,0,0,-3.0
0,0,46.86858645733175,never,0,0,-3.0
1,1,71.54913711864067,always,1,1,12.0
1,1,71.85766814225548,always,1,1,12.0
0,0,43.83636434065151,never,0,0,-3.0
0,0,48.23397685250424,complier,0,1,2.0
1,0,44.80461730344027,never,0,0,-3.0
0,0,47.076783819756116,complier,0,1,2.0
1,0,46.096679776226665,never,0,0,-3.0
0,1,71.43399103017249,always,1,1,12.0
0,0,52.23382149558327,complier,0,1,2.0
1,1,71.13727357790843,always,1,1,12.0
0,1,72.35263225023358,always,1,1,12.0
0,0,41.83727297510565,never,0,0,-3.0
0,0,50.3653249261425,complier,0,1,2.0
0,1,69.89567606877229,always,1,1,12.0
1,1,69.5424714413309,always,1,1,12.0
0,1,71.09163744688374,always,1,1,12.0
1,1,51.54844043681559,complier,0,1,2.0
1,1,53.53954396335094,complier,0,1,2.0
1,0,46.61609885544085,never,0,0,-3.0
0,0,48.0508302665333,complier,0,1,2.0
1,1,66.30969822451452,always,1,1,12.0
1,1,51.36416361966391,complier,0,1,2.0
0,0,50.556805941955574,complier,0,1,2.0
1,1,66.75271321319461,always,1,1,12.0
1,1,51.547339994404226,complier,0,1,2.0
0,0,47.601195439783176,never,0,0,-3.0
1,1,51.25005888529312,complier,0,1,2.0
0,1,69.02285787757332,always,1,1,12.0
1,0,48.56554055085,never,0,0,-3.0
0,0,44.557189186000585,never,0,0,-3.0
0,0,51.84779646360107,complier,0,1,2.0
0,0,45.98386659162139,never,0,0,-3.0
1,0,45.04457687997417,never,0,0,-3.0
1,0,46.13570617046755,never,0,0,-3.0
0,1,69.84890976611585,always,1,1,12.0
1,0,44.53288614311476,never,0,0,-3.0
1,1,52.919873440267644,complier,0,1,2.0
1,1,68.73184099869303,always,1,1,12.0
1,1,53.35729584034315,complier,0,1,2.0
0,0,46.91515954146079,never,0,0,-3.0
0,0,43.38416900174342,never,0,0,-3.0
0,1,64.43637068283253,always,1,1,12.0
1,1,51.737559601634736,complier,0,1,2.0
1,1,55.65620215426389,complier,0,1,2.0
1,0,48.65085061256004,never,0,0,-3.0
1,1,66.25963772153294,always,1,1,12.0
0,0,42.22980375933144,never,0,0,-3.0
0,0,42.964981222658125,never,0,0,-3.0
1,1,54.88295208889416,complier,0,1,2.0
0,1,70.96763937881241,always,1,1,12.0
1,1,68.18154944438065,always,1,1,12.0
0,0,45.85791914496047,complier,0,1,2.0
1,1,50.876935879009906,complier,0,1,2.0
0,0,46.22243595403213,never,0,0,-3.0
0,0,49.2273177807397,never,0,0,-3.0
1,1,66.02989052625502,always,1,1,12.0
1,1,65.23807585094136,always,1,1,12.0
0,0,47.721628080201704,complier,0,1,2.0
1,1,53.465954909226085,complier,0,1,2.0
0,0,47.45416560805139,never,0,0,-3.0
0,1,67.65022563844612,always,1,1,12.0
1,0,43.33747138681605,never,0,0,-3.0
1,0,45.627952782994,never,0,0,-3.0
0,0,44.91705239890507,never,0,0,-3.0
1,0,40.837321397843795,never,0,0,-3.0
0,0,51.303406085687556,never,0,0,-3.0
1,0,50.90929087603076,never,0,0,-3.0
0,0,53.02882671948111,complier,0,1,2.0
1,0,47.52480230120727,never,0,0,-3.0
0,0,42.121581084074855,never,0,0,-3.0
1,1,67.79238953107019,always,1,1,12.0
0,1,70.55638472166693,always,1,1,12.0
1,1,63.954550808972584,always,1,1,12.0
0,1,65.43373342466923,always,1,1,12.0
0,0,43.86614875883847,never,0,0,-3.0
1,0,48.33723043206904,never,0,0,-3.0
0,1,69.98871550260114,always,1,1,12.0
1,1,53.52012285496873,complier,0,1,2.0
0,0,46.947256879168194,never,0,0,-3.0
1,1,72.93206681331142,always,1,1,12.0
0,0,42.94228842194825,never,0,0,-3.0
1,0,45.641170921194345,never,0,0,-3.0
1,1,49.56175758384229,complier,0,1,2.0
0,1,71.08217915840605,always,1,1,12.0
0,0,48.22368313998013,complier,0,1,2.0
0,1,69.9835329062956,always,1,1,12.0
1,0,48.31450177682187,never,0,0,-3.0
1,1,48.95350797972946,complier,0,1,2.0
0,0,46.57755620396446,never,0,0,-3.0
0,0,47.86530552248779,complier,0,1,2.0
1,0,49.081157704122276,never,0,0,-3.0
1,0,45.945455895341745,never,0,0,-3.0
1,1,50.583375518413874,complier,0,1,2.0
1,0,46.43022741611083,never,0,0,-3.0
0,0,51.33805884743435,complier,0,1,2.0
0,0,44.01689041881932,never,0,0,-3.0
0,0,43.65996994860828,never,0,0,-3.0
1,0,46.879151787315266,never,0,0,-3.0
0,0,48.59642772565086,complier,0,1,2.0
1,1,51.4050970845858,complier,0,1,2.0
0,0,45.209795848337045,never,0,0,-3.0
0,0,46.83270705343067,never,0,0,-3.0
1,1,68.92754201563882,always,1,1,12.0
1,0,46.01697199416316,never,0,0,-3.0
0,0,49.89367713544363,complier,0,1,2.0
0,0,44.18249868438995,never,0,0,-3.0
0,0,54.07884557909152,complier,0,1,2.0
1,0,47.742682605148,never,0,0,-3.0
0,0,45.53682112274212,never,0,0,-3.0
1,1,55.5261289963005,complier,0,1,2.0
0,0,47.244354531642216,never,0,0,-3.0
1,0,48.44321299175141,never,0,0,-3.0
1,0,51.00771777253609,never,0,0,-3.0
1,1,68.95105378348653,always,1,1,12.0
0,1,69.75709001339119,always,1,1,12.0
0,0,49.29576577801857,complier,0,1,2.0
1,0,47.33284925321488,never,0,0,-3.0
1,1,71.78478489995868,always,1,1,12.0
1,0,46.33661685262051,never,0,0,-3.0
1,0,45.53776852399921,never,0,0,-3.0
1,1,52.615266726442236,complier,0,1,2.0
0,0,44.29880476369233,never,0,0,-3.0
0,0,46.67285821030196,complier,0,1,2.0
1,0,50.515530729158975,never,0,0,-3.0
1,1,69.82610760647974,always,1,1,12.0
0,1,69.91173321675328,always,1,1,12.0
0,0,49.652045723439194,complier,0,1,2.0
1,1,65.14180023846104,always,1,1,12.0
1,1,51.72769741603042,complier,0,1,2.0
0,0,50.82416519459557,complier,0,1,2.0
0,1,67.78671314611672,always,1,1,12.0
1,0,49.42750960361913,never,0,0,-3.0
0,0,43.70363518768329,never,0,0,-3.0
1,1,67.35370255790343,always,1,1,12.0
0,0,45.93585258654562,never,0,0,-3.0
0,0,53.66197718560888,complier,0,1,2.0
1,0,48.13997623863747,never,0,0,-3.0
0,1,72.11177232685411,always,1,1,12.0
0,0,53.54008908383834,complier,0,1,2.0
0,0,51.63492747424755,complier,0,1,2.0
1,1,50.17172043185823,complier,0,1,2.0
0,0,41.476525641618494,never,0,0,-3.0
1,1,50.889845552918814,complier,0,1,2.0
0,0,51.22371240157061,complier,0,1,2.0
0,0,48.41538299800781,complier,0,1,2.0
1,0,43.373511670579525,never,0,0,-3.0
1,1,67.93779952546166,always,1,1,12.0
0,0,50.433474713028026,complier,0,1,2.0
1,0,47.00968547804988,never,0,0,-3.0
1,0,46.344342371296975,never,0,0,-3.0
1,0,45.21175517388584,never,0,0,-3.0
1,1,50.45324658463815,complier,0,1,2.0
0,0,49.09444082847895,never,0,0,-3.0
0,0,43.20877916148171,never,0,0,-3.0
1,1,55.74472912685905,complier,0,1,2.0
0,0,48.32616417784857,complier,0,1,2.0
0,1,69.57972564104305,always,1,1,12.0
0,1,72.65950686259633,always,1,1,12.0
1,1,69.99449766548354,always,1,1,12.0
0,1,68.71212785175008,always,1,1,12.0
1,1,51.1802480656793,complier,0,1,2.0
0,0,49.44495329567427,complier,0,1,2.0
0,1,69.57383931535936,always,1,1,12.0
0,0,48.65129779190031,complier,0,1,2.0
1,0,44.56068132341196,never,0,0,-3.0
0,0,52.04920528752784,complier,0,1,2.0
1,1,71.31043646521209,always,1,1,12.0
1,0,42.074047911652976,never,0,0,-3.0
0,1,71.1975571153938,always,1,1,12.0
0,1,65.03255887104469,always,1,1,12.0
0,0,47.88326815627858,complier,0,1,2.0
1,1,52.51335764248182,complier,0,1,2.0
1,1,54.6298791041666,complier,0,1,2.0
0,0,51.60586818761517,complier,0,1,2.0
1,1,49.795383965667746,complier,0,1,2.0
1,0,45.78257221248735,never,0,0,-3.0
1,0,46.66580057456483,never,0,0,-3.0
1,1,52.8604627096614,complier,0,1,2.0
1,1,51.55848867504619,complier,0,1,2.0
0,0,48.45824316781091,never,0,0,-3.0
0,1,72.81856138675938,always,1,1,12.0
0,1,69.93526114733402,always,1,1,12.0
1,1,65.62897599141978,always,1,1,12.0
1,1,72.12562883444079,always,1,1,12.0
0,0,47.05223407335287,complier,0,1,2.0
0,0,42.530230687421046,never,0,0,-3.0
0,0,43.1551582677143,never,0,0,-3.0
0,1,67.55096614471648,always,1,1,12.0
0,1,69.67573660069877,always,1,1,12.0
0,0,51.4965682170946,complier,0,1,2.0
1,0,46.869865663407914,never,0,0,-3.0
0,0,45.06813344040473,never,0,0,-3.0
1,1,55.41925290537771,complier,0,1,2.0
1,1,73.87592402701422,always,1,1,12.0
0,0,42.333026477074554,never,0,0,-3.0
1,0,45.15968887761086,never,0,0,-3.0
1,1,69.71789722386436,always,1,1,12.0
0,0,51.81461813200369,complier,0,1,2.0
0,0,46.54937172235488,complier,0,1,2.0
0,1,70.00163381762401,always,1,1,12.0
0,0,47.08157167765858,never,0,0,-3.0
0,0,47.242551835821686,never,0,0,-3.0
0,0,44.99363112532359,never,0,0,-3.0
1,0,47.80195457815543,never,0,0,-3.0
0,0,49.48774762809484,complier,0,1,2.0
1,1,51.50705410970121,complier,0,1,2.0
0,1,67.45283997651842,always,1,1,12.0
1,1,71.8660829171565,always,1,1,12.0
0,0,50.584312957304654,complier,0,1,2.0
0,1,68.42488411403272,always,1,1,12.0
1,1,51.63698091815946,complier,0,1,2.0
0,0,46.42531290451781,never,0,0,-3.0
0,0,47.77602109496248,complier,0,1,2.0
0,0,47.02898092152393,never,0,0,-3.0
0,1,70.15989590405452,always,1,1,12.0
1,1,72.15404209269536,always,1,1,12.0
0,0,50.49661808944072,complier,0,1,2.0
1,1,54.19250487122604,complier,0,1,2.0
0,0,45.51801848642037,never,0,0,-3.0
1,0,45.47176153051047,never,0,0,-3.0
1,1,67.43712566333672,always,1,1,12.0
0,1,68.42922918140023,always,1,1,12.0
0,0,54.88155015180819,complier,0,1,2.0
0,0,53.31913977279067,complier,0,1,2.0
0,0,48.7980540252698,complier,0,1,2.0
1,0,47.10808933312009,never,0,0,-3.0
0,1,68.86559687821068,always,1,1,12.0
1,0,45.02154221398581,never,0,0,-3.0
0,0,50.243936278239595,complier,0,1,2.0
1,1,49.8424696226605,complier,0,1,2.0
1,1,69.88766154157265,always,1,1,12.0
0,0,47.191545727859136,never,0,0,-3.0
1,1,69.15283285629664,always,1,1,12.0
1,1,68.25833154347951,always,1,1,12.0
0,1,69.7679014894462,always,1,1,12.0
0,0,48.578294864188074,complier,0,1,2.0
1,1,52.18290573707971,complier,0,1,2.0
0,0,47.92076303590658,never,0,0,-3.0
1,1,53.763379627777674,complier,0,1,2.0
0,0,45.16084811688965,never,0,0,-3.0
0,0,45.08309489820931,never,0,0,-3.0
1,0,42.75643913038827,never,0,0,-3.0
1,0,47.27264052336553,never,0,0,-3.0
0,1,67.3340372285427,always,1,1,12.0
1,0,42.821194277874326,never,0,0,-3.0
1,1,50.041182988565026,complier,0,1,2.0
0,0,47.414494450456594,never,0,0,-3.0
1,0,47.508076634465105,never,0,0,-3.0
1,1,53.58262969324456,complier,0,1,2.0
0,0,49.83761020329079,never,0,0,-3.0
1,1,50.496639656166124,complier,0,1,2.0
1,1,69.9167429947575,always,1,1,12.0
1,1,54.332438741083166,complier,0,1,2.0
0,0,50.44783823669968,complier,0,1,2.0
0,1,66.76762281968462,always,1,1,12.0
0,0,47.574341639013554,complier,0,1,2.0
0,1,70.61763372436228,always,1,1,12.0
0,1,69.31196715960894,always,1,1,12.0
0,0,46.07335066199906,never,0,0,-3.0
0,0,49.57453326196024,complier,0,1,2.0
0,0,51.44570635816117,complier,0,1,2.0
0,0,47.8099967525616,never,0,0,-3.0
0,0,44.9065420354701,never,0,0,-3.0
1,1,50.53553122654813,complier,0,1,2.0
0,0,49.50773792642888,complier,0,1,2.0
1,0,49.576543293268024,never,0,0,-3.0
0,1,70.30938628419109,always,1,1,12.0
0,0,48.574547253313575,never,0,0,-3.0
0,0,45.395787739746815,complier,0,1,2.0
1,1,50.395988128571766,complier,0,1,2.0
1,0,46.816125735131436,never,0,0,-3.0
1,0,48.80152785444773,never,0,0,-3.0
0,1,73.26809498539083,always,1,1,12.0
0,0,47.05887708112556,complier,0,1,2.0
1,1,50.842518071995435,complier,0,1,2.0
1,0,47.986297158821515,never,0,0,-3.0
0,0,50.91676097089403,complier,0,1,2.0
1,1,67.4101593583337,always,1,1,12.0
1,0,44.867666025209836,never,0,0,-3.0
0,0,42.72862350819814,never,0,0,-3.0
1,1,66.52131486363056,always,1,1,12.0
0,0,46.5840871728008,never,0,0,-3.0
0,1,68.60663362112794,always,1,1,12.0
0,0,52.955662410150964,complier,0,1,2.0
1,1,52.15725699669536,complier,0,1,2.0
0,0,51.29068798063357,complier,0,1,2.0
1,1,71.60747084528153,always,1,1,12.0
1,1,54.04901466798481,complier,0,1,2.0
1,1,69.03587901477992,always,1,1,12.0
0,1,67.2589468195179,always,1,1,12.0
1,1,52.73881638663448,complier,0,1,2.0
1,1,52.941378064941205,complier,0,1,2.0
0,0,54.39963645011696,complier,0,1,2.0
0,0,49.98098420155656,complier,0,1,2.0
0,0,51.400587616225174,complier,0,1,2.0
1,1,48.116082191487266,complier,0,1,2.0
1,0,47.37438723494935,never,0,0,-3.0
1,1,71.66850694817063,always,1,1,12.0
0,0,51.12050559019803,complier,0,1,2.0
0,1,70.02323571294502,always,1,1,12.0
1,0,48.936155862645144,never,0,0,-3.0
0,0,51.15918066291645,complier,0,1,2.0
0,0,45.60011732789906,never,0,0,-3.0
1,0,45.55132261289662,never,0,0,-3.0
0,1,72.65303079512114,always,1,1,12.0
1,1,72.33259204479752,always,1,1,12.0
1,0,46.64910850823508,never,0,0,-3.0
0,0,49.95941067694407,complier,0,1,2.0
1,1,51.7279150043023,complier,0,1,2.0
1,0,46.55291267888329,never,0,0,-3.0
0,0,47.928231129968246,never,0,0,-3.0
1,0,47.78847619835321,never,0,0,-3.0
1,1,53.44284875650593,complier,0,1,2.0
0,1,71.5279406970218,always,1,1,12.0
0,1,71.62698880130318,always,1,1,12.0
1,1,48.29032453843573,complier,0,1,2.0
1,1,66.9676353397618,always,1,1,12.0
0,1,65.06404517211303,always,1,1,12.0
1,1,67.19953309743393,always,1,1,12.0
0,0,46.821778383609164,never,0,0,-3.0
1,1,70.91660309616925,always,1,1,12.0
0,0,43.70383740413213,never,0,0,-3.0
0,0,45.86908704524695,never,0,0,-3.0
0,0,50.494134008187224,complier,0,1,2.0
1,1,51.90732917620891,complier,0,1,2.0
0,0,48.81998766262652,complier,0,1,2.0
1,1,66.97139054229578,always,1,1,12.0
0,0,41.72414249651564,never,0,0,-3.0
1,1,72.72675971454679,always,1,1,12.0
0,0,47.278238961309086,never,0,0,-3.0
1,0,47.15607039518843,never,0,0,-3.0
0,1,63.55583320541077,always,1,1,12.0
1,0,45.820878042305054,never,0,0,-3.0
0,0,47.4973245577844,never,0,0,-3.0
0,0,47.15507766134251,never,0,0,-3.0
0,0,51.26072458172301,complier,0,1,2.0
1,0,45.89921051525013,never,0,0,-3.0
1,0,48.597407865265836,never,0,0,-3.0
0,0,54.81851599965019,complier,0,1,2.0
0,0,45.99832186238761,never,0,0,-3.0
0,0,46.93462023429223,complier,0,1,2.0
0,0,43.25008943931302,never,0,0,-3.0
1,0,45.524131112412675,never,0,0,-3.0
0,0,45.43401292590115,never,0,0,-3.0
0,0,46.99004228381947,never,0,0,-3.0
1,1,71.98127622206091,always,1,1,12.0
1,1,68.06138039262026,always,1,1,12.0
0,0,45.95401145673213,never,0,0,-3.0
0,0,48.27984101321388,complier,0,1,2.0
1,1,74.327253374517,always,1,1,12.0
1,1,54.14609263718481,complier,0,1,2.0
0,1,67.33071135117841,always,1,1,12.0
0,0,44.824919761256815,never,0,0,-3.0
1,1,71.73748692852661,always,1,1,12.0
0,1,67.32746281302582,always,1,1,12.0
1,1,51.460623929015114,complier,0,1,2.0
0,1,71.5488581106773,always,1,1,12.0
1,1,69.15022168120224,always,1,1,12.0
0,0,48.007801883781354,complier,0,1,2.0
0,0,50.548661841195425,complier,0,1,2.0
1,0,45.76299407604489,never,0,0,-3.0
0,0,47.92253687637722,complier,0,1,2.0
0,0,48.43751359188928,never,0,0,-3.0
0,1,68.36469776305077,always,1,1,12.0
0,0,42.738026515270285,never,0,0,-3.0
0,0,45.62870183576738,never,0,0,-3.0
1,1,64.63261740549342,always,1,1,12.0
0,0,51.33434428872484,complier,0,1,2.0
1,0,47.64221975191314,never,0,0,-3.0
0,0,47.70348300530518,complier,0,1,2.0
1,1,66.30397998303224,always,1,1,12.0
0,0,46.1916074172203,never,0,0,-3.0
1,1,72.26442169975178,always,1,1,12.0
0,0,41.9889474232532,never,0,0,-3.0
0,1,67.12486853286383,always,1,1,12.0
0,0,48.47522031465261,never,0,0,-3.0
0,1,70.52079307184584,always,1,1,12.0
1,1,67.35683624916678,always,1,1,12.0
1,1,68.6604204277648,always,1,1,12.0
0,0,44.662109566048784,never,0,0,-3.0
1,1,52.31629300764096,complier,0,1,2.0
0,1,69.40355944782797,always,1,1,12.0
1,0,43.50280074401914,never,0,0,-3.0
1,0,44.070599734900874,never,0,0,-3.0
1,1,67.28489129116947,always,1,1,12.0
1,1,72.50778367679291,always,1,1,12.0
1,0,43.781830704111805,never,0,0,-3.0
1,1,53.3029872903786,complier,0,1,2.0
1,1,50.63189706021576,complier,0,1,2.0
1,0,46.35407292124851,never,0,0,-3.0
1,0,46.948499817949795,never,0,0,-3.0
1,1,48.16324537794085,complier,0,1,2.0
0,0,48.06265386051618,complier,0,1,2.0
0,0,50.63995468643151,never,0,0,-3.0
0,1,64.5126376978075,always,1,1,12.0
0,0,50.13862341179832,complier,0,1,2.0
1,1,68.95981393055344,always,1,1,12.0
0,0,49.772251146243185,never,0,0,-3.0
0,0,49.17086599603895,never,0,0,-3.0
1,1,67.216578536782,always,1,1,12.0
0,0,50.94034288566588,complier,0,1,2.0
1,1,72.02359701917682,always,1,1,12.0
0,0,51.09165842888195,complier,0,1,2.0
1,1,70.56033160612958,always,1,1,12.0
1,1,50.402296895079424,complier,0,1,2.0
1,0,44.015863278132535,never,0,0,-3.0
1,1,48.469596775237235,complier,0,1,2.0
1,1,70.3630518456334,always,1,1,12.0
1,0,46.880332657899444,never,0,0,-3.0
1,1,51.158717309183366,complier,0,1,2.0
0,1,66.13632319298782,always,1,1,12.0
1,0,46.91354833468885,never,0,0,-3.0
0,0,43.641963468190724,never,0,0,-3.0
0,0,48.03024588140176,complier,0,1,2.0
1,0,44.87655592032223,never,0,0,-3.0
1,1,49.49763701741678,complier,0,1,2.0
0,0,48.39111067478675,never,0,0,-3.0
0,0,44.79358108528387,never,0,0,-3.0
1,1,69.22801843434809,always,1,1,12.0
1,0,46.48254493688645,never,0,0,-3.0
1,1,52.90150455985976,complier,0,1,2.0
0,0,49.806491594725344,complier,0,1,2.0
1,1,50.57740116039034,complier,0,1,2.0
1,1,69.11081216884399,always,1,1,12.0
0,0,46.30806542924378,never,0,0,-3.0
1,0,45.61108781006828,never,0,0,-3.0
0,0,52.36815633504462,complier,0,1,2.0
0,1,71.30134785554598,always,1,1,12.0
1,1,68.2235582462451,always,1,1,12.0
1,1,54.96789523561772,complier,0,1,2.0
1,0,46.953727936626144,never,0,0,-3.0
0,0,47.30646123587768,complier,0,1,2.0
0,0,44.40283615245117,never,0,0,-3.0
0,0,45.15914926326031,never,0,0,-3.0
1,0,45.76650399959773,never,0,0,-3.0
0,0,44.09869105500867,never,0,0,-3.0
0,0,46.40156894992301,never,0,0,-3.0
0,0,48.011904859953496,never,0,0,-3.0
1,1,73.61957752062446,always,1,1,12.0
1,1,52.664938383663134,complier,0,1,2.0
1,0,44.463878091865695,never,0,0,-3.0
0,0,48.570742702985584,never,0,0,-3.0
0,0,46.0699472022875,complier,0,1,2.0
0,1,70.3163482150736,always,1,1,12.0
1,1,52.157544361387984,complier,0,1,2.0
1,1,67.689583468321,always,1,1,12.0
1,0,45.10311874034157,never,0,0,-3.0
1,1,50.536129236421054,complier,0,1,2.0
0,0,44.4717059959828,never,0,0,-3.0
1,1,67.73823965728837,always,1,1,12.0
0,0,46.16486859814771,never,0,0,-3.0
1,0,47.13007538189679,never,0,0,-3.0
0,1,71.3267260964781,always,1,1,12.0
0,0,52.77573382732763,complier,0,1,2.0
0,0,42.412968186099775,never,0,0,-3.0
1,0,48.11314844445221,never,0,0,-3.0
0,0,50.35203884425082,complier,0,1,2.0
1,0,47.65604213963614,never,0,0,-3.0
1,1,54.71887987691383,complier,0,1,2.0
1,1,68.75647733430881,always,1,1,12.0
0,0,48.13651885544004,never,0,0,-3.0
1,0,50.110172317842704,never,0,0,-3.0
1,1,67.30457703186832,always,1,1,12.0
1,1,68.0525900501877,always,1,1,12.0
1,1,68.77177397576857,always,1,1,12.0
1,0,49.6570222571949,never,0,0,-3.0
0,0,43.28912150968439,never,0,0,-3.0
0,0,46.70414155775754,never,0,0,-3.0
1,0,47.42489595869027,never,0,0,-3.0
1,1,52.57134664314691,complier,0,1,2.0
1,1,71.48943510849249,always,1,1,12.0
0,1,65.8729612246628,always,1,1,12.0
1,1,67.73188734419136,always,1,1,12.0
1,0,47.845571750361316,never,0,0,-3.0
0,0,51.38054521036168,complier,0,1,2.0
1,0,46.96612593283449,never,0,0,-3.0
1,1,71.3091091350255,always,1,1,12.0
0,0,47.619435233366914,never,0,0,-3.0
1,1,68.50310953408228,always,1,1,12.0
0,0,51.170737417649185,complier,0,1,2.0
0,0,46.602891767941415,never,0,0,-3.0
0,1,66.43651834343792,always,1,1,12.0
0,0,45.9675917521798,never,0,0,-3.0
1,0,45.27448992868426,never,0,0,-3.0
0,0,47.40619702249643,never,0,0,-3.0
1,1,52.60916787609121,complier,0,1,2.0
0,0,49.64185595665499,complier,0,1,2.0
1,1,52.23993631116556,complier,0,1,2.0
1,1,49.889316267914275,complier,0,1,2.0
0,1,67.61484156092722,always,1,1,12.0
0,0,49.18780692471353,never,0,0,-3.0
1,1,73.85535002087062,always,1,1,12.0
0,0,49.493853514296624,complier,0,1,2.0
0,0,45.23063620553106,never,0,0,-3.0
1,0,46.31962271567958,never,0,0,-3.0
0,0,44.85454025938281,never,0,0,-3.0
1,0,44.61906890038885,never,0,0,-3.0
0,1,67.536650303897,always,1,1,12.0
0,0,50.962264944943385,complier,0,1,2.0
1,0,45.67058980440479,never,0,0,-3.0
0,1,69.35962092980205,always,1,1,12.0
1,1,72.4739586027185,always,1,1,12.0
1,1,54.38675213238,complier,0,1,2.0
0,1,68.66310765949407,always,1,1,12.0
0,0,50.97324712989241,complier,0,1,2.0
0,0,47.83181275458427,never,0,0,-3.0
0,0,48.151553314552125,complier,0,1,2.0
0,0,47.714244295138606,never,0,0,-3.0
0,1,72.00028691126624,always,1,1,12.0
0,0,45.659455917549415,never,0,0,-3.0
0,1,71.0559176914028,always,1,1,12.0
0,0,50.53751949927372,complier,0,1,2.0
0,1,70.46927926479388,always,1,1,12.0
1,1,51.47149049758813,complier,0,1,2.0
1,1,48.57622940370376,complier,0,1,2.0
0,1,68.36169869140267,always,1,1,12.0
1,0,46.17560015166013,never,0,0,-3.0
0,0,40.93128588209802,never,0,0,-3.0
1,1,51.661323349073896,complier,0,1,2.0
1,0,45.176005713065145,never,0,0,-3.0
0,0,52.147970123979746,complier,0,1,2.0
0,0,45.71270726026496,complier,0,1,2.0
0,1,70.67575626029111,always,1,1,12.0
1,1,52.93043495633968,complier,0,1,2.0
0,0,52.62565551722436,complier,0,1,2.0
1,1,67.84960313435238,always,1,1,12.0
0,0,46.687483051708845,never,0,0,-3.0
1,1,51.40867491874848,complier,0,1,2.0
1,1,55.34693210171456,complier,0,1,2.0
0,0,47.58520303536581,complier,0,1,2.0
0,1,71.41517250521298,always,1,1,12.0
1,1,69.15334743049164,always,1,1,12.0
1,1,71.29337990018111,always,1,1,12.0
0,1,70.21614822561995,always,1,1,12.0
1,0,45.098943637528635,never,0,0,-3.0
1,0,46.2459453834316,never,0,0,-3.0
0,0,47.884849452330336,complier,0,1,2.0
0,0,44.73329031914717,never,0,0,-3.0
1,1,53.71996250004335,complier,0,1,2.0
1,0,46.01464529673433,never,0,0,-3.0
0,1,67.999415111238,always,1,1,12.0
0,0,44.061166631884916,never,0,0,-3.0
1,0,43.68997437065961,never,0,0,-3.0
1,1,50.52461287743864,complier,0,1,2.0
1,0,47.69055066272026,never,0,0,-3.0
0,0,46.63854589998824,complier,0,1,2.0
1,1,53.42036044454286,complier,0,1,2.0
0,0,47.08790789370367,never,0,0,-3.0
1,1,52.42050633890103,complier,0,1,2.0
0,0,45.23780059335312,never,0,0,-3.0
1,1,53.19667070487774,complier,0,1,2.0
0,0,48.55009360717787,complier,0,1,2.0
1,0,46.82596071771349,never,0,0,-3.0
1,1,69.6102673142436,always,1,1,12.0
0,0,44.62220375210374,never,0,0,-3.0
1,0,44.83141886928572,never,0,0,-3.0
0,0,49.22270896701085,complier,0,1,2.0
1,1,51.12615913213424,complier,0,1,2.0
0,1,68.04358857919345,always,1,1,12.0
1,1,67.42705834316286,always,1,1,12.0
1,0,44.74355600976539,never,0,0,-3.0
1,0,46.8113817301804,never,0,0,-3.0
0,0,46.338178544699744,complier,0,1,2.0
1,0,45.15549021979858,never,0,0,-3.0
1,0,47.36443875600951,never,0,0,-3.0
1,1,71.22143231668431,always,1,1,12.0
0,1,72.698632442522,always,1,1,12.0
1,0,44.68697100659931,never,0,0,-3.0
1,1,69.00814549159975,always,1,1,12.0
1,0,45.12199846873809,never,0,0,-3.0
1,1,67.64838666531764,always,1,1,12.0
0,0,47.636431620753285,never,0,0,-3.0
1,1,49.66603470456347,complier,0,1,2.0
0,1,67.13071473613213,always,1,1,12.0
1,1,51.26972470849089,complier,0,1,2.0
1,1,48.78144332217106,complier,0,1,2.0
1,0,47.06547427584676,never,0,0,-3.0
1,0,45.53124855107054,never,0,0,-3.0
1,0,45.09379515599007,never,0,0,-3.0
0,0,48.286509839353435,complier,0,1,2.0
1,1,52.689079166337244,complier,0,1,2.0
1,1,71.8880635076227,always,1,1,12.0
1,1,52.749410111809944,complier,0,1,2.0
1,0,49.434638997864496,never,0,0,-3.0
0,1,70.43835701725631,always,1,1,12.0
0,1,71.74502710001076,always,1,1,12.0
0,1,70.0303929250793,always,1,1,12.0
0,1,67.0898517550886,always,1,1,12.0
0,0,43.98975490707647,never,0,0,-3.0
0,0,45.24189771937849,never,0,0,-3.0
0,0,43.777748412587655,never,0,0,-3.0
1,1,69.52057091040365,always,1,1,12.0
1,1,51.97533436507854,complier,0,1,2.0
0,0,48.27595259055152,never,0,0,-3.0
1,0,45.13909824744572,never,0,0,-3.0
1,0,45.75689872871139,never,0,0,-3.0
0,0,44.90767931135264,never,0,0,-3.0
0,1,66.75126380150421,always,1,1,12.0
0,1,70.08253148268145,always,1,1,12.0
1,1,52.769757645103724,complier,0,1,2.0
0,0,47.598799760116925,never,0,0,-3.0
0,0,47.188714743857986,never,0,0,-3.0
0,0,47.022611159390614,never,0,0,-3.0
1,0,39.71561547433843,never,0,0,-3.0
0,0,46.14759257733445,complier,0,1,2.0
1,1,68.3740165926392,always,1,1,12.0
0,0,48.555628577361,never,0,0,-3.0
0,0,48.976274124846775,complier,0,1,2.0
1,1,69.37493060245923,always,1,1,12.0
0,0,48.60659553884197,never,0,0,-3.0
0,1,65.4825731799426,always,1,1,12.0
0,1,70.15841667314214,always,1,1,12.0
0,0,47.95170181528005,complier,0,1,2.0
0,0,51.11322654155849,complier,0,1,2.0
1,1,53.33483271697437,complier,0,1,2.0
0,0,45.18128578701211,never,0,0,-3.0
0,1,66.12212926531362,always,1,1,12.0
0,0,45.91272419353901,never,0,0,-3.0
1,0,44.60028380792932,never,0,0,-3.0
1,1,53.15878489490821,complier,0,1,2.0
1,0,45.759188514844645,never,0,0,-3.0
0,0,47.14635711966183,never,0,0,-3.0
0,0,52.79761480309181,complier,0,1,2.0
0,0,49.72065739434307,complier,0,1,2.0
1,1,64.64786510575681,always,1,1,12.0
0,0,46.443001665391556,never,0,0,-3.0
0,0,47.58631643530547,never,0,0,-3.0
0,0,45.20721128657893,never,0,0,-3.0
1,0,45.408040650651266,never,0,0,-3.0
1,1,51.837294437797794,complier,0,1,2.0
0,0,49.68960465502575,complier,0,1,2.0
0,0,45.430820241386044,never,0,0,-3.0
0,0,45.35823655779353,never,0,0,-3.0
0,1,72.53029831835492,always,1,1,12.0
0,0,49.68362685912206,complier,0,1,2.0
0,1,67.46956429683911,always,1,1,12.0
1,1,53.262842131284074,complier,0,1,2.0
1,1,70.3432783462348,always,1,1,12.0
0,0,49.19356622016104,never,0,0,-3.0
0,1,68.34980520364489,always,1,1,12.0
0,1,67.77924136170375,always,1,1,12.0
0,0,45.673629200597155,never,0,0,-3.0
1,1,50.891992029760516,complier,0,1,2.0
1,0,45.62690915473169,never,0,0,-3.0
1,1,66.58358679473574,always,1,1,12.0
1,0,45.86451276398512,never,0,0,-3.0
0,0,47.01143154876608,never,0,0,-3.0
0,0,46.933020339288014,never,0,0,-3.0
1,1,51.45357362403699,complier,0,1,2.0
1,1,55.51898461825588,complier,0,1,2.0
1,1,52.176673530666015,complier,0,1,2.0
0,0,44.607761270278495,never,0,0,-3.0
1,0,46.81370297884745,never,0,0,-3.0
0,0,46.76745289351045,never,0,0,-3.0
1,1,68.09149099111228,always,1,1,12.0
1,1,54.975934449946045,complier,0,1,2.0
1,0,48.546774981946065,never,0,0,-3.0
1,1,70.69940354085487,always,1,1,12.0
1,1,67.15122465268864,always,1,1,12.0
0,0,42.56698273702295,never,0,0,-3.0
0,0,46.62024069602759,never,0,0,-3.0
1,1,65.99889560828075,always,1,1,12.0
1,0,49.04567850267362,never,0,0,-3.0
1,0,47.68906970989598,never,0,0,-3.0
0,0,50.62849129837828,complier,0,1,2.0
0,0,48.40008962437498,complier,0,1,2.0
1,0,46.00262587270814,never,0,0,-3.0
0,0,50.90786402919363,never,0,0,-3.0
0,0,48.84830732710784,complier,0,1,2.0
1,0,47.41049492335188,never,0,0,-3.0
0,0,44.28304036119442,never,0,0,-3.0
0,0,43.169962126962425,never,0,0,-3.0
1,1,68.1072472936353,always,1,1,12.0
1,1,70.76353169790751,always,1,1,12.0
0,0,45.799484946865135,never,0,0,-3.0
0,1,68.42753029556748,always,1,1,12.0
1,1,66.27395467119702,always,1,1,12.0
0,1,72.54840430197146,always,1,1,12.0
0,1,69.02287202943832,always,1,1,12.0
0,1,70.2540093207802,always,1,1,12.0
0,0,44.819679350944455,never,0,0,-3.0
0,0,48.45674863576326,complier,0,1,2.0
1,1,53.66888252735884,complier,0,1,2.0
1,1,68.22582739214064,always,1,1,12.0
1,0,50.355655403152596,never,0,0,-3.0
1,1,52.12477620881686,complier,0,1,2.0
0,1,70.39593233748568,always,1,1,12.0
1,1,49.23043752242041,complier,0,1,2.0
0,0,46.16924660001893,never,0,0,-3.0
1,1,48.774829434627286,complier,0,1,2.0
1,1,67.24637273350089,always,1,1,12.0
0,1,69.24407706520198,always,1,1,12.0
0,0,52.0215878984828,complier,0,1,2.0
0,0,43.717652480054845,never,0,0,-3.0
0,0,44.44311054938742,never,0,0,-3.0
0,0,48.13253091722736,complier,0,1,2.0
0,0,43.942410870972466,complier,0,1,2.0
1,1,66.9741199375683,always,1,1,12.0
1,0,45.041229722730556,never,0,0,-3.0
0,1,66.03280104322117,always,1,1,12.0
1,0,43.95700766853296,never,0,0,-3.0
0,0,41.6950461613037,never,0,0,-3.0
0,0,45.43030078620678,never,0,0,-3.0
0,1,71.45536209110998,always,1,1,12.0
0,0,44.44724871900173,never,0,0,-3.0
0,0,43.207586241980835,never,0,0,-3.0
0,0,45.289884882863305,never,0,0,-3.0
0,0,47.94358823437407,complier,0,1,2.0
0,1,68.98375556586656,always,1,1,12.0
1,1,53.04793862383792,complier,0,1,2.0
1,1,67.70212269680887,always,1,1,12.0
1,1,69.86678930001648,always,1,1,12.0
0,1,68.90060315749405,always,1,1,12.0
0,0,42.19091857947567,never,0,0,-3.0
1,1,68.189846395497,always,1,1,12.0
1,0,43.61141508647135,never,0,0,-3.0
1,1,66.33247611699902,always,1,1,12.0
1,1,51.09736984834198,complier,0,1,2.0
0,0,50.68470565347701,complier,0,1,2.0
1,1,54.15899894392625,complier,0,1,2.0
1,1,68.90586765132382,always,1,1,12.0
0,0,49.71405340778626,complier,0,1,2.0
1,1,70.10330338099276,always,1,1,12.0
1,0,41.13349109876243,never,0,0,-3.0
0,1,70.32720713605968,always,1,1,12.0
1,0,46.931131786772404,never,0,0,-3.0
0,0,51.26033581895083,complier,0,1,2.0
1,0,43.52088017794783,never,0,0,-3.0
0,0,46.65065133065701,never,0,0,-3.0
1,1,51.899526414604196,complier,0,1,2.0
0,0,49.73702774613146,complier,0,1,2.0
0,0,46.59805505178042,never,0,0,-3.0
1,1,50.259562620212265,complier,0,1,2.0
1,1,66.85422740910838,always,1,1,12.0
0,0,44.67467885187225,never,0,0,-3.0
1,1,67.08626486825757,always,1,1,12.0
0,0,44.69609968952316,never,0,0,-3.0
0,0,48.49235723016659,complier,0,1,2.0
0,0,54.49327850870666,complier,0,1,2.0
1,1,51.899225946304966,complier,0,1,2.0
1,1,68.20586791239641,always,1,1,12.0
1,1,68.09864124523207,always,1,1,12.0
0,1,70.87171246955249,always,1,1,12.0
0,0,46.58654868395513,never,0,0,-3.0
0,0,44.945042983897444,never,0,0,-3.0
1,0,46.48004950301221,never,0,0,-3.0
1,1,50.171006755813885,complier,0,1,2.0
1,1,68.5906095684005,always,1,1,12.0
1,1,64.73874823578475,always,1,1,12.0
1,0,42.5663380551065,never,0,0,-3.0
1,1,50.97168574141236,complier,0,1,2.0
1,1,72.75476916456861,always,1,1,12.0
0,0,47.618666507626926,complier,0,1,2.0
0,0,44.03569484361957,never,0,0,-3.0
0,1,71.59216884961755,always,1,1,12.0
1,0,45.51389370483013,never,0,0,-3.0
1,1,52.165038360647394,complier,0,1,2.0
0,1,68.81826708075599,always,1,1,12.0
1,0,45.351877826120216,never,0,0,-3.0
0,0,48.749236788106366,complier,0,1,2.0
0,0,48.295301925912284,never,0,0,-3.0
1,1,53.158857114031846,complier,0,1,2.0
1,1,65.57282257480162,always,1,1,12.0
1,1,53.00078470925162,complier,0,1,2.0
0,0,39.700680425090184,never,0,0,-3.0
0,0,49.18667044016106,complier,0,1,2.0
0,0,49.58937087260237,never,0,0,-3.0
1,0,45.35084550942567,never,0,0,-3.0
0,0,48.853493908702916,complier,0,1,2.0
0,0,43.526242956240566,never,0,0,-3.0
1,1,63.62461461184728,always,1,1,12.0
0,0,46.97081643071265,never,0,0,-3.0
0,1,72.66906738634445,always,1,1,12.0
1,0,43.425500995401286,never,0,0,-3.0
1,1,49.593452151257594,complier,0,1,2.0
0,0,45.75459154589662,never,0,0,-3.0
1,0,43.58097754084863,never,0,0,-3.0
0,1,69.68542731530107,always,1,1,12.0
0,0,47.488903830549006,never,0,0,-3.0
0,0,44.05453678297587,never,0,0,-3.0
1,1,71.96199583107693,always,1,1,12.0
1,1,70.89730055214642,always,1,1,12.0
0,0,46.08850662205252,complier,0,1,2.0
0,0,42.73128032799313,never,0,0,-3.0
0,1,67.80978904260087,always,1,1,12.0
1,1,66.33178460321956,always,1,1,12.0
0,1,68.42420626924168,always,1,1,12.0
1,1,71.20722605764843,always,1,1,12.0
0,0,52.43330775885109,complier,0,1,2.0
1,1,54.45536308160759,complier,0,1,2.0
0,0,53.08145253239467,complier,0,1,2.0
1,0,43.015362149341804,never,0,0,-3.0
0,0,49.3163987721286,complier,0,1,2.0
0,0,48.94959255595279,never,0,0,-3.0
1,1,55.0648799613013,complier,0,1,2.0
0,0,45.426245302547045,never,0,0,-3.0
1,0,45.58326175227598,never,0,0,-3.0
1,1,53.288758016036276,complier,0,1,2.0
1,1,51.69571327314051,complier,0,1,2.0
0,0,45.38368895985751,never,0,0,-3.0
0,1,68.81985084894724,always,1,1,12.0
1,0,43.96542807723224,never,0,0,-3.0
1,1,69.52338135084786,always,1,1,12.0
0,0,48.49999154778219,complier,0,1,2.0
0,0,43.141436823102474,never,0,0,-3.0
1,1,67.72519253019726,always,1,1,12.0
1,0,45.21983948810564,never,0,0,-3.0
0,0,45.98457637465054,never,0,0,-3.0
0,0,47.87935633742274,never,0,0,-3.0
0,1,67.7536415810452,always,1,1,12.0
1,1,68.41883640976741,always,1,1,12.0
1,0,45.43151978581474,never,0,0,-3.0
0,0,44.90406784212834,never,0,0,-3.0
0,1,65.87505611976266,always,1,1,12.0
0,1,66.35763597846002,always,1,1,12.0
0,1,71.19770936278833,always,1,1,12.0
0,0,49.29923818707005,complier,0,1,2.0
0,1,70.07661109166168,always,1,1,12.0
0,1,71.04217591865407,always,1,1,12.0
1,1,49.83598897578805,complier,0,1,2.0
1,1,68.73339100139,always,1,1,12.0
0,0,43.808228091468514,never,0,0,-3.0
0,1,69.60467889324653,always,1,1,12.0
1,1,50.30860164874775,complier,0,1,2.0
1,0,47.879913677661584,never,0,0,-3.0
0,0,50.31881563304882,complier,0,1,2.0
1,0,41.51299260020881,never,0,0,-3.0
0,0,48.227210054518395,never,0,0,-3.0
1,0,42.760050434603514,never,0,0,-3.0
1,1,53.30394426444721,complier,0,1,2.0
1,1,67.07613726023827,always,1,1,12.0
0,1,70.55753049558972,always,1,1,12.0
1,0,45.45689662675703,never,0,0,-3.0
0,0,46.55753637676556,never,0,0,-3.0
1,1,54.99643755321094,complier,0,1,2.0
0,0,46.80874073218044,never,0,0,-3.0
0,1,64.22871925713012,always,1,1,12.0
1,1,66.08826234790469,always,1,1,12.0
1,1,47.95930200180275,complier,0,1,2.0
0,0,51.09420333094191,complier,0,1,2.0
1,1,55.19512341430566,complier,0,1,2.0
1,0,47.70631402307671,never,0,0,-3.0
1,1,67.47570117169515,always,1,1,12.0
1,1,53.77515256853199,complier,0,1,2.0
0,0,53.13148616038751,complier,0,1,2.0
1,1,66.75033220122107,always,1,1,12.0
0,0,49.91514401334176,complier,0,1,2.0
0,0,49.39985284022682,complier,0,1,2.0
1,1,49.34351303092795,complier,0,1,2.0
0,1,67.03373914160126,always,1,1,12.0
0,0,41.13870589158865,never,0,0,-3.0
0,0,50.49144791840138,complier,0,1,2.0
0,1,70.33704659447461,always,1,1,12.0
1,1,54.34602943612117,complier,0,1,2.0
0,0,47.000819416166216,never,0,0,-3.0
0,1,67.8653164470537,always,1,1,12.0
1,1,72.43893352053422,always,1,1,12.0
1,1,53.56887368448376,complier,0,1,2.0
0,1,69.30994748567828,always,1,1,12.0
0,0,50.01350822339211,complier,0,1,2.0
0,0,48.88364581507422,complier,0,1,2.0
1,0,46.83368365924964,never,0,0,-3.0
0,0,48.92952095987648,complier,0,1,2.0
1,1,48.97951030555241,complier,0,1,2.0
1,0,43.46104998568211,never,0,0,-3.0
0,0,44.85137864194215,never,0,0,-3.0
1,0,47.5555940812764,never,0,0,-3.0
0,1,70.87661224372148,always,1,1,12.0
0,0,46.222378743245365,never,0,0,-3.0
1,1,68.29539110320398,always,1,1,12.0
0,0,45.910170282862545,never,0,0,-3.0
1,1,54.85581741374287,complier,0,1,2.0
1,1,51.88993516241756,complier,0,1,2.0
0,1,67.4961899683665,always,1,1,12.0
0,1,70.99795574595616,always,1,1,12.0
0,1,68.53785052746905,always,1,1,12.0
1,0,48.384942637533726,never,0,0,-3.0
0,0,42.83772538442628,never,0,0,-3.0
0,0,49.18868562721901,complier,0,1,2.0
0,1,66.65688514155708,always,1,1,12.0
0,0,50.424234733480326,never,0,0,-3.0
0,0,46.74948298599092,never,0,0,-3.0
1,1,69.71734674666351,always,1,1,12.0
0,0,51.228444648345096,complier,0,1,2.0
1,1,49.53708536861383,complier,0,1,2.0
0,1,69.94595154708242,always,1,1,12.0
1,0,47.1585284967692,never,0,0,-3.0
0,1,67.97261629839274,always,1,1,12.0
0,0,43.651578926031625,never,0,0,-3.0
0,0,54.376350098279524,complier,0,1,2.0
0,0,50.137528307914664,complier,0,1,2.0
0,1,68.6541245018628,always,1,1,12.0
0,0,44.77978500205914,never,0,0,-3.0
0,0,45.875554084311844,never,0,0,-3.0
1,1,68.1456634738035,always,1,1,12.0
0,0,44.26699412003568,never,0,0,-3.0
0,0,49.29444093929988,complier,0,1,2.0
1,1,49.513543498882576,complier,0,1,2.0
0,0,50.14811862485031,complier,0,1,2.0
1,0,44.75260926372798,never,0,0,-3.0
1,0,44.557688153126854,never,0,0,-3.0
0,0,50.60485610307147,complier,0,1,2.0
0,0,49.17848522448405,complier,0,1,2.0
0,1,68.7015685582596,always,1,1,12.0
1,1,53.903974289610595,complier,0,1,2.0
0,1,66.17580265872489,always,1,1,12.0
0,0,44.50750307963657,never,0,0,-3.0
0,0,48.17482123660058,complier,0,1,2.0
1,0,49.52363784029322,never,0,0,-3.0
1,1,51.848965409184274,complier,0,1,2.0
0,1,64.90099491491142,always,1,1,12.0
0,1,70.35110530975858,always,1,1,12.0
1,1,52.70553496978097,complier,0,1,2.0
0,0,49.32342623669691,never,0,0,-3.0
0,1,68.70001705149659,always,1,1,12.0
0,1,68.04851007668285,always,1,1,12.0
0,0,45.77286776666855,never,0,0,-3.0
0,0,42.666118608343076,never,0,0,-3.0
1,1,68.36674122819944,always,1,1,12.0
0,1,67.38570324236072,always,1,1,12.0
1,0,47.23598800012114,never,0,0,-3.0
0,0,49.58631712683884,complier,0,1,2.0
1,1,52.48956805883742,complier,0,1,2.0
0,0,49.054928970144026,never,0,0,-3.0
0,1,68.76021101683841,always,1,1,12.0
0,1,68.61744754471052,always,1,1,12.0
1,0,47.843246605934056,never,0,0,-3.0
0,0,51.70373227681436,complier,0,1,2.0
1,1,52.24992346399339,complier,0,1,2.0
0,0,46.64024372331901,never,0,0,-3.0
0,0,47.92276571211973,never,0,0,-3.0
0,0,46.2357858525206,never,0,0,-3.0
1,1,52.45835984318814,complier,0,1,2.0
0,0,49.70714966218126,never,0,0,-3.0
0,0,41.95573765165542,never,0,0,-3.0
0,0,48.63263095988154,complier,0,1,2.0
1,0,45.83482060996139,never,0,0,-3.0
1,1,52.24559714256425,complier,0,1,2.0
1,0,42.25729297209764,never,0,0,-3.0
1,1,52.2718069854194,complier,0,1,2.0
0,1,65.74580469519934,always,1,1,12.0
1,1,48.905242131093175,complier,0,1,2.0
0,0,45.85834654621131,never,0,0,-3.0
0,0,46.859546020370004,never,0,0,-3.0
1,0,47.24992682867287,never,0,0,-3.0
0,0,45.955065346865766,never,0,0,-3.0
0,1,69.42562769366438,always,1,1,12.0
1,0,46.92877138494786,never,0,0,-3.0
1,1,65.76689987841749,always,1,1,12.0
0,1,71.15022369894739,always,1,1,12.0
0,0,51.50901952811012,complier,0,1,2.0
0,0,49.79572178043082,complier,0,1,2.0
1,1,67.8991323372276,always,1,1,12.0
1,1,47.29914334774407,complier,0,1,2.0
0,1,70.64344030552984,always,1,1,12.0
0,1,73.09905822791237,always,1,1,12.0
1,0,43.31207860966092,never,0,0,-3.0
0,0,50.04920591155475,complier,0,1,2.0
0,0,49.41773191697028,never,0,0,-3.0
1,1,65.75594293535188,always,1,1,12.0
1,0,47.75716790147239,never,0,0,-3.0
1,0,44.47339733578908,never,0,0,-3.0
1,1,51.84831696577588,complier,0,1,2.0
1,1,69.37874361739108,always,1,1,12.0
0,0,52.58908492007515,complier,0,1,2.0
1,0,43.750623491503745,never,0,0,-3.0
0,1,70.03938404114142,always,1,1,12.0
1,1,69.70407819569456,always,1,1,12.0
1,1,51.77223662090535,complier,0,1,2.0
1,0,45.14203585858878,never,0,0,-3.0
0,0,53.173178596013685,complier,0,1,2.0
0,0,48.793334552093214,complier,0,1,2.0
1,1,66.92919128651819,always,1,1,12.0
0,0,48.747443891927006,never,0,0,-3.0
0,1,67.23041424516103,always,1,1,12.0
1,1,49.89321434294123,complier,0,1,2.0
0,0,45.89573183159431,never,0,0,-3.0
1,1,70.1958696849079,always,1,1,12.0
1,1,53.60456097388738,complier,0,1,2.0
1,0,44.82818720557975,never,0,0,-3.0
1,1,52.45380388343993,complier,0,1,2.0
0,0,47.531229657689494,never,0,0,-3.0
0,0,44.401400465937535,never,0,0,-3.0
0,0,47.692163860677546,never,0,0,-3.0
0,1,67.69358785369842,always,1,1,12.0
0,0,47.55500978490044,complier,0,1,2.0
0,1,67.91703197958272,always,1,1,12.0
0,0,50.128144613225636,complier,0,1,2.0
0,1,67.84635566110312,always,1,1,12.0
1,0,48.35059907596403,never,0,0,-3.0
0,0,45.472065219665886,never,0,0,-3.0
0,0,48.547134978609684,complier,0,1,2.0
1,1,66.401242398554,always,1,1,12.0
0,0,50.77722922947247,complier,0,1,2.0
0,0,44.61871721250168,never,0,0,-3.0
1,1,54.077812357956866,complier,0,1,2.0
0,0,51.89863946651025,complier,0,1,2.0
0,1,71.52982261559974,always,1,1,12.0
0,0,44.21684897634354,never,0,0,-3.0
0,0,50.86746024618153,complier,0,1,2.0
1,1,72.2028862140263,always,1,1,12.0
1,1,69.07511761699425,always,1,1,12.0
1,0,43.36031349705553,never,0,0,-3.0
1,0,46.71765600477219,never,0,0,-3.0
0,1,69.47614728428864,always,1,1,12.0
1,0,46.541742518584996,never,0,0,-3.0
1,1,70.51773329586057,always,1,1,12.0
0,1,70.08858927211426,always,1,1,12.0
1,0,46.855162559810054,never,0,0,-3.0
1,1,69.74653581818455,always,1,1,12.0
0,0,48.33385013458188,complier,0,1,2.0
0,0,49.61452368536053,complier,0,1,2.0
0,1,65.91441933372676,always,1,1,12.0
1,0,49.02241199381441,never,0,0,-3.0
0,0,44.37477838052963,never,0,0,-3.0
0,0,45.507147160729474,never,0,0,-3.0
0,0,52.634019695670304,complier,0,1,2.0
1,0,40.97418164166647,never,0,0,-3.0
0,0,43.594172305442235,never,0,0,-3.0
0,0,45.75559841040885,never,0,0,-3.0
1,0,45.5529918116459,never,0,0,-3.0
1,0,42.871531997190154,never,0,0,-3.0
1,1,67.14120381189244,always,1,1,12.0
0,0,47.198571049781265,never,0,0,-3.0
1,1,50.710441071107006,complier,0,1,2.0
1,0,46.93212104190782,never,0,0,-3.0
0,0,46.59509588945133,never,0,0,-3.0
1,1,68.31956300301296,always,1,1,12.0
1,1,67.83427932382766,always,1,1,12.0
1,0,48.295652785137726,never,0,0,-3.0
0,1,68.60715523898375,always,1,1,12.0
1,0,47.722762331505464,never,0,0,-3.0
0,0,50.29674912281576,complier,0,1,2.0
1,0,46.36699063884054,never,0,0,-3.0
1,1,68.95341798331887,always,1,1,12.0
1,0,44.09583158352958,never,0,0,-3.0
0,0,51.159404847520264,complier,0,1,2.0
1,0,43.70925056836484,never,0,0,-3.0
1,0,44.42933695463571,never,0,0,-3.0
1,1,66.08186547516438,always,1,1,12.0
1,0,42.49727297633432,never,0,0,-3.0
1,1,52.426063016546905,complier,0,1,2.0
0,0,47.04502944836481,never,0,0,-3.0
1,0,45.40333952368812,never,0,0,-3.0
0,0,48.753170687450144,complier,0,1,2.0
0,0,44.977281280229406,never,0,0,-3.0
1,0,44.40742709543677,never,0,0,-3.0
0,1,70.00789060742368,always,1,1,12.0
0,1,66.63282669726168,always,1,1,12.0
1,1,51.05461442965943,complier,0,1,2.0
1,1,47.55111851489726,complier,0,1,2.0
1,1,67.5579346428279,always,1,1,12.0
1,0,45.41817516906057,never,0,0,-3.0
0,1,67.15903140214469,always,1,1,12.0
0,0,46.23911186461144,never,0,0,-3.0
0,1,71.46091656676938,always,1,1,12.0
1,0,49.497897231838074,never,0,0,-3.0
1,1,68.7516446102565,always,1,1,12.0
1,0,43.46538919569649,never,0,0,-3.0
0,1,70.28393754184258,always,1,1,12.0
0,0,49.30764688938921,complier,0,1,2.0
1,0,45.351964629613676,never,0,0,-3.0
1,0,48.50061202734336,never,0,0,-3.0
1,1,68.97730463278748,always,1,1,12.0
1,0,48.491284900107615,never,0,0,-3.0
0,0,45.57848839021866,never,0,0,-3.0
1,0,46.67776039976147,never,0,0,-3.0
1,0,43.84265822774421,never,0,0,-3.0
0,0,43.594731307460364,never,0,0,-3.0
1,1,50.23426801333414,complier,0,1,2.0
0,0,46.83679270029154,never,0,0,-3.0
1,1,71.26467263985352,always,1,1,12.0
0,0,51.08175805696716,complier,0,1,2.0
0,1,67.79962188122285,always,1,1,12.0
0,1,71.60124565213859,always,1,1,12.0
0,1,64.79429814409858,always,1,1,12.0
0,1,68.48357462833724,always,1,1,12.0
1,0,46.666389980516435,never,0,0,-3.0
1,1,49.74309443489592,complier,0,1,2.0
0,0,47.50714088632828,never,0,0,-3.0
0,0,43.022162415631115,never,0,0,-3.0
0,0,48.13234221219994,never,0,0,-3.0
1,0,46.611125422769824,never,0,0,-3.0
0,1,73.46091368446456,always,1,1,12.0
1,1,50.70204140860665,complier,0,1,2.0
0,0,49.50521758139209,complier,0,1,2.0
0,0,44.398191596623725,never,0,0,-3.0
1,0,47.35901772284076,never,0,0,-3.0
0,1,70.71698184278604,always,1,1,12.0
1,1,53.67423675524203,complier,0,1,2.0
1,0,43.98138346601995,never,0,0,-3.0
1,0,47.375291765504905,never,0,0,-3.0
1,1,51.053419276310905,complier,0,1,2.0
0,1,69.60155414926109,always,1,1,12.0
0,0,40.92149275147494,never,0,0,-3.0
1,0,47.750630538489276,never,0,0,-3.0
0,0,47.380945957070246,never,0,0,-3.0
0,0,49.4464694283985,complier,0,1,2.0
1,1,53.91944517707015,complier,0,1,2.0
1,0,42.900925719775856,never,0,0,-3.0
1,0,46.05831198785074,never,0,0,-3.0
0,0,48.826979505464905,complier,0,1,2.0
1,1,69.90694580126795,always,1,1,12.0
0,0,51.86307797755544,complier,0,1,2.0
0,1,67.17319415842894,always,1,1,12.0
1,1,53.92079312285647,complier,0,1,2.0
0,0,48.52354212786006,complier,0,1,2.0
1,1,51.095177953990195,complier,0,1,2.0
1,0,44.76822794381357,never,0,0,-3.0
1,1,52.841840800961045,complier,0,1,2.0
0,0,46.86841542169012,never,0,0,-3.0
1,0,46.508296450187025,never,0,0,-3.0
1,0,48.74550700746509,never,0,0,-3.0
0,0,52.50479831607537,complier,0,1,2.0
0,1,67.0585108843217,always,1,1,12.0
0,0,48.17029957164987,complier,0,1,2.0
1,0,50.01728143244952,never,0,0,-3.0
1,1,66.41491683491053,always,1,1,12.0
1,1,69.39850754196412,always,1,1,12.0
1,0,47.672531844454355,never,0,0,-3.0
0,1,70.76506796735053,always,1,1,12.0
0,0,44.73591417205449,never,0,0,-3.0
0,0,42.579269282248774,never,0,0,-3.0
0,0,44.981013251197076,never,0,0,-3.0
0,1,68.76811434520111,always,1,1,12.0
0,0,47.928379961182635,complier,0,1,2.0
1,1,69.81365945015376,always,1,1,12.0
0,0,45.988470839063176,never,0,0,-3.0
0,0,49.86877630753954,complier,0,1,2.0
0,1,64.47620146303326,always,1,1,12.0
1,1,49.56921384430942,complier,0,1,2.0
1,1,68.07965217002041,always,1,1,12.0
1,0,43.048113186011484,never,0,0,-3.0
0,0,48.11698889114883,never,0,0,-3.0
0,0,48.61199366756521,never,0,0,-3.0
0,1,73.45125346036137,always,1,1,12.0
0,0,46.50216651780341,never,0,0,-3.0
0,1,69.95465041203231,always,1,1,12.0
1,1,66.22885735610296,always,1,1,12.0
0,0,43.50291684779769,never,0,0,-3.0
0,0,49.18899002507884,never,0,0,-3.0
1,1,51.661438475812524,complier,0,1,2.0
1,1,65.69486659448229,always,1,1,12.0
1,1,70.52611868107358,always,1,1,12.0
0,0,50.39026141163412,complier,0,1,2.0
1,1,54.97411714259735,complier,0,1,2.0
0,1,70.77737228231301,always,1,1,12.0
1,0,43.9251945764377,never,0,0,-3.0
0,0,49.833192799623134,never,0,0,-3.0
1,1,71.80693219865299,always,1,1,12.0
1,1,55.01055364719386,complier,0,1,2.0
1,1,66.052697177366,always,1,1,12.0
0,0,43.702101431953984,never,0,0,-3.0
0,1,71.04443754212706,always,1,1,12.0
1,1,64.57035777120124,always,1,1,12.0
1,1,54.48631420511515,complier,0,1,2.0
0,0,49.264292490879114,complier,0,1,2.0
0,1,70.68796887598666,always,1,1,12.0
1,0,46.65126723286454,never,0,0,-3.0
0,1,69.29742207776432,always,1,1,12.0
0,1,68.48095494513186,always,1,1,12.0
1,1,53.872252786308636,complier,0,1,2.0
1,1,55.07134779062137,complier,0,1,2.0
1,1,55.5524457902842,complier,0,1,2.0
1,0,45.82037663324544,never,0,0,-3.0
1,1,70.39317741941855,always,1,1,12.0
1,0,45.40808637731471,never,0,0,-3.0
0,0,51.64551096310971,complier,0,1,2.0
1,0,48.11250189816302,never,0,0,-3.0
1,0,46.3830996404169,never,0,0,-3.0
1,1,53.630177681655034,complier,0,1,2.0
1,0,43.77703560021744,never,0,0,-3.0
0,0,46.35848652201723,never,0,0,-3.0
1,0,44.86042019983264,never,0,0,-3.0
1,1,51.84448218560576,complier,0,1,2.0
1,1,69.01807303108966,always,1,1,12.0
0,1,65.25089457754797,always,1,1,12.0
1,0,47.34554546081042,never,0,0,-3.0
1,1,69.34350335491014,always,1,1,12.0
1,0,42.75348458812373,never,0,0,-3.0
1,1,50.48594966036023,complier,0,1,2.0
0,1,70.70110821302929,always,1,1,12.0
0,0,51.94182356203707,complier,0,1,2.0
1,0,44.89013899351165,never,0,0,-3.0
0,1,70.26916146782199,always,1,1,12.0
0,1,69.92876766532508,always,1,1,12.0
1,0,46.63987822480111,never,0,0,-3.0
0,0,48.34159347944342,never,0,0,-3.0
0,0,50.89771992232342,never,0,0,-3.0
1,1,51.50673918943535,complier,0,1,2.0
0,1,67.06662154680598,always,1,1,12.0
0,0,53.00291073288811,complier,0,1,2.0
1,0,40.651308440846016,never,0,0,-3.0
0,0,52.68616245589228,complier,0,1,2.0
0,0,45.843774165382605,never,0,0,-3.0
1,1,52.47335150485676,complier,0,1,2.0
1,1,67.54333684647197,always,1,1,12.0
1,0,46.250447826561995,never,0,0,-3.0
1,1,66.53851134923163,always,1,1,12.0
0,0,48.63794622955818,never,0,0,-3.0
0,1,68.07624482225307,always,1,1,12.0
1,0,46.21865218768956,never,0,0,-3.0
1,1,72.52491268312878,always,1,1,12.0
1,0,44.45590520117673,never,0,0,-3.0
1,1,69.66153920853637,always,1,1,12.0
1,1,49.90698934310614,complier,0,1,2.0
1,1,70.45138627493893,always,1,1,12.0
0,1,67.04839109764016,always,1,1,12.0
1,1,48.139745138493936,complier,0,1,2.0
0,0,46.15668927018358,never,0,0,-3.0
1,0,47.936334309333645,never,0,0,-3.0
0,0,47.59272330747052,complier,0,1,2.0
0,0,43.365849379609806,never,0,0,-3.0
0,1,68.61709445114361,always,1,1,12.0
0,0,52.83686649253703,complier,0,1,2.0
1,0,43.47106922848665,never,0,0,-3.0
1,0,44.237379572634495,never,0,0,-3.0
0,1,71.04274673359942,always,1,1,12.0
1,1,65.4367313930083,always,1,1,12.0
1,0,47.72853014552795,never,0,0,-3.0
1,0,44.455726101137785,never,0,0,-3.0
0,0,51.53686101018375,complier,0,1,2.0
1,1,65.68502843217857,always,1,1,12.0
1,1,71.239147451745,always,1,1,12.0
0,0,47.09284989944357,never,0,0,-3.0
1,1,70.1499974283847,always,1,1,12.0
0,0,49.116938741709255,complier,0,1,2.0
1,0,46.448991458398815,never,0,0,-3.0
1,1,67.8644150971278,always,1,1,12.0
1,1,71.59457664146521,always,1,1,12.0
0,0,52.59139627153968,complier,0,1,2.0
1,1,69.598796868095,always,1,1,12.0
0,1,67.5391455788713,always,1,1,12.0
1,0,50.608568546375764,never,0,0,-3.0
0,0,45.94662127431134,never,0,0,-3.0
0,1,70.42147431090585,always,1,1,12.0
0,0,49.25409593213366,never,0,0,-3.0
0,0,48.000262900508865,never,0,0,-3.0
1,1,52.87882919492411,complier,0,1,2.0
1,0,45.11345991905538,never,0,0,-3.0
1,0,45.27776235989232,never,0,0,-3.0
1,0,46.08019095583228,never,0,0,-3.0
0,0,48.22166941285338,complier,0,1,2.0
0,0,46.34545869946246,never,0,0,-3.0
1,0,44.409537014199415,never,0,0,-3.0
1,1,56.400921743582416,complier,0,1,2.0
1,1,49.06218562556875,complier,0,1,2.0
1,1,69.010798210653,always,1,1,12.0
0,0,50.63789992259204,complier,0,1,2.0
1,1,52.15383959517768,complier,0,1,2.0
1,1,73.88518286336081,always,1,1,12.0
1,0,45.63833718265561,never,0,0,-3.0
1,1,66.8203890946806,always,1,1,12.0
0,1,70.3590669249396,always,1,1,12.0
0,1,68.55090443500136,always,1,1,12.0
1,0,44.50298959690272,never,0,0,-3.0
0,0,47.3157840217602,complier,0,1,2.0
0,0,42.33581854839001,never,0,0,-3.0
1,1,55.066494057445574,complier,0,1,2.0
1,0,44.64898559252737,never,0,0,-3.0
0,0,45.05330260294286,never,0,0,-3.0
0,0,44.63365802380481,never,0,0,-3.0
0,1,69.75967588529774,always,1,1,12.0
0,0,53.179686821741,never,0,0,-3.0
0,0,50.84396442080564,never,0,0,-3.0
0,0,46.66932429961562,never,0,0,-3.0
0,1,70.32419209183305,always,1,1,12.0
1,1,67.66556798576795,always,1,1,12.0
1,1,66.07736177454096,always,1,1,12.0
1,0,46.34073350742068,never,0,0,-3.0
1,1,51.633589025252505,complier,0,1,2.0
1,1,72.09068682425581,always,1,1,12.0
0,0,46.98431177035287,never,0,0,-3.0
1,0,45.48662608240926,never,0,0,-3.0
1,1,55.44817906795995,complier,0,1,2.0
1,0,44.20841300082136,never,0,0,-3.0
0,1,68.13661629936263,always,1,1,12.0
1,1,68.65153136024598,always,1,1,12.0
1,1,48.534601806194686,complier,0,1,2.0
0,0,41.97975666330064,never,0,0,-3.0
0,0,44.97869970057322,never,0,0,-3.0
0,0,48.57015199198119,complier,0,1,2.0
1,0,46.3443315470886,never,0,0,-3.0
1,0,47.21428958063209,never,0,0,-3.0
0,0,48.155184248426536,never,0,0,-3.0
1,0,46.234292270742394,never,0,0,-3.0
1,1,70.32269767798604,always,1,1,12.0
1,0,43.08281397980583,never,0,0,-3.0
0,0,50.63819822911672,complier,0,1,2.0
0,1,71.13491018607203,always,1,1,12.0
1,1,51.34831972745902,complier,0,1,2.0
0,0,51.48270383267923,complier,0,1,2.0
0,1,69.85693936811343,always,1,1,12.0
1,0,48.19217935124322,never,0,0,-3.0
1,1,66.93429750039553,always,1,1,12.0
0,1,63.10214123369394,always,1,1,12.0
1,1,51.39174677055864,complier,0,1,2.0
1,1,51.44895815788294,complier,0,1,2.0
1,1,71.89261401718228,always,1,1,12.0
1,0,45.68460609763423,never,0,0,-3.0
0,1,69.21653145135606,always,1,1,12.0
0,0,51.49315884636715,complier,0,1,2.0
1,1,51.06222502988628,complier,0,1,2.0
1,0,46.182815741607946,never,0,0,-3.0
1,0,47.02569297857661,never,0,0,-3.0
1,1,68.13165220962435,always,1,1,12.0
1,1,55.608239682640345,complier,0,1,2.0
1,0,46.47856037257442,never,0,0,-3.0
1,1,53.8124403208439,complier,0,1,2.0
0,0,49.0918909768405,never,0,0,-3.0
0,0,49.76598059922527,complier,0,1,2.0
0,0,51.24124703151918,complier,0,1,2.0
0,0,45.54862387728851,never,0,0,-3.0
1,0,46.01222191211085,never,0,0,-3.0
0,1,69.63113399391926,always,1,1,12.0
1,1,68.59050982929777,always,1,1,12.0
0,1,67.94271684126379,always,1,1,12.0
1,1,67.89549791533624,always,1,1,12.0
1,0,43.73361773522409,never,0,0,-3.0
0,0,52.38578575375806,complier,0,1,2.0
1,1,53.36618312168792,complier,0,1,2.0
0,0,49.45932094145619,complier,0,1,2.0
1,1,49.36120392669354,complier,0,1,2.0
1,0,48.42122791868008,never,0,0,-3.0
0,0,49.32140622192815,never,0,0,-3.0
0,0,44.125345725633196,never,0,0,-3.0
1,0,44.65374220340307,never,0,0,-3.0
0,0,45.774011615845986,never,0,0,-3.0
1,0,44.569804609770145,never,0,0,-3.0
0,1,66.22810922344958,always,1,1,12.0
1,1,51.21129684495706,complier,0,1,2.0
0,0,43.92248896303164,never,0,0,-3.0
0,0,48.15785490003348,complier,0,1,2.0
1,1,68.60428341740221,always,1,1,12.0
0,1,70.8713126861995,always,1,1,12.0
0,1,68.48557471049256,always,1,1,12.0
1,1,68.05329801183532,always,1,1,12.0
0,0,49.30066630566899,complier,0,1,2.0
1,1,65.3897189048969,always,1,1,12.0
0,0,47.99805600631255,complier,0,1,2.0
1,0,47.78228495386844,never,0,0,-3.0
0,0,46.81711107582736,complier,0,1,2.0
0,0,49.57874704081512,complier,0,1,2.0
0,0,47.49688400125914,never,0,0,-3.0
1,1,69.76464795924069,always,1,1,12.0
1,1,52.24833738261967,complier,0,1,2.0
1,1,71.08561540342826,always,1,1,12.0
1,1,55.314622393231275,complier,0,1,2.0
1,0,44.02612318871824,never,0,0,-3.0
1,1,64.73503821266516,always,1,1,12.0
1,1,48.92533689994791,complier,0,1,2.0
0,0,49.406914436118214,complier,0,1,2.0
1,1,68.27499060082556,always,1,1,12.0
0,1,68.75975302820433,always,1,1,12.0
1,1,67.77511179115331,always,1,1,12.0
1,0,44.142937224424905,never,0,0,-3.0
1,0,45.202644904934694,never,0,0,-3.0
0,0,49.3469438288233,complier,0,1,2.0
0,0,48.37062949728303,complier,0,1,2.0
1,1,47.70964016353969,complier,0,1,2.0
1,1,55.68442795734243,complier,0,1,2.0
1,0,45.7697341761159,never,0,0,-3.0
0,0,48.575808180489624,never,0,0,-3.0
1,1,48.312964297123955,complier,0,1,2.0
1,1,51.09359799574905,complier,0,1,2.0
1,0,45.26194921504632,never,0,0,-3.0
0,0,53.54946387626325,complier,0,1,2.0
0,1,68.03836786912325,always,1,1,12.0
0,0,45.2677328980893,never,0,0,-3.0
0,0,46.110450642534516,never,0,0,-3.0
0,0,46.7238931528963,never,0,0,-3.0
0,0,42.35363074291913,never,0,0,-3.0
1,0,46.028141878705505,never,0,0,-3.0
0,0,46.33022805301411,never,0,0,-3.0
1,1,53.4657703650132,complier,0,1,2.0
0,1,67.02381051477226,always,1,1,12.0
1,0,47.68559571997996,never,0,0,-3.0
1,1,69.4382166213956,always,1,1,12.0
0,0,53.13489003681707,complier,0,1,2.0
1,0,46.87484901272432,never,0,0,-3.0
0,0,47.27737373658162,complier,0,1,2.0
0,1,67.94863570188951,always,1,1,12.0
1,1,52.51625194775803,complier,0,1,2.0
0,0,54.64877737638481,complier,0,1,2.0
1,1,50.702829637495405,complier,0,1,2.0
1,0,44.431159948712015,never,0,0,-3.0
1,1,67.77350496583917,always,1,1,12.0
1,0,47.05247284053792,never,0,0,-3.0
1,0,42.404842747537785,never,0,0,-3.0
0,0,48.24802080148228,never,0,0,-3.0
0,0,49.749475833213396,never,0,0,-3.0
1,1,67.08935685356288,always,1,1,12.0
0,1,68.10704654434024,always,1,1,12.0
1,1,55.75968898323721,complier,0,1,2.0
1,1,55.39869269917012,complier,0,1,2.0
1,0,50.448087547390145,never,0,0,-3.0
0,0,45.800777349114185,never,0,0,-3.0
1,1,69.6494593741277,always,1,1,12.0
1,1,71.57978487285516,always,1,1,12.0
1,1,53.960398736170866,complier,0,1,2.0
1,1,67.2107991326487,always,1,1,12.0
0,1,68.77242357825577,always,1,1,12.0
0,1,71.60672081968872,always,1,1,12.0
0,0,53.6343324068212,complier,0,1,2.0
1,0,42.77956099196095,never,0,0,-3.0
1,1,52.144859397843845,complier,0,1,2.0
0,0,46.32822789259167,never,0,0,-3.0
1,1,68.25116956675585,always,1,1,12.0
0,0,48.968161596079106,complier,0,1,2.0
1,1,49.76953137670815,complier,0,1,2.0
0,0,47.494018264524996,never,0,0,-3.0
0,0,41.13268001617303,never,0,0,-3.0
0,0,47.83438789805431,never,0,0,-3.0
0,1,65.53195825464789,always,1,1,12.0
1,1,52.74862722740482,complier,0,1,2.0
1,1,49.7962978701413,complier,0,1,2.0
0,0,45.00294955583106,never,0,0,-3.0
1,0,47.56068887385092,never,0,0,-3.0
1,0,46.944438778704374,never,0,0,-3.0
0,0,51.45597254415807,complier,0,1,2.0
1,0,45.82285804708006,never,0,0,-3.0
0,1,70.39256467797586,always,1,1,12.0
1,0,40.12715233136236,never,0,0,-3.0
0,1,68.32839998587758,always,1,1,12.0
1,0,42.85658580543189,never,0,0,-3.0
1,0,45.79313714414519,never,0,0,-3.0
1,0,43.34111196225532,never,0,0,-3.0
1,1,68.6788296969121,always,1,1,12.0
1,0,46.473916672075,never,0,0,-3.0
0,0,44.12253153736259,never,0,0,-3.0
1,0,48.67502238684091,never,0,0,-3.0
1,1,69.92843460092975,always,1,1,12.0
1,1,47.66768820775445,complier,0,1,2.0
1,1,50.93918746323957,complier,0,1,2.0
1,0,47.73510715443854,never,0,0,-3.0
0,1,70.30064927419681,always,1,1,12.0
1,1,50.05857299728441,complier,0,1,2.0
0,0,49.74862342981686,complier,0,1,2.0
1,0,46.064019228755114,never,0,0,-3.0
1,1,66.37297954923639,always,1,1,12.0
0,0,46.895463929300234,complier,0,1,2.0
0,1,71.91378935170823,always,1,1,12.0
0,0,48.040540218392316,never,0,0,-3.0
1,1,67.44520651315116,always,1,1,12.0
0,0,43.519961424893374,never,0,0,-3.0
1,1,49.78003153115869,complier,0,1,2.0
1,0,45.892531669685546,never,0,0,-3.0
0,0,45.52143388864511,never,0,0,-3.0
1,1,50.34660260271013,complier,0,1,2.0
1,1,50.44993382530255,complier,0,1,2.0
1,0,45.19446318008332,never,0,0,-3.0
0,0,47.454173347098305,never,0,0,-3.0
0,0,49.30806749579381,complier,0,1,2.0
0,0,48.56758614532683,complier,0,1,2.0
0,0,46.15949381136287,never,0,0,-3.0
1,1,71.3366410098021,always,1,1,12.0
0,1,67.78917684534265,always,1,1,12.0
0,0,42.78636855139163,never,0,0,-3.0
0,1,68.10981438045664,always,1,1,12.0
1,1,70.10542109617128,always,1,1,12.0
0,1,67.83098322780205,always,1,1,12.0
1,1,68.44597926303815,always,1,1,12.0
1,1,65.69386186855864,always,1,1,12.0
0,1,66.65100231124731,always,1,1,12.0
0,1,74.6769837291614,always,1,1,12.0
0,0,40.78052670035808,never,0,0,-3.0
0,1,73.45464768622752,always,1,1,12.0
0,1,71.56699975092504,always,1,1,12.0
1,0,48.99637949484355,never,0,0,-3.0
0,1,71.00398894717362,always,1,1,12.0
0,0,48.601857565973,complier,0,1,2.0
0,0,49.43450220621795,complier,0,1,2.0
0,0,49.02578793899002,complier,0,1,2.0
0,0,47.571643638712736,never,0,0,-3.0
1,1,68.20441674333446,always,1,1,12.0
1,1,65.45828578633171,always,1,1,12.0
1,1,70.54315913191053,always,1,1,12.0
1,0,48.28654253028192,never,0,0,-3.0
0,0,49.86242431791838,complier,0,1,2.0
0,1,66.17787858663115,always,1,1,12.0
1,0,43.80869243767717,never,0,0,-3.0
0,0,49.30767689793563,complier,0,1,2.0
0,0,42.11717375704338,never,0,0,-3.0
1,1,51.97022007748546,complier,0,1,2.0
1,1,67.4806919444327,always,1,1,12.0
0,0,45.571051104057425,never,0,0,-3.0
0,1,68.60596785349023,always,1,1,12.0
0,0,46.275575450303116,never,0,0,-3.0
1,0,46.96830896174196,never,0,0,-3.0
1,0,48.21704009865413,never,0,0,-3.0
1,1,68.16550331179975,always,1,1,12.0
0,0,53.07579398867126,complier,0,1,2.0
0,1,73.62825554188603,always,1,1,12.0
1,0,49.33959391156356,never,0,0,-3.0
1,0,47.14177795254935,never,0,0,-3.0
0,0,44.207849738622286,never,0,0,-3.0
1,0,45.25940258117962,never,0,0,-3.0
0,0,51.96674305475654,complier,0,1,2.0
1,1,67.91106502046799,always,1,1,12.0
0,1,69.48839735260393,always,1,1,12.0
1,1,53.552636830165554,complier,0,1,2.0
1,1,70.31441277276265,always,1,1,12.0
1,0,44.92725886233129,never,0,0,-3.0
1,0,45.18682217939308,never,0,0,-3.0
1,1,73.49192834747092,always,1,1,12.0
0,0,49.10244506800877,never,0,0,-3.0
1,0,44.965459190866234,never,0,0,-3.0
0,0,44.8711421968706,never,0,0,-3.0
1,1,47.37585702446367,complier,0,1,2.0
0,1,67.58939173896565,always,1,1,12.0
1,1,51.04692234886991,complier,0,1,2.0
0,0,42.70485470382655,never,0,0,-3.0
1,0,43.10992093967021,never,0,0,-3.0
0,0,41.66595689438283,never,0,0,-3.0
0,0,45.53467197857328,never,0,0,-3.0
1,0,46.68379285001868,never,0,0,-3.0
1,1,52.48143875233399,complier,0,1,2.0
1,1,70.15024627703218,always,1,1,12.0
1,1,51.28010102425323,complier,0,1,2.0
1,1,67.43110617892809,always,1,1,12.0
0,0,43.26321220457716,never,0,0,-3.0
0,0,41.361702136117515,never,0,0,-3.0
1,0,46.63643879965779,never,0,0,-3.0
0,0,47.4731523767547,never,0,0,-3.0
0,1,67.39699524483548,always,1,1,12.0
0,0,45.35581046471855,never,0,0,-3.0
0,0,50.63064429511473,complier,0,1,2.0
0,1,69.10774933168037,always,1,1,12.0
1,1,54.72921994162585,complier,0,1,2.0
0,1,73.57330806351145,always,1,1,12.0
1,0,43.45383587820049,never,0,0,-3.0
1,1,65.00946089440957,always,1,1,12.0
1,1,74.43718028769293,always,1,1,12.0
1,1,51.52558667931389,complier,0,1,2.0
0,0,47.73286881125014,complier,0,1,2.0
1,1,51.87285495720969,complier,0,1,2.0
0,1,69.21103824889113,always,1,1,12.0
1,1,71.21715055839414,always,1,1,12.0
0,1,70.21202309656996,always,1,1,12.0
0,0,50.401387756843924,complier,0,1,2.0
1,1,65.74358654972745,always,1,1,12.0
1,0,44.74778292990553,never,0,0,-3.0
1,0,45.83263345379659,never,0,0,-3.0
1,0,47.239783813185596,never,0,0,-3.0
1,1,48.42048065238381,complier,0,1,2.0
1,1,69.93667304800424,always,1,1,12.0
0,0,49.381733893237055,complier,0,1,2.0
1,1,71.5531704107285,always,1,1,12.0
0,0,50.40033735366349,complier,0,1,2.0
1,0,45.72391935139883,never,0,0,-3.0
0,0,46.83347165283551,complier,0,1,2.0
1,1,69.34825827902073,always,1,1,12.0
0,0,49.91750267326812,never,0,0,-3.0
1,1,53.126061609198,complier,0,1,2.0
1,1,68.75459945777988,always,1,1,12.0
0,0,45.89802675633677,never,0,0,-3.0
0,0,46.40438554131064,complier,0,1,2.0
0,1,68.78842746085242,always,1,1,12.0
1,0,47.272107856830885,never,0,0,-3.0
1,0,43.80166919515177,never,0,0,-3.0
0,0,45.66194936677741,never,0,0,-3.0
0,0,50.85827141643229,complier,0,1,2.0
0,0,48.68136116544677,never,0,0,-3.0
0,0,52.38214724448971,complier,0,1,2.0
0,1,69.00821819591195,always,1,1,12.0
0,0,48.94270075862579,complier,0,1,2.0
0,1,66.76657421017403,always,1,1,12.0
0,0,47.078723138693704,never,0,0,-3.0
0,0,50.4651517346425,complier,0,1,2.0
1,0,45.620046421281835,never,0,0,-3.0
0,0,42.61563795435248,never,0,0,-3.0
1,0,45.029343834597334,never,0,0,-3.0
0,0,45.3364691816018,never,0,0,-3.0
0,0,46.27291839358963,complier,0,1,2.0
0,1,68.27891334861543,always,1,1,12.0
0,1,68.23857589850924,always,1,1,12.0
1,0,42.69658356710286,never,0,0,-3.0
0,1,69.2340539470291,always,1,1,12.0
0,0,47.482137737162674,never,0,0,-3.0
1,1,53.765157192923034,complier,0,1,2.0
0,1,61.36240266249665,always,1,1,12.0
0,0,48.20247261673186,never,0,0,-3.0
1,1,71.12409446460615,always,1,1,12.0
0,0,48.968337049521594,complier,0,1,2.0
0,0,40.893102847719966,never,0,0,-3.0
0,1,69.11031495694222,always,1,1,12.0
0,0,47.387100681316994,complier,0,1,2.0
0,0,43.05771667223448,never,0,0,-3.0
1,1,51.81125284881675,complier,0,1,2.0
1,0,43.20454228243324,never,0,0,-3.0
1,1,68.6330235533322,always,1,1,12.0
0,0,49.01466679920093,never,0,0,-3.0
0,1,67.62043096338628,always,1,1,12.0
0,0,42.52639172479258,never,0,0,-3.0
0,1,67.40343951673553,always,1,1,12.0
1,1,50.71724249654024,complier,0,1,2.0
1,1,48.95591743484123,complier,0,1,2.0
1,1,69.63355457660792,always,1,1,12.0
0,1,71.59486874778332,always,1,1,12.0
0,0,46.562942072100675,never,0,0,-3.0
0,0,43.598124745117914,never,0,0,-3.0
1,1,51.385132794202875,complier,0,1,2.0
1,1,49.375925645408266,complier,0,1,2.0
1,1,48.851503994365224,complier,0,1,2.0
1,1,67.92903011885545,always,1,1,12.0
0,0,45.11175308741209,never,0,0,-3.0
1,1,69.80555607547592,always,1,1,12.0
1,1,70.73594491884411,always,1,1,12.0
1,1,51.12979363399332,complier,0,1,2.0
0,0,49.229644539169925,never,0,0,-3.0
0,1,69.11836737904815,always,1,1,12.0
1,1,70.89092191146402,always,1,1,12.0
1,1,70.76467584587543,always,1,1,12.0
0,1,68.02192412725995,always,1,1,12.0
0,0,47.54909984399672,never,0,0,-3.0
1,1,52.042091417307645,complier,0,1,2.0
1,1,69.39122766501181,always,1,1,12.0
0,0,43.420974775840676,never,0,0,-3.0
1,1,51.63671881138588,complier,0,1,2.0
0,1,68.99862308404525,always,1,1,12.0
0,0,45.19427467728163,never,0,0,-3.0
0,1,70.9640418677865,always,1,1,12.0
0,0,44.31407522925906,never,0,0,-3.0
0,1,67.0474124748366,always,1,1,12.0
1,1,68.21142625083256,always,1,1,12.0
0,0,47.48048646575803,complier,0,1,2.0
0,1,67.64429149185901,always,1,1,12.0
0,0,50.85303484788737,complier,0,1,2.0
1,1,52.70564657545585,complier,0,1,2.0
1,0,46.52357783092628,never,0,0,-3.0
0,0,46.119873323677936,never,0,0,-3.0
1,1,69.95999429000751,always,1,1,12.0
0,1,66.56963560089831,always,1,1,12.0
0,0,46.83085964518173,never,0,0,-3.0
0,1,67.9888617845837,always,1,1,12.0
0,1,67.72149093098368,always,1,1,12.0
0,0,44.81487246765315,never,0,0,-3.0
0,0,51.19695077664797,complier,0,1,2.0
0,0,47.56668223756519,never,0,0,-3.0
0,0,46.70508647168337,never,0,0,-3.0
0,1,65.80234975645541,always,1,1,12.0
0,0,47.70825605597563,never,0,0,-3.0
1,0,43.39923839911361,never,0,0,-3.0
0,1,67.64880438962543,always,1,1,12.0
1,1,68.17373215160022,always,1,1,12.0
1,1,53.52100215578513,complier,0,1,2.0
1,0,43.60878548497358,never,0,0,-3.0
0,0,45.332283850556685,never,0,0,-3.0
1,1,69.67886661303125,always,1,1,12.0
0,0,50.19764640875962,complier,0,1,2.0
1,0,46.082086922891335,never,0,0,-3.0
1,0,51.069746789619686,never,0,0,-3.0
1,0,46.40030483136478,never,0,0,-3.0
1,1,52.09370566749505,complier,0,1,2.0
1,0,43.42822485328646,never,0,0,-3.0
1,0,44.098276682177634,never,0,0,-3.0
1,1,70.88458297478653,always,1,1,12.0
1,0,45.55442655704915,never,0,0,-3.0
0,0,47.68757629138866,never,0,0,-3.0
1,0,45.65006791094517,never,0,0,-3.0
0,0,46.670070238010624,never,0,0,-3.0
0,0,47.19392587648772,complier,0,1,2.0
1,0,45.99623394625256,never,0,0,-3.0
1,1,47.94619907388998,complier,0,1,2.0
0,0,47.464793073530316,never,0,0,-3.0
0,0,45.00507867368411,never,0,0,-3.0
1,1,70.82518299578781,always,1,1,12.0
1,1,52.71279702348233,complier,0,1,2.0
1,0,47.433072258919616,never,0,0,-3.0
0,0,46.079146081775384,never,0,0,-3.0
0,0,45.889351171356275,never,0,0,-3.0
1,0,46.6717191135875,never,0,0,-3.0
0,1,70.86958678418758,always,1,1,12.0
0,0,45.57947111690494,never,0,0,-3.0
0,1,69.66574650129172,always,1,1,12.0
1,1,50.730220933443704,complier,0,1,2.0
1,1,72.21639931090512,always,1,1,12.0
1,0,49.642786403568365,never,0,0,-3.0
0,0,46.06050529468628,never,0,0,-3.0
0,0,46.66273509849638,complier,0,1,2.0
0,1,68.0062493292936,always,1,1,12.0
1,1,69.5691405283967,always,1,1,12.0
1,1,53.86964216460906,complier,0,1,2.0
1,1,71.35935364436807,always,1,1,12.0
1,1,68.9291835619117,always,1,1,12.0
1,1,66.8993851101434,always,1,1,12.0
1,0,45.69526348110651,never,0,0,-3.0
1,1,68.38893770243644,always,1,1,12.0
0,0,49.41698817486415,complier,0,1,2.0
1,0,45.52717348052592,never,0,0,-3.0
0,1,67.89763735365959,always,1,1,12.0
0,0,50.55260354071605,never,0,0,-3.0
0,0,52.01228596773091,complier,0,1,2.0
0,0,48.16558836507702,complier,0,1,2.0
1,0,45.76711833276017,never,0,0,-3.0
0,1,69.96635151446992,always,1,1,12.0
1,0,45.26550424970735,never,0,0,-3.0
1,1,73.1314829231177,always,1,1,12.0
1,1,71.34859573819394,always,1,1,12.0
1,1,66.65041427449238,always,1,1,12.0
1,1,49.249475564876704,complier,0,1,2.0
0,0,51.39968384180118,complier,0,1,2.0
1,1,50.030484643812315,complier,0,1,2.0
0,0,46.70035967504875,complier,0,1,2.0
0,1,65.7490629851465,always,1,1,12.0
0,0,52.52337620816834,complier,0,1,2.0
0,0,49.553979260491445,complier,0,1,2.0
1,1,52.187163905467976,complier,0,1,2.0
1,1,68.22343281771298,always,1,1,12.0
0,1,72.39209336560413,always,1,1,12.0
0,0,47.68847594935106,never,0,0,-3.0
0,0,50.49145943875688,complier,0,1,2.0
0,0,50.111340843299075,complier,0,1,2.0
1,0,48.055166399573245,never,0,0,-3.0
1,1,54.056702658535244,complier,0,1,2.0
1,0,47.31302044454681,never,0,0,-3.0
1,0,43.46480262851012,never,0,0,-3.0
0,1,70.36560255811288,always,1,1,12.0
0,0,48.28543411354542,complier,0,1,2.0
1,1,50.40629236256427,complier,0,1,2.0
1,1,53.36921331575662,complier,0,1,2.0
0,0,47.9381256928947,never,0,0,-3.0
1,1,69.65221431075192,always,1,1,12.0
1,1,50.331069308210544,complier,0,1,2.0
1,1,72.1005680373555,always,1,1,12.0
1,0,50.63113961516887,never,0,0,-3.0
1,1,73.07162094049546,always,1,1,12.0
0,0,50.91752004618411,complier,0,1,2.0
1,0,43.68481505046073,never,0,0,-3.0
1,0,44.105827482507166,never,0,0,-3.0
0,1,68.12789807448787,always,1,1,12.0
1,0,47.801270727952925,never,0,0,-3.0
0,0,51.1880063079659,complier,0,1,2.0
1,0,43.902377356740296,never,0,0,-3.0
0,1,72.08878947465949,always,1,1,12.0
0,0,45.13065421031004,never,0,0,-3.0
1,0,43.99983442605513,never,0,0,-3.0
0,1,66.13000885933006,always,1,1,12.0
1,0,44.85692847482936,never,0,0,-3.0
0,0,50.3598996150359,complier,0,1,2.0
1,1,54.615250696064216,complier,0,1,2.0
0,0,49.332893972153485,never,0,0,-3.0
0,0,51.310519488680676,complier,0,1,2.0
0,1,68.33856792659282,always,1,1,12.0
0,0,48.47190497271351,never,0,0,-3.0
0,0,51.8243883688328,complier,0,1,2.0
0,0,49.09981679250601,complier,0,1,2.0
1,0,41.9704889353687,never,0,0,-3.0
1,1,69.08328373936833,always,1,1,12.0
1,1,49.00061008185752,complier,0,1,2.0
0,0,45.41362412188474,never,0,0,-3.0
1,1,72.83096017190769,always,1,1,12.0
0,0,45.13643602243207,never,0,0,-3.0
0,0,45.252010861479384,never,0,0,-3.0
0,0,45.05008941808685,never,0,0,-3.0
0,1,71.77362018027235,always,1,1,12.0
1,0,43.93668814845261,never,0,0,-3.0
0,1,66.68801775755344,always,1,1,12.0
0,0,46.922338912374094,never,0,0,-3.0
1,0,43.82565686441359,never,0,0,-3.0
1,0,45.11469156273215,never,0,0,-3.0
1,1,50.93549503850999,complier,0,1,2.0
0,0,50.95410940968538,complier,0,1,2.0
0,1,68.69978613783896,always,1,1,12.0
0,0,54.248418216591205,complier,0,1,2.0
0,1,70.34462996492157,always,1,1,12.0
0,0,51.24459574146831,complier,0,1,2.0
0,1,69.40922045088436,always,1,1,12.0
0,0,52.57494499930304,complier,0,1,2.0
1,0,46.6666404105908,never,0,0,-3.0
0,0,49.423773475240594,never,0,0,-3.0
0,1,65.11689859934312,always,1,1,12.0
0,0,51.800997888423915,complier,0,1,2.0
0,0,46.3966275318263,never,0,0,-3.0
0,0,53.02406126719358,complier,0,1,2.0
0,0,46.096567090686904,never,0,0,-3.0
1,1,49.41778278670763,complier,0,1,2.0
1,0,45.646919662079604,never,0,0,-3.0
1,0,41.898855051399984,never,0,0,-3.0
1,0,52.727787020079475,never,0,0,-3.0
1,1,65.97675350232225,always,1,1,12.0
0,0,52.46030049139767,complier,0,1,2.0
0,0,48.60299737079984,never,0,0,-3.0
0,1,68.17568299820405,always,1,1,12.0
1,0,42.98385453971255,never,0,0,-3.0
0,0,48.513766344155755,complier,0,1,2.0
0,1,71.55152167425159,always,1,1,12.0
1,0,43.29535432115247,never,0,0,-3.0
0,0,49.15950407404667,complier,0,1,2.0
0,0,50.59178532453929,complier,0,1,2.0
0,0,50.81144120297502,complier,0,1,2.0
0,0,48.09077262079622,never,0,0,-3.0
0,0,46.21372917455145,complier,0,1,2.0
0,1,67.69238271672812,always,1,1,12.0
0,1,67.20389726694918,always,1,1,12.0
1,1,53.15896369251279,complier,0,1,2.0
0,0,48.80245083516802,complier,0,1,2.0
0,0,46.9068904959983,never,0,0,-3.0
0,0,45.75296823489659,complier,0,1,2.0
0,0,46.425053363807784,never,0,0,-3.0
1,0,46.993224195920824,never,0,0,-3.0
1,0,44.84225492649708,never,0,0,-3.0
0,0,42.89165872575565,never,0,0,-3.0
0,0,51.23390405086764,complier,0,1,2.0
1,0,44.351145717880335,never,0,0,-3.0
0,0,47.678484628954024,never,0,0,-3.0
1,1,67.6439400599915,always,1,1,12.0
1,0,46.015763340724135,never,0,0,-3.0
1,1,67.54962442129501,always,1,1,12.0
0,0,48.4035535266382,complier,0,1,2.0
0,0,51.18273240345748,complier,0,1,2.0
0,0,50.79030980193941,complier,0,1,2.0
0,1,68.51159746960306,always,1,1,12.0
1,0,47.19287826727482,never,0,0,-3.0
1,1,50.07848637193461,complier,0,1,2.0
0,1,74.77846764434143,always,1,1,12.0
1,1,69.50024617202696,always,1,1,12.0
0,0,45.400946662517505,never,0,0,-3.0
0,0,46.53669321996267,complier,0,1,2.0
1,0,44.168391955408694,never,0,0,-3.0
1,0,46.29753919560656,never,0,0,-3.0
0,0,49.22208482503093,complier,0,1,2.0
1,1,52.099106057414275,complier,0,1,2.0
0,1,68.62436483545648,always,1,1,12.0
0,0,44.30278148963845,never,0,0,-3.0
1,0,46.100480683595386,never,0,0,-3.0
0,0,47.353801201068684,never,0,0,-3.0
0,1,68.18796876366011,always,1,1,12.0
0,1,65.46004871156916,always,1,1,12.0
0,0,51.42907455779869,complier,0,1,2.0
1,0,45.47905877715131,never,0,0,-3.0
0,0,51.44042171372772,complier,0,1,2.0
0,0,45.904952208521514,never,0,0,-3.0
1,0,45.54590878937451,never,0,0,-3.0
0,0,46.73348865258845,never,0,0,-3.0
0,0,51.7846333206838,complier,0,1,2.0
1,1,69.44155933023016,always,1,1,12.0
0,0,50.32130011306289,complier,0,1,2.0
0,1,68.49720229302848,always,1,1,12.0
1,1,65.6152283896926,always,1,1,12.0
1,1,51.75608591954344,complier,0,1,2.0
1,0,46.09224554523068,never,0,0,-3.0
0,1,67.61112953178355,always,1,1,12.0
0,1,69.17366219019046,always,1,1,12.0
1,1,53.447578474677236,complier,0,1,2.0
0,1,70.09424834280195,always,1,1,12.0
1,0,42.218148487342944,never,0,0,-3.0
0,0,50.72062174694014,complier,0,1,2.0
1,1,70.57094437037219,always,1,1,12.0
0,0,49.06945291056361,complier,0,1,2.0
0,1,75.38950380215152,always,1,1,12.0
1,0,45.23326889729429,never,0,0,-3.0
1,1,53.50125327907,complier,0,1,2.0
0,0,52.29577593634116,complier,0,1,2.0
1,0,42.41568244460937,never,0,0,-3.0
1,1,66.22254720132449,always,1,1,12.0
0,1,70.23319060610025,always,1,1,12.0
1,1,70.81514285001916,always,1,1,12.0
1,0,48.672681463033356,never,0,0,-3.0
0,1,69.43774060407804,always,1,1,12.0
0,0,43.34130283134344,never,0,0,-3.0
0,0,44.54672935446684,never,0,0,-3.0
0,0,43.07327064501999,never,0,0,-3.0
0,0,46.899348169861256,never,0,0,-3.0
1,0,45.596600819639896,never,0,0,-3.0
1,0,43.32865534213373,never,0,0,-3.0
0,0,47.844425510031115,never,0,0,-3.0
0,0,46.00676505429814,never,0,0,-3.0
1,0,45.660292544314665,never,0,0,-3.0
1,0,45.606083409671015,never,0,0,-3.0
1,0,46.60351590807239,never,0,0,-3.0
0,0,46.689107341865835,never,0,0,-3.0
0,0,47.88019796261244,complier,0,1,2.0
1,1,70.73974284381346,always,1,1,12.0
1,0,46.67045562202607,never,0,0,-3.0
1,0,44.03175377122965,never,0,0,-3.0
1,0,44.28196727474772,never,0,0,-3.0
0,0,51.30099152610143,complier,0,1,2.0
1,1,66.2463526058265,always,1,1,12.0
1,1,68.4163876295727,always,1,1,12.0
0,0,46.96141589945575,never,0,0,-3.0
0,1,67.92286321295245,always,1,1,12.0
1,0,47.34780582407939,never,0,0,-3.0
1,1,48.186288393702796,complier,0,1,2.0
1,1,69.2335174470578,always,1,1,12.0
1,1,69.32513791641274,always,1,1,12.0
0,0,53.34548723771262,complier,0,1,2.0
0,0,46.938447335055386,never,0,0,-3.0
0,0,44.70462407930484,never,0,0,-3.0
0,0,48.40012008263972,never,0,0,-3.0
0,0,50.436849985256266,complier,0,1,2.0
0,0,50.262791385016236,complier,0,1,2.0
1,0,45.94907104453739,never,0,0,-3.0
1,0,47.51808683359817,never,0,0,-3.0
1,1,51.45019731735254,complier,0,1,2.0
0,1,67.86025107173501,always,1,1,12.0
1,0,48.855810006688564,never,0,0,-3.0
1,1,68.72664046159525,always,1,1,12.0
1,1,65.59118642618421,always,1,1,12.0
0,0,50.3835463904214,complier,0,1,2.0
0,0,43.82189805534412,never,0,0,-3.0
1,1,70.35169637936934,always,1,1,12.0
0,0,50.876933579465806,complier,0,1,2.0
1,0,48.8083691003988,never,0,0,-3.0
0,0,53.429714248430976,complier,0,1,2.0
0,0,52.4517601408915,complier,0,1,2.0
1,1,50.48775116805367,complier,0,1,2.0
0,0,50.20775065491027,complier,0,1,2.0
0,1,70.30474979008942,always,1,1,12.0
0,1,69.54978087162577,always,1,1,12.0
1,1,56.511895961364736,complier,0,1,2.0
0,0,52.36209618763094,complier,0,1,2.0
0,1,69.72275561172161,always,1,1,12.0
1,1,54.43206868128602,complier,0,1,2.0
1,1,51.77790400421025,complier,0,1,2.0
1,0,48.84149508593058,never,0,0,-3.0
0,0,51.05699431961194,complier,0,1,2.0
0,0,45.261113137611915,never,0,0,-3.0
0,0,50.42801012881264,complier,0,1,2.0
0,0,46.84674888868336,never,0,0,-3.0
0,0,50.9314649032976,complier,0,1,2.0
0,0,48.81096688611634,never,0,0,-3.0
0,0,45.237386116808956,never,0,0,-3.0
1,1,50.446156209492514,complier,0,1,2.0
1,0,45.13231510581404,never,0,0,-3.0
0,0,51.78039074579959,complier,0,1,2.0
1,1,51.97265906790628,complier,0,1,2.0
0,1,69.69821481881297,always,1,1,12.0
1,1,52.81804224441138,complier,0,1,2.0
0,0,46.6444011411333,never,0,0,-3.0
0,1,68.4682887111192,always,1,1,12.0
1,0,42.93943475062065,never,0,0,-3.0
1,1,68.85065993373105,always,1,1,12.0
0,0,43.59558903202757,never,0,0,-3.0
1,0,44.77616062470795,never,0,0,-3.0
0,0,46.78319686003913,never,0,0,-3.0
1,0,47.38664271639222,never,0,0,-3.0
1,0,42.70450380486859,never,0,0,-3.0
1,0,43.294561029155005,never,0,0,-3.0
1,1,68.64095913582591,always,1,1,12.0
0,0,47.571769971360034,never,0,0,-3.0
1,1,51.09798258164511,complier,0,1,2.0
0,1,66.90317467246683,always,1,1,12.0
0,0,47.6481952523788,never,0,0,-3.0
0,0,45.136622521999975,never,0,0,-3.0
0,0,50.10705392830853,complier,0,1,2.0
0,0,50.41704349089134,never,0,0,-3.0
0,0,51.11679134160907,complier,0,1,2.0
0,0,48.51563481968261,complier,0,1,2.0
1,1,68.46644626466814,always,1,1,12.0
1,1,50.83954961750687,complier,0,1,2.0
1,0,44.916237088100665,never,0,0,-3.0
1,1,47.56391294348083,complier,0,1,2.0
0,0,46.61495607181983,never,0,0,-3.0
1,0,45.31625081519605,never,0,0,-3.0
1,1,51.404573843650425,complier,0,1,2.0
0,0,44.69037430822549,never,0,0,-3.0
1,0,45.75737158882596,never,0,0,-3.0
1,1,67.75657602288771,always,1,1,12.0
0,1,69.11465690203964,always,1,1,12.0
1,1,66.49930524786701,always,1,1,12.0
0,0,50.864538579470974,complier,0,1,2.0
1,1,53.26221834048037,complier,0,1,2.0
0,0,46.324207782664004,never,0,0,-3.0
1,0,45.981613575753386,never,0,0,-3.0
0,0,43.73239043012135,never,0,0,-3.0
0,1,68.67721188325503,always,1,1,12.0
0,1,70.95915289677221,always,1,1,12.0
1,1,51.53888632678897,complier,0,1,2.0
1,0,47.420711803422925,never,0,0,-3.0
1,0,42.92540124426141,never,0,0,-3.0
1,1,55.05707782016436,complier,0,1,2.0
1,1,69.67495290931751,always,1,1,12.0
0,0,44.722390440592626,never,0,0,-3.0
1,1,69.44557668502628,always,1,1,12.0
0,0,50.973549013410825,complier,0,1,2.0
0,0,47.390700083423646,complier,0,1,2.0
1,1,67.22772554181857,always,1,1,12.0
1,0,46.30002476775984,never,0,0,-3.0
1,1,50.25191649511884,complier,0,1,2.0
0,0,50.595009992827336,complier,0,1,2.0
0,0,45.717004682696896,never,0,0,-3.0
1,1,69.22704946298,always,1,1,12.0
0,0,47.744883779015346,never,0,0,-3.0
0,1,67.4331777340143,always,1,1,12.0
1,1,70.87262188900289,always,1,1,12.0
0,0,46.66456604370382,never,0,0,-3.0
1,1,48.94112731546359,complier,0,1,2.0
0,0,49.8614440069679,complier,0,1,2.0
1,1,69.04827257541791,always,1,1,12.0
1,1,52.14403033841769,complier,0,1,2.0
1,0,43.070315504606555,never,0,0,-3.0
1,1,52.6886669142095,complier,0,1,2.0
0,0,50.25055370745442,complier,0,1,2.0
0,0,45.61169895085188,never,0,0,-3.0
1,1,56.33318194681109,complier,0,1,2.0
0,0,44.837378957819325,never,0,0,-3.0
1,1,50.12809859706332,complier,0,1,2.0
0,0,43.603365140303346,never,0,0,-3.0
0,0,46.142511369148345,never,0,0,-3.0
0,0,52.314015533090675,complier,0,1,2.0
0,0,49.36672395193794,never,0,0,-3.0
1,1,49.96986724670638,complier,0,1,2.0
1,0,47.58543132879004,never,0,0,-3.0
0,1,71.73290702355688,always,1,1,12.0
1,1,67.62180120594518,always,1,1,12.0
1,1,69.08595226471965,always,1,1,12.0
0,0,48.618194400215586,never,0,0,-3.0
1,0,45.1156364706045,never,0,0,-3.0
0,0,46.74256635951712,complier,0,1,2.0
1,1,55.08953260821441,complier,0,1,2.0
1,0,46.6850385952503,never,0,0,-3.0
1,1,50.868799208787124,complier,0,1,2.0
1,1,52.258933846917934,complier,0,1,2.0
0,0,48.496651421201996,never,0,0,-3.0
0,0,48.67886423184991,never,0,0,-3.0
1,1,69.75649129497447,always,1,1,12.0
0,0,48.34260890786944,never,0,0,-3.0
1,0,43.15099865080399,never,0,0,-3.0
0,0,44.73012086317229,never,0,0,-3.0
1,0,43.545486439838875,never,0,0,-3.0
1,1,68.08452974054195,always,1,1,12.0
0,1,70.15520016729835,always,1,1,12.0
1,0,45.370966079021876,never,0,0,-3.0
0,0,44.21480098957748,never,0,0,-3.0
0,1,71.45629628073691,always,1,1,12.0
1,0,44.450665835659976,never,0,0,-3.0
1,1,74.42077370619945,always,1,1,12.0
0,0,45.88042552931773,never,0,0,-3.0
0,0,49.45610042526357,complier,0,1,2.0
0,0,49.158050843296444,never,0,0,-3.0
1,0,44.32471824314751,never,0,0,-3.0
1,1,70.63876104493532,always,1,1,12.0
0,1,68.17642697716735,always,1,1,12.0
0,1,69.81686509940565,always,1,1,12.0
0,0,47.98801463683252,never,0,0,-3.0
0,0,41.858448118167864,never,0,0,-3.0
1,1,52.77235155563466,complier,0,1,2.0
1,1,49.8077049189688,complier,0,1,2.0
1,0,46.54294463112356,never,0,0,-3.0
0,1,67.81443767284661,always,1,1,12.0
0,1,69.11147541009615,always,1,1,12.0
1,0,43.55666311459311,never,0,0,-3.0
0,1,72.71993940169064,always,1,1,12.0
0,1,71.33298466084753,always,1,1,12.0
0,1,64.90185496946258,always,1,1,12.0
0,0,46.49321062970547,complier,0,1,2.0
0,0,45.14021428243508,never,0,0,-3.0
0,0,46.93449311064907,never,0,0,-3.0
0,0,46.33925255020915,never,0,0,-3.0
0,1,65.34957124009237,always,1,1,12.0
1,0,45.05458723383385,never,0,0,-3.0
0,1,70.40186429703652,always,1,1,12.0
1,1,52.382907869531756,complier,0,1,2.0
0,0,43.72510328091971,never,0,0,-3.0
0,1,68.47177333467967,always,1,1,12.0
0,0,44.443951292044346,never,0,0,-3.0
0,0,49.21876165830404,complier,0,1,2.0
0,1,72.79117040709826,always,1,1,12.0
0,0,45.95387834292076,never,0,0,-3.0
0,0,48.18427244904802,never,0,0,-3.0
1,1,54.202811552927685,complier,0,1,2.0
0,0,50.401388691921845,complier,0,1,2.0
0,0,45.07754102862912,never,0,0,-3.0
0,1,65.71560453146614,always,1,1,12.0
1,0,47.20423640720334,never,0,0,-3.0
0,0,53.50756406195628,complier,0,1,2.0
1,0,46.708886407270455,never,0,0,-3.0
0,1,67.91284444549535,always,1,1,12.0
0,0,51.073213437026226,complier,0,1,2.0
0,0,46.83625335819323,never,0,0,-3.0
0,1,66.56407008762035,always,1,1,12.0
1,0,45.48985653915923,never,0,0,-3.0
0,0,43.590657924655886,never,0,0,-3.0
0,0,45.61338708611298,never,0,0,-3.0
1,1,65.15262500246104,always,1,1,12.0
0,1,72.25190140981117,always,1,1,12.0
0,1,65.06542043625963,always,1,1,12.0
1,1,68.41971183908984,always,1,1,12.0
0,1,69.3235268806985,always,1,1,12.0
0,1,72.35962947967192,always,1,1,12.0
0,0,46.82605198359834,never,0,0,-3.0
0,0,43.80738735835833,never,0,0,-3.0
1,0,42.41906861672004,never,0,0,-3.0
0,1,68.77161387355184,always,1,1,12.0
0,1,68.5759329832463,always,1,1,12.0
1,0,44.65636588175277,never,0,0,-3.0
1,0,45.5561235760334,never,0,0,-3.0
0,1,68.98851920659415,always,1,1,12.0
1,1,50.57022713332304,complier,0,1,2.0
1,0,45.85474347856716,never,0,0,-3.0
1,1,53.87736888807732,complier,0,1,2.0
1,0,46.93456265948368,never,0,0,-3.0
0,1,68.69083961486258,always,1,1,12.0
1,1,71.05208726551986,always,1,1,12.0
1,1,52.99713632301818,complier,0,1,2.0
0,1,69.99947545752116,always,1,1,12.0
0,0,44.088687801604735,never,0,0,-3.0
0,0,45.24173374399684,never,0,0,-3.0
0,1,70.52176972062472,always,1,1,12.0
1,0,47.8599604464691,never,0,0,-3.0
1,0,49.782809189880076,never,0,0,-3.0
1,1,65.92941835241497,always,1,1,12.0
0,1,64.76587177531538,always,1,1,12.0
0,1,66.22199754978217,always,1,1,12.0
1,0,46.39128719746112,never,0,0,-3.0
0,0,46.44181248273084,never,0,0,-3.0
1,1,68.88036020155205,always,1,1,12.0
1,1,69.8205077193041,always,1,1,12.0
1,0,46.98471161817358,never,0,0,-3.0
0,0,50.77292790477523,complier,0,1,2.0
0,1,67.17358088615802,always,1,1,12.0
0,0,47.44649340137626,never,0,0,-3.0
1,1,67.71870257942685,always,1,1,12.0
0,0,48.10494501323604,complier,0,1,2.0
0,0,45.86571136948418,never,0,0,-3.0
1,1,68.90592550171965,always,1,1,12.0
0,0,51.132379824044946,complier,0,1,2.0
0,1,66.45952033383037,always,1,1,12.0
0,0,44.145825715214194,never,0,0,-3.0
0,0,46.108493497036505,never,0,0,-3.0
1,1,72.3599270548755,always,1,1,12.0
1,1,68.65738244242596,always,1,1,12.0
1,1,52.59217238265275,complier,0,1,2.0
1,0,43.925052277068126,never,0,0,-3.0
1,1,68.60992934354262,always,1,1,12.0
1,0,44.514452698674255,never,0,0,-3.0
1,1,72.50342855910071,always,1,1,12.0
0,0,46.8956794763005,never,0,0,-3.0
0,0,44.48425052136046,never,0,0,-3.0
0,0,48.961715117963365,never,0,0,-3.0
0,0,49.554951207149756,complier,0,1,2.0
0,0,47.28575684944883,never,0,0,-3.0
1,0,48.18380408722763,never,0,0,-3.0
0,0,44.97315002598432,never,0,0,-3.0
1,1,53.190652857214744,complier,0,1,2.0
1,1,69.22493141851548,always,1,1,12.0
0,1,68.07641473564034,always,1,1,12.0
0,0,48.49806852366525,complier,0,1,2.0
1,0,44.922531703059605,never,0,0,-3.0
1,1,69.84847570267915,always,1,1,12.0
0,1,71.0578570595711,always,1,1,12.0
1,0,43.83188582703734,never,0,0,-3.0
0,1,70.95133622314904,always,1,1,12.0
1,0,47.41877539899195,never,0,0,-3.0
0,0,51.08474109642845,complier,0,1,2.0
0,1,68.11090476368922,always,1,1,12.0
1,1,48.249240101403736,complier,0,1,2.0
0,0,44.56271668826726,never,0,0,-3.0
1,1,70.08774896754548,always,1,1,12.0
0,0,49.944422766913235,complier,0,1,2.0
0,0,45.23650804154899,never,0,0,-3.0
1,0,47.96265407586745,never,0,0,-3.0
1,0,47.59681169135591,never,0,0,-3.0
0,1,67.32850424265263,always,1,1,12.0
0,1,67.60524155250484,always,1,1,12.0
0,1,65.31250635110571,always,1,1,12.0
0,1,66.78782669377367,always,1,1,12.0
1,1,53.00458526240718,complier,0,1,2.0
1,1,70.54376234474823,always,1,1,12.0
1,1,68.18763992267357,always,1,1,12.0
0,1,69.11270132771905,always,1,1,12.0
0,0,47.91626407958658,complier,0,1,2.0
0,0,46.33607335046404,never,0,0,-3.0
1,1,72.03056785061275,always,1,1,12.0
0,0,44.083143425863675,never,0,0,-3.0
0,0,50.046920173602885,complier,0,1,2.0
0,0,47.319284641572224,never,0,0,-3.0
1,1,50.47681347995539,complier,0,1,2.0
1,1,67.32454565505996,always,1,1,12.0
0,0,50.06946379667158,complier,0,1,2.0
1,1,54.104044967951005,complier,0,1,2.0
1,1,50.13605168497344,complier,0,1,2.0
1,0,50.84580493212245,never,0,0,-3.0
1,0,46.332653168932275,never,0,0,-3.0
0,1,68.14667053240268,always,1,1,12.0
1,1,70.8325269019806,always,1,1,12.0
1,0,44.77109964692799,never,0,0,-3.0
0,0,49.8341821553474,complier,0,1,2.0
1,0,44.08961425853965,never,0,0,-3.0
1,1,49.62296508019064,complier,0,1,2.0
1,0,44.389796236215496,never,0,0,-3.0
0,1,68.51635814991107,always,1,1,12.0
1,1,67.1476700791471,always,1,1,12.0
1,1,50.104787628597066,complier,0,1,2.0
1,0,43.421789994786984,never,0,0,-3.0
0,0,43.38496815087628,never,0,0,-3.0
0,1,69.04116425123499,always,1,1,12.0
0,0,43.23379044912213,never,0,0,-3.0
1,1,50.67380488603115,complier,0,1,2.0
0,1,67.96770760266898,always,1,1,12.0
1,0,46.94677485920993,never,0,0,-3.0
1,1,52.98034506465765,complier,0,1,2.0
0,1,66.68247955370329,always,1,1,12.0
0,1,70.22327175931116,always,1,1,12.0
1,1,67.96779443412076,always,1,1,12.0
0,0,51.83239351875891,complier,0,1,2.0
0,0,50.87726473903928,complier,0,1,2.0
1,1,50.67813876173074,complier,0,1,2.0
1,1,68.16197412102449,always,1,1,12.0
1,1,52.71917591594638,complier,0,1,2.0
1,1,68.08251133159223,always,1,1,12.0
0,0,48.01891911423262,complier,0,1,2.0
0,1,67.45299518985976,always,1,1,12.0
1,1,69.96378546239276,always,1,1,12.0
1,1,54.48428815156102,complier,0,1,2.0
0,0,45.94427141648044,never,0,0,-3.0
1,0,45.99930754937428,never,0,0,-3.0
1,0,41.867588005970646,never,0,0,-3.0
1,1,65.20360778692333,always,1,1,12.0
1,0,45.557330606818475,never,0,0,-3.0
1,0,48.1454165069035,never,0,0,-3.0
0,0,45.97166696647473,never,0,0,-3.0
1,1,49.88884598349786,complier,0,1,2.0
1,0,41.837753792606605,never,0,0,-3.0
0,0,52.77664457650075,complier,0,1,2.0
0,0,55.699362877790946,complier,0,1,2.0
1,0,49.82661127846089,never,0,0,-3.0
1,1,54.969900765573946,complier,0,1,2.0
0,0,49.07950913514675,complier,0,1,2.0
0,1,66.69277873846043,always,1,1,12.0
0,0,44.22614843264906,never,0,0,-3.0
1,0,48.56354115428418,never,0,0,-3.0
1,1,50.401713377185615,complier,0,1,2.0
1,0,44.900019579341,never,0,0,-3.0
0,0,50.126761759274665,never,0,0,-3.0
0,0,45.27060980169893,never,0,0,-3.0
1,0,46.95734116115858,never,0,0,-3.0
1,1,67.70822175882039,always,1,1,12.0
1,0,50.157989059890035,never,0,0,-3.0
1,1,68.96400460164847,always,1,1,12.0
0,0,50.32755818034646,complier,0,1,2.0
1,1,68.84113580010265,always,1,1,12.0
1,1,50.90284487779856,complier,0,1,2.0
0,0,44.38145291892693,never,0,0,-3.0
0,0,50.26617453779544,complier,0,1,2.0
0,1,66.44224939897435,always,1,1,12.0
1,1,50.71657504556103,complier,0,1,2.0
1,0,47.05598619045194,never,0,0,-3.0
1,0,45.89854275648905,never,0,0,-3.0
1,1,68.03179413480541,always,1,1,12.0
1,1,65.63357292441684,always,1,1,12.0
1,0,44.039673838422516,never,0,0,-3.0
1,1,69.12137560319779,always,1,1,12.0
0,0,47.76747450679066,never,0,0,-3.0
1,1,52.2983052812859,complier,0,1,2.0
0,0,49.311870684269635,complier,0,1,2.0
0,0,46.233397027499095,never,0,0,-3.0
0,1,71.05075489195153,always,1,1,12.0
0,0,47.54448252876171,never,0,0,-3.0
1,0,40.316481384216594,never,0,0,-3.0
0,1,69.57892524704343,always,1,1,12.0
1,1,70.4065237949989,always,1,1,12.0
1,1,71.23968349825962,always,1,1,12.0
1,1,71.05069894793941,always,1,1,12.0
1,1,51.90456699033075,complier,0,1,2.0
1,0,46.15383069341949,never,0,0,-3.0
1,0,48.57320018581594,never,0,0,-3.0
0,0,43.06041830365054,never,0,0,-3.0
1,1,74.21915266455018,always,1,1,12.0
1,0,46.660227869723144,never,0,0,-3.0
1,1,52.905565467482134,complier,0,1,2.0
0,0,48.15945221013101,never,0,0,-3.0
1,1,67.61290497549994,always,1,1,12.0
1,0,47.119115476735665,never,0,0,-3.0
0,0,45.37979038941261,never,0,0,-3.0
0,1,67.6608728608412,always,1,1,12.0
0,0,49.42750045392145,complier,0,1,2.0
0,0,43.72460370737185,never,0,0,-3.0
1,1,49.98022497514963,complier,0,1,2.0
0,1,70.76654309876183,always,1,1,12.0
1,0,45.509312265924606,never,0,0,-3.0
0,0,52.49384826693303,complier,0,1,2.0
0,0,44.38759960137853,never,0,0,-3.0
0,0,47.607404897240876,complier,0,1,2.0
0,0,49.746118951771145,complier,0,1,2.0
1,1,71.87425463577092,always,1,1,12.0
1,0,43.5319047271633,never,0,0,-3.0
0,0,41.86982969155298,never,0,0,-3.0
1,0,44.41640722914949,never,0,0,-3.0
0,1,67.84312526303604,always,1,1,12.0
0,1,67.50806467155485,always,1,1,12.0
0,0,44.75188243397324,never,0,0,-3.0
1,0,46.44035571709574,never,0,0,-3.0
1,0,48.08348879406645,never,0,0,-3.0
1,0,49.03815560963179,never,0,0,-3.0
0,1,71.44405146893224,always,1,1,12.0
0,1,67.889018850432,always,1,1,12.0
0,0,52.31140227346544,complier,0,1,2.0
0,0,50.652900938109596,complier,0,1,2.0
0,0,49.10821038346195,complier,0,1,2.0
1,0,45.86543050024061,never,0,0,-3.0
1,0,47.751237826427364,never,0,0,-3.0
1,1,51.104334727222536,complier,0,1,2.0
0,1,67.95642059653042,always,1,1,12.0
1,1,67.3194913004572,always,1,1,12.0
1,0,45.42493804265096,never,0,0,-3.0
1,0,45.11504548555067,never,0,0,-3.0
1,1,67.6239615867421,always,1,1,12.0
0,0,45.98555040970176,never,0,0,-3.0
0,0,51.29528647237323,complier,0,1,2.0
1,0,42.90210659850583,never,0,0,-3.0
1,1,53.60699314598827,complier,0,1,2.0
1,0,47.081499342476036,never,0,0,-3.0
1,1,54.02884178078145,complier,0,1,2.0
1,0,47.171258556465204,never,0,0,-3.0
1,1,52.713153477247594,complier,0,1,2.0
0,1,68.74670839975765,always,1,1,12.0
1,1,66.2636305522173,always,1,1,12.0
1,0,45.26643068732672,never,0,0,-3.0
1,1,72.58087468094223,always,1,1,12.0
1,1,51.17718433378765,complier,0,1,2.0
1,1,53.090784500652056,complier,0,1,2.0
1,1,69.57335191659922,always,1,1,12.0
0,0,47.412586985673585,never,0,0,-3.0
0,0,49.55645836942208,complier,0,1,2.0
0,0,42.91702814716239,never,0,0,-3.0
1,0,48.59314924446794,never,0,0,-3.0
1,1,50.18245812918468,complier,0,1,2.0
1,1,69.82937026050168,always,1,1,12.0
0,1,68.50918537663502,always,1,1,12.0
0,1,68.3159740837846,always,1,1,12.0
0,1,67.77470099581825,always,1,1,12.0
1,1,66.34260757672986,always,1,1,12.0
0,1,73.63660745979462,always,1,1,12.0
1,1,68.56331898917514,always,1,1,12.0
1,0,46.13060626850215,never,0,0,-3.0
0,1,68.30732437991676,always,1,1,12.0
0,1,69.0640751130028,always,1,1,12.0
1,0,46.297409994940374,never,0,0,-3.0
0,1,70.82071977385048,always,1,1,12.0
0,1,67.57293839468372,always,1,1,12.0
0,0,49.51072864378553,never,0,0,-3.0
1,0,46.75011103059676,never,0,0,-3.0
0,1,69.94615629928897,always,1,1,12.0
0,0,49.534504754459036,never,0,0,-3.0
1,1,50.59343426782941,complier,0,1,2.0
1,0,49.22877165573861,never,0,0,-3.0
1,1,50.92446649339182,complier,0,1,2.0
0,0,48.09507874112329,never,0,0,-3.0
0,1,68.92122732270968,always,1,1,12.0
1,1,51.23126541669681,complier,0,1,2.0
1,1,68.4391871073202,always,1,1,12.0
0,0,47.149365883247896,complier,0,1,2.0
0,0,42.328310801865136,never,0,0,-3.0
1,0,44.27178059649289,never,0,0,-3.0
1,1,50.32045737603975,complier,0,1,2.0
0,0,45.94770984857685,never,0,0,-3.0
1,1,50.467471153708885,complier,0,1,2.0
1,1,54.94589473075587,complier,0,1,2.0
0,0,46.004735239725534,complier,0,1,2.0
1,0,45.763647025235976,never,0,0,-3.0
1,0,48.59324748667014,never,0,0,-3.0
0,0,49.1671641503169,never,0,0,-3.0
1,0,46.749249513119175,never,0,0,-3.0
0,0,50.20174987987875,complier,0,1,2.0
1,1,66.73757348589906,always,1,1,12.0
0,0,45.97807073699883,complier,0,1,2.0
1,0,43.13405284566813,never,0,0,-3.0
0,0,45.87208457277823,never,0,0,-3.0
0,0,50.37180415869113,complier,0,1,2.0
0,0,48.680867824374914,never,0,0,-3.0
0,0,50.35246735614549,complier,0,1,2.0
0,1,69.16408403188002,always,1,1,12.0
0,1,66.18877706306436,always,1,1,12.0
1,0,48.73333809275337,never,0,0,-3.0
1,1,62.96253873804848,always,1,1,12.0
1,0,47.32668536131732,never,0,0,-3.0
1,1,52.66996585682544,complier,0,1,2.0
0,0,44.9233631159374,never,0,0,-3.0
1,0,49.90288225208041,never,0,0,-3.0
0,1,68.99330811924203,always,1,1,12.0
0,1,71.30569979556522,always,1,1,12.0
1,1,57.44172330626913,complier,0,1,2.0
1,1,51.64696558733275,complier,0,1,2.0
0,1,67.80355482085983,always,1,1,12.0
0,0,47.86176181105858,never,0,0,-3.0
0,1,69.2480420699331,always,1,1,12.0
1,0,44.81954356583749,never,0,0,-3.0
0,1,66.30811760487799,always,1,1,12.0
0,0,53.659756024926644,complier,0,1,2.0
0,0,44.949437130685716,never,0,0,-3.0
0,0,46.05575173901844,complier,0,1,2.0
1,1,51.709074148178786,complier,0,1,2.0
1,0,46.33363214843067,never,0,0,-3.0
0,0,46.34719916041925,never,0,0,-3.0
1,1,67.03074505681886,always,1,1,12.0
0,0,48.88491245859931,complier,0,1,2.0
1,0,47.29774738659984,never,0,0,-3.0
0,0,49.52312692255167,complier,0,1,2.0
1,0,47.38282798270608,never,0,0,-3.0
1,1,67.69296159637136,always,1,1,12.0
0,0,45.98029457751923,never,0,0,-3.0
0,1,68.5878667132947,always,1,1,12.0
1,1,54.36508957057156,complier,0,1,2.0
0,0,48.085995409385234,complier,0,1,2.0
1,0,45.3656382736434,never,0,0,-3.0
0,0,48.32229886038073,complier,0,1,2.0
1,1,69.00110744750957,always,1,1,12.0
1,0,46.599823604901836,never,0,0,-3.0
1,0,43.82070851743757,never,0,0,-3.0
0,0,46.62853426264197,never,0,0,-3.0
1,1,51.63263593288669,complier,0,1,2.0
1,1,67.87584587427473,always,1,1,12.0
0,0,44.63402548423864,never,0,0,-3.0
1,1,46.64279508761684,complier,0,1,2.0
0,1,68.42839341667849,always,1,1,12.0
0,0,51.56426882888228,never,0,0,-3.0
1,0,46.71081164645832,never,0,0,-3.0
0,0,49.66745458567952,complier,0,1,2.0
1,0,46.08270682581538,never,0,0,-3.0
0,1,67.35142333079087,always,1,1,12.0
1,1,66.68765801655395,always,1,1,12.0
1,0,46.00268555286731,never,0,0,-3.0
0,0,49.916488453142975,complier,0,1,2.0
1,0,44.12807155599439,never,0,0,-3.0
1,1,54.182582738700376,complier,0,1,2.0
0,0,48.483597966734564,complier,0,1,2.0
0,0,46.742528847626936,complier,0,1,2.0
1,1,66.23172499134839,always,1,1,12.0
1,1,55.739473191341006,complier,0,1,2.0
0,0,45.79606686052161,never,0,0,-3.0
0,1,68.14220445551987,always,1,1,12.0
0,0,51.488222723890395,complier,0,1,2.0
0,1,70.57815818152567,always,1,1,12.0
1,1,47.620594075034035,complier,0,1,2.0
1,0,49.24625618119813,never,0,0,-3.0
1,0,45.72238876584184,never,0,0,-3.0
1,1,69.49247341130572,always,1,1,12.0
1,1,67.76752743497397,always,1,1,12.0
0,1,72.09880839625171,always,1,1,12.0
0,0,51.94657219033025,complier,0,1,2.0
1,0,44.299920614272445,never,0,0,-3.0
1,1,51.16354438017906,complier,0,1,2.0
0,0,46.437293098551024,never,0,0,-3.0
0,1,67.35193951484887,always,1,1,12.0
1,1,53.118632574950645,complier,0,1,2.0
0,0,45.0082197162826,never,0,0,-3.0
0,1,70.66402335095839,always,1,1,12.0
0,0,48.81160401490117,never,0,0,-3.0
0,0,45.16568535901079,never,0,0,-3.0
0,0,48.49903200257207,never,0,0,-3.0
0,1,67.04473708458642,always,1,1,12.0
1,1,67.79081317921732,always,1,1,12.0
1,1,67.34174952367098,always,1,1,12.0
0,0,48.28399894815487,complier,0,1,2.0
0,0,45.19908624178718,never,0,0,-3.0
1,0,48.7642077803322,never,0,0,-3.0
0,1,69.80107364177809,always,1,1,12.0
0,1,67.66281379942751,always,1,1,12.0
0,0,48.761158093720326,complier,0,1,2.0
0,0,53.37737878521415,complier,0,1,2.0
1,1,49.62704506551414,complier,0,1,2.0
0,1,72.64984925576478,always,1,1,12.0
1,0,45.02341216014359,never,0,0,-3.0
0,0,44.56178450197884,never,0,0,-3.0
1,0,47.7606862084148,never,0,0,-3.0
0,0,49.66491403979468,complier,0,1,2.0
0,1,68.16926585206775,always,1,1,12.0
1,1,50.99294304673591,complier,0,1,2.0
0,0,50.30768670136463,complier,0,1,2.0
0,0,42.99423083641836,never,0,0,-3.0
1,0,45.15073192277106,never,0,0,-3.0
1,1,51.7529623385778,complier,0,1,2.0
0,0,49.59126105838875,complier,0,1,2.0
0,0,48.61301031061712,complier,0,1,2.0
1,1,51.28810977686244,complier,0,1,2.0
0,1,65.25985253242109,always,1,1,12.0
1,0,44.99280261577506,never,0,0,-3.0
0,1,67.75828789084073,always,1,1,12.0
0,0,48.39944226119773,never,0,0,-3.0
1,0,45.31896541862018,never,0,0,-3.0
1,0,46.79465319290553,never,0,0,-3.0
0,0,50.51973236489372,complier,0,1,2.0
0,1,68.39764996703559,always,1,1,12.0
0,1,64.74154448937091,always,1,1,12.0
1,1,55.111601712454316,complier,0,1,2.0
1,1,70.5840258293435,always,1,1,12.0
0,0,44.749037372015444,never,0,0,-3.0
1,0,45.493535233081424,never,0,0,-3.0
1,1,70.59692581906383,always,1,1,12.0
1,0,45.85473361986153,never,0,0,-3.0
1,1,68.15510172686159,always,1,1,12.0
0,1,71.21934014314348,always,1,1,12.0
1,1,50.62159693614317,complier,0,1,2.0
1,0,44.90352917134297,never,0,0,-3.0
1,1,70.66481973528062,always,1,1,12.0
1,1,66.25629620034107,always,1,1,12.0
1,1,70.80989557770253,always,1,1,12.0
0,0,49.03190851819849,never,0,0,-3.0
1,1,72.23740146918351,always,1,1,12.0
1,0,45.08056888838025,never,0,0,-3.0
0,1,70.28284841528807,always,1,1,12.0
0,1,71.27413290901889,always,1,1,12.0
1,1,51.16996292768328,complier,0,1,2.0
0,0,51.7832572179663,complier,0,1,2.0
1,1,65.61025171669479,always,1,1,12.0
1,0,45.63366423954272,never,0,0,-3.0
1,1,53.50218798061656,complier,0,1,2.0
0,1,69.61810878863346,always,1,1,12.0
1,0,44.859100924904794,never,0,0,-3.0
1,0,46.69045317362522,never,0,0,-3.0
0,1,71.85509841876186,always,1,1,12.0
0,0,43.24838675637155,never,0,0,-3.0
1,0,48.174423968646416,never,0,0,-3.0
0,1,65.53479574628479,always,1,1,12.0
1,0,48.384332252865576,never,0,0,-3.0
0,0,47.06903640878011,never,0,0,-3.0
0,1,71.40248191266848,always,1,1,12.0
1,0,45.25312218142189,never,0,0,-3.0
0,0,47.71778413855673,complier,0,1,2.0
1,0,47.1897314978665,never,0,0,-3.0
0,0,49.10523208630952,complier,0,1,2.0
1,1,51.19342530933257,complier,0,1,2.0
1,1,70.71313530073029,always,1,1,12.0
1,0,49.62262484223373,never,0,0,-3.0
1,1,67.70321814508735,always,1,1,12.0
0,0,49.37742555743252,complier,0,1,2.0
0,0,45.88235044775009,never,0,0,-3.0
0,1,72.44275141951047,always,1,1,12.0
1,0,44.23369777435979,never,0,0,-3.0
1,0,48.09049772238735,never,0,0,-3.0
1,0,42.96821097850925,never,0,0,-3.0
0,0,47.83206533445789,never,0,0,-3.0
1,0,45.162251868045004,never,0,0,-3.0
1,0,43.156083569795705,never,0,0,-3.0
0,0,49.598044714643606,complier,0,1,2.0
0,0,46.16774057146289,never,0,0,-3.0
1,1,71.08563425859727,always,1,1,12.0
0,0,43.63220138847196,never,0,0,-3.0
0,0,45.764797009381645,never,0,0,-3.0
1,1,48.55132796668154,complier,0,1,2.0
0,0,47.22870415708172,never,0,0,-3.0
1,0,45.792540172611844,never,0,0,-3.0
1,1,50.948637417743406,complier,0,1,2.0
1,1,53.92529301246459,complier,0,1,2.0
0,0,51.20808337983265,never,0,0,-3.0
0,1,67.67013997949412,always,1,1,12.0
0,0,51.44250030561007,complier,0,1,2.0
1,1,52.03259759863401,complier,0,1,2.0
1,1,51.52732223802148,complier,0,1,2.0
0,0,46.04756629797688,never,0,0,-3.0
0,0,53.33818965109203,complier,0,1,2.0
0,1,73.5817645746112,always,1,1,12.0
0,0,49.48517025718956,complier,0,1,2.0
1,1,69.71429325737884,always,1,1,12.0
0,1,68.5495764286741,always,1,1,12.0
1,0,44.89766362302565,never,0,0,-3.0
1,1,67.81112625094282,always,1,1,12.0
0,0,47.52282113960868,never,0,0,-3.0
0,1,69.58053455095421,always,1,1,12.0
0,0,47.64904598170371,never,0,0,-3.0
0,0,45.387771147202216,never,0,0,-3.0
0,1,69.45249506184719,always,1,1,12.0
1,0,46.43634457477513,never,0,0,-3.0
0,0,49.71354592574507,complier,0,1,2.0
1,0,46.10261405716756,never,0,0,-3.0
1,1,68.88441768222094,always,1,1,12.0
0,0,46.22839975271086,never,0,0,-3.0
0,0,48.718712993972055,never,0,0,-3.0
0,0,50.54379060744769,never,0,0,-3.0
0,0,44.24009838242134,never,0,0,-3.0
1,0,48.25963637842153,never,0,0,-3.0
0,0,49.621466873336345,complier,0,1,2.0
1,1,52.87424382385082,complier,0,1,2.0
1,1,68.90554199932579,always,1,1,12.0
1,1,70.23053277474881,always,1,1,12.0
1,0,46.045323708359085,never,0,0,-3.0
1,1,68.6731618100313,always,1,1,12.0
0,0,51.85430391592108,complier,0,1,2.0
0,0,52.940352169011774,complier,0,1,2.0
1,1,67.22956653658552,always,1,1,12.0
0,1,67.37738576552178,always,1,1,12.0
0,0,49.20720702617692,complier,0,1,2.0
1,0,43.846648079727125,never,0,0,-3.0
0,0,44.536141306702234,never,0,0,-3.0
0,0,50.952656721021796,complier,0,1,2.0
1,0,47.286879132528306,never,0,0,-3.0
1,1,67.70849287936505,always,1,1,12.0
0,0,46.26085271174138,never,0,0,-3.0
0,1,64.99751773201572,always,1,1,12.0
0,0,46.81021688877437,never,0,0,-3.0
0,0,41.67879782795827,never,0,0,-3.0
0,0,48.84979013008279,complier,0,1,2.0
1,1,49.407710502203976,complier,0,1,2.0
0,0,52.03517042442157,complier,0,1,2.0
0,1,69.17907855224387,always,1,1,12.0
1,1,73.26948188529866,always,1,1,12.0
1,0,46.01203263771211,never,0,0,-3.0
1,0,49.29735628505366,never,0,0,-3.0
0,1,69.3351661493342,always,1,1,12.0
0,0,45.66330868331433,never,0,0,-3.0
0,0,51.916310810533766,complier,0,1,2.0
1,0,47.399634914076344,never,0,0,-3.0
1,1,68.87954102019633,always,1,1,12.0
0,0,42.9438665902303,never,0,0,-3.0
1,1,49.135131192476464,complier,0,1,2.0
1,0,48.211887424668376,never,0,0,-3.0
0,1,68.46826560191705,always,1,1,12.0
1,0,44.605329795743884,never,0,0,-3.0
0,1,71.65224727080795,always,1,1,12.0
0,1,66.59642996828698,always,1,1,12.0
1,0,50.16332492320407,never,0,0,-3.0
1,1,68.59409369879276,always,1,1,12.0
1,1,56.12314423502548,complier,0,1,2.0
1,0,47.66415217424597,never,0,0,-3.0
0,1,66.14245298847462,always,1,1,12.0
1,0,48.44348027238305,never,0,0,-3.0
1,1,65.97977961861432,always,1,1,12.0
0,0,44.87056229267492,never,0,0,-3.0
0,0,52.17902788224002,complier,0,1,2.0
0,0,49.16695308315673,never,0,0,-3.0
0,0,48.74700593699547,complier,0,1,2.0
1,1,69.80922267058764,always,1,1,12.0
1,1,71.511433066442,always,1,1,12.0
0,0,48.7960559687496,complier,0,1,2.0
1,1,69.38212935596641,always,1,1,12.0
1,1,70.19756425967974,always,1,1,12.0
0,1,68.72360218023215,always,1,1,12.0
1,0,46.24683925561595,never,0,0,-3.0
0,1,69.53853321201571,always,1,1,12.0
0,0,44.146773290856416,never,0,0,-3.0
1,0,46.60641927883078,never,0,0,-3.0
0,0,53.27752703854281,complier,0,1,2.0
0,0,49.425824065010445,complier,0,1,2.0
0,1,66.2713996240836,always,1,1,12.0
1,1,52.90632536210599,complier,0,1,2.0
1,0,51.18459032160655,never,0,0,-3.0
0,1,66.9089935648296,always,1,1,12.0
1,1,49.828004254366235,complier,0,1,2.0
1,1,70.42981314753185,always,1,1,12.0
1,1,68.687925042276,always,1,1,12.0
0,1,69.43285072842053,always,1,1,12.0
1,0,42.03122804102547,never,0,0,-3.0
1,0,47.41467916686426,never,0,0,-3.0
0,0,44.052751880999445,never,0,0,-3.0
0,1,68.62861903583301,always,1,1,12.0
0,0,45.16285764870502,never,0,0,-3.0
0,0,51.239670491746914,complier,0,1,2.0
0,0,43.544077530251975,never,0,0,-3.0
0,0,48.986813485650906,never,0,0,-3.0
1,0,46.7972280660775,never,0,0,-3.0
1,0,45.57790688296235,never,0,0,-3.0
1,0,46.593327523630414,never,0,0,-3.0
0,0,43.27462626822669,never,0,0,-3.0
1,0,47.73082826286741,never,0,0,-3.0
0,1,68.87751291050239,always,1,1,12.0
0,0,49.0491073124337,complier,0,1,2.0
0,0,50.56969515757297,complier,0,1,2.0
0,0,44.75246458286805,never,0,0,-3.0
1,1,69.5651038420438,always,1,1,12.0
0,0,41.765400573259264,never,0,0,-3.0
0,1,69.21961735601334,always,1,1,12.0
0,0,47.682947892547226,never,0,0,-3.0
0,0,52.36140424409645,complier,0,1,2.0
0,1,68.71917310182118,always,1,1,12.0
0,0,46.735535184003616,never,0,0,-3.0
1,0,46.26191725269322,never,0,0,-3.0
1,0,47.159714629767855,never,0,0,-3.0
0,1,69.78941817682812,always,1,1,12.0
1,1,49.68331164061574,complier,0,1,2.0
1,1,48.539153243305904,complier,0,1,2.0
0,0,45.85290499100793,complier,0,1,2.0
0,0,47.73100212897686,complier,0,1,2.0
1,0,45.033615364933326,never,0,0,-3.0
0,1,67.43338103496957,always,1,1,12.0
0,0,44.08593621836379,never,0,0,-3.0
0,1,66.30945086809942,always,1,1,12.0
1,1,71.40012954503906,always,1,1,12.0
0,1,68.1487399690073,always,1,1,12.0
0,0,50.36443698199509,complier,0,1,2.0
1,1,69.70427545818683,always,1,1,12.0
1,0,43.87854742277994,never,0,0,-3.0
1,1,68.8939348550663,always,1,1,12.0
0,1,61.96879795895361,always,1,1,12.0
0,0,46.266648194410095,never,0,0,-3.0
0,0,48.76076036700422,complier,0,1,2.0
1,0,44.097746203010374,never,0,0,-3.0
1,0,45.8526412087008,never,0,0,-3.0
0,0,49.48988929197676,complier,0,1,2.0
1,1,70.11702018580753,always,1,1,12.0
1,0,46.09709992171935,never,0,0,-3.0
0,0,44.302534253832206,never,0,0,-3.0
0,1,69.12800783543634,always,1,1,12.0
0,1,69.44108363336107,always,1,1,12.0
1,1,71.39949938664648,always,1,1,12.0
1,0,43.274665443938545,never,0,0,-3.0
1,1,70.55979599309293,always,1,1,12.0
1,1,67.63808196106646,always,1,1,12.0
1,1,49.760618013412326,complier,0,1,2.0
1,0,47.53371814963125,never,0,0,-3.0
0,0,48.10635345352344,never,0,0,-3.0
1,0,49.30412387039425,never,0,0,-3.0
1,0,46.14457251306867,never,0,0,-3.0
0,0,50.41755742569239,complier,0,1,2.0
0,1,68.32199792589843,always,1,1,12.0
0,0,50.928306475960746,complier,0,1,2.0
0,1,70.8724398407104,always,1,1,12.0
0,0,46.36204071190623,complier,0,1,2.0
1,1,51.60108468822082,complier,0,1,2.0
0,0,52.318369993276995,complier,0,1,2.0
0,0,47.71835552448198,complier,0,1,2.0
0,0,44.67300710615779,never,0,0,-3.0
1,1,52.788429687166705,complier,0,1,2.0
0,0,50.774701084844345,complier,0,1,2.0
1,0,46.42137614793972,never,0,0,-3.0
1,0,48.91611547664758,never,0,0,-3.0
0,0,50.995197071291074,complier,0,1,2.0
1,1,68.1234900762885,always,1,1,12.0
0,1,72.37650619711448,always,1,1,12.0
1,0,47.39813760086495,never,0,0,-3.0
1,0,44.571987296286714,never,0,0,-3.0
0,0,47.57958837541341,never,0,0,-3.0
1,0,46.801003561945365,never,0,0,-3.0
1,0,42.868092813520775,never,0,0,-3.0
1,1,69.21303649466547,always,1,1,12.0
0,1,71.28178734192409,always,1,1,12.0
1,0,49.408596893916986,never,0,0,-3.0
0,0,40.22900179130388,never,0,0,-3.0
0,0,48.480860486854816,complier,0,1,2.0
0,1,67.53795459309491,always,1,1,12.0
0,1,71.58415338464337,always,1,1,12.0
1,1,50.451210123571464,complier,0,1,2.0
1,1,49.07971353691025,complier,0,1,2.0
0,0,50.963099407738035,complier,0,1,2.0
0,0,49.677982865980674,complier,0,1,2.0
0,1,67.79183015273293,always,1,1,12.0
1,1,52.437442793785266,complier,0,1,2.0
0,0,43.32650636174235,never,0,0,-3.0
1,1,49.858003062412195,complier,0,1,2.0
1,1,67.75949985106558,always,1,1,12.0
1,1,69.05601599428383,always,1,1,12.0
0,0,46.37216963682877,never,0,0,-3.0
0,1,68.91947402638927,always,1,1,12.0
0,1,70.91562915600105,always,1,1,12.0
0,0,46.437056962690015,never,0,0,-3.0
1,1,69.81019812218781,always,1,1,12.0
1,1,52.79881728758725,complier,0,1,2.0
1,1,53.70076889463704,complier,0,1,2.0
0,1,65.57478943731901,always,1,1,12.0
0,0,45.90652661888488,never,0,0,-3.0
0,1,68.3239567602309,always,1,1,12.0
1,0,43.58936056212383,never,0,0,-3.0
1,1,69.05159402426133,always,1,1,12.0
1,1,72.71864297792457,always,1,1,12.0
0,0,46.304032193463385,never,0,0,-3.0
0,1,68.35902925688637,always,1,1,12.0
1,0,45.314061072116374,never,0,0,-3.0
0,0,46.559174612794045,never,0,0,-3.0
1,0,47.68289414557381,never,0,0,-3.0
0,0,47.3869821763963,complier,0,1,2.0
1,1,54.65962919182716,complier,0,1,2.0
1,1,69.99258888623028,always,1,1,12.0
1,1,55.73226544626559,complier,0,1,2.0
0,0,46.53985898935972,never,0,0,-3.0
0,0,50.75099083724238,complier,0,1,2.0
1,1,71.20690204638822,always,1,1,12.0
1,1,67.14911277587446,always,1,1,12.0
0,0,47.65042829893089,never,0,0,-3.0
0,0,43.0814442317172,never,0,0,-3.0
1,1,53.138463923952216,complier,0,1,2.0
0,1,71.84141915445171,always,1,1,12.0
1,0,47.09320957225368,never,0,0,-3.0
0,0,51.64021054258104,complier,0,1,2.0
1,1,56.07969593597998,complier,0,1,2.0
0,0,48.788792221645465,complier,0,1,2.0
0,0,43.838830797728896,never,0,0,-3.0
0,0,49.33044027445056,complier,0,1,2.0
0,0,45.991845354013165,never,0,0,-3.0
1,1,70.7268359453879,always,1,1,12.0
0,0,49.84006194992177,complier,0,1,2.0
1,0,43.817687019129544,never,0,0,-3.0
0,0,51.686262139110106,complier,0,1,2.0
1,0,47.43719281161269,never,0,0,-3.0
1,1,54.74753635624112,complier,0,1,2.0
1,0,42.911006731913595,never,0,0,-3.0
1,1,72.12537815748432,always,1,1,12.0
0,0,47.990075065959154,complier,0,1,2.0
0,0,43.96439999765758,never,0,0,-3.0
0,1,69.40305230823347,always,1,1,12.0
1,0,44.32716974401133,never,0,0,-3.0
0,0,46.44408387851545,never,0,0,-3.0
0,1,66.89332176793107,always,1,1,12.0
0,1,69.50035057306829,always,1,1,12.0
0,0,47.831143370935074,never,0,0,-3.0
1,1,51.839271687474735,complier,0,1,2.0
1,1,52.123579824218034,complier,0,1,2.0
0,0,46.45614057011619,never,0,0,-3.0
0,0,47.327292162650814,complier,0,1,2.0
1,1,70.4317119506604,always,1,1,12.0
1,0,42.095498065718175,never,0,0,-3.0
1,1,55.1010657190995,complier,0,1,2.0
1,1,67.4183101938138,always,1,1,12.0
0,0,53.065101202578106,complier,0,1,2.0
0,0,52.29958335814255,never,0,0,-3.0
1,1,54.25229848890221,complier,0,1,2.0
0,0,48.68069754561773,never,0,0,-3.0
0,1,70.51136230130184,always,1,1,12.0
0,0,45.63843281893696,complier,0,1,2.0
1,0,47.51324264747773,never,0,0,-3.0
1,0,44.57546885710566,never,0,0,-3.0
1,1,51.752417909819556,complier,0,1,2.0
0,1,71.17740708311099,always,1,1,12.0
0,0,48.13295529083096,never,0,0,-3.0
0,0,46.28523204285104,never,0,0,-3.0
1,1,64.9464984222562,always,1,1,12.0
0,0,41.71722451834168,never,0,0,-3.0
0,1,70.46530518009908,always,1,1,12.0
1,0,44.86163979316481,never,0,0,-3.0
1,0,48.235138095426514,never,0,0,-3.0
1,0,45.6895991782417,never,0,0,-3.0
0,1,68.22511561097159,always,1,1,12.0
1,1,51.584921977598576,complier,0,1,2.0
1,1,69.08677081893691,always,1,1,12.0
1,0,45.75857874652401,never,0,0,-3.0
0,1,69.3966087948121,always,1,1,12.0
0,1,66.95220951665831,always,1,1,12.0
0,1,69.48861135413192,always,1,1,12.0
0,0,48.41031310063361,complier,0,1,2.0
0,1,66.41894140451733,always,1,1,12.0
1,0,40.93732081815229,never,0,0,-3.0
0,1,70.97512342767405,always,1,1,12.0
1,0,43.79766590436269,never,0,0,-3.0
1,1,52.35961063101328,complier,0,1,2.0
1,0,43.67285792423539,never,0,0,-3.0
0,1,68.76264469341504,always,1,1,12.0
0,0,47.83674085414131,never,0,0,-3.0
1,1,70.47152561425976,always,1,1,12.0
1,1,70.05231010434726,always,1,1,12.0
0,1,68.51106780509127,always,1,1,12.0
1,1,68.87563553845358,always,1,1,12.0
1,0,45.66959355500474,never,0,0,-3.0
1,0,44.48788020199005,never,0,0,-3.0
0,0,45.52809020772557,never,0,0,-3.0
0,0,43.154116497339444,never,0,0,-3.0
1,1,51.6732216871379,complier,0,1,2.0
1,1,67.55557298201013,always,1,1,12.0
0,0,50.50196926199279,complier,0,1,2.0
1,0,46.53938865454956,never,0,0,-3.0
0,1,72.15114943314668,always,1,1,12.0
0,0,42.71334622435372,never,0,0,-3.0
0,0,51.787606155556276,complier,0,1,2.0
1,0,51.675573359787755,never,0,0,-3.0
1,0,43.9382067533846,never,0,0,-3.0
1,0,45.79154728456309,never,0,0,-3.0
1,1,45.97602442247422,complier,0,1,2.0
1,0,46.44466340428172,never,0,0,-3.0
0,1,69.88371231444279,always,1,1,12.0
1,1,66.54662260414432,always,1,1,12.0
0,1,66.77724567508807,always,1,1,12.0
0,0,47.51713443702903,never,0,0,-3.0
1,0,50.01585604137637,never,0,0,-3.0
1,0,47.62255100269548,never,0,0,-3.0
1,1,71.94797825224614,always,1,1,12.0
0,1,68.29678667973663,always,1,1,12.0
0,1,67.40680625592019,always,1,1,12.0
0,0,45.54620182141376,never,0,0,-3.0
0,0,42.913049621124806,never,0,0,-3.0
1,1,51.334052614374144,complier,0,1,2.0
1,0,46.030207760597214,never,0,0,-3.0
0,1,70.17247253977445,always,1,1,12.0
1,0,45.670200484119626,never,0,0,-3.0
1,1,72.45020638551094,always,1,1,12.0
1,1,72.70183215084059,always,1,1,12.0
1,1,67.91079446695804,always,1,1,12.0
1,0,45.410370470076536,never,0,0,-3.0
1,1,52.441529422687374,complier,0,1,2.0
0,0,46.54434065971157,complier,0,1,2.0
1,1,51.42769593814659,complier,0,1,2.0
0,0,45.531750648811204,never,0,0,-3.0
0,0,53.82249615589543,complier,0,1,2.0
0,0,49.77064241518224,complier,0,1,2.0
0,0,45.11669410924566,never,0,0,-3.0
0,1,69.87264756042069,always,1,1,12.0
1,1,53.17941740284535,complier,0,1,2.0
1,0,45.34925537962615,never,0,0,-3.0
1,1,55.39607534521747,complier,0,1,2.0
1,0,43.930679917492554,never,0,0,-3.0
1,1,69.80548445401159,always,1,1,12.0
1,1,67.3203702275998,always,1,1,12.0
0,1,73.15807564056792,always,1,1,12.0
0,1,68.15971757202092,always,1,1,12.0
0,0,52.49002930017136,complier,0,1,2.0
1,1,69.4206531458895,always,1,1,12.0
1,0,44.77540582067321,never,0,0,-3.0
0,0,47.23739624061518,complier,0,1,2.0
0,1,65.18551530735265,always,1,1,12.0
0,1,64.62231945251617,always,1,1,12.0
0,0,52.17364437626519,complier,0,1,2.0
1,0,49.8450029912747,never,0,0,-3.0
1,1,67.71807733586958,always,1,1,12.0
1,1,70.87495625535091,always,1,1,12.0
0,0,45.677426148323306,never,0,0,-3.0
0,1,66.5623441567657,always,1,1,12.0
0,1,68.4988622332282,always,1,1,12.0
1,1,66.8320426661495,always,1,1,12.0
1,0,47.761161238090025,never,0,0,-3.0
1,1,64.80226096508206,always,1,1,12.0
1,0,47.5136497061343,never,0,0,-3.0
0,0,49.44296551546802,complier,0,1,2.0
1,0,46.90492841496858,never,0,0,-3.0
0,0,46.54675155558845,never,0,0,-3.0
1,1,50.90791961096505,complier,0,1,2.0
1,1,50.92519133170659,complier,0,1,2.0
1,1,50.11817630449373,complier,0,1,2.0
1,1,54.44844870954394,complier,0,1,2.0
1,0,46.542665272154714,never,0,0,-3.0
0,0,53.631146885517104,complier,0,1,2.0
0,0,49.43533142000354,complier,0,1,2.0
0,0,45.220872132236174,never,0,0,-3.0
0,0,44.59039031942025,never,0,0,-3.0
1,1,67.44353326621214,always,1,1,12.0
0,1,70.93481119444226,always,1,1,12.0
1,1,66.51277878199886,always,1,1,12.0
1,1,70.12399488971731,always,1,1,12.0
0,0,47.04246303738619,complier,0,1,2.0
0,0,47.43999239341091,never,0,0,-3.0
0,1,72.65920728878751,always,1,1,12.0
0,0,45.82140365391096,never,0,0,-3.0
0,0,45.94261952762354,never,0,0,-3.0
1,0,49.38448682070933,never,0,0,-3.0
1,0,43.866226390040815,never,0,0,-3.0
1,0,46.84590825038474,never,0,0,-3.0
0,1,66.53578216062792,always,1,1,12.0
0,0,52.97649913628761,complier,0,1,2.0
0,1,70.37788038434788,always,1,1,12.0
0,0,49.883009181457005,complier,0,1,2.0
1,1,69.53063174179826,always,1,1,12.0
0,1,69.68407996201762,always,1,1,12.0
1,1,54.780411544901405,complier,0,1,2.0
1,1,54.38289017474001,complier,0,1,2.0
0,0,50.97089464932517,complier,0,1,2.0
0,0,46.13090742976266,never,0,0,-3.0
0,1,67.14011648971164,always,1,1,12.0
1,0,45.740007094418644,never,0,0,-3.0
0,0,50.75970953028103,complier,0,1,2.0
0,0,52.72691372077209,complier,0,1,2.0
0,0,48.66660049622455,never,0,0,-3.0
1,1,53.41929607322326,complier,0,1,2.0
1,0,47.27402515475315,never,0,0,-3.0
1,1,69.3398004813605,always,1,1,12.0
1,0,43.44422654151996,never,0,0,-3.0
1,0,48.24551585038776,never,0,0,-3.0
0,0,46.47012464569644,never,0,0,-3.0
1,0,45.744334537388774,never,0,0,-3.0
1,0,47.32496697706456,never,0,0,-3.0
0,0,47.07377850166896,never,0,0,-3.0
1,1,53.397265456125545,complier,0,1,2.0
0,0,47.31422263013491,never,0,0,-3.0
0,0,47.73072974498056,never,0,0,-3.0
1,1,66.44639607033184,always,1,1,12.0
0,0,51.122077415832614,never,0,0,-3.0
0,0,47.192970701409934,complier,0,1,2.0
1,0,46.010174272932446,never,0,0,-3.0
1,1,70.49993131214991,always,1,1,12.0
1,1,70.84106551261476,always,1,1,12.0
0,0,45.66719186604363,never,0,0,-3.0
0,0,44.41734360550126,never,0,0,-3.0
1,1,68.48865308053097,always,1,1,12.0
0,0,42.987896199498934,never,0,0,-3.0
1,1,66.96808987767591,always,1,1,12.0
0,0,48.16765687129424,complier,0,1,2.0
0,1,67.62232053266676,always,1,1,12.0
1,0,43.97938093464526,never,0,0,-3.0
0,0,47.967632673762644,never,0,0,-3.0
1,1,53.317860240868036,complier,0,1,2.0
1,1,66.53659327987899,always,1,1,12.0
1,1,68.83030192089464,always,1,1,12.0
1,1,71.0713521625939,always,1,1,12.0
0,1,67.54746923897204,always,1,1,12.0
0,1,67.21041149967618,always,1,1,12.0
0,0,48.309092220146155,complier,0,1,2.0
1,0,47.24731489461446,never,0,0,-3.0
0,0,47.89576314894098,never,0,0,-3.0
1,0,49.40676506717413,never,0,0,-3.0
1,0,45.928312722445,never,0,0,-3.0
0,0,44.41592540594571,never,0,0,-3.0
0,0,46.88550043541821,never,0,0,-3.0
1,1,69.96186985721177,always,1,1,12.0
0,0,44.91226835659479,never,0,0,-3.0
0,0,42.67167111321577,never,0,0,-3.0
0,1,68.41807766506935,always,1,1,12.0
1,0,45.844279475701676,never,0,0,-3.0
1,0,45.81680744170808,never,0,0,-3.0
0,1,68.11179145769107,always,1,1,12.0
0,0,44.25928721646994,never,0,0,-3.0
1,0,42.75887271476961,never,0,0,-3.0
0,0,48.156468674791384,complier,0,1,2.0
1,0,47.15617021152799,never,0,0,-3.0
1,0,45.27804224570494,never,0,0,-3.0
0,0,43.623463611482,never,0,0,-3.0
1,1,48.877978586383435,complier,0,1,2.0
1,1,52.71578083859366,complier,0,1,2.0
0,0,49.5051712527493,complier,0,1,2.0
0,0,50.986249909818405,complier,0,1,2.0
1,0,46.91458064978833,never,0,0,-3.0
1,1,48.881515059699495,complier,0,1,2.0
0,0,44.51767120061548,never,0,0,-3.0
1,1,53.76572690019793,complier,0,1,2.0
0,1,72.5397514650799,always,1,1,12.0
1,0,49.4932648236956,never,0,0,-3.0
0,0,51.655223320550284,complier,0,1,2.0
1,1,52.730583452482506,complier,0,1,2.0
0,1,71.84693896861614,always,1,1,12.0
0,0,50.016331187373396,never,0,0,-3.0
0,0,46.32999509604856,never,0,0,-3.0
1,1,69.05737209376332,always,1,1,12.0
0,0,48.691101506572956,never,0,0,-3.0
0,1,64.20184241318269,always,1,1,12.0
0,0,47.591761149899796,complier,0,1,2.0
0,0,45.0049604611335,never,0,0,-3.0
1,1,70.6978094821007,always,1,1,12.0
0,1,65.78592677782366,always,1,1,12.0
0,0,49.63053984294465,complier,0,1,2.0
0,0,47.143978269429496,never,0,0,-3.0
0,0,51.26195629309722,complier,0,1,2.0
1,1,66.29789645072532,always,1,1,12.0
1,0,49.46921807625539,never,0,0,-3.0
1,1,67.39862149719164,always,1,1,12.0
0,1,72.00871244526014,always,1,1,12.0
1,1,50.424163904257135,complier,0,1,2.0
1,1,65.27896743046702,always,1,1,12.0
0,0,50.70394412493446,complier,0,1,2.0
1,0,47.60370619566621,never,0,0,-3.0
1,1,54.08150180636151,complier,0,1,2.0
1,0,46.63261880097983,never,0,0,-3.0
0,1,67.94163469276691,always,1,1,12.0
1,0,46.366182678549244,never,0,0,-3.0
1,1,49.04171316813427,complier,0,1,2.0
1,1,68.94567485649436,always,1,1,12.0
1,0,48.27089484127555,never,0,0,-3.0
0,1,69.6483040272249,always,1,1,12.0
0,0,42.39776009273098,never,0,0,-3.0
1,0,46.360509372442586,never,0,0,-3.0
1,1,67.87502546289458,always,1,1,12.0
1,1,55.28128823765152,complier,0,1,2.0
1,1,52.26645405249709,complier,0,1,2.0
0,0,45.61010882741979,never,0,0,-3.0
1,1,70.60431665960586,always,1,1,12.0
1,1,50.558550281858466,complier,0,1,2.0
0,0,46.63976827752766,never,0,0,-3.0
1,1,70.23233363700271,always,1,1,12.0
0,1,69.08899390785169,always,1,1,12.0
0,0,48.47262370399572,complier,0,1,2.0
1,1,69.07884399655586,always,1,1,12.0
0,0,46.72323074712792,never,0,0,-3.0
0,0,47.98731353373085,complier,0,1,2.0
0,0,46.40078850844658,never,0,0,-3.0
1,1,53.00610723196867,complier,0,1,2.0
0,0,46.98100743525889,never,0,0,-3.0
1,0,47.50255192610099,never,0,0,-3.0
1,1,70.00655374462703,always,1,1,12.0
1,0,48.98943823641585,never,0,0,-3.0
0,0,47.86791134316662,never,0,0,-3.0
0,0,46.38218602889616,never,0,0,-3.0
0,0,47.062676541517924,never,0,0,-3.0
0,0,44.663897551757024,never,0,0,-3.0
0,0,48.64205936968364,complier,0,1,2.0
0,1,72.1209145403169,always,1,1,12.0
0,0,47.44286184304227,complier,0,1,2.0
1,0,44.589396206465274,never,0,0,-3.0
1,1,51.65619047680359,complier,0,1,2.0
0,0,42.074153392856545,never,0,0,-3.0
1,1,53.54159376570067,complier,0,1,2.0
1,0,43.07616030549642,never,0,0,-3.0
0,0,44.97527090837137,never,0,0,-3.0
1,1,71.07249522787934,always,1,1,12.0
1,0,45.689810617231416,never,0,0,-3.0
1,1,52.65985385501298,complier,0,1,2.0
0,0,46.00559613695979,never,0,0,-3.0
1,1,67.11562970288631,always,1,1,12.0
0,0,49.45450571557783,complier,0,1,2.0
0,1,70.70235811049699,always,1,1,12.0
0,0,49.1235746398249,complier,0,1,2.0
0,0,51.433548137911814,complier,0,1,2.0
0,0,46.38399246282217,never,0,0,-3.0
0,1,68.89912049461095,always,1,1,12.0
1,0,42.42082403384189,never,0,0,-3.0
0,0,47.63233854525634,never,0,0,-3.0
1,1,51.00130722393316,complier,0,1,2.0
1,1,66.80849905852699,always,1,1,12.0
0,1,70.24735638690608,always,1,1,12.0
1,0,45.762007093452745,never,0,0,-3.0
1,1,51.78813352774661,complier,0,1,2.0
1,1,70.32635809983228,always,1,1,12.0
1,1,51.830444921915635,complier,0,1,2.0
1,1,53.568477869385774,complier,0,1,2.0
1,1,73.07584964391815,always,1,1,12.0
1,1,70.53710466746739,always,1,1,12.0
0,1,69.75747145314948,always,1,1,12.0
0,1,66.47466568564937,always,1,1,12.0
1,1,67.1702626919946,always,1,1,12.0
0,0,45.977573716438634,never,0,0,-3.0
1,0,50.13064867906317,never,0,0,-3.0
1,1,50.179290771951706,complier,0,1,2.0
1,0,43.53922073768724,never,0,0,-3.0
1,0,44.90878608601596,never,0,0,-3.0
1,1,69.78005461801907,always,1,1,12.0
0,0,44.262342577354076,never,0,0,-3.0
0,0,50.02828023588142,never,0,0,-3.0
1,0,46.426487542275225,never,0,0,-3.0
0,0,45.88798021320956,never,0,0,-3.0
0,0,44.4315589236814,never,0,0,-3.0
0,1,68.7170238005626,always,1,1,12.0
1,0,44.813344377298165,never,0,0,-3.0
1,1,66.42487135096788,always,1,1,12.0
1,1,67.96245804590636,always,1,1,12.0
1,1,52.57865422502956,complier,0,1,2.0
1,1,48.49634087997843,complier,0,1,2.0
1,1,52.92820812371893,complier,0,1,2.0
0,0,50.35654005899416,complier,0,1,2.0
1,1,54.584334303482585,complier,0,1,2.0
0,1,71.20269237503453,always,1,1,12.0
0,0,47.007508718222084,never,0,0,-3.0
0,1,70.69606141893888,always,1,1,12.0
0,0,50.927505430127844,complier,0,1,2.0
1,1,65.1701929349549,always,1,1,12.0
0,0,46.29332711664813,never,0,0,-3.0
1,1,52.007157850244525,complier,0,1,2.0
1,0,47.11476081138754,never,0,0,-3.0
1,1,50.26531430862413,complier,0,1,2.0
0,1,69.13387977658837,always,1,1,12.0
0,1,70.6853746195296,always,1,1,12.0
1,1,74.33456670498842,always,1,1,12.0
1,0,46.886982731136186,never,0,0,-3.0
0,1,67.8262787503935,always,1,1,12.0
1,1,70.4445609205281,always,1,1,12.0
0,1,67.77424033738609,always,1,1,12.0
1,1,53.34169776400457,complier,0,1,2.0
0,0,49.12923328518703,complier,0,1,2.0
1,1,68.55104599801868,always,1,1,12.0
0,1,68.02944074541087,always,1,1,12.0
0,0,47.539957277928586,complier,0,1,2.0
0,0,49.09939472065743,never,0,0,-3.0
0,0,42.06592082447597,never,0,0,-3.0
0,0,44.61477130246456,never,0,0,-3.0
1,1,68.32764516983329,always,1,1,12.0
1,0,45.684099010402946,never,0,0,-3.0
1,1,71.3170655854445,always,1,1,12.0
1,0,48.503615469408935,never,0,0,-3.0
1,1,51.16573874387033,complier,0,1,2.0
1,0,44.39437783881431,never,0,0,-3.0
1,1,51.66701296347684,complier,0,1,2.0
1,1,66.48771997623716,always,1,1,12.0
0,0,46.50763395244355,never,0,0,-3.0
0,0,48.75579365192579,complier,0,1,2.0
0,1,70.27083108058143,always,1,1,12.0
0,0,41.9195092893316,never,0,0,-3.0
1,1,53.05245708803001,complier,0,1,2.0
0,0,50.92538827784352,never,0,0,-3.0
1,1,49.328194098333725,complier,0,1,2.0
1,1,66.14093512934551,always,1,1,12.0
1,1,51.53880700916026,complier,0,1,2.0
0,1,69.45636540671158,always,1,1,12.0
1,0,49.134558420637624,never,0,0,-3.0
0,0,49.927505395045685,never,0,0,-3.0
0,1,69.2611575343752,always,1,1,12.0
1,0,48.542769522079894,never,0,0,-3.0
1,1,53.73519957359935,complier,0,1,2.0
0,1,66.60004031928241,always,1,1,12.0
1,0,44.49595340110487,never,0,0,-3.0
0,0,50.12861531347739,complier,0,1,2.0
0,0,50.58746375280261,complier,0,1,2.0
1,0,47.50838223408218,never,0,0,-3.0
1,0,47.35428767953873,never,0,0,-3.0
0,0,51.85843449550267,complier,0,1,2.0
1,0,40.278969021221556,never,0,0,-3.0
1,1,53.60941760348749,complier,0,1,2.0
0,0,47.19553256805082,complier,0,1,2.0
0,0,46.26300627954329,never,0,0,-3.0
1,1,72.00072439270544,always,1,1,12.0
1,1,68.70788110607423,always,1,1,12.0
1,0,45.95365704606687,never,0,0,-3.0
0,1,68.99116486940699,always,1,1,12.0
1,0,48.84254861305478,never,0,0,-3.0
0,1,66.56788544792303,always,1,1,12.0
1,1,53.4179999564806,complier,0,1,2.0
1,1,74.17216127095972,always,1,1,12.0
1,0,44.63235106710294,never,0,0,-3.0
0,1,67.72748920463037,always,1,1,12.0
1,1,72.13710422444122,always,1,1,12.0
1,0,44.736461992834776,never,0,0,-3.0
0,1,68.38934695856803,always,1,1,12.0
1,0,46.66131838849113,never,0,0,-3.0
0,1,70.74699279469245,always,1,1,12.0
0,0,47.64647748268945,never,0,0,-3.0
1,0,46.872305515106056,never,0,0,-3.0
1,1,68.59436505537535,always,1,1,12.0
1,1,54.1031615811144,complier,0,1,2.0
0,1,67.69448884824831,always,1,1,12.0
1,1,51.689142479075336,complier,0,1,2.0
1,0,45.94026040329182,never,0,0,-3.0
1,0,47.520101744706345,never,0,0,-3.0
0,0,45.29428422485846,never,0,0,-3.0
0,1,70.43366454490891,always,1,1,12.0
1,1,68.78870458623135,always,1,1,12.0
1,1,54.59736302731668,complier,0,1,2.0
0,0,49.38005968369363,complier,0,1,2.0
0,0,47.10072003434662,never,0,0,-3.0
0,0,46.04554644856318,never,0,0,-3.0
1,1,53.80977040005046,complier,0,1,2.0
0,0,52.28878862774249,complier,0,1,2.0
1,1,54.33482855030501,complier,0,1,2.0
0,0,48.19173282123102,complier,0,1,2.0
0,0,45.59930544827848,never,0,0,-3.0
0,1,64.3789206868718,always,1,1,12.0
0,0,45.069723873769064,never,0,0,-3.0
1,1,52.25659868944833,complier,0,1,2.0
1,1,65.62598726282366,always,1,1,12.0
0,0,51.09316678439537,complier,0,1,2.0
0,0,51.339388510945426,complier,0,1,2.0
1,0,47.22164840893853,never,0,0,-3.0
0,0,50.82349988211588,never,0,0,-3.0
0,0,46.41719856194115,never,0,0,-3.0
0,0,44.91058473036871,never,0,0,-3.0
1,1,66.43891275659105,always,1,1,12.0
1,0,43.555706047785556,never,0,0,-3.0
0,0,50.74742974569721,complier,0,1,2.0
0,0,50.709510786827444,complier,0,1,2.0
0,0,46.960170380435976,never,0,0,-3.0
0,1,67.9341972271868,always,1,1,12.0
0,1,69.77218814210896,always,1,1,12.0
1,1,52.21428144916963,complier,0,1,2.0
1,0,47.62952009744113,never,0,0,-3.0
0,1,67.80275577069696,always,1,1,12.0
0,0,50.140237402386084,complier,0,1,2.0
1,0,45.718089831786294,never,0,0,-3.0
0,0,49.18435753395728,complier,0,1,2.0
1,0,44.06477518186211,never,0,0,-3.0
0,0,49.21362444449086,never,0,0,-3.0
1,1,69.36176100584919,always,1,1,12.0
1,1,53.30003189390319,complier,0,1,2.0
0,0,50.55302773728153,complier,0,1,2.0
0,0,49.354212979147164,complier,0,1,2.0
1,1,68.85249554305054,always,1,1,12.0
1,1,68.71340586587613,always,1,1,12.0
0,0,46.189592056875064,never,0,0,-3.0
1,1,71.07131405378381,always,1,1,12.0
0,1,66.14882267332119,always,1,1,12.0
1,0,44.564176008062645,never,0,0,-3.0
1,1,72.21283135608843,always,1,1,12.0
0,0,44.86308264406379,never,0,0,-3.0
0,1,69.3253283624285,always,1,1,12.0
0,1,66.720939780946,always,1,1,12.0
0,0,47.3945469241005,never,0,0,-3.0
1,0,42.07616793327962,never,0,0,-3.0
1,0,45.53048623298391,never,0,0,-3.0
0,0,47.54140881422727,never,0,0,-3.0
1,0,41.53637907287806,never,0,0,-3.0
1,1,67.91185085725762,always,1,1,12.0
1,1,70.43417309187669,always,1,1,12.0
0,1,70.50404127795925,always,1,1,12.0
0,0,54.80661441595342,complier,0,1,2.0
0,0,47.339048693410454,never,0,0,-3.0
0,0,43.681499430046266,never,0,0,-3.0
0,0,46.60503256335443,never,0,0,-3.0
1,1,68.23839024439816,always,1,1,12.0
1,0,48.09326043809098,never,0,0,-3.0
1,1,69.54676066266919,always,1,1,12.0
0,0,47.83790040890767,complier,0,1,2.0
0,0,46.01139816344283,never,0,0,-3.0
1,1,65.44337350232274,always,1,1,12.0
0,1,69.10113170971438,always,1,1,12.0
0,0,44.34131870986797,never,0,0,-3.0
0,0,49.20498925801366,never,0,0,-3.0
0,0,42.02852535443242,never,0,0,-3.0
1,0,47.265046592987865,never,0,0,-3.0
1,0,47.52717264978978,never,0,0,-3.0
0,1,68.50095944875898,always,1,1,12.0
0,0,45.75089351575727,never,0,0,-3.0
0,1,64.85653877501029,always,1,1,12.0
0,0,46.7530005145507,never,0,0,-3.0
1,1,71.12690984301244,always,1,1,12.0
0,1,69.09784555841384,always,1,1,12.0
0,1,65.90785049359911,always,1,1,12.0
0,1,68.51720763612657,always,1,1,12.0
1,1,68.34630386666744,always,1,1,12.0
1,0,47.38992824473734,never,0,0,-3.0
0,0,50.34727114143616,complier,0,1,2.0
0,0,52.149825070095844,complier,0,1,2.0
0,1,66.51949389525635,always,1,1,12.0
0,0,48.435128138120405,complier,0,1,2.0
1,1,55.00079861701006,complier,0,1,2.0
0,0,50.233978205686995,complier,0,1,2.0
1,1,68.92514918220859,always,1,1,12.0
0,1,67.55184811148204,always,1,1,12.0
0,0,44.810648068875565,never,0,0,-3.0
1,1,71.42166608692844,always,1,1,12.0
1,1,70.88451567753616,always,1,1,12.0
1,1,69.55669092130869,always,1,1,12.0
1,1,65.83318812854915,always,1,1,12.0
1,0,47.109946165557744,never,0,0,-3.0
1,0,42.44003757359442,never,0,0,-3.0
0,0,51.09353828583984,complier,0,1,2.0
1,0,44.545665224009014,never,0,0,-3.0
0,0,43.079378486036084,never,0,0,-3.0
0,0,43.349692389614276,never,0,0,-3.0
1,1,49.66252963803164,complier,0,1,2.0
0,0,46.896894929988704,complier,0,1,2.0
1,1,66.8657303338399,always,1,1,12.0
1,0,48.07330990709553,never,0,0,-3.0
1,1,67.5433491119855,always,1,1,12.0
0,0,45.30554586348043,never,0,0,-3.0
1,0,43.04076636376018,never,0,0,-3.0
0,0,48.98276388436057,complier,0,1,2.0
0,0,47.02815721690242,never,0,0,-3.0
0,0,49.58266750449155,complier,0,1,2.0
0,0,51.878175069873016,never,0,0,-3.0
0,1,70.95109812187138,always,1,1,12.0
1,0,43.13735770876864,never,0,0,-3.0
0,1,70.70588061174742,always,1,1,12.0
0,0,43.97895712343366,never,0,0,-3.0
0,1,71.54792502881854,always,1,1,12.0
0,1,71.6680788961667,always,1,1,12.0
1,1,56.87811603550265,complier,0,1,2.0
1,1,67.1394592786065,always,1,1,12.0
1,0,45.18521427381381,never,0,0,-3.0
0,0,46.803509650200674,never,0,0,-3.0
1,0,44.493074723876944,never,0,0,-3.0
0,1,73.57499554975693,always,1,1,12.0
1,1,67.3382590246719,always,1,1,12.0
0,0,47.29018634318809,never,0,0,-3.0
0,0,44.90274515746237,never,0,0,-3.0
0,0,51.71420233895146,complier,0,1,2.0
1,0,47.09185524062776,never,0,0,-3.0
0,0,48.06486338281253,never,0,0,-3.0
0,0,50.24193017773295,complier,0,1,2.0
0,0,50.086092564626945,complier,0,1,2.0
1,1,62.95316295523815,always,1,1,12.0
1,1,49.91430310002717,complier,0,1,2.0
0,0,46.00397675580844,never,0,0,-3.0
0,0,48.9221479080122,complier,0,1,2.0
1,0,43.81821021533825,never,0,0,-3.0
1,1,51.03939509463598,complier,0,1,2.0
1,1,68.2208575207858,always,1,1,12.0
0,0,55.29132513074911,complier,0,1,2.0
0,1,71.24810696859758,always,1,1,12.0
1,1,70.02238999268408,always,1,1,12.0
0,1,73.7796443642981,always,1,1,12.0
1,1,67.46406957974858,always,1,1,12.0
0,0,53.361862833514564,complier,0,1,2.0
0,0,44.99044973532117,never,0,0,-3.0
1,0,44.7721811734536,never,0,0,-3.0
1,0,43.5363766194006,never,0,0,-3.0
1,1,52.134318740546455,complier,0,1,2.0
0,0,48.45399398931918,never,0,0,-3.0
0,0,45.91187769245631,never,0,0,-3.0
1,1,69.82229978240969,always,1,1,12.0
1,1,52.83224312513023,complier,0,1,2.0
0,0,49.99872257857304,complier,0,1,2.0
0,0,52.75281633137756,complier,0,1,2.0
1,0,46.6052791881106,never,0,0,-3.0
0,0,46.040016237829676,never,0,0,-3.0
1,0,45.9952511210016,never,0,0,-3.0
0,0,49.81205447822414,complier,0,1,2.0
1,1,52.2652072754263,complier,0,1,2.0
0,0,45.26305665006183,never,0,0,-3.0
1,1,72.30007015591082,always,1,1,12.0
0,0,45.321627765640905,never,0,0,-3.0
1,1,51.889961140889746,complier,0,1,2.0
0,0,52.53991993584607,complier,0,1,2.0
0,0,46.289541154055826,never,0,0,-3.0
0,1,68.04403743187216,always,1,1,12.0
1,1,72.4050807079745,always,1,1,12.0
1,0,44.59293525656757,never,0,0,-3.0
0,0,54.368319099031,complier,0,1,2.0
0,0,45.95912852421849,never,0,0,-3.0
0,1,66.06442352375082,always,1,1,12.0
1,1,51.128625809375635,complier,0,1,2.0
1,1,66.51298536298113,always,1,1,12.0
0,1,66.8768503251283,always,1,1,12.0
1,0,45.8363970772863,never,0,0,-3.0
1,0,43.53000904963591,never,0,0,-3.0
0,1,67.27371132756865,always,1,1,12.0
1,1,53.327824008251056,complier,0,1,2.0
0,0,53.603721469038355,complier,0,1,2.0
1,1,67.83111253651286,always,1,1,12.0
0,0,48.68961895664778,never,0,0,-3.0
1,0,45.89260548157487,never,0,0,-3.0
0,1,69.5740482386011,always,1,1,12.0
1,1,54.056831421766944,complier,0,1,2.0
0,0,49.324809773279625,complier,0,1,2.0
1,1,52.436314385305835,complier,0,1,2.0
1,1,69.88461225324914,always,1,1,12.0
1,1,49.65671650135363,complier,0,1,2.0
0,0,54.56608340467308,complier,0,1,2.0
0,0,43.354873716996245,never,0,0,-3.0
0,0,43.016185226083934,never,0,0,-3.0
1,1,70.84393989517936,always,1,1,12.0
1,0,44.996363223857024,never,0,0,-3.0
1,1,54.34611657987052,complier,0,1,2.0
0,0,48.53432483241572,never,0,0,-3.0
0,0,47.449185168346375,never,0,0,-3.0
1,1,53.612475790383236,complier,0,1,2.0
1,1,68.0170726166952,always,1,1,12.0
0,0,47.76758102922756,complier,0,1,2.0
0,1,71.99499347418696,always,1,1,12.0
0,0,50.539109705183805,complier,0,1,2.0
0,0,52.90629270990248,complier,0,1,2.0
1,1,69.24926850515575,always,1,1,12.0
0,0,50.07176331085883,complier,0,1,2.0
1,0,50.71084727834831,never,0,0,-3.0
0,0,43.788652521813326,never,0,0,-3.0
1,0,46.0144687009586,never,0,0,-3.0
0,0,46.02917944267007,never,0,0,-3.0
1,1,51.847860362231025,complier,0,1,2.0
0,1,70.09717949787321,always,1,1,12.0
0,1,69.80573913490052,always,1,1,12.0
1,0,47.818092107526894,never,0,0,-3.0
1,1,68.3205695845868,always,1,1,12.0
0,1,69.16877721165315,always,1,1,12.0
1,1,69.35284418985447,always,1,1,12.0
0,0,50.78624335348375,complier,0,1,2.0
1,1,54.793724945410666,complier,0,1,2.0
1,1,69.5411056779732,always,1,1,12.0
0,1,69.49482351133749,always,1,1,12.0
0,0,44.58210428945084,never,0,0,-3.0
0,0,49.47181462704645,complier,0,1,2.0
1,1,71.63767794419046,always,1,1,12.0
1,1,65.9100143983887,always,1,1,12.0
1,0,46.39102019306882,never,0,0,-3.0
1,1,68.39814040777146,always,1,1,12.0
0,1,68.30182384236286,always,1,1,12.0
0,1,72.6370929362368,always,1,1,12.0
0,1,69.82350386191986,always,1,1,12.0
0,0,45.46485348829208,never,0,0,-3.0
0,0,48.520574576767025,never,0,0,-3.0
1,0,44.14623507329637,never,0,0,-3.0
0,0,48.50776497545061,complier,0,1,2.0
1,0,44.85870423139128,never,0,0,-3.0
1,0,44.81653596183347,never,0,0,-3.0
0,1,69.8660988065571,always,1,1,12.0
1,1,50.72453386651118,complier,0,1,2.0
0,0,49.72881187818926,complier,0,1,2.0
0,0,44.220308498405764,never,0,0,-3.0
1,1,58.388262954435646,complier,0,1,2.0
1,1,68.5066395061018,always,1,1,12.0
1,1,70.82547814036764,always,1,1,12.0
0,1,68.38061998143301,always,1,1,12.0
1,0,43.57105032176966,never,0,0,-3.0
0,0,51.31637815077866,complier,0,1,2.0
1,1,70.0878377419984,always,1,1,12.0
0,0,48.194559973270366,complier,0,1,2.0
1,1,52.95316362096758,complier,0,1,2.0
0,1,67.68463180634922,always,1,1,12.0
0,0,46.89908619551885,never,0,0,-3.0
0,1,67.80374169362797,always,1,1,12.0
1,1,65.57705301114729,always,1,1,12.0
1,0,46.234349552427055,never,0,0,-3.0
1,1,70.00039963184476,always,1,1,12.0
0,0,50.01677793711566,complier,0,1,2.0
0,0,51.61119906559682,complier,0,1,2.0
0,0,46.692615016869496,never,0,0,-3.0
0,0,49.59940539079567,never,0,0,-3.0
0,1,66.9883392474463,always,1,1,12.0
0,1,69.34466146773201,always,1,1,12.0
1,1,51.32054900731872,complier,0,1,2.0
0,0,47.69393587253502,complier,0,1,2.0
1,0,48.32319629076977,never,0,0,-3.0
0,1,67.75710848091526,always,1,1,12.0
1,0,43.02425572558906,never,0,0,-3.0
0,0,45.639282028354074,never,0,0,-3.0
1,1,52.93694332594819,complier,0,1,2.0
1,1,64.16491110342903,always,1,1,12.0
0,0,47.28392570212934,never,0,0,-3.0
1,1,69.01690292820965,always,1,1,12.0
0,1,70.14061661624584,always,1,1,12.0
1,0,45.576797086613084,never,0,0,-3.0
0,0,50.15964623014912,complier,0,1,2.0
0,1,67.41764228929986,always,1,1,12.0
1,0,47.47293269048857,never,0,0,-3.0
0,0,43.01540798776216,never,0,0,-3.0
1,0,41.3339910470234,never,0,0,-3.0
0,0,49.67855775669036,complier,0,1,2.0
0,1,72.31811093285101,always,1,1,12.0
1,1,52.593430614661315,complier,0,1,2.0
1,1,71.87593993137467,always,1,1,12.0
1,0,48.22517095765688,never,0,0,-3.0
1,1,53.6583983400748,complier,0,1,2.0
0,0,48.936808022447444,never,0,0,-3.0
0,1,66.8038340876007,always,1,1,12.0
1,0,45.04046604625539,never,0,0,-3.0
0,1,72.33116870517847,always,1,1,12.0
0,0,50.27758072055917,complier,0,1,2.0
0,0,44.883280901179496,never,0,0,-3.0
1,0,46.0489227724584,never,0,0,-3.0
0,1,63.93731462560756,always,1,1,12.0
1,0,41.55288228823647,never,0,0,-3.0
0,0,44.71522026590286,never,0,0,-3.0
1,1,50.71321710673677,complier,0,1,2.0
0,1,68.07187150610365,always,1,1,12.0
1,0,46.62898093765709,never,0,0,-3.0
1,0,43.93874143065812,never,0,0,-3.0
1,1,51.94739632438229,complier,0,1,2.0
1,1,71.45828235562693,always,1,1,12.0
1,0,43.86768639524014,never,0,0,-3.0
0,1,68.25480281892911,always,1,1,12.0
0,1,70.12500140407666,always,1,1,12.0
0,0,42.304033039024496,never,0,0,-3.0
0,1,66.85401865659755,always,1,1,12.0
1,1,69.58776139858165,always,1,1,12.0
0,0,45.97074598006346,never,0,0,-3.0
0,0,49.09834089729422,complier,0,1,2.0
1,0,45.657428683284024,never,0,0,-3.0
0,0,44.0940663787537,never,0,0,-3.0
0,1,64.31953816633207,always,1,1,12.0
0,1,69.36253073718638,always,1,1,12.0
1,0,44.64065309034535,never,0,0,-3.0
1,1,50.53910137923729,complier,0,1,2.0
1,1,70.38401997925737,always,1,1,12.0
1,0,46.074270358984265,never,0,0,-3.0
1,1,50.16888678882225,complier,0,1,2.0
0,0,44.72440144283225,never,0,0,-3.0
0,0,49.92391568661595,complier,0,1,2.0
0,0,46.695724884884704,complier,0,1,2.0
1,1,68.60708282462411,always,1,1,12.0
0,0,46.415179782924724,never,0,0,-3.0
1,1,51.23737028388247,complier,0,1,2.0
0,0,43.83228744497721,never,0,0,-3.0
1,1,51.20467904018466,complier,0,1,2.0
0,0,51.79206787444814,complier,0,1,2.0
1,1,69.11440067304434,always,1,1,12.0
0,0,49.14148778989848,never,0,0,-3.0
1,1,69.90159367061173,always,1,1,12.0
1,1,55.31593316183884,complier,0,1,2.0
0,0,49.009999630488515,complier,0,1,2.0
1,1,65.22991524518586,always,1,1,12.0
0,0,47.009375055514305,never,0,0,-3.0
1,0,47.49618230919968,never,0,0,-3.0
1,0,43.00020248631241,never,0,0,-3.0
1,1,70.49464381476442,always,1,1,12.0
1,1,69.97586488180187,always,1,1,12.0
0,0,50.16840205654784,complier,0,1,2.0
1,1,66.43256988838786,always,1,1,12.0
1,1,65.94702051139397,always,1,1,12.0
0,0,45.45515403454563,never,0,0,-3.0
1,1,48.618156524756856,complier,0,1,2.0
0,0,47.8647531572453,complier,0,1,2.0
0,0,49.31690962644694,never,0,0,-3.0
1,1,51.636045054743946,complier,0,1,2.0
1,1,72.88467027213397,always,1,1,12.0
1,0,50.396056869906175,never,0,0,-3.0
1,1,50.88276365270733,complier,0,1,2.0
0,0,52.727783690492615,complier,0,1,2.0
0,0,46.51092861385203,never,0,0,-3.0
0,0,49.086075191176306,complier,0,1,2.0
0,1,67.26413051659897,always,1,1,12.0
1,0,49.58425650650749,never,0,0,-3.0
0,0,52.981365728181586,complier,0,1,2.0
0,0,50.48463641452881,complier,0,1,2.0
1,1,67.12935406869171,always,1,1,12.0
1,1,48.723418530809354,complier,0,1,2.0
0,1,69.94723750071685,always,1,1,12.0
1,0,48.43167343745119,never,0,0,-3.0
1,1,69.67488593583035,always,1,1,12.0
0,0,45.362122109460756,never,0,0,-3.0
0,1,70.18708140005762,always,1,1,12.0
0,0,46.946870932055404,complier,0,1,2.0
1,1,53.19822625212988,complier,0,1,2.0
0,0,46.72651587277385,complier,0,1,2.0
1,1,67.38771994969038,always,1,1,12.0
0,0,52.231617328704246,complier,0,1,2.0
0,0,46.19602310442904,never,0,0,-3.0
1,0,44.3437287093861,never,0,0,-3.0
0,0,45.641994450967985,never,0,0,-3.0
0,0,51.66319226098423,complier,0,1,2.0
0,0,52.13280692925794,complier,0,1,2.0
1,0,47.578739405368154,never,0,0,-3.0
1,0,45.77010353631608,never,0,0,-3.0
0,1,67.63187079941775,always,1,1,12.0
0,0,45.560483553981584,never,0,0,-3.0
1,1,70.08140164371709,always,1,1,12.0
0,0,50.3878490954321,complier,0,1,2.0
0,0,48.715532204646834,never,0,0,-3.0
0,1,71.47127288420386,always,1,1,12.0
0,0,48.10512923866683,never,0,0,-3.0
1,1,66.38289301340565,always,1,1,12.0
0,0,46.4063867376634,complier,0,1,2.0
0,1,71.3425846453618,always,1,1,12.0
1,0,48.06712215761547,never,0,0,-3.0
1,1,68.25291251447229,always,1,1,12.0
1,1,51.10040947713683,complier,0,1,2.0
1,0,45.40240286254022,never,0,0,-3.0
1,0,46.59164784593862,never,0,0,-3.0
1,0,47.307054901768254,never,0,0,-3.0
0,0,43.21858847235547,never,0,0,-3.0
1,1,48.85586442653083,complier,0,1,2.0
0,0,43.674552642300945,never,0,0,-3.0
1,1,69.1790949240394,always,1,1,12.0
0,0,53.49469006883288,complier,0,1,2.0
1,1,67.87589104678888,always,1,1,12.0
1,1,68.11963135805658,always,1,1,12.0
0,0,50.05894538556302,complier,0,1,2.0
1,0,44.121414958925094,never,0,0,-3.0
1,0,41.45769933180529,never,0,0,-3.0
1,0,46.73279583351622,never,0,0,-3.0
0,1,67.11619062431267,always,1,1,12.0
0,0,45.1982999125334,complier,0,1,2.0
1,0,47.332763768708396,never,0,0,-3.0
1,0,45.39189948236403,never,0,0,-3.0
0,0,46.00537968799865,never,0,0,-3.0
0,1,70.65599033988921,always,1,1,12.0
1,0,48.165280760150075,never,0,0,-3.0
1,0,46.30497259339055,never,0,0,-3.0
0,0,47.468597906983064,never,0,0,-3.0
1,1,53.76482445535019,complier,0,1,2.0
0,0,46.8368111080486,never,0,0,-3.0
1,0,44.65308714586535,never,0,0,-3.0
0,1,71.33989963707572,always,1,1,12.0
1,0,46.43002396705312,never,0,0,-3.0
1,1,67.88413674132947,always,1,1,12.0
1,1,69.08322612891773,always,1,1,12.0
0,0,47.62750958493336,never,0,0,-3.0
1,0,42.9865106080864,never,0,0,-3.0
0,0,47.98354309202066,complier,0,1,2.0
0,0,43.565235990560815,never,0,0,-3.0
0,0,44.03778681150924,never,0,0,-3.0
0,0,48.4958831193174,never,0,0,-3.0
0,1,68.72638200550942,always,1,1,12.0
1,1,72.93310951525278,always,1,1,12.0
1,1,70.27659320280412,always,1,1,12.0
1,0,48.828576755052985,never,0,0,-3.0
0,1,67.86361634048076,always,1,1,12.0
0,1,70.94510125756099,always,1,1,12.0
1,0,48.45974730532999,never,0,0,-3.0
0,0,49.91920744932518,complier,0,1,2.0
0,0,52.18434581204244,complier,0,1,2.0
0,1,67.82206502022774,always,1,1,12.0
1,1,69.3793157432726,always,1,1,12.0
1,1,53.83405821175207,complier,0,1,2.0
0,0,47.34039081988974,never,0,0,-3.0
1,1,48.04633106890676,complier,0,1,2.0
0,0,45.83957869607193,never,0,0,-3.0
0,0,47.85491872786653,complier,0,1,2.0
0,0,43.73738068041028,never,0,0,-3.0
0,1,67.74628506170687,always,1,1,12.0
1,1,53.405749646134005,complier,0,1,2.0
1,0,49.06311862906731,never,0,0,-3.0
0,0,47.09534014911045,never,0,0,-3.0
1,0,44.81310174734319,never,0,0,-3.0
1,0,44.69137635668108,never,0,0,-3.0
1,1,72.62251363167354,always,1,1,12.0
0,0,47.66419411464774,never,0,0,-3.0
1,1,70.56864814225197,always,1,1,12.0
1,0,47.67125352060109,never,0,0,-3.0
1,0,43.197697441638944,never,0,0,-3.0
0,1,71.97572866030943,always,1,1,12.0
0,0,49.29382757400383,complier,0,1,2.0
1,0,44.80047854612012,never,0,0,-3.0
0,1,69.90098700877955,always,1,1,12.0
1,1,72.83156050526567,always,1,1,12.0
1,1,70.67118614557559,always,1,1,12.0
1,0,44.5057293051698,never,0,0,-3.0
1,1,53.9908625486587,complier,0,1,2.0
0,1,72.63823220238422,always,1,1,12.0
0,0,50.7076018332216,complier,0,1,2.0
1,0,42.80269203121996,never,0,0,-3.0
0,0,51.71028416532305,complier,0,1,2.0
0,0,44.899879877397666,never,0,0,-3.0
1,0,42.570879968709434,never,0,0,-3.0
0,1,67.79310576066355,always,1,1,12.0
0,0,48.32095488350686,never,0,0,-3.0
1,1,68.82456737647503,always,1,1,12.0
1,0,45.24432085650871,never,0,0,-3.0
1,1,70.85965966253198,always,1,1,12.0
1,0,43.76137225858387,never,0,0,-3.0
0,0,47.293622285008816,never,0,0,-3.0
1,1,71.50032310750166,always,1,1,12.0
0,0,48.4980433566365,complier,0,1,2.0
0,0,47.10578807026214,never,0,0,-3.0
0,0,46.16229639909205,never,0,0,-3.0
1,1,50.87961073045353,complier,0,1,2.0
0,0,46.11943813579242,never,0,0,-3.0
0,0,46.41499279955517,never,0,0,-3.0
0,0,50.291647841185394,complier,0,1,2.0
0,1,72.59196458207583,always,1,1,12.0
0,0,49.213363689528734,complier,0,1,2.0
0,0,49.26929997988709,complier,0,1,2.0
1,0,42.83006722538668,never,0,0,-3.0
0,0,47.51917789691665,never,0,0,-3.0
0,0,40.85797016966014,never,0,0,-3.0
1,1,52.46363368417766,complier,0,1,2.0
0,0,46.71442437801824,never,0,0,-3.0
0,1,72.15692417565482,always,1,1,12.0
0,0,45.64584369827576,never,0,0,-3.0
1,1,54.793674353217575,complier,0,1,2.0
0,0,52.538355590150864,complier,0,1,2.0
1,0,49.18447270686533,never,0,0,-3.0
0,0,44.63226997512472,never,0,0,-3.0
0,0,53.85616272615444,complier,0,1,2.0
0,0,47.29785836788312,never,0,0,-3.0
0,0,46.24503559877787,never,0,0,-3.0
0,0,44.729387775557086,never,0,0,-3.0
0,0,50.75574546778816,complier,0,1,2.0
0,0,47.73246116055901,never,0,0,-3.0
1,0,46.10970807405101,never,0,0,-3.0
0,1,68.6599345274837,always,1,1,12.0
1,1,53.4771936700539,complier,0,1,2.0
0,1,70.1345336789256,always,1,1,12.0
1,0,47.52591783609992,never,0,0,-3.0
1,1,69.7679250248002,always,1,1,12.0
0,0,46.64882981576665,never,0,0,-3.0
1,0,44.71192755452819,never,0,0,-3.0
0,0,41.75386333170843,never,0,0,-3.0
0,0,49.751173258241884,complier,0,1,2.0
1,0,46.70332968944902,never,0,0,-3.0
1,0,43.94780969129558,never,0,0,-3.0
1,1,50.25164226576323,complier,0,1,2.0
1,0,42.256502645464415,never,0,0,-3.0
0,0,42.571879446632224,never,0,0,-3.0
0,0,48.519470278022595,complier,0,1,2.0
1,0,44.44907309677832,never,0,0,-3.0
1,0,46.21716355902435,never,0,0,-3.0
1,0,44.51077721060812,never,0,0,-3.0
1,1,50.011999565306205,complier,0,1,2.0
1,1,68.6266732930822,always,1,1,12.0
0,0,46.25605897710715,never,0,0,-3.0
1,1,53.053983530833165,complier,0,1,2.0
0,1,71.42817956353315,always,1,1,12.0
0,0,46.31724908191393,never,0,0,-3.0
1,1,50.496811168655995,complier,0,1,2.0
1,1,54.23219417459799,complier,0,1,2.0
0,0,48.45430709577448,complier,0,1,2.0
1,0,46.03709194516789,never,0,0,-3.0
1,1,67.71274476591356,always,1,1,12.0
0,0,48.53779473009871,complier,0,1,2.0
0,0,47.580971896432025,never,0,0,-3.0
1,0,44.4285938344824,never,0,0,-3.0
1,1,69.90954096593136,always,1,1,12.0
1,0,45.39304745325856,never,0,0,-3.0
0,0,47.2138332080767,never,0,0,-3.0
1,1,69.2804980731452,always,1,1,12.0
1,0,44.94004459289223,never,0,0,-3.0
0,0,52.52043956366203,complier,0,1,2.0
1,1,54.03837372959094,complier,0,1,2.0
1,0,42.00074658680628,never,0,0,-3.0
1,0,47.149903773778085,never,0,0,-3.0
0,0,44.90774108278956,never,0,0,-3.0
0,0,44.228362091986824,never,0,0,-3.0
1,0,45.208528694178305,never,0,0,-3.0
1,1,52.67475288392468,complier,0,1,2.0
1,1,52.096863329217946,complier,0,1,2.0
1,0,44.378586659162465,never,0,0,-3.0
1,1,67.25921636392515,always,1,1,12.0
0,0,48.57541380064006,complier,0,1,2.0
1,0,48.14400741934272,never,0,0,-3.0
0,0,48.13868675421347,complier,0,1,2.0
1,1,53.53311289639475,complier,0,1,2.0
1,1,51.64681671901455,complier,0,1,2.0
0,1,71.56234269543197,always,1,1,12.0
0,0,52.352349262126026,complier,0,1,2.0
0,0,48.623640162196345,never,0,0,-3.0
0,0,46.15772182745016,complier,0,1,2.0
1,1,48.18617496220843,complier,0,1,2.0
1,1,50.26407809955707,complier,0,1,2.0
0,0,47.38498429134189,never,0,0,-3.0
0,1,70.11299130747189,always,1,1,12.0
0,0,50.91570844301229,complier,0,1,2.0
1,0,48.39488708308883,never,0,0,-3.0
1,1,68.76246897702663,always,1,1,12.0
0,1,69.1976296968442,always,1,1,12.0
0,1,67.67116973075488,always,1,1,12.0
0,0,48.974295068832966,complier,0,1,2.0
1,1,52.773839725801004,complier,0,1,2.0
1,1,68.34381315437977,always,1,1,12.0
1,1,51.16551324885056,complier,0,1,2.0
0,0,46.04366799904698,never,0,0,-3.0
1,1,51.62226680816559,complier,0,1,2.0
0,0,45.61603024022911,never,0,0,-3.0
0,1,69.48930952155733,always,1,1,12.0
1,0,42.67590016140172,never,0,0,-3.0
1,1,69.16396635490509,always,1,1,12.0
1,0,49.56101638845514,never,0,0,-3.0
1,1,52.395739026008165,complier,0,1,2.0
0,1,70.91191283192603,always,1,1,12.0
0,0,44.487516033076005,never,0,0,-3.0
0,0,49.25961125502165,complier,0,1,2.0
0,0,50.56312706062626,complier,0,1,2.0
1,0,47.718179850532124,never,0,0,-3.0
1,0,44.59345553882019,never,0,0,-3.0
0,0,43.29907251327569,never,0,0,-3.0
0,0,50.56718172376984,complier,0,1,2.0
0,0,46.59325656102439,never,0,0,-3.0
1,1,68.43468583513237,always,1,1,12.0
1,0,46.632271912653216,never,0,0,-3.0
1,1,54.383522635591866,complier,0,1,2.0
0,0,50.2835169291422,complier,0,1,2.0
1,0,42.684593005415365,never,0,0,-3.0
1,0,48.61420702427891,never,0,0,-3.0
0,1,66.44215249721807,always,1,1,12.0
1,1,70.06332162673645,always,1,1,12.0
1,1,53.21184215752637,complier,0,1,2.0
1,0,41.474549639027146,never,0,0,-3.0
0,0,51.311037437329,complier,0,1,2.0
0,0,45.16498288272736,never,0,0,-3.0
1,0,45.55426641279419,never,0,0,-3.0
1,0,41.7610069015487,never,0,0,-3.0
1,1,55.91880557161104,complier,0,1,2.0
0,1,68.21568960373503,always,1,1,12.0
1,0,42.71079272562723,never,0,0,-3.0
1,0,44.69887898951344,never,0,0,-3.0
0,0,42.25441948705405,never,0,0,-3.0
0,0,49.247772124945804,complier,0,1,2.0
1,1,72.51441706972537,always,1,1,12.0
0,0,43.92327074967606,never,0,0,-3.0
0,1,70.0316538430611,always,1,1,12.0
1,0,44.81344014201622,never,0,0,-3.0
0,0,48.29646346319116,complier,0,1,2.0
1,0,45.61786553567619,never,0,0,-3.0
0,1,69.33388290086185,always,1,1,12.0
1,1,51.77581608079403,complier,0,1,2.0
1,0,43.59232539307808,never,0,0,-3.0
1,0,46.72201540651661,never,0,0,-3.0
1,1,54.04216559670449,complier,0,1,2.0
0,0,47.689499360072446,complier,0,1,2.0
1,1,70.21532861334158,always,1,1,12.0
1,1,68.91589225055802,always,1,1,12.0
0,1,71.4026446924155,always,1,1,12.0
1,1,69.97135091388559,always,1,1,12.0
1,0,48.41992577720576,never,0,0,-3.0
0,0,50.10097755453631,complier,0,1,2.0
0,0,47.90940940382227,never,0,0,-3.0
1,1,67.77457361077595,always,1,1,12.0
0,1,68.23852052063219,always,1,1,12.0
0,0,48.89185015299282,complier,0,1,2.0
0,1,67.67395366569065,always,1,1,12.0
1,1,69.70770823832301,always,1,1,12.0
0,0,48.251562789568894,never,0,0,-3.0
1,1,64.84554549744833,always,1,1,12.0
0,0,48.00246317818717,never,0,0,-3.0
0,1,66.14628912092299,always,1,1,12.0
1,0,48.20662428969757,never,0,0,-3.0
0,0,50.83181154714541,complier,0,1,2.0
1,1,50.71141171754231,complier,0,1,2.0
1,1,55.64264390976342,complier,0,1,2.0
0,1,70.56578437045273,always,1,1,12.0
0,0,49.14244621744163,never,0,0,-3.0
0,1,69.23010862173238,always,1,1,12.0
1,0,48.477310761017094,never,0,0,-3.0
0,0,47.59428574723756,never,0,0,-3.0
1,0,49.345606733169646,never,0,0,-3.0
0,0,50.93619595940264,complier,0,1,2.0
0,0,48.734102732954234,never,0,0,-3.0
0,1,68.87263570519289,always,1,1,12.0
1,1,68.25757030435078,always,1,1,12.0
0,0,44.03096899045179,never,0,0,-3.0
1,1,55.18513944205313,complier,0,1,2.0
0,0,43.32941098723404,never,0,0,-3.0
1,1,67.64149309546549,always,1,1,12.0
0,0,50.163618163073316,complier,0,1,2.0
1,0,46.13723793822613,never,0,0,-3.0
0,0,48.19031414647141,complier,0,1,2.0
1,0,46.73351714892259,never,0,0,-3.0
1,1,54.36251563533513,complier,0,1,2.0
1,0,43.649940610663705,never,0,0,-3.0
1,0,46.105843142571956,never,0,0,-3.0
0,0,51.21894315264685,complier,0,1,2.0
0,0,47.134332058151315,complier,0,1,2.0
0,0,52.13084028524906,complier,0,1,2.0
1,0,49.54286662971492,never,0,0,-3.0
1,1,67.39037063253174,always,1,1,12.0
0,0,45.53352587576927,never,0,0,-3.0
0,1,69.5540378801223,always,1,1,12.0
0,0,47.11302814946316,never,0,0,-3.0
1,1,68.15384698360543,always,1,1,12.0
1,1,51.637039765126346,complier,0,1,2.0
1,1,53.256569367771334,complier,0,1,2.0
1,1,49.157688821888165,complier,0,1,2.0
0,0,48.05141084917339,complier,0,1,2.0
1,0,45.57362545534505,never,0,0,-3.0
0,0,47.87160897975939,never,0,0,-3.0
1,1,67.8451983092831,always,1,1,12.0
1,1,53.31147835204334,complier,0,1,2.0
0,0,49.685921294737405,complier,0,1,2.0
0,0,49.80033604510994,complier,0,1,2.0
0,0,44.610665290841446,never,0,0,-3.0
1,1,68.43012530800286,always,1,1,12.0
0,1,69.97846084500581,always,1,1,12.0
1,1,73.79129303259882,always,1,1,12.0
1,0,46.34635035105318,never,0,0,-3.0
1,1,70.57872756298404,always,1,1,12.0
0,0,47.77491422794092,never,0,0,-3.0
0,1,65.4409292161115,always,1,1,12.0
1,1,50.81090939841996,complier,0,1,2.0
0,0,46.047559282550914,never,0,0,-3.0
0,0,50.206264832233046,never,0,0,-3.0
1,0,46.296078093309724,never,0,0,-3.0
1,1,51.790824665267216,complier,0,1,2.0
0,1,67.92664997304709,always,1,1,12.0
1,0,48.52224800877251,never,0,0,-3.0
0,1,63.94959559815159,always,1,1,12.0
0,0,51.62818500558808,complier,0,1,2.0
0,0,46.96152631186196,never,0,0,-3.0
0,0,46.988033357898026,never,0,0,-3.0
0,0,48.51610542164918,never,0,0,-3.0
0,0,45.604219457939244,never,0,0,-3.0
0,0,46.62766547325161,never,0,0,-3.0
1,1,68.35489667755547,always,1,1,12.0
0,0,42.84817390796105,never,0,0,-3.0
1,1,54.47814618250487,complier,0,1,2.0
0,0,44.236434798903325,never,0,0,-3.0
1,1,51.91870557924285,complier,0,1,2.0
0,1,66.67766421009023,always,1,1,12.0
0,0,49.44440242761856,complier,0,1,2.0
0,0,45.84061469110641,never,0,0,-3.0
0,1,70.0232585457491,always,1,1,12.0
1,1,65.69562215771246,always,1,1,12.0
0,0,47.43894419690546,never,0,0,-3.0
1,1,56.601755642050875,complier,0,1,2.0
0,0,49.019386865019655,never,0,0,-3.0
0,1,70.92720875811058,always,1,1,12.0
1,1,57.74464896433186,complier,0,1,2.0
0,0,48.581515491950114,complier,0,1,2.0
0,1,63.288859857665855,always,1,1,12.0
0,0,45.41596070342208,never,0,0,-3.0
1,1,68.54584232379673,always,1,1,12.0
1,1,50.74913889717528,complier,0,1,2.0
1,1,48.63870578978227,complier,0,1,2.0
0,0,47.31039641458968,never,0,0,-3.0
0,1,66.32194571361188,always,1,1,12.0
0,0,44.14178031787333,never,0,0,-3.0
0,0,50.67849623822351,complier,0,1,2.0
1,0,42.96396600638912,never,0,0,-3.0
0,1,71.24642662460018,always,1,1,12.0
0,1,70.79908780908397,always,1,1,12.0
0,0,45.48342710764458,never,0,0,-3.0
1,1,53.92872759486905,complier,0,1,2.0
1,0,47.50777375877732,never,0,0,-3.0
0,0,46.81598380675375,never,0,0,-3.0
0,1,66.5706338765037,always,1,1,12.0
1,1,69.6616253542971,always,1,1,12.0
0,0,49.73612333233014,complier,0,1,2.0
1,0,45.199110507029474,never,0,0,-3.0
0,1,66.95232312862693,always,1,1,12.0
1,0,47.075234678890745,never,0,0,-3.0
1,0,46.12147878190505,never,0,0,-3.0
0,0,51.86422764400622,complier,0,1,2.0
0,0,48.49794208017929,complier,0,1,2.0
0,1,68.65509977290895,always,1,1,12.0
0,0,46.54280618072425,never,0,0,-3.0
0,1,68.82485316240542,always,1,1,12.0
1,1,48.38892673570917,complier,0,1,2.0
0,0,49.27030382785578,complier,0,1,2.0
0,0,49.00411638095651,never,0,0,-3.0
1,1,51.88766905927454,complier,0,1,2.0
1,1,52.539583412513146,complier,0,1,2.0
0,1,70.83715995670273,always,1,1,12.0
1,1,49.53931393607305,complier,0,1,2.0
0,0,50.01696489909676,complier,0,1,2.0
1,0,48.3513489527902,never,0,0,-3.0
0,0,52.698445738600775,complier,0,1,2.0
0,0,49.80088481511691,complier,0,1,2.0
1,0,47.576136045334025,never,0,0,-3.0
0,0,45.87427839843619,never,0,0,-3.0
1,1,49.403700071141316,complier,0,1,2.0
0,0,43.52495652215523,never,0,0,-3.0
0,0,48.29087004190208,complier,0,1,2.0
1,1,68.80250160690133,always,1,1,12.0
1,1,54.916118239366206,complier,0,1,2.0
0,0,46.361018913607325,never,0,0,-3.0
0,1,69.56441105663798,always,1,1,12.0
0,0,47.37304395488333,never,0,0,-3.0
0,1,69.05770620954908,always,1,1,12.0
0,1,69.67980630514049,always,1,1,12.0
1,1,69.2427377716712,always,1,1,12.0
1,1,52.00982287930621,complier,0,1,2.0
1,1,71.10497385920077,always,1,1,12.0
1,0,47.71077350098737,never,0,0,-3.0
1,0,45.227866269562874,never,0,0,-3.0
1,1,49.814394431722846,complier,0,1,2.0
1,0,50.069747169603545,never,0,0,-3.0
1,1,54.1040412392539,complier,0,1,2.0
0,0,44.47890827559715,never,0,0,-3.0
1,1,50.8595367380174,complier,0,1,2.0
0,1,66.434437663389,always,1,1,12.0
1,0,42.96463575134545,never,0,0,-3.0
1,1,53.83392156966611,complier,0,1,2.0
0,0,51.568621677968785,complier,0,1,2.0
1,1,54.38400178867925,complier,0,1,2.0
0,0,45.74291821609462,never,0,0,-3.0
0,0,46.44980791022317,never,0,0,-3.0
0,1,69.10555044547701,always,1,1,12.0
1,1,72.45651218891288,always,1,1,12.0
1,0,45.675698558235396,never,0,0,-3.0
0,1,71.55107291874775,always,1,1,12.0
1,0,48.68653761209156,never,0,0,-3.0
1,0,48.21278306091016,never,0,0,-3.0
0,0,49.24953218879309,complier,0,1,2.0
0,1,69.74181421909333,always,1,1,12.0
1,0,45.50043517830428,never,0,0,-3.0
0,0,45.11279614846625,never,0,0,-3.0
1,0,45.50620257013667,never,0,0,-3.0
1,1,54.75413761014173,complier,0,1,2.0
1,1,51.293253795909756,complier,0,1,2.0
1,0,48.71850338706071,never,0,0,-3.0
0,0,48.83558197807205,complier,0,1,2.0
1,0,48.503701418800425,never,0,0,-3.0
1,1,66.55731300700485,always,1,1,12.0
0,0,48.57079815681982,never,0,0,-3.0
1,0,49.591563333848505,never,0,0,-3.0
1,1,68.9817502779795,always,1,1,12.0
1,0,46.1138945479003,never,0,0,-3.0
1,1,52.0985980290449,complier,0,1,2.0
0,1,67.7567414024278,always,1,1,12.0
0,0,51.09289947556374,complier,0,1,2.0
1,0,47.19876620426222,never,0,0,-3.0
0,1,72.61637382108556,always,1,1,12.0
1,1,72.0385470446694,always,1,1,12.0
1,0,46.94146490228326,never,0,0,-3.0
1,0,42.766066393703,never,0,0,-3.0
0,1,69.61812032078959,always,1,1,12.0
0,0,46.145193750194906,never,0,0,-3.0
0,0,50.48960394321225,complier,0,1,2.0
1,1,48.92697878512277,complier,0,1,2.0
1,0,45.58349294692616,never,0,0,-3.0
0,0,47.98700671317885,never,0,0,-3.0
1,0,45.80114780442727,never,0,0,-3.0
0,0,48.32348196912916,complier,0,1,2.0
1,0,43.8066905105555,never,0,0,-3.0
0,0,51.99117139901632,complier,0,1,2.0
0,0,49.94124306042895,complier,0,1,2.0
1,1,50.41922366409846,complier,0,1,2.0
0,1,68.58915028924409,always,1,1,12.0
1,0,44.94527766591257,never,0,0,-3.0
1,1,69.2895991027824,always,1,1,12.0
1,1,53.60741414462702,complier,0,1,2.0
0,0,44.891738781255064,never,0,0,-3.0
1,1,50.10752151859031,complier,0,1,2.0
1,0,47.38816691164132,never,0,0,-3.0
1,1,51.49543736924766,complier,0,1,2.0
1,1,70.48478024381586,always,1,1,12.0
0,0,47.12119837359755,never,0,0,-3.0
0,0,45.45810375781321,never,0,0,-3.0
0,0,51.87594336865956,complier,0,1,2.0
1,1,69.59633656146808,always,1,1,12.0
0,0,49.314538180033445,complier,0,1,2.0
0,0,47.26228461090639,never,0,0,-3.0
1,0,46.068428102788815,never,0,0,-3.0
1,1,68.37809636720642,always,1,1,12.0
0,0,48.16070685500358,complier,0,1,2.0
0,0,47.755255957979884,never,0,0,-3.0
1,0,45.683806428078434,never,0,0,-3.0
0,0,49.54605787531601,never,0,0,-3.0
1,1,52.33924742527907,complier,0,1,2.0
1,1,50.00170010273552,complier,0,1,2.0
1,1,66.30199565356835,always,1,1,12.0
1,1,51.577389524301,complier,0,1,2.0
0,0,47.4467681089872,never,0,0,-3.0
1,0,44.86346339492039,never,0,0,-3.0
0,0,49.7107018108216,complier,0,1,2.0
0,0,44.53160055803212,never,0,0,-3.0
0,0,50.87645322645736,never,0,0,-3.0
1,0,46.65984366071864,never,0,0,-3.0
1,0,47.30605044268511,never,0,0,-3.0
1,0,47.92830630940411,never,0,0,-3.0
0,0,44.60930333897904,never,0,0,-3.0
1,1,67.13922944118767,always,1,1,12.0
0,1,68.15638259554063,always,1,1,12.0
1,1,53.86918775411569,complier,0,1,2.0
0,0,44.168052190800104,never,0,0,-3.0
1,1,65.34453696929992,always,1,1,12.0
1,1,71.97251669065793,always,1,1,12.0
1,0,49.175001581785025,never,0,0,-3.0
0,0,51.420496780296645,complier,0,1,2.0
1,1,51.78289851637828,complier,0,1,2.0
1,0,46.73158687776189,never,0,0,-3.0
1,0,43.79998380981658,never,0,0,-3.0
0,0,52.61277202630428,complier,0,1,2.0
0,0,47.35438619871201,complier,0,1,2.0
1,1,70.65780892352456,always,1,1,12.0
0,0,46.41585993089495,never,0,0,-3.0
1,1,53.22413574126855,complier,0,1,2.0
1,1,70.86087451941637,always,1,1,12.0
0,0,49.78471262467678,complier,0,1,2.0
0,0,43.27701154322925,never,0,0,-3.0
0,0,47.662147523923736,complier,0,1,2.0
1,1,71.15937681112791,always,1,1,12.0
0,0,50.21626416887319,complier,0,1,2.0
0,0,46.83294982689942,never,0,0,-3.0
0,0,42.22533043257738,never,0,0,-3.0
1,1,50.67046677490069,complier,0,1,2.0
0,1,68.43824344375442,always,1,1,12.0
1,1,68.80597522660351,always,1,1,12.0
0,0,49.706928406221124,never,0,0,-3.0
0,0,51.19160624519685,complier,0,1,2.0
1,0,44.242777774201954,never,0,0,-3.0
1,1,69.74891114655036,always,1,1,12.0
0,1,66.54528612610673,always,1,1,12.0
1,1,50.59445362587378,complier,0,1,2.0
0,0,54.1970977631368,complier,0,1,2.0
1,0,48.79504177750175,never,0,0,-3.0
1,1,52.271572156621374,complier,0,1,2.0
1,0,46.427060044274754,never,0,0,-3.0
0,1,69.63206737897218,always,1,1,12.0
0,0,53.561868164530615,complier,0,1,2.0
0,0,47.72210670694958,complier,0,1,2.0
1,1,53.19731622264441,complier,0,1,2.0
0,0,52.000606271978285,complier,0,1,2.0
1,0,44.174700772415086,never,0,0,-3.0
0,0,42.94987270313609,never,0,0,-3.0
1,0,46.20224251071693,never,0,0,-3.0
0,0,47.113427163284854,complier,0,1,2.0
0,1,71.2962463146855,always,1,1,12.0
1,0,44.92014090987799,never,0,0,-3.0
0,1,68.70394197563412,always,1,1,12.0
1,1,71.66508069632657,always,1,1,12.0
1,1,53.40738443432349,complier,0,1,2.0
1,1,50.527567398297755,complier,0,1,2.0
0,1,66.53204968206795,always,1,1,12.0
1,1,70.28575104561361,always,1,1,12.0
1,1,70.0217772961121,always,1,1,12.0
1,0,45.70060039558043,never,0,0,-3.0
1,1,69.53456468907063,always,1,1,12.0
0,1,67.49052511352737,always,1,1,12.0
1,0,44.08290547755021,never,0,0,-3.0
1,1,68.78559074966229,always,1,1,12.0
1,1,66.61730450780925,always,1,1,12.0
1,0,45.49051450292045,never,0,0,-3.0
1,0,45.19988703973644,never,0,0,-3.0
0,0,44.210968958241345,never,0,0,-3.0
1,0,43.52689657045439,never,0,0,-3.0
1,1,47.86147881130552,complier,0,1,2.0
0,0,51.88938578598658,complier,0,1,2.0
0,0,49.481875899414845,complier,0,1,2.0
1,1,51.52049526105431,complier,0,1,2.0
1,1,48.80914107556265,complier,0,1,2.0
0,0,48.377935087897924,never,0,0,-3.0
1,1,55.226733697117176,complier,0,1,2.0
1,0,47.90043533304642,never,0,0,-3.0
1,0,46.883449401549086,never,0,0,-3.0
1,1,51.94168702848608,complier,0,1,2.0
1,1,67.54029402425444,always,1,1,12.0
0,1,67.19772194286006,always,1,1,12.0
0,0,45.60663683401597,never,0,0,-3.0
1,1,67.97644249990532,always,1,1,12.0
0,0,47.565713718598126,never,0,0,-3.0
1,1,67.82964424041916,always,1,1,12.0
1,1,70.32666595783223,always,1,1,12.0
0,0,50.37686586052359,complier,0,1,2.0
1,1,52.391476680414975,complier,0,1,2.0
0,0,47.96914786259546,complier,0,1,2.0
1,0,46.0886664622941,never,0,0,-3.0
1,1,52.28057232594123,complier,0,1,2.0
1,0,45.466674850805155,never,0,0,-3.0
1,1,50.29760356303019,complier,0,1,2.0
1,0,45.83305892237241,never,0,0,-3.0
0,1,69.41477649659723,always,1,1,12.0
1,1,66.11748355207723,always,1,1,12.0
0,0,44.603440686386236,never,0,0,-3.0
0,1,70.97677087724891,always,1,1,12.0
0,1,67.32759103226927,always,1,1,12.0
1,1,50.55678104518419,complier,0,1,2.0
1,1,69.68877052883572,always,1,1,12.0
1,0,49.048254639028855,never,0,0,-3.0
1,0,46.066091644600505,never,0,0,-3.0
1,0,46.39301425041414,never,0,0,-3.0
0,0,41.9160900597915,never,0,0,-3.0
1,1,54.35385477413438,complier,0,1,2.0
0,0,47.02200266793083,complier,0,1,2.0
1,1,69.48262755935049,always,1,1,12.0
0,0,49.64947269182313,complier,0,1,2.0
1,1,51.56908558232073,complier,0,1,2.0
0,1,71.63150115946213,always,1,1,12.0
1,1,70.41259616227434,always,1,1,12.0
0,1,69.64406703911844,always,1,1,12.0
1,1,70.0667145714374,always,1,1,12.0
0,0,42.033999642932834,never,0,0,-3.0
0,1,66.97816958141375,always,1,1,12.0
0,0,44.81032484074821,never,0,0,-3.0
0,1,68.88479648382088,always,1,1,12.0
0,0,46.83782224985861,never,0,0,-3.0
0,0,50.345529235322964,complier,0,1,2.0
1,1,66.92976891983818,always,1,1,12.0
1,0,46.78022226377483,never,0,0,-3.0
1,1,71.9432989323486,always,1,1,12.0
0,0,52.162601183892626,complier,0,1,2.0
1,1,55.40662221647712,complier,0,1,2.0
0,0,50.754778522766905,complier,0,1,2.0
1,1,72.41574638667686,always,1,1,12.0
1,1,52.37387241131617,complier,0,1,2.0
1,0,43.78271677383822,never,0,0,-3.0
1,1,69.8114735171631,always,1,1,12.0
0,0,50.83893656957924,complier,0,1,2.0
1,0,48.54911059327716,never,0,0,-3.0
0,1,71.80826770940705,always,1,1,12.0
1,1,50.992906097214984,complier,0,1,2.0
0,1,71.00176845713018,always,1,1,12.0
0,1,69.70688024803617,always,1,1,12.0
1,0,46.506614861473864,never,0,0,-3.0
1,1,50.71064305371259,complier,0,1,2.0
0,1,69.06539334678145,always,1,1,12.0
0,1,66.65058037139198,always,1,1,12.0
1,1,66.69640847730423,always,1,1,12.0
1,1,50.788883654915466,complier,0,1,2.0
1,1,51.07216469713956,complier,0,1,2.0
1,0,46.33817614135206,never,0,0,-3.0
1,1,53.72942962308703,complier,0,1,2.0
1,1,54.044898993777856,complier,0,1,2.0
1,0,44.77553666004081,never,0,0,-3.0
1,1,52.50352955775537,complier,0,1,2.0
0,1,69.09107953224789,always,1,1,12.0
0,1,69.57976161134607,always,1,1,12.0
1,1,69.69109045736501,always,1,1,12.0
1,1,67.24743977524803,always,1,1,12.0
1,1,67.3317251223479,always,1,1,12.0
1,1,67.35748805783638,always,1,1,12.0
0,1,68.15096231981732,always,1,1,12.0
1,0,43.76719052323966,never,0,0,-3.0
0,1,72.69185941032002,always,1,1,12.0
1,1,56.13633805101277,complier,0,1,2.0
0,0,50.28524361738497,complier,0,1,2.0
1,1,67.1861427191819,always,1,1,12.0
0,0,45.62098269348468,never,0,0,-3.0
0,0,44.86397828615351,complier,0,1,2.0
0,0,48.31457583342845,complier,0,1,2.0
0,0,49.2541918028499,complier,0,1,2.0
1,1,52.20041051834422,complier,0,1,2.0
1,1,53.0157991762371,complier,0,1,2.0
0,0,48.60899995737014,complier,0,1,2.0
0,1,69.2656005590925,always,1,1,12.0
1,1,54.35920016043074,complier,0,1,2.0
1,0,47.983636653075806,never,0,0,-3.0
0,0,48.089568822003,complier,0,1,2.0
0,1,69.59273243631365,always,1,1,12.0
0,0,48.12806422634386,never,0,0,-3.0
0,0,50.29775705713566,complier,0,1,2.0
0,1,69.39438973771288,always,1,1,12.0
0,0,41.60183988110901,never,0,0,-3.0
1,1,51.34894204997065,complier,0,1,2.0
0,1,71.524231439213,always,1,1,12.0
0,1,69.81716634772594,always,1,1,12.0
1,0,48.88359360588627,never,0,0,-3.0
0,0,48.56850142629994,complier,0,1,2.0
1,1,53.18382209005543,complier,0,1,2.0
0,0,52.50572763228698,complier,0,1,2.0
0,1,71.41963996902432,always,1,1,12.0
1,0,44.64929128001108,never,0,0,-3.0
0,0,46.13709904278954,never,0,0,-3.0
0,0,46.996265311962624,never,0,0,-3.0
0,1,68.1280006167159,always,1,1,12.0
0,1,65.10524718159171,always,1,1,12.0
0,0,43.80378926756868,never,0,0,-3.0
1,0,45.27545818431978,never,0,0,-3.0
1,1,69.4100070056401,always,1,1,12.0
0,0,51.313207282858755,complier,0,1,2.0
1,0,45.96014124504945,never,0,0,-3.0
1,1,72.58907795306645,always,1,1,12.0
1,1,68.5939047426218,always,1,1,12.0
0,0,51.466007023066894,never,0,0,-3.0
0,1,68.37038104376855,always,1,1,12.0
0,1,70.1830309476325,always,1,1,12.0
1,0,47.611383984601005,never,0,0,-3.0
1,1,72.27184520455991,always,1,1,12.0
0,1,67.369432266849,always,1,1,12.0
0,1,69.97550692238744,always,1,1,12.0
1,1,54.21730809890714,complier,0,1,2.0
0,0,48.985307804705265,complier,0,1,2.0
0,0,46.49536475576202,never,0,0,-3.0
0,1,67.4234073479426,always,1,1,12.0
0,1,66.7920363258935,always,1,1,12.0
1,0,47.08807440150654,never,0,0,-3.0
1,1,68.59128650883999,always,1,1,12.0
1,1,67.84590780161106,always,1,1,12.0
1,1,72.30087118230786,always,1,1,12.0
1,1,53.04928404573287,complier,0,1,2.0
0,1,72.62131678857438,always,1,1,12.0
1,0,46.25098776199429,never,0,0,-3.0
1,0,44.39750389878891,never,0,0,-3.0
0,1,68.04013113280212,always,1,1,12.0
0,0,52.89146034339166,complier,0,1,2.0
0,0,49.648203504316754,complier,0,1,2.0
1,1,72.22624145057324,always,1,1,12.0
0,0,49.705032134863984,complier,0,1,2.0
1,0,42.243191746147396,never,0,0,-3.0
1,1,52.37660954285774,complier,0,1,2.0
0,0,49.692415781465726,complier,0,1,2.0
1,1,69.65005274133645,always,1,1,12.0
0,0,47.50301251668078,never,0,0,-3.0
0,0,44.21423086192814,never,0,0,-3.0
0,0,48.00616326396885,never,0,0,-3.0
0,0,45.872047455263086,never,0,0,-3.0
0,0,47.65437031930499,never,0,0,-3.0
0,1,68.17344834406396,always,1,1,12.0
0,0,45.657837726495224,never,0,0,-3.0
0,0,47.6132372615724,never,0,0,-3.0
1,1,52.26239646200957,complier,0,1,2.0
0,0,53.59047100187161,complier,0,1,2.0
1,1,52.20462413888814,complier,0,1,2.0
0,0,50.97229280352548,complier,0,1,2.0
0,0,47.95522782487542,never,0,0,-3.0
1,1,73.44350831315218,always,1,1,12.0
1,0,46.72390353767104,never,0,0,-3.0
1,1,70.2100419643869,always,1,1,12.0
1,1,70.2953496198191,always,1,1,12.0
0,0,44.68574712105543,never,0,0,-3.0
1,0,47.036425017748655,never,0,0,-3.0
1,1,51.77861357524746,complier,0,1,2.0
0,1,68.08117950376277,always,1,1,12.0
0,0,46.19224174931633,complier,0,1,2.0
0,1,69.77470348427093,always,1,1,12.0
1,1,51.28761886103577,complier,0,1,2.0
0,0,51.79032284694558,complier,0,1,2.0
0,1,70.92989941255448,always,1,1,12.0
0,0,46.52149812365704,never,0,0,-3.0
0,0,47.98964354493819,never,0,0,-3.0
1,1,67.45603532778394,always,1,1,12.0
0,1,64.58063313954668,always,1,1,12.0
1,1,51.08800285375694,complier,0,1,2.0
0,1,66.76158684585985,always,1,1,12.0
1,1,69.2315399102487,always,1,1,12.0
1,1,65.77427920332016,always,1,1,12.0
0,0,43.69464584001118,never,0,0,-3.0
0,0,48.75419686534124,complier,0,1,2.0
0,0,51.95577507767537,complier,0,1,2.0
0,0,50.04346351618885,complier,0,1,2.0
0,0,48.49064451912268,complier,0,1,2.0
1,1,50.71849221199536,complier,0,1,2.0
0,0,51.16047000127817,complier,0,1,2.0
0,0,46.07991988874894,never,0,0,-3.0
0,0,48.945807010169,never,0,0,-3.0
0,1,66.4264002885531,always,1,1,12.0
1,0,44.56733885338245,never,0,0,-3.0
0,0,47.56397124400052,never,0,0,-3.0
0,1,70.4392821266584,always,1,1,12.0
1,0,48.60477826913263,never,0,0,-3.0
1,0,48.17978941096378,never,0,0,-3.0
0,1,70.85064131779403,always,1,1,12.0
0,0,50.408762914749595,complier,0,1,2.0
0,0,49.969289366056195,complier,0,1,2.0
1,0,46.45249419442374,never,0,0,-3.0
0,0,45.886692977728224,never,0,0,-3.0
1,1,69.07500811302761,always,1,1,12.0
1,1,67.22631534463784,always,1,1,12.0
1,0,49.940745763788506,never,0,0,-3.0
1,0,45.54576623144125,never,0,0,-3.0
1,1,68.83781802765485,always,1,1,12.0
0,0,48.16347044563765,never,0,0,-3.0
0,0,45.232097068824245,never,0,0,-3.0
1,1,68.93281320284287,always,1,1,12.0
1,1,68.92949683590781,always,1,1,12.0
0,0,48.572289543821974,complier,0,1,2.0
1,0,47.01404855153472,never,0,0,-3.0
1,1,51.828281006396026,complier,0,1,2.0
1,0,45.21243191227907,never,0,0,-3.0
0,1,69.3859249009032,always,1,1,12.0
1,1,49.02323115163712,complier,0,1,2.0
1,0,46.93749146859873,never,0,0,-3.0
0,0,44.32685758665778,never,0,0,-3.0
0,0,50.98256815703239,complier,0,1,2.0
1,0,46.57234777613579,never,0,0,-3.0
1,1,70.64793360304995,always,1,1,12.0
1,1,67.2336244386415,always,1,1,12.0
0,0,46.49829796973465,never,0,0,-3.0
1,1,51.98197334056397,complier,0,1,2.0
0,0,45.88694292424242,never,0,0,-3.0
1,0,45.678108410999975,never,0,0,-3.0
0,0,48.27187581783572,never,0,0,-3.0
0,0,43.24997727165984,never,0,0,-3.0
1,0,42.39726367325767,never,0,0,-3.0
1,0,43.021650697819375,never,0,0,-3.0
0,1,67.64898632882961,always,1,1,12.0
0,0,41.17408186555254,never,0,0,-3.0
0,1,69.8302556480122,always,1,1,12.0
0,0,50.85162814796322,never,0,0,-3.0
0,0,48.05884448434523,complier,0,1,2.0
0,0,45.84792949428609,never,0,0,-3.0
0,0,47.453217356609045,complier,0,1,2.0
1,0,45.25129191314998,never,0,0,-3.0
1,0,45.16416378098829,never,0,0,-3.0
1,0,48.56633175170291,never,0,0,-3.0
0,1,70.15439028833285,always,1,1,12.0
0,0,49.9549302259581,complier,0,1,2.0
1,0,46.30524674904414,never,0,0,-3.0
1,1,48.389487893364404,complier,0,1,2.0
0,0,47.47852495483701,never,0,0,-3.0
1,0,48.96603502071421,never,0,0,-3.0
0,1,65.59622650465515,always,1,1,12.0
1,0,46.39310780401719,never,0,0,-3.0
1,1,68.98946103371674,always,1,1,12.0
0,1,68.23313652480611,always,1,1,12.0
1,1,67.0895845385523,always,1,1,12.0
0,1,67.94570566885334,always,1,1,12.0
1,0,45.82800972402621,never,0,0,-3.0
1,0,45.200871790067154,never,0,0,-3.0
0,0,51.64189684521291,complier,0,1,2.0
0,0,48.44294586465695,never,0,0,-3.0
1,1,72.26625757502995,always,1,1,12.0
0,1,67.6493173645569,always,1,1,12.0
1,1,68.0469044309332,always,1,1,12.0
1,1,68.72616879826424,always,1,1,12.0
0,0,51.607341772179986,complier,0,1,2.0
0,1,68.78908461688378,always,1,1,12.0
1,1,49.74306457754921,complier,0,1,2.0
1,1,53.757302208293055,complier,0,1,2.0
0,0,44.651143026310855,never,0,0,-3.0
0,1,69.59056431282406,always,1,1,12.0
1,0,47.31988153547697,never,0,0,-3.0
0,0,47.581364843755516,never,0,0,-3.0
1,0,43.65620060854998,never,0,0,-3.0
1,0,46.91230723518953,never,0,0,-3.0
1,0,48.539491892546565,never,0,0,-3.0
0,0,43.016424538578605,never,0,0,-3.0
0,0,50.10146845706027,complier,0,1,2.0
0,0,43.52406255704203,never,0,0,-3.0
1,1,50.31943572022455,complier,0,1,2.0
0,0,53.42241454670463,complier,0,1,2.0
0,1,68.13912630939465,always,1,1,12.0
0,0,45.47863202860116,never,0,0,-3.0
0,1,69.78664028060497,always,1,1,12.0
0,1,70.89101310669083,always,1,1,12.0
0,1,69.08318471554574,always,1,1,12.0
0,1,68.27932883103135,always,1,1,12.0
0,0,46.723948441541125,complier,0,1,2.0
0,0,46.52625196323224,never,0,0,-3.0
1,1,68.94592923284895,always,1,1,12.0
0,0,45.07728539670638,never,0,0,-3.0
1,1,53.580124368651,complier,0,1,2.0
0,0,44.78834895342883,never,0,0,-3.0
0,1,68.28624005466095,always,1,1,12.0
0,0,45.569656605545575,never,0,0,-3.0
0,1,69.37478296735561,always,1,1,12.0
0,0,49.415211190135594,never,0,0,-3.0
1,0,46.794793083438336,never,0,0,-3.0
1,0,43.02925497064493,never,0,0,-3.0
0,0,48.0788237808794,never,0,0,-3.0
1,1,68.3784364297567,always,1,1,12.0
0,1,69.58923898894837,always,1,1,12.0
1,0,45.21845754108128,never,0,0,-3.0
1,1,53.0143299036421,complier,0,1,2.0
1,0,44.25067173188758,never,0,0,-3.0
0,0,45.54219373288832,never,0,0,-3.0
0,0,53.0179736989848,complier,0,1,2.0
1,0,46.322967074592924,never,0,0,-3.0
1,0,47.6248309749423,never,0,0,-3.0
1,0,49.20003270410801,never,0,0,-3.0
0,1,68.53264627654912,always,1,1,12.0
0,1,69.99610722767937,always,1,1,12.0
1,0,45.8048937385844,never,0,0,-3.0
1,1,50.879694901143104,complier,0,1,2.0
1,0,44.30138956296011,never,0,0,-3.0
1,1,67.80529112987142,always,1,1,12.0
1,1,50.93217881322842,complier,0,1,2.0
0,1,70.0260050281681,always,1,1,12.0
1,1,52.92881226943828,complier,0,1,2.0
1,1,74.57557675848739,always,1,1,12.0
0,1,69.53432760793103,always,1,1,12.0
0,0,46.97381348343541,complier,0,1,2.0
0,1,69.01596457751408,always,1,1,12.0
0,0,51.05760949774066,never,0,0,-3.0
1,1,67.92760962205726,always,1,1,12.0
0,0,45.52983050290028,never,0,0,-3.0
0,0,47.63436637803947,never,0,0,-3.0
1,1,68.93369596008505,always,1,1,12.0
1,1,51.93010139891529,complier,0,1,2.0
1,1,65.76891211790873,always,1,1,12.0
1,1,69.92182077058305,always,1,1,12.0
1,1,51.618862000162245,complier,0,1,2.0
0,0,50.98174971765922,complier,0,1,2.0
1,1,69.04512038725315,always,1,1,12.0
0,0,50.58188606842434,complier,0,1,2.0
1,0,45.11698021368285,never,0,0,-3.0
0,0,46.887077127415104,complier,0,1,2.0
0,0,53.755531746398844,complier,0,1,2.0
1,1,52.09623805426817,complier,0,1,2.0
0,0,45.5660052136523,never,0,0,-3.0
1,0,46.61323293955496,never,0,0,-3.0
1,0,42.358162193585265,never,0,0,-3.0
1,1,51.569975313636235,complier,0,1,2.0
1,0,47.14737299901352,never,0,0,-3.0
1,1,52.06061134712634,complier,0,1,2.0
1,0,45.216797237576564,never,0,0,-3.0
0,1,72.9917572498799,always,1,1,12.0
1,0,46.41005733443409,never,0,0,-3.0
0,1,70.89731797242388,always,1,1,12.0
0,0,43.87707599947149,never,0,0,-3.0
0,0,51.059637239428355,complier,0,1,2.0
0,0,45.859867598077265,never,0,0,-3.0
0,1,70.72726213244228,always,1,1,12.0
0,1,72.6017503814949,always,1,1,12.0
0,1,67.27539065051452,always,1,1,12.0
0,0,50.60107524898904,complier,0,1,2.0
1,0,41.922329069997005,never,0,0,-3.0
1,1,51.6966826145354,complier,0,1,2.0
1,1,65.00561160984257,always,1,1,12.0
1,0,44.78770088914548,never,0,0,-3.0
0,0,49.01281699843792,complier,0,1,2.0
1,1,68.8177823949612,always,1,1,12.0
0,1,69.90459568935286,always,1,1,12.0
0,1,69.85298967872762,always,1,1,12.0
1,0,46.09563172307887,never,0,0,-3.0
1,1,51.92946635064577,complier,0,1,2.0
1,1,67.95747492364184,always,1,1,12.0
1,0,44.673580565820004,never,0,0,-3.0
1,1,48.49937793779318,complier,0,1,2.0
0,0,48.797135397884134,never,0,0,-3.0
1,1,69.11194642779496,always,1,1,12.0
1,1,53.13025927023711,complier,0,1,2.0
1,0,44.18334205275277,never,0,0,-3.0
1,1,56.107102748124575,complier,0,1,2.0
1,1,47.768443118190696,complier,0,1,2.0
1,1,53.87237734934831,complier,0,1,2.0
0,0,49.31272413246458,complier,0,1,2.0
0,0,45.33958200364449,never,0,0,-3.0
1,1,69.23118504198783,always,1,1,12.0
1,1,52.15676760696726,complier,0,1,2.0
1,1,50.461436303400006,complier,0,1,2.0
0,0,51.493196369154234,complier,0,1,2.0
0,1,73.15346774850202,always,1,1,12.0
1,0,43.009298426581466,never,0,0,-3.0
1,1,51.64837760910548,complier,0,1,2.0
1,1,51.199045912070375,complier,0,1,2.0
1,1,50.244149128187075,complier,0,1,2.0
0,0,44.77832528083006,never,0,0,-3.0
1,0,49.77648283475924,never,0,0,-3.0
0,0,50.11213715728575,complier,0,1,2.0
1,1,50.53779443576623,complier,0,1,2.0
0,0,49.47084169470953,complier,0,1,2.0
0,1,66.92488938566547,always,1,1,12.0
0,1,68.12006335498961,always,1,1,12.0
0,0,48.39527703965704,never,0,0,-3.0
0,1,68.28611124609472,always,1,1,12.0
1,0,45.692139110621504,never,0,0,-3.0
0,0,48.67955031322656,never,0,0,-3.0
1,0,47.0497998556416,never,0,0,-3.0
0,0,44.07717338731445,never,0,0,-3.0
0,1,71.04810150851421,always,1,1,12.0
1,1,52.99287794356666,complier,0,1,2.0
0,0,51.14437832149028,never,0,0,-3.0
1,1,68.41085283523353,always,1,1,12.0
0,0,51.74241117912283,complier,0,1,2.0
1,1,50.96480666081454,complier,0,1,2.0
1,1,69.68199871790851,always,1,1,12.0
0,1,69.65138345711753,always,1,1,12.0
0,0,45.18573835100716,never,0,0,-3.0
1,1,51.98834348778868,complier,0,1,2.0
0,0,49.148201323700434,complier,0,1,2.0
1,0,43.54452382397303,never,0,0,-3.0
1,1,54.846447784203626,complier,0,1,2.0
1,1,54.30625663667928,complier,0,1,2.0
1,1,68.98866798368279,always,1,1,12.0
1,1,66.47041068969152,always,1,1,12.0
0,0,49.331516070751775,complier,0,1,2.0
1,1,67.14902006986438,always,1,1,12.0
1,0,46.26780456481915,never,0,0,-3.0
1,1,56.13185240406348,complier,0,1,2.0
0,0,43.69691477623994,never,0,0,-3.0
1,1,70.47285973254,always,1,1,12.0
1,1,51.625932785956486,complier,0,1,2.0
1,1,51.311575721881525,complier,0,1,2.0
0,1,69.60682044767888,always,1,1,12.0
0,1,68.70713262603874,always,1,1,12.0
0,0,44.25709446680378,never,0,0,-3.0
1,1,70.05791632053173,always,1,1,12.0
0,1,69.74314906508272,always,1,1,12.0
0,0,45.99924869795952,never,0,0,-3.0
0,1,66.96962824078402,always,1,1,12.0
0,0,44.31948077096366,never,0,0,-3.0
1,1,66.31881411169071,always,1,1,12.0
0,1,69.68069376345811,always,1,1,12.0
1,1,68.74444346456873,always,1,1,12.0
0,0,49.37288401318524,complier,0,1,2.0
0,1,67.38224647929799,always,1,1,12.0
1,0,45.363699939020336,never,0,0,-3.0
0,0,52.512866694014164,never,0,0,-3.0
1,1,53.67263463532668,complier,0,1,2.0
0,1,69.6388089991501,always,1,1,12.0
0,0,49.0251716930467,complier,0,1,2.0
1,1,66.78565452045916,always,1,1,12.0
1,0,44.826502911242805,never,0,0,-3.0
0,0,49.432494102814374,complier,0,1,2.0
1,1,53.616778667791614,complier,0,1,2.0
0,0,46.72117458153941,never,0,0,-3.0
1,0,47.14571585080515,never,0,0,-3.0
1,0,45.30870391646472,never,0,0,-3.0
0,0,54.124378441587965,complier,0,1,2.0
1,0,46.22131442080432,never,0,0,-3.0
0,0,50.887737769870014,complier,0,1,2.0
0,1,69.73388384320413,always,1,1,12.0
0,0,48.80962018997713,complier,0,1,2.0
0,0,51.97157734502858,complier,0,1,2.0
0,1,70.84074256599395,always,1,1,12.0
0,0,49.31173064873242,complier,0,1,2.0
0,0,47.820473895994574,never,0,0,-3.0
0,0,48.226065748178435,never,0,0,-3.0
1,0,45.59828006207739,never,0,0,-3.0
0,0,51.96068700219355,complier,0,1,2.0
1,1,68.15134613476052,always,1,1,12.0
1,1,66.95123165537716,always,1,1,12.0
0,0,50.41775966757839,complier,0,1,2.0
1,1,53.17460425173715,complier,0,1,2.0
1,0,46.09440860560264,never,0,0,-3.0
0,0,49.203968781379146,complier,0,1,2.0
1,0,47.00126227792196,never,0,0,-3.0
1,1,69.33331594555008,always,1,1,12.0
1,1,56.20890597911365,complier,0,1,2.0
1,1,69.45356935150502,always,1,1,12.0
0,0,47.86842996813198,never,0,0,-3.0
1,1,52.474378459819995,complier,0,1,2.0
1,1,48.25006183480649,complier,0,1,2.0
1,1,71.5743701051911,always,1,1,12.0
1,1,70.7249505456036,always,1,1,12.0
1,1,68.1648605129276,always,1,1,12.0
1,1,69.25895116007491,always,1,1,12.0
1,0,45.938462676926726,never,0,0,-3.0
0,0,50.40308767143917,complier,0,1,2.0
0,0,49.0201547593511,complier,0,1,2.0
1,1,65.51882537415251,always,1,1,12.0
1,1,67.71351407869813,always,1,1,12.0
1,0,45.22077597412932,never,0,0,-3.0
0,0,48.19987933564497,complier,0,1,2.0
1,0,43.408893093697706,never,0,0,-3.0
0,0,45.26288657288944,never,0,0,-3.0
0,1,72.1082897153249,always,1,1,12.0
0,1,67.16028320418594,always,1,1,12.0
1,1,51.88641747125123,complier,0,1,2.0
1,1,54.57731158951701,complier,0,1,2.0
1,1,51.22307471093825,complier,0,1,2.0
0,0,47.50161733168966,never,0,0,-3.0
0,0,50.456632934440165,complier,0,1,2.0
0,0,48.3779904128292,complier,0,1,2.0
1,1,71.89815484477252,always,1,1,12.0
1,0,47.36129991983118,never,0,0,-3.0
0,0,49.36467316472612,complier,0,1,2.0
1,0,42.88999230935237,never,0,0,-3.0
1,1,51.99638046172409,complier,0,1,2.0
0,0,43.738497424357305,never,0,0,-3.0
0,1,68.99256888073208,always,1,1,12.0
0,1,66.57768916388048,always,1,1,12.0
0,0,43.233017835375556,never,0,0,-3.0
0,0,47.134292992164895,never,0,0,-3.0
1,1,70.67239462875312,always,1,1,12.0
0,1,69.73092827820146,always,1,1,12.0
1,0,47.475444062024614,never,0,0,-3.0
1,1,51.975628102901844,complier,0,1,2.0
1,0,48.90634972048425,never,0,0,-3.0
0,1,66.28146851229899,always,1,1,12.0
0,1,68.55374547880355,always,1,1,12.0
0,0,46.4544615660704,never,0,0,-3.0
1,0,44.3292885873691,never,0,0,-3.0
0,0,52.03229071454977,complier,0,1,2.0
0,1,65.52062890432416,always,1,1,12.0
0,1,70.3497571480434,always,1,1,12.0
1,1,52.923094132487314,complier,0,1,2.0
0,0,49.6748707189446,complier,0,1,2.0
0,0,50.54941606167752,complier,0,1,2.0
1,0,45.751599543142454,never,0,0,-3.0
0,1,68.98878956903859,always,1,1,12.0
1,1,52.99346369555347,complier,0,1,2.0
1,0,48.04148110519612,never,0,0,-3.0
1,1,72.13126128482939,always,1,1,12.0
1,0,44.231778137358496,never,0,0,-3.0
1,1,74.02941428387005,always,1,1,12.0
1,1,53.04218931544877,complier,0,1,2.0
0,0,50.34110517274914,complier,0,1,2.0
0,1,68.46463902169337,always,1,1,12.0
0,0,48.7677625762534,never,0,0,-3.0
1,1,49.711057383899984,complier,0,1,2.0
1,1,70.32437591560452,always,1,1,12.0
0,0,49.393268419475,complier,0,1,2.0
1,0,44.15706190889425,never,0,0,-3.0
1,0,46.869447597304614,never,0,0,-3.0
1,0,49.4972935175725,never,0,0,-3.0
1,0,49.0825502446028,never,0,0,-3.0
0,0,47.86057961092384,complier,0,1,2.0
1,1,50.65733680709194,complier,0,1,2.0
1,0,45.805202177734046,never,0,0,-3.0
0,1,65.99252789395989,always,1,1,12.0
1,1,68.41991363733868,always,1,1,12.0
1,1,69.99186810281634,always,1,1,12.0
0,1,66.40892053736141,always,1,1,12.0
0,0,42.93803651457009,never,0,0,-3.0
1,1,68.24074617438798,always,1,1,12.0
1,1,53.49100231950791,complier,0,1,2.0
0,1,68.56164303042485,always,1,1,12.0
0,0,49.601676558515564,complier,0,1,2.0
0,0,43.916487734436046,never,0,0,-3.0
1,0,45.397152192362874,never,0,0,-3.0
1,0,47.52036820254443,never,0,0,-3.0
0,0,46.491745709856296,never,0,0,-3.0
0,0,51.505451466211724,complier,0,1,2.0
1,1,69.87885154866125,always,1,1,12.0
0,0,52.346081244991645,complier,0,1,2.0
0,0,48.94930421800958,complier,0,1,2.0
0,1,70.22783974677752,always,1,1,12.0
0,0,48.381688746211964,complier,0,1,2.0
1,1,51.53466087504263,complier,0,1,2.0
1,1,50.861996365566675,complier,0,1,2.0
0,1,69.64256701224086,always,1,1,12.0
0,0,48.5002388708669,complier,0,1,2.0
1,1,67.61169179768876,always,1,1,12.0
1,1,51.93013311766444,complier,0,1,2.0
0,1,70.33984867857778,always,1,1,12.0
0,0,46.51424061550818,never,0,0,-3.0
1,1,65.82903442971649,always,1,1,12.0
1,1,50.324996438505494,complier,0,1,2.0
0,0,46.69478384606768,never,0,0,-3.0
0,0,46.39616616100377,never,0,0,-3.0
1,1,67.89773323786706,always,1,1,12.0
1,0,48.32725592373029,never,0,0,-3.0
1,1,51.705054290135756,complier,0,1,2.0
0,1,66.77558077193731,always,1,1,12.0
0,0,48.52508594717066,complier,0,1,2.0
0,0,51.35296822811439,complier,0,1,2.0
0,1,71.98119315214267,always,1,1,12.0
1,1,55.123554782063756,complier,0,1,2.0
1,1,69.04400741109333,always,1,1,12.0
0,0,49.544038276459105,never,0,0,-3.0
1,1,51.985475092218685,complier,0,1,2.0
0,0,46.23459526254288,never,0,0,-3.0
0,0,48.62482693697555,complier,0,1,2.0
1,1,70.52124217709343,always,1,1,12.0
1,1,54.426742778671574,complier,0,1,2.0
1,1,50.837285702965865,complier,0,1,2.0
1,1,53.131056866295246,complier,0,1,2.0
0,0,46.176217477853115,never,0,0,-3.0
1,0,46.304441495196386,never,0,0,-3.0
1,1,71.67759367568992,always,1,1,12.0
1,1,50.686384491462555,complier,0,1,2.0
1,0,49.26807867457051,never,0,0,-3.0
0,0,47.43600667071928,never,0,0,-3.0
0,0,46.3227775773565,never,0,0,-3.0
1,0,44.698355717238165,never,0,0,-3.0
0,0,46.71155627001809,never,0,0,-3.0
0,0,45.89721690099243,never,0,0,-3.0
0,1,69.2903708427698,always,1,1,12.0
0,1,67.40476347283492,always,1,1,12.0
0,0,44.62849526790339,never,0,0,-3.0
1,0,46.89287437168426,never,0,0,-3.0
1,1,49.06357891871526,complier,0,1,2.0
0,0,48.49366924455932,complier,0,1,2.0
0,0,51.71966322008581,complier,0,1,2.0
0,1,69.28971850771923,always,1,1,12.0
0,1,75.1236478659251,always,1,1,12.0
1,1,68.57904400307872,always,1,1,12.0
0,0,43.09633154578447,never,0,0,-3.0
0,0,44.85397526694087,never,0,0,-3.0
0,0,47.19126701343066,never,0,0,-3.0
0,0,46.28708311667659,never,0,0,-3.0
0,0,44.79956817045996,never,0,0,-3.0
0,1,65.16672221906396,always,1,1,12.0
0,0,49.32586281031117,complier,0,1,2.0
0,0,42.78246274874666,never,0,0,-3.0
0,0,48.580417537049186,complier,0,1,2.0
1,0,47.16674236131951,never,0,0,-3.0
0,0,47.56810329325565,complier,0,1,2.0
1,1,52.58245472386459,complier,0,1,2.0
0,0,47.0828573743915,never,0,0,-3.0
0,1,66.57191552525512,always,1,1,12.0
0,1,70.28389742881761,always,1,1,12.0
1,1,68.54433632079702,always,1,1,12.0
1,1,67.20101238720586,always,1,1,12.0
1,1,65.44249679612079,always,1,1,12.0
0,1,71.01814871310343,always,1,1,12.0
0,0,50.408281102820055,never,0,0,-3.0
0,1,69.55689464929125,always,1,1,12.0
1,1,68.39797622668236,always,1,1,12.0
0,0,51.1611673817441,complier,0,1,2.0
0,0,46.30699089662313,never,0,0,-3.0
1,1,53.415598910852275,complier,0,1,2.0
1,1,72.39564504605352,always,1,1,12.0
1,1,53.51044386680475,complier,0,1,2.0
0,0,45.92674143127771,never,0,0,-3.0
0,1,68.31230597957196,always,1,1,12.0
0,0,53.34223269236152,complier,0,1,2.0
1,0,45.51530732347725,never,0,0,-3.0
0,0,45.54731200327236,never,0,0,-3.0
0,0,51.16436524018361,complier,0,1,2.0
0,0,45.54085273847096,never,0,0,-3.0
0,0,44.08497897194706,never,0,0,-3.0
1,0,48.393862743558294,never,0,0,-3.0
1,1,67.89151471192578,always,1,1,12.0
1,1,54.04072140617157,complier,0,1,2.0
1,1,52.631405803444494,complier,0,1,2.0
0,0,48.8711805398535,complier,0,1,2.0
1,0,47.020610496223526,never,0,0,-3.0
0,1,65.53344028998828,always,1,1,12.0
1,0,49.488040010406905,never,0,0,-3.0
0,0,45.17289392825441,never,0,0,-3.0
1,1,69.90290483938222,always,1,1,12.0
1,1,53.042083015708286,complier,0,1,2.0
0,1,67.78167438667181,always,1,1,12.0
0,0,51.96064269491676,complier,0,1,2.0
1,0,43.396853577254646,never,0,0,-3.0
0,0,46.75859053655625,complier,0,1,2.0
1,1,69.74587023377127,always,1,1,12.0
1,0,42.49345279204739,never,0,0,-3.0
0,0,44.66438770887989,never,0,0,-3.0
1,0,44.091003736385126,never,0,0,-3.0
1,0,46.27797307175375,never,0,0,-3.0
1,1,69.69032426894137,always,1,1,12.0
0,1,67.03604181530481,always,1,1,12.0
0,0,47.066485939647706,complier,0,1,2.0
0,0,50.484956912340046,complier,0,1,2.0
0,1,67.33687242167315,always,1,1,12.0
0,0,43.70259899339695,never,0,0,-3.0
1,1,52.960237734926956,complier,0,1,2.0
0,0,43.92796970844728,never,0,0,-3.0
1,1,68.35556793766527,always,1,1,12.0
1,1,51.60526197246623,complier,0,1,2.0
1,0,46.94114387977479,never,0,0,-3.0
1,0,46.18499076680245,never,0,0,-3.0
1,1,52.99052716494445,complier,0,1,2.0
1,1,54.68548385904265,complier,0,1,2.0
1,1,52.28105306294339,complier,0,1,2.0
1,1,68.80983419420885,always,1,1,12.0
0,0,50.06192848587942,never,0,0,-3.0
0,1,67.8497756382812,always,1,1,12.0
1,0,46.16229506798578,never,0,0,-3.0
0,1,67.73439191557112,always,1,1,12.0
0,1,68.95330485316565,always,1,1,12.0
1,1,51.1644421709775,complier,0,1,2.0
0,1,66.35102698814879,always,1,1,12.0
1,1,68.0078993829841,always,1,1,12.0
0,0,51.3619686529558,never,0,0,-3.0
1,1,70.70097662941366,always,1,1,12.0
1,1,73.03598264538218,always,1,1,12.0
1,1,50.05522962544284,complier,0,1,2.0
0,0,49.93077146270856,complier,0,1,2.0
1,0,46.64454398519979,never,0,0,-3.0
1,0,45.67749514507406,never,0,0,-3.0
0,1,70.19542608612265,always,1,1,12.0
0,0,52.88483338232136,complier,0,1,2.0
0,0,46.73003064451968,never,0,0,-3.0
1,0,43.93733082324356,never,0,0,-3.0
0,0,48.40716515662409,complier,0,1,2.0
1,1,63.97732026183907,always,1,1,12.0
1,1,69.19550347151558,always,1,1,12.0
1,0,46.67524287936124,never,0,0,-3.0
1,0,44.79184978567595,never,0,0,-3.0
0,0,42.689075133905376,never,0,0,-3.0
1,0,46.06280681267907,never,0,0,-3.0
1,0,46.185835839806366,never,0,0,-3.0
1,1,52.57330892472237,complier,0,1,2.0
0,0,49.8188103638011,complier,0,1,2.0
0,0,47.27434125572012,complier,0,1,2.0
1,1,51.751747013514475,complier,0,1,2.0
0,1,69.39780989895635,always,1,1,12.0
0,0,45.95680110583824,never,0,0,-3.0
0,0,43.42929668979851,never,0,0,-3.0
1,1,50.40612923653572,complier,0,1,2.0
0,0,47.91283438512766,never,0,0,-3.0
1,1,52.79432204202048,complier,0,1,2.0
1,1,68.80468657083884,always,1,1,12.0
0,0,43.15678647618716,never,0,0,-3.0
1,1,70.04546983253783,always,1,1,12.0
0,1,65.94353574895173,always,1,1,12.0
1,0,46.34931757791598,never,0,0,-3.0
0,1,68.81386378270304,always,1,1,12.0
1,1,54.443011727817776,complier,0,1,2.0
0,1,66.44898953095586,always,1,1,12.0
0,0,46.88012290461367,never,0,0,-3.0
0,0,45.374570044060434,never,0,0,-3.0
0,1,67.17724085685013,always,1,1,12.0
1,1,64.41019210886965,always,1,1,12.0
0,0,52.303694031109146,complier,0,1,2.0
0,0,50.7030987069904,complier,0,1,2.0
0,0,51.84294960508312,complier,0,1,2.0
0,0,46.28101572313089,complier,0,1,2.0
1,1,66.48998814056061,always,1,1,12.0
1,1,71.16043549068768,always,1,1,12.0
1,1,49.63061142803336,complier,0,1,2.0
1,1,68.93525236287049,always,1,1,12.0
0,1,67.06739959284926,always,1,1,12.0
1,0,43.75279531136115,never,0,0,-3.0
0,0,47.40142126944263,never,0,0,-3.0
1,1,68.28760779180715,always,1,1,12.0
1,1,51.70658646700747,complier,0,1,2.0
1,0,45.50730843068044,never,0,0,-3.0
1,0,46.52225554247422,never,0,0,-3.0
0,0,46.51438970382015,never,0,0,-3.0
1,0,45.6898546787395,never,0,0,-3.0
0,0,47.87977592924966,never,0,0,-3.0
1,1,67.77887095737435,always,1,1,12.0
0,0,56.462016175831586,complier,0,1,2.0
1,0,47.68811344924639,never,0,0,-3.0
1,1,70.90782555518742,always,1,1,12.0
1,1,70.72951175579175,always,1,1,12.0
0,1,69.25750605214685,always,1,1,12.0
0,0,46.89822678918126,never,0,0,-3.0
1,1,70.06902577081146,always,1,1,12.0
1,0,50.225870784683025,never,0,0,-3.0
0,1,69.28920825888878,always,1,1,12.0
1,1,50.38731876096076,complier,0,1,2.0
0,0,50.53428317910201,complier,0,1,2.0
0,1,70.09049023106932,always,1,1,12.0
1,0,45.74951471114709,never,0,0,-3.0
0,1,71.69810366978612,always,1,1,12.0
1,0,49.01094556490594,never,0,0,-3.0
1,0,48.88096602460125,never,0,0,-3.0
0,1,68.5561993121051,always,1,1,12.0
0,0,45.40070875204035,never,0,0,-3.0
0,1,66.63912176508461,always,1,1,12.0
0,0,43.19731569645439,never,0,0,-3.0
1,1,67.06488193286607,always,1,1,12.0
1,1,72.54635850351333,always,1,1,12.0
1,0,46.11788184222434,never,0,0,-3.0
1,1,71.2582749691112,always,1,1,12.0
0,0,50.83441633652571,complier,0,1,2.0
1,1,53.81936656115413,complier,0,1,2.0
1,0,47.66954374796445,never,0,0,-3.0
0,1,67.66832713532314,always,1,1,12.0
1,1,53.48610547308281,complier,0,1,2.0
1,1,55.55831277094952,complier,0,1,2.0
1,0,45.906149230184035,never,0,0,-3.0
0,1,66.3204732159577,always,1,1,12.0
0,0,50.70834224148055,complier,0,1,2.0
0,1,71.1638143318776,always,1,1,12.0
1,1,50.10520731817428,complier,0,1,2.0
0,0,46.307761370847594,never,0,0,-3.0
1,0,46.734737001558166,never,0,0,-3.0
0,0,49.10147197581093,never,0,0,-3.0
1,1,67.06587746807409,always,1,1,12.0
1,1,71.60516973819212,always,1,1,12.0
1,1,67.11215730746511,always,1,1,12.0
1,1,52.92815627810523,complier,0,1,2.0
1,1,50.49949336560664,complier,0,1,2.0
1,1,49.775580241904954,complier,0,1,2.0
0,1,67.53845478712019,always,1,1,12.0
1,0,48.46639898822096,never,0,0,-3.0
0,0,42.54356612056639,never,0,0,-3.0
0,0,45.087654003240424,never,0,0,-3.0
1,1,56.90855146064253,complier,0,1,2.0
0,0,45.80274238509057,never,0,0,-3.0
0,1,70.31738782625843,always,1,1,12.0
0,1,71.18666319000405,always,1,1,12.0
0,1,71.3988823389142,always,1,1,12.0
0,0,50.965415204161744,complier,0,1,2.0
1,0,49.53068605933724,never,0,0,-3.0
0,0,45.27223985781506,never,0,0,-3.0
0,0,46.66890834993189,never,0,0,-3.0
0,0,44.21023213550213,never,0,0,-3.0
1,0,43.79354927799142,never,0,0,-3.0
0,0,43.997493891218156,never,0,0,-3.0
0,0,50.554639712158746,complier,0,1,2.0
0,1,67.80305201087134,always,1,1,12.0
1,0,45.31706594900051,never,0,0,-3.0
0,1,68.22250025355488,always,1,1,12.0
1,1,51.23602314850882,complier,0,1,2.0
1,1,71.29241517328708,always,1,1,12.0
0,0,49.84100604925194,complier,0,1,2.0
1,0,43.650717490400815,never,0,0,-3.0
1,1,68.26930711514115,always,1,1,12.0
1,1,68.46766209823683,always,1,1,12.0
0,0,44.71533501813785,never,0,0,-3.0
1,1,50.42049985585487,complier,0,1,2.0
0,0,49.05403753882149,complier,0,1,2.0
0,0,50.65456012397304,complier,0,1,2.0
1,1,68.15044797825223,always,1,1,12.0
1,1,68.30390466433136,always,1,1,12.0
0,1,66.89477405424736,always,1,1,12.0
0,0,46.6243365246894,never,0,0,-3.0
1,1,67.64242597355789,always,1,1,12.0
0,1,70.57409738594346,always,1,1,12.0
1,1,70.89334571455903,always,1,1,12.0
0,1,66.97976015380571,always,1,1,12.0
1,1,50.85499474369434,complier,0,1,2.0
1,0,44.44307224742513,never,0,0,-3.0
0,1,69.7362030209103,always,1,1,12.0
0,0,50.72026107929416,complier,0,1,2.0
0,0,43.02292000320376,never,0,0,-3.0
0,1,66.16562155508112,always,1,1,12.0
0,1,67.5052880695721,always,1,1,12.0
1,1,69.96002308011882,always,1,1,12.0
1,1,51.219816117580095,complier,0,1,2.0
1,0,43.80032631067482,never,0,0,-3.0
1,0,46.168673716113695,never,0,0,-3.0
0,0,46.776200941146826,never,0,0,-3.0
0,0,54.18287354174091,complier,0,1,2.0
1,1,70.53758238848052,always,1,1,12.0
0,0,47.273191117565396,never,0,0,-3.0
1,0,44.76832875259879,never,0,0,-3.0
1,1,68.51375207797372,always,1,1,12.0
0,1,70.71946783990799,always,1,1,12.0
1,1,52.86858370251756,complier,0,1,2.0
1,0,46.531622822617386,never,0,0,-3.0
1,1,65.50145052297215,always,1,1,12.0
1,0,46.10557123653966,never,0,0,-3.0
0,0,44.8617520168938,never,0,0,-3.0
0,0,46.11665316451713,never,0,0,-3.0
1,0,48.693103928401946,never,0,0,-3.0
0,0,44.878723660232,never,0,0,-3.0
0,1,69.43984593118712,always,1,1,12.0
0,0,47.23129317489408,never,0,0,-3.0
0,0,44.21935009557249,never,0,0,-3.0
0,0,52.52432972036534,complier,0,1,2.0
0,1,71.60766458780597,always,1,1,12.0
1,0,46.895930253590954,never,0,0,-3.0
1,1,66.94148013079649,always,1,1,12.0
1,0,45.56974330489919,never,0,0,-3.0
0,1,68.45059511533294,always,1,1,12.0
1,1,69.90808398726485,always,1,1,12.0
0,1,72.43465163135645,always,1,1,12.0
0,0,48.63273224289276,never,0,0,-3.0
1,1,70.0578236299996,always,1,1,12.0
1,0,44.34713081485842,never,0,0,-3.0
0,0,49.778547419846554,complier,0,1,2.0
1,0,43.091397790335044,never,0,0,-3.0
1,1,49.962311598555296,complier,0,1,2.0
1,0,47.97726336445671,never,0,0,-3.0
1,1,69.79110289363786,always,1,1,12.0
1,1,49.65222978555245,complier,0,1,2.0
1,1,52.02438475632641,complier,0,1,2.0
1,1,69.75454275443359,always,1,1,12.0
1,0,45.672020803603615,never,0,0,-3.0
1,1,51.95089974337604,complier,0,1,2.0
1,1,64.45059043974692,always,1,1,12.0
0,0,44.682868390591885,never,0,0,-3.0
0,0,44.851471480397215,never,0,0,-3.0
0,0,46.13575755022795,never,0,0,-3.0
1,1,68.39278107291267,always,1,1,12.0
0,0,44.93232469134824,never,0,0,-3.0
1,0,45.20121248638152,never,0,0,-3.0
0,0,44.5878064830014,never,0,0,-3.0
0,0,52.68713338648417,complier,0,1,2.0
1,0,46.203622668013324,never,0,0,-3.0
0,0,43.62857857272381,never,0,0,-3.0
0,0,45.729204284960176,never,0,0,-3.0
0,0,50.71503449965319,complier,0,1,2.0
1,1,70.8888794582218,always,1,1,12.0
1,0,50.20036665608901,never,0,0,-3.0
0,0,50.04690379735078,complier,0,1,2.0
1,0,41.11142357993258,never,0,0,-3.0
1,0,44.781615293065805,never,0,0,-3.0
1,0,45.6113919158037,never,0,0,-3.0
1,1,53.743830562289695,complier,0,1,2.0
0,1,72.8898224149525,always,1,1,12.0
1,0,44.49025831234897,never,0,0,-3.0
0,0,50.165836222994216,complier,0,1,2.0
1,0,48.27043074238197,never,0,0,-3.0
0,0,51.28549193747195,complier,0,1,2.0
0,1,68.81452925184492,always,1,1,12.0
1,1,69.34505174638174,always,1,1,12.0
1,0,45.018832313739416,never,0,0,-3.0
0,0,44.276526372861106,never,0,0,-3.0
0,1,68.28680812970487,always,1,1,12.0
0,0,46.013404371626926,never,0,0,-3.0
1,1,68.4516649121206,always,1,1,12.0
0,1,67.31025750158055,always,1,1,12.0
0,0,50.964904155891546,complier,0,1,2.0
0,1,70.17687950371132,always,1,1,12.0
0,0,48.41105447991357,complier,0,1,2.0
0,0,50.181034485960645,complier,0,1,2.0
0,0,46.917456016059795,never,0,0,-3.0
1,0,45.41177743855396,never,0,0,-3.0
0,0,55.19444229480568,complier,0,1,2.0
1,0,47.693605373685365,never,0,0,-3.0
0,0,46.145857101165916,never,0,0,-3.0
0,0,54.43514764016393,complier,0,1,2.0
1,0,46.12848106139876,never,0,0,-3.0
0,0,47.77283906084098,never,0,0,-3.0
1,1,66.36080154240042,always,1,1,12.0
1,1,70.00189170467412,always,1,1,12.0
0,0,47.058738181673746,never,0,0,-3.0
0,0,44.14763833241293,never,0,0,-3.0
1,1,69.37293073223265,always,1,1,12.0
1,1,66.06328238851309,always,1,1,12.0
0,0,51.241468089920915,never,0,0,-3.0
0,0,46.82069555787858,never,0,0,-3.0
1,1,72.40895519654588,always,1,1,12.0
1,0,47.669696077727004,never,0,0,-3.0
1,1,51.2999410943783,complier,0,1,2.0
0,0,48.58476513227568,complier,0,1,2.0
0,0,42.93765356266684,never,0,0,-3.0
1,0,45.33058363142267,never,0,0,-3.0
0,1,70.35704599146167,always,1,1,12.0
1,1,46.21124288154617,complier,0,1,2.0
1,1,51.44630660512806,complier,0,1,2.0
0,1,71.9743468160883,always,1,1,12.0
0,0,49.182395122674194,complier,0,1,2.0
1,1,68.37887953603803,always,1,1,12.0
1,1,67.43135307479864,always,1,1,12.0
0,1,69.4473065895479,always,1,1,12.0
1,0,45.74611830023088,never,0,0,-3.0
1,0,45.73988544594197,never,0,0,-3.0
1,0,47.58351309757308,never,0,0,-3.0
0,0,47.45240646975566,never,0,0,-3.0
0,1,72.09299580285779,always,1,1,12.0
1,0,42.482412490232676,never,0,0,-3.0
0,0,49.91812427583431,never,0,0,-3.0
0,1,68.4863528086068,always,1,1,12.0
0,1,69.29183277668132,always,1,1,12.0
1,0,43.89644411023742,never,0,0,-3.0
1,0,48.45810019988547,never,0,0,-3.0
1,0,43.37458511180243,never,0,0,-3.0
1,1,64.74666281982954,always,1,1,12.0
0,0,46.66186519306786,never,0,0,-3.0
0,0,47.315180704543856,never,0,0,-3.0
0,1,70.00014433870882,always,1,1,12.0
0,0,52.87195329866405,complier,0,1,2.0
1,0,46.919812343325056,never,0,0,-3.0
0,1,72.12576739114944,always,1,1,12.0
0,0,46.45285889990458,never,0,0,-3.0
1,1,69.5615642651002,always,1,1,12.0
0,0,47.98825531025035,never,0,0,-3.0
0,0,46.73019011552683,never,0,0,-3.0
1,1,72.40208370959307,always,1,1,12.0
1,1,69.44278733896235,always,1,1,12.0
1,0,43.57402239046512,never,0,0,-3.0
0,1,65.51650158972178,always,1,1,12.0
0,0,47.338740343705496,never,0,0,-3.0
0,1,66.31713612629245,always,1,1,12.0
1,1,50.35151158286503,complier,0,1,2.0
1,0,45.35818039601013,never,0,0,-3.0
0,0,43.98976135511123,never,0,0,-3.0
0,0,51.86654408866531,complier,0,1,2.0
1,0,44.65329762815653,never,0,0,-3.0
1,1,67.41428206541026,always,1,1,12.0
0,1,65.19136527723475,always,1,1,12.0
0,1,66.59106708735317,always,1,1,12.0
1,0,44.298550378794,never,0,0,-3.0
0,0,52.31158957461801,complier,0,1,2.0
1,1,66.97211154319396,always,1,1,12.0
1,0,45.15242106975074,never,0,0,-3.0
1,0,44.38732653094793,never,0,0,-3.0
0,0,48.439478571167335,complier,0,1,2.0
0,0,48.40165960612494,never,0,0,-3.0
0,0,50.76114981222465,complier,0,1,2.0
0,0,49.370445472729806,complier,0,1,2.0
1,0,47.69907346380223,never,0,0,-3.0
1,1,70.62702722452414,always,1,1,12.0
0,0,50.005757377683956,complier,0,1,2.0
0,0,50.231910475192414,complier,0,1,2.0
0,1,67.97923474179105,always,1,1,12.0
0,0,45.131558635757,never,0,0,-3.0
1,1,67.97608109868416,always,1,1,12.0
0,0,47.53003666123128,never,0,0,-3.0
1,0,48.75292407282456,never,0,0,-3.0
0,0,47.95509352860011,never,0,0,-3.0
0,1,69.08163639096537,always,1,1,12.0
0,0,46.80562481519444,never,0,0,-3.0
1,1,55.07419104368145,complier,0,1,2.0
1,1,52.77607691821731,complier,0,1,2.0
1,0,50.73758366718921,never,0,0,-3.0
1,1,68.17628134213675,always,1,1,12.0
1,1,51.27772117608652,complier,0,1,2.0
1,0,50.41735757308639,never,0,0,-3.0
1,1,67.71582170388372,always,1,1,12.0
0,1,68.55616084653897,always,1,1,12.0
0,1,70.12401114859142,always,1,1,12.0
1,0,44.94297654360305,never,0,0,-3.0
0,0,44.994107345861735,never,0,0,-3.0
0,0,49.01813179830837,complier,0,1,2.0
0,0,51.59963360630321,complier,0,1,2.0
1,0,47.614069898155435,never,0,0,-3.0
1,0,41.10066375461526,never,0,0,-3.0
1,0,49.312356683585335,never,0,0,-3.0
1,0,46.6646312271952,never,0,0,-3.0
0,0,44.86069869534206,never,0,0,-3.0
1,1,68.2265435695668,always,1,1,12.0
0,1,67.96189448254644,always,1,1,12.0
1,0,49.165924264372194,never,0,0,-3.0
0,0,49.182396460582204,complier,0,1,2.0
1,1,50.95354494750854,complier,0,1,2.0
0,0,43.63698932028266,never,0,0,-3.0
1,1,67.18973720893169,always,1,1,12.0
1,1,50.31196927398973,complier,0,1,2.0
1,1,53.192565293765306,complier,0,1,2.0
1,1,49.427239732512234,complier,0,1,2.0
0,1,70.45169407800974,always,1,1,12.0
0,0,48.49480973797421,never,0,0,-3.0
1,1,65.63042228869597,always,1,1,12.0
1,0,45.56632397194315,never,0,0,-3.0
1,1,68.1739733383781,always,1,1,12.0
0,0,47.37826557929419,complier,0,1,2.0
1,1,66.13505602232861,always,1,1,12.0
1,0,44.50431724698465,never,0,0,-3.0
1,1,73.96381951994036,always,1,1,12.0
0,0,47.23393331774001,never,0,0,-3.0
0,0,50.87630536199326,complier,0,1,2.0
0,1,69.39001176155341,always,1,1,12.0
1,0,41.864171333963164,never,0,0,-3.0
0,0,50.2383348497068,complier,0,1,2.0
0,0,54.41475954423937,complier,0,1,2.0
0,1,66.14135583727976,always,1,1,12.0
1,1,54.16803453537604,complier,0,1,2.0
0,0,47.12727805662988,never,0,0,-3.0
0,1,68.74057882714932,always,1,1,12.0
0,0,50.28885484369208,complier,0,1,2.0
1,0,48.92323780914654,never,0,0,-3.0
1,1,50.37686464250279,complier,0,1,2.0
1,1,64.73882468308959,always,1,1,12.0
0,0,50.30743581593928,complier,0,1,2.0
0,0,51.04774349511616,complier,0,1,2.0
1,0,42.69782961724636,never,0,0,-3.0
0,1,69.90734484162684,always,1,1,12.0
1,0,48.18413341049825,never,0,0,-3.0
0,1,70.16850797679014,always,1,1,12.0
0,0,44.36613019010261,never,0,0,-3.0
0,0,50.709031144622024,complier,0,1,2.0
1,1,52.525612290027404,complier,0,1,2.0
0,0,50.44101166924569,complier,0,1,2.0
0,0,44.96704046526061,never,0,0,-3.0
1,1,46.981408258196744,complier,0,1,2.0
0,0,46.602859833223945,never,0,0,-3.0
1,1,71.58528328714944,always,1,1,12.0
0,0,43.037278617958286,never,0,0,-3.0
1,1,70.85820533271162,always,1,1,12.0
1,1,70.56318953807865,always,1,1,12.0
1,0,47.225198758225794,never,0,0,-3.0
0,0,52.03679641256221,complier,0,1,2.0
1,0,43.73630185295688,never,0,0,-3.0
0,0,50.605788299434764,complier,0,1,2.0
0,1,71.48924034484875,always,1,1,12.0
0,1,69.01253653375596,always,1,1,12.0
1,1,54.654631254434904,complier,0,1,2.0
0,0,46.78789457577162,never,0,0,-3.0
1,0,42.49238845232854,never,0,0,-3.0
0,0,48.695974106629755,never,0,0,-3.0
0,0,45.55646079561624,complier,0,1,2.0
1,1,68.10244077146663,always,1,1,12.0
0,0,45.70833478729741,never,0,0,-3.0
1,1,55.60657731835715,complier,0,1,2.0
0,1,67.14392318504936,always,1,1,12.0
0,0,52.89406124292495,complier,0,1,2.0
1,1,67.84853325178486,always,1,1,12.0
0,0,48.20938234699791,never,0,0,-3.0
1,0,40.76913875124308,never,0,0,-3.0
1,1,48.73914798038754,complier,0,1,2.0
0,0,49.08998518765182,never,0,0,-3.0
1,1,54.52348296761753,complier,0,1,2.0
0,1,64.67752895044745,always,1,1,12.0
0,1,74.51037182083289,always,1,1,12.0
0,0,47.090071271335276,never,0,0,-3.0
1,0,46.054728792453005,never,0,0,-3.0
1,0,42.33539979580313,never,0,0,-3.0
0,0,50.91176844244747,never,0,0,-3.0
1,0,46.287002894190536,never,0,0,-3.0
1,1,54.10320815664848,complier,0,1,2.0
0,0,44.833376219427954,never,0,0,-3.0
1,1,53.1806532838752,complier,0,1,2.0
0,1,70.3134479735553,always,1,1,12.0
1,0,44.18904394068536,never,0,0,-3.0
0,0,50.80128654641743,complier,0,1,2.0
0,0,46.39050392072231,never,0,0,-3.0
1,0,43.634013927352676,never,0,0,-3.0
0,1,70.84857913972908,always,1,1,12.0
0,0,45.14212919451945,never,0,0,-3.0
1,1,69.04211390818399,always,1,1,12.0
0,0,51.15899192634491,complier,0,1,2.0
1,1,49.28690982593114,complier,0,1,2.0
0,0,46.88812345418035,never,0,0,-3.0
1,1,55.96259320711034,complier,0,1,2.0
0,1,71.31083445551299,always,1,1,12.0
0,0,49.878939961419526,complier,0,1,2.0
0,0,51.61381261004759,complier,0,1,2.0
1,1,55.27164714949581,complier,0,1,2.0
0,0,45.289724619756065,never,0,0,-3.0
1,0,50.35181062845226,never,0,0,-3.0
1,1,49.90567151030808,complier,0,1,2.0
1,1,73.66719158074632,always,1,1,12.0
0,0,51.367329200523194,complier,0,1,2.0
0,0,44.25668129292793,never,0,0,-3.0
0,0,48.086672132664106,complier,0,1,2.0
0,0,48.21403659861431,complier,0,1,2.0
0,0,45.161362304235624,never,0,0,-3.0
1,1,52.664281690256026,complier,0,1,2.0
1,1,52.19663449361325,complier,0,1,2.0
1,1,70.24056057892085,always,1,1,12.0
1,0,46.67766680806734,never,0,0,-3.0
1,1,68.57108061730929,always,1,1,12.0
1,1,51.34111641300831,complier,0,1,2.0
0,0,51.213537672816905,complier,0,1,2.0
1,0,45.75845039887469,never,0,0,-3.0
0,0,49.053287304936404,complier,0,1,2.0
0,0,48.19294301603822,never,0,0,-3.0
0,0,51.499491954186304,never,0,0,-3.0
1,1,70.35897068930434,always,1,1,12.0
0,1,70.1121810349148,always,1,1,12.0
1,0,44.20674617987971,never,0,0,-3.0
0,1,70.17759557566048,always,1,1,12.0
0,1,72.53519102118518,always,1,1,12.0
0,1,68.84536609296623,always,1,1,12.0
0,0,52.25140288788767,complier,0,1,2.0
0,0,48.30239096500681,complier,0,1,2.0
1,1,69.36028668718058,always,1,1,12.0
1,0,46.033824164795725,never,0,0,-3.0
0,0,48.38914529029508,complier,0,1,2.0
1,1,64.91994201795372,always,1,1,12.0
1,1,70.45925228436657,always,1,1,12.0
1,1,67.56821039621627,always,1,1,12.0
1,1,55.41823503750894,complier,0,1,2.0
0,0,46.66802749636046,never,0,0,-3.0
0,1,69.58466024173282,always,1,1,12.0
0,0,51.9809322610331,complier,0,1,2.0
1,1,66.63620513151692,always,1,1,12.0
0,1,70.74751172150852,always,1,1,12.0
1,0,44.226362634895054,never,0,0,-3.0
0,0,50.96736820467446,complier,0,1,2.0
0,0,49.547711391814815,complier,0,1,2.0
0,1,68.76223039638238,always,1,1,12.0
1,0,49.21887888382491,never,0,0,-3.0
0,1,72.10814535615533,always,1,1,12.0
0,0,46.86807106047497,never,0,0,-3.0
0,0,52.07645201225485,complier,0,1,2.0
1,0,48.20682391006098,never,0,0,-3.0
1,1,69.4785396784868,always,1,1,12.0
0,1,67.24151151416044,always,1,1,12.0
1,1,53.43683091336845,complier,0,1,2.0
0,1,69.87626064292051,always,1,1,12.0
0,1,69.04928484953533,always,1,1,12.0
1,1,73.37868604670814,always,1,1,12.0
1,1,69.72467515082813,always,1,1,12.0
1,0,46.87893497362903,never,0,0,-3.0
1,1,68.66269825391998,always,1,1,12.0
1,0,44.062849405704945,never,0,0,-3.0
1,1,49.35159214964816,complier,0,1,2.0
0,0,47.234721441805036,complier,0,1,2.0
0,1,65.9022459987676,always,1,1,12.0
0,1,69.48898795128946,always,1,1,12.0
0,0,44.467970993808805,never,0,0,-3.0
1,1,51.635948247976366,complier,0,1,2.0
0,0,47.49379629285737,never,0,0,-3.0
0,1,67.75597336434049,always,1,1,12.0
1,1,54.36293387904807,complier,0,1,2.0
1,0,46.69295987426203,never,0,0,-3.0
0,0,45.60131107918415,never,0,0,-3.0
0,0,52.62536772734943,complier,0,1,2.0
1,1,67.10064919944631,always,1,1,12.0
1,0,44.94123263060528,never,0,0,-3.0
1,0,43.48474596759378,never,0,0,-3.0
1,0,43.63557256525641,never,0,0,-3.0
0,0,46.71611870262321,never,0,0,-3.0
0,0,49.695511358213814,complier,0,1,2.0
0,0,45.489892520424284,never,0,0,-3.0
0,0,43.239100933234155,never,0,0,-3.0
1,0,46.976951355401184,never,0,0,-3.0
0,0,51.422418917435685,complier,0,1,2.0
0,1,70.78486289052343,always,1,1,12.0
1,1,70.07392515995987,always,1,1,12.0
0,0,51.34411308535664,complier,0,1,2.0
1,1,50.250477244116844,complier,0,1,2.0
1,1,53.21660880687011,complier,0,1,2.0
1,0,45.585565025956626,never,0,0,-3.0
0,0,46.48555021197704,never,0,0,-3.0
1,1,52.36600810237509,complier,0,1,2.0
1,1,67.248099349479,always,1,1,12.0
0,0,48.02749123321218,never,0,0,-3.0
0,0,45.45919788274908,never,0,0,-3.0
1,1,51.44318495994279,complier,0,1,2.0
0,0,47.10067064827063,never,0,0,-3.0
0,0,50.681010501566305,complier,0,1,2.0
1,1,54.73085845245792,complier,0,1,2.0
1,0,42.95772651116556,never,0,0,-3.0
1,1,68.3510863585583,always,1,1,12.0
1,0,47.38167200616763,never,0,0,-3.0
0,0,43.351722284407174,never,0,0,-3.0
1,0,46.37486070264276,never,0,0,-3.0
0,0,41.488629794599134,never,0,0,-3.0
1,0,45.04696394137649,never,0,0,-3.0
0,0,44.99574406514931,complier,0,1,2.0
1,0,46.75365887193535,never,0,0,-3.0
0,1,67.59611563731025,always,1,1,12.0
1,1,51.50136681253693,complier,0,1,2.0
1,0,43.84536575911476,never,0,0,-3.0
1,0,46.458511566686404,never,0,0,-3.0
0,0,47.79190659528768,never,0,0,-3.0
1,1,51.314116585727575,complier,0,1,2.0
0,1,65.93681298231706,always,1,1,12.0
1,0,42.29414423066959,never,0,0,-3.0
0,0,44.5856502063594,never,0,0,-3.0
0,0,44.86844229597016,never,0,0,-3.0
1,1,64.56760037678922,always,1,1,12.0
1,0,46.44622800430758,never,0,0,-3.0
0,0,48.88172046307128,complier,0,1,2.0
0,0,47.166247717329455,never,0,0,-3.0
0,0,50.31458641316436,never,0,0,-3.0
1,1,48.74492972741069,complier,0,1,2.0
1,1,50.088560793215564,complier,0,1,2.0
1,1,54.221731894815406,complier,0,1,2.0
1,1,54.18963768697906,complier,0,1,2.0
0,0,47.695187377409404,never,0,0,-3.0
0,1,69.22207783483374,always,1,1,12.0
1,1,53.38807205603014,complier,0,1,2.0
1,1,51.48468760434374,complier,0,1,2.0
1,1,74.02111355845568,always,1,1,12.0
0,0,43.57489010722877,never,0,0,-3.0
0,1,68.99182640653972,always,1,1,12.0
0,0,43.0990771541251,never,0,0,-3.0
0,1,65.37695181787642,always,1,1,12.0
1,1,71.95925019011555,always,1,1,12.0
1,1,51.734095651614325,complier,0,1,2.0
1,0,44.133156976310545,never,0,0,-3.0
0,1,71.12604720481255,always,1,1,12.0
1,1,54.10807996873249,complier,0,1,2.0
1,1,66.16817350794207,always,1,1,12.0
0,0,48.48071936885268,never,0,0,-3.0
1,0,45.02671631613283,never,0,0,-3.0
1,1,69.16701006842736,always,1,1,12.0
1,0,45.09578390798572,never,0,0,-3.0
0,0,48.17436718558016,never,0,0,-3.0
0,0,44.46878691387212,never,0,0,-3.0
1,0,44.80158936452879,never,0,0,-3.0
1,1,69.5421449618877,always,1,1,12.0
1,0,46.17492083346963,never,0,0,-3.0
1,0,44.13945116607435,never,0,0,-3.0
0,0,47.30228189446773,never,0,0,-3.0
0,1,68.66822654555432,always,1,1,12.0
0,1,69.50484079319074,always,1,1,12.0
0,0,51.08407783704876,complier,0,1,2.0
1,1,50.058776998260264,complier,0,1,2.0
1,1,51.75308867308281,complier,0,1,2.0
1,1,69.6220957483916,always,1,1,12.0
0,1,70.23887878549587,always,1,1,12.0
0,1,71.11824642062827,always,1,1,12.0
0,0,45.62260765915978,never,0,0,-3.0
1,1,51.10891683563596,complier,0,1,2.0
0,0,50.6899914525759,complier,0,1,2.0
0,1,68.29262787173651,always,1,1,12.0
0,0,44.43814099028254,never,0,0,-3.0
1,1,48.89854609025483,complier,0,1,2.0
1,0,45.81692451949791,never,0,0,-3.0
0,0,48.427585858576826,complier,0,1,2.0
0,1,69.74711320866838,always,1,1,12.0
1,0,45.79365273724773,never,0,0,-3.0
0,0,46.360594964916494,never,0,0,-3.0
0,0,47.802723923669824,never,0,0,-3.0
1,1,71.35729390020887,always,1,1,12.0
0,1,69.76814319613636,always,1,1,12.0
0,0,50.41047864702365,complier,0,1,2.0
1,0,46.31656927475285,never,0,0,-3.0
1,0,44.26460473705196,never,0,0,-3.0
1,0,45.085689564025195,never,0,0,-3.0
1,1,53.06988430427842,complier,0,1,2.0
0,0,46.74343324276896,never,0,0,-3.0
0,0,45.33693109410599,never,0,0,-3.0
0,0,46.49910636262247,never,0,0,-3.0
1,0,48.26634396761957,never,0,0,-3.0
1,1,51.12458952671553,complier,0,1,2.0
0,1,68.63241994221274,always,1,1,12.0
1,1,52.29153755414832,complier,0,1,2.0
0,1,70.67673110587579,always,1,1,12.0
0,0,49.491512880330234,complier,0,1,2.0
0,0,48.1295713177924,complier,0,1,2.0
0,1,63.554819073397326,always,1,1,12.0
0,1,69.9092234737666,always,1,1,12.0
0,0,49.17346634590204,complier,0,1,2.0
1,1,68.8408245453277,always,1,1,12.0
1,1,68.58049931391237,always,1,1,12.0
0,0,48.3294991214692,complier,0,1,2.0
1,1,53.450770590400865,complier,0,1,2.0
1,1,70.93142716903289,always,1,1,12.0
1,0,44.191480941446514,never,0,0,-3.0
1,0,45.06016227382566,never,0,0,-3.0
0,1,67.94338198784601,always,1,1,12.0
0,0,50.275937944023404,complier,0,1,2.0
1,0,42.37200372152522,never,0,0,-3.0
0,0,43.51586721552376,never,0,0,-3.0
1,1,67.08750570221878,always,1,1,12.0
0,0,47.911799692880784,never,0,0,-3.0
0,1,67.46773842608083,always,1,1,12.0
1,0,42.525408312721474,never,0,0,-3.0
1,0,47.49883607514519,never,0,0,-3.0
1,1,49.91224081362024,complier,0,1,2.0
0,0,49.64851180492671,complier,0,1,2.0
1,0,46.41086598214201,never,0,0,-3.0
1,0,44.30993364791164,never,0,0,-3.0
1,0,44.320133259769285,never,0,0,-3.0
1,1,53.62585575869606,complier,0,1,2.0
1,1,52.03578590947189,complier,0,1,2.0
1,1,54.3580093287261,complier,0,1,2.0
1,1,55.54319967192655,complier,0,1,2.0
0,1,70.67439837335594,always,1,1,12.0
0,0,45.86365742379821,never,0,0,-3.0
1,0,45.97850672462215,never,0,0,-3.0
0,1,66.44811420142649,always,1,1,12.0
0,1,69.85121016469672,always,1,1,12.0
1,1,67.94600489405462,always,1,1,12.0
1,0,52.10802642935524,never,0,0,-3.0
0,0,49.63650501126947,complier,0,1,2.0
1,1,51.19263829466097,complier,0,1,2.0
0,0,47.63684207310298,complier,0,1,2.0
1,1,70.04717398486268,always,1,1,12.0
0,0,42.163591425858485,never,0,0,-3.0
1,0,43.92144340363146,never,0,0,-3.0
0,0,44.56505088356179,never,0,0,-3.0
0,0,52.533708169626536,complier,0,1,2.0
1,1,52.36448074488151,complier,0,1,2.0
0,1,70.80423690949834,always,1,1,12.0
0,1,69.24260402794673,always,1,1,12.0
0,0,52.52632511382984,complier,0,1,2.0
1,1,54.37507465421349,complier,0,1,2.0
1,0,44.01696744098077,never,0,0,-3.0
1,1,72.12007667221383,always,1,1,12.0
0,1,69.5134195579697,always,1,1,12.0
0,0,52.09210018683039,complier,0,1,2.0
0,1,67.3361439599541,always,1,1,12.0
1,1,49.17268984994949,complier,0,1,2.0
1,0,47.86732062688381,never,0,0,-3.0
0,0,53.53325782599045,complier,0,1,2.0
1,0,51.08226065834237,never,0,0,-3.0
1,0,48.474733479863836,never,0,0,-3.0
0,0,48.45906292751355,complier,0,1,2.0
0,0,48.979678730903764,complier,0,1,2.0
1,0,45.94227644429828,never,0,0,-3.0
1,0,44.996404468537975,never,0,0,-3.0
1,1,69.26851838324133,always,1,1,12.0
1,1,68.31826849870974,always,1,1,12.0
1,1,69.07102230724621,always,1,1,12.0
0,0,48.61533735781761,complier,0,1,2.0
1,1,70.79250897197058,always,1,1,12.0
1,0,41.84598097712855,never,0,0,-3.0
0,0,46.18814859676637,never,0,0,-3.0
0,0,49.93445959813789,complier,0,1,2.0
0,1,70.57860337274664,always,1,1,12.0
1,1,69.00038745419417,always,1,1,12.0
0,1,65.95098254160153,always,1,1,12.0
0,0,48.73941703113311,complier,0,1,2.0
0,0,46.26302867778525,never,0,0,-3.0
0,0,52.42244855589101,complier,0,1,2.0
1,1,49.82532123657547,complier,0,1,2.0
0,0,47.01534689333726,never,0,0,-3.0
1,1,69.95331807490814,always,1,1,12.0
0,1,64.84770095311958,always,1,1,12.0
1,1,69.7937128698002,always,1,1,12.0
1,0,48.6304049934674,never,0,0,-3.0
1,1,65.03307416937912,always,1,1,12.0
1,0,48.33528087983116,never,0,0,-3.0
1,0,44.820601092901015,never,0,0,-3.0
1,1,51.95906396824692,complier,0,1,2.0
0,0,52.82311515166464,complier,0,1,2.0
0,0,51.46357846841375,complier,0,1,2.0
0,1,69.0593377902644,always,1,1,12.0
0,0,47.310892446450744,never,0,0,-3.0
1,1,54.53345455811267,complier,0,1,2.0
1,1,51.289487872615965,complier,0,1,2.0
1,0,47.954882945866174,never,0,0,-3.0
0,0,46.21930434655421,complier,0,1,2.0
1,1,69.15985604099782,always,1,1,12.0
0,0,47.907049854439954,never,0,0,-3.0
1,0,45.5128809507065,never,0,0,-3.0
1,1,71.66398812533113,always,1,1,12.0
0,0,51.711797917786846,complier,0,1,2.0
0,0,47.67419897483623,never,0,0,-3.0
1,1,70.48355044241266,always,1,1,12.0
1,0,48.70207064605238,never,0,0,-3.0
0,0,43.824961046665535,never,0,0,-3.0
0,0,47.11812723857618,never,0,0,-3.0
0,0,50.9879902360193,complier,0,1,2.0
1,1,53.525064882179024,complier,0,1,2.0
0,0,48.190684133099126,complier,0,1,2.0
1,0,47.81699941676356,never,0,0,-3.0
0,0,47.70083646516723,never,0,0,-3.0
1,1,55.19559155420069,complier,0,1,2.0
0,0,49.24987388920869,complier,0,1,2.0
1,1,69.04420911571532,always,1,1,12.0
0,0,44.29525346403597,never,0,0,-3.0
0,0,48.907976076871826,complier,0,1,2.0
0,1,69.6067038379523,always,1,1,12.0
1,1,51.69890277046228,complier,0,1,2.0
0,0,49.20724254597001,complier,0,1,2.0
1,1,50.95663926507084,complier,0,1,2.0
0,0,48.701686841447824,complier,0,1,2.0
0,0,48.967013142602624,never,0,0,-3.0
0,1,69.7975262386907,always,1,1,12.0
0,0,49.0875127144802,complier,0,1,2.0
1,1,70.87197338368695,always,1,1,12.0
0,0,48.806526059028094,never,0,0,-3.0
1,0,46.385013087055256,never,0,0,-3.0
1,1,71.61977122514593,always,1,1,12.0
0,0,45.90024810107928,never,0,0,-3.0
0,0,48.72536362388326,never,0,0,-3.0
1,1,51.85348474858709,complier,0,1,2.0
0,1,72.77172920916517,always,1,1,12.0
0,0,53.521618355686186,complier,0,1,2.0
0,0,43.93037343174068,never,0,0,-3.0
1,1,66.17801430466689,always,1,1,12.0
0,0,41.242818322071926,never,0,0,-3.0
1,0,44.99722749089244,never,0,0,-3.0
1,1,69.67954847238094,always,1,1,12.0
0,0,47.38601576118245,never,0,0,-3.0
0,0,48.61719678685,never,0,0,-3.0
1,0,44.682285741187584,never,0,0,-3.0
0,1,66.70610702348431,always,1,1,12.0
1,0,47.30691216181441,never,0,0,-3.0
0,0,47.90454803871119,complier,0,1,2.0
1,1,67.51242423106676,always,1,1,12.0
1,0,44.299771815313214,never,0,0,-3.0
0,0,43.10946699922452,never,0,0,-3.0
1,0,46.50828177861979,never,0,0,-3.0
1,0,43.26035173681294,never,0,0,-3.0
1,0,43.4530418490505,never,0,0,-3.0
0,1,69.78755580182873,always,1,1,12.0
0,0,48.378026028115805,never,0,0,-3.0
1,0,43.65316315168928,never,0,0,-3.0
0,0,48.43022817268152,complier,0,1,2.0
0,0,50.15546263159842,complier,0,1,2.0
1,1,70.18569936815662,always,1,1,12.0
1,1,72.75325880020098,always,1,1,12.0
0,0,46.98093211919697,never,0,0,-3.0
1,0,50.9816300136597,never,0,0,-3.0
1,0,45.47121074380388,never,0,0,-3.0
1,0,47.20421388315554,never,0,0,-3.0
0,0,46.01513658743505,never,0,0,-3.0
1,1,50.43345728527194,complier,0,1,2.0
1,1,51.881742377897034,complier,0,1,2.0
0,0,55.50468361113399,complier,0,1,2.0
0,1,69.92404536547943,always,1,1,12.0
1,1,53.6518005634857,complier,0,1,2.0
0,0,49.01317068689496,never,0,0,-3.0
1,1,52.6289426779844,complier,0,1,2.0
0,1,65.97262994826349,always,1,1,12.0
0,0,47.37412227311192,never,0,0,-3.0
0,0,46.992133703825445,never,0,0,-3.0
1,1,69.4603079124903,always,1,1,12.0
0,0,53.351450363271226,complier,0,1,2.0
1,0,49.3751504584469,never,0,0,-3.0
0,0,50.97851506356017,never,0,0,-3.0
1,1,48.49594879572056,complier,0,1,2.0
1,1,71.05462438173956,always,1,1,12.0
0,0,48.50161731154685,complier,0,1,2.0
0,0,52.468626316099005,complier,0,1,2.0
0,0,47.45541715450998,complier,0,1,2.0
0,0,51.36406278419627,complier,0,1,2.0
0,0,45.95550559623729,never,0,0,-3.0
0,1,69.57658722158459,always,1,1,12.0
1,1,49.815465115733225,complier,0,1,2.0
0,0,50.3557510574379,complier,0,1,2.0
0,1,67.22995890586876,always,1,1,12.0
0,0,44.81018211603163,never,0,0,-3.0
1,1,51.262479231242274,complier,0,1,2.0
1,0,49.287688622753535,never,0,0,-3.0
0,1,66.4494897806369,always,1,1,12.0
1,0,45.069765535843004,never,0,0,-3.0
1,1,67.48506040783974,always,1,1,12.0
1,0,47.54045831758044,never,0,0,-3.0
1,1,68.21762155288579,always,1,1,12.0
0,0,47.72252841147967,complier,0,1,2.0
1,1,65.67451735953448,always,1,1,12.0
0,1,71.18034875245685,always,1,1,12.0
1,0,44.94792731169947,never,0,0,-3.0
1,0,46.035621612309704,never,0,0,-3.0
1,0,44.86181743221892,never,0,0,-3.0
0,0,49.21992992683009,complier,0,1,2.0
1,0,45.078148576064685,never,0,0,-3.0
0,0,44.19061809516557,never,0,0,-3.0
0,1,67.02991117493106,always,1,1,12.0
1,0,46.072325435126686,never,0,0,-3.0
1,1,53.432571992032486,complier,0,1,2.0
0,0,46.15852297862377,never,0,0,-3.0
1,1,65.14156841835654,always,1,1,12.0
0,0,47.85803441865139,never,0,0,-3.0
1,1,69.93291681906412,always,1,1,12.0
1,1,70.30208822807808,always,1,1,12.0
0,0,45.086555167077215,never,0,0,-3.0
0,1,68.62867702192476,always,1,1,12.0
1,1,70.20125110819997,always,1,1,12.0
0,0,49.57004057008836,never,0,0,-3.0
0,1,68.23380675787675,always,1,1,12.0
1,0,44.784795390725314,never,0,0,-3.0
0,0,45.371912777357906,never,0,0,-3.0
0,1,67.44944649409865,always,1,1,12.0
0,0,44.85116644446934,never,0,0,-3.0
1,0,48.23946085837872,never,0,0,-3.0
1,0,46.87957777409652,never,0,0,-3.0
1,0,47.61457782400755,never,0,0,-3.0
0,0,44.19541317196943,never,0,0,-3.0
0,1,69.424936800289,always,1,1,12.0
0,0,42.78713935526616,never,0,0,-3.0
1,0,47.05733469826726,never,0,0,-3.0
0,1,69.85757169256475,always,1,1,12.0
1,0,46.573569214280134,never,0,0,-3.0
0,0,50.96103291356446,complier,0,1,2.0
1,1,55.818120603360015,complier,0,1,2.0
1,1,70.77124062076214,always,1,1,12.0
0,0,45.15271802493414,never,0,0,-3.0
1,1,70.4303905282818,always,1,1,12.0
0,1,70.20901232858692,always,1,1,12.0
1,0,46.44801519874328,never,0,0,-3.0
0,1,70.73577339529554,always,1,1,12.0
1,1,54.395611940096444,complier,0,1,2.0
1,1,73.28471131550342,always,1,1,12.0
1,1,49.05998984129536,complier,0,1,2.0
1,1,68.5055454685074,always,1,1,12.0
0,0,45.9624828324107,never,0,0,-3.0
1,1,68.43622611045583,always,1,1,12.0
1,1,47.89281372345036,complier,0,1,2.0
0,1,68.32953630797792,always,1,1,12.0
1,1,54.76815880154247,complier,0,1,2.0
0,1,68.27459113493293,always,1,1,12.0
1,0,45.57711798438215,never,0,0,-3.0
1,1,65.81013962150458,always,1,1,12.0
0,0,43.45885881538066,never,0,0,-3.0
0,0,47.81365670731183,never,0,0,-3.0
1,1,69.28182179698578,always,1,1,12.0
0,0,50.1335091029435,never,0,0,-3.0
0,0,42.88662269788205,never,0,0,-3.0
1,0,44.88201452114518,never,0,0,-3.0
1,1,69.35126010637586,always,1,1,12.0
1,1,51.12210421523313,complier,0,1,2.0
0,1,66.14419604145098,always,1,1,12.0
0,0,47.32976410186259,never,0,0,-3.0
0,0,44.69585853762547,never,0,0,-3.0
1,1,69.70998346505365,always,1,1,12.0
0,1,69.60976740211359,always,1,1,12.0
1,1,52.08471625093134,complier,0,1,2.0
1,1,67.19365475686325,always,1,1,12.0
1,1,55.234603572952295,complier,0,1,2.0
0,0,45.68099866551278,never,0,0,-3.0
0,0,47.92440049718915,never,0,0,-3.0
1,1,68.4182541077814,always,1,1,12.0
0,0,50.56470311550436,complier,0,1,2.0
0,1,71.2345207321275,always,1,1,12.0
1,0,45.67351464001124,never,0,0,-3.0
0,1,68.72216283757547,always,1,1,12.0
0,0,49.25272324968673,complier,0,1,2.0
0,0,43.320992597374925,never,0,0,-3.0
0,0,49.7351618080162,complier,0,1,2.0
1,1,65.09165912519718,always,1,1,12.0
1,1,69.01898815609677,always,1,1,12.0
1,0,42.68958345706571,never,0,0,-3.0
1,1,52.061950771382094,complier,0,1,2.0
1,1,55.959883163317436,complier,0,1,2.0
1,1,69.41934733399907,always,1,1,12.0
1,0,45.01382083215075,never,0,0,-3.0
0,0,53.80368373113707,complier,0,1,2.0
0,0,49.044922357906465,complier,0,1,2.0
1,1,71.23395090813644,always,1,1,12.0
0,1,73.4574839312452,always,1,1,12.0
0,1,72.5644306983614,always,1,1,12.0
0,0,47.71964835809156,never,0,0,-3.0
1,1,48.9549795265327,complier,0,1,2.0
0,1,67.35750002400472,always,1,1,12.0
0,1,69.13173991482823,always,1,1,12.0
1,1,66.44832250212053,always,1,1,12.0
1,1,71.32619482404553,always,1,1,12.0
0,0,45.044050632656315,never,0,0,-3.0
1,0,45.70649508297648,never,0,0,-3.0
1,1,73.23565371187101,always,1,1,12.0
0,0,42.413754673012264,never,0,0,-3.0
0,0,46.19698867416304,never,0,0,-3.0
1,0,47.76643861951931,never,0,0,-3.0
1,1,53.794153379204886,complier,0,1,2.0
1,0,45.65509622459934,never,0,0,-3.0
1,1,65.1677454579247,always,1,1,12.0
0,1,69.26785195757823,always,1,1,12.0
0,0,43.16728016223674,never,0,0,-3.0
0,1,66.43036235969903,always,1,1,12.0
0,0,50.43897360750054,complier,0,1,2.0
0,0,48.05472078889429,complier,0,1,2.0
0,1,69.0877794524335,always,1,1,12.0
0,0,53.18905209995767,complier,0,1,2.0
0,1,70.53673991306034,always,1,1,12.0
0,0,43.68273862262029,never,0,0,-3.0
0,0,50.46660615283636,complier,0,1,2.0
1,0,47.47197513185079,never,0,0,-3.0
0,0,49.75812645951682,complier,0,1,2.0
0,0,47.51709833573326,complier,0,1,2.0
1,1,51.7896433306531,complier,0,1,2.0
1,1,71.69629750336618,always,1,1,12.0
1,0,43.0558226596007,never,0,0,-3.0
1,1,54.06981906755606,complier,0,1,2.0
0,1,71.48343230772655,always,1,1,12.0
0,1,68.31158483329914,always,1,1,12.0
1,0,46.8486305298338,never,0,0,-3.0
1,0,44.1710101346793,never,0,0,-3.0
0,1,72.12088946538502,always,1,1,12.0
0,0,44.92331226772354,never,0,0,-3.0
0,1,66.89620893753272,always,1,1,12.0
1,0,47.29877436817577,never,0,0,-3.0
1,0,44.658114386686,never,0,0,-3.0
0,0,51.33696468908775,complier,0,1,2.0
1,0,45.69421881483923,never,0,0,-3.0
1,0,43.969123111592204,never,0,0,-3.0
1,1,69.6189621334975,always,1,1,12.0
1,0,48.30805299214081,never,0,0,-3.0
0,0,47.406056634539176,never,0,0,-3.0
1,0,49.3704666285567,never,0,0,-3.0
1,1,51.14829753766138,complier,0,1,2.0
1,0,48.430566851017645,never,0,0,-3.0
0,0,48.72743245827732,never,0,0,-3.0
1,0,45.01640551308174,never,0,0,-3.0
1,1,48.338277566789735,complier,0,1,2.0
1,1,52.250282427429404,complier,0,1,2.0
0,0,50.49231275515111,complier,0,1,2.0
1,1,52.55488381519897,complier,0,1,2.0
0,0,52.200098586280895,complier,0,1,2.0
1,0,45.47432758620778,never,0,0,-3.0
1,1,70.68627463048713,always,1,1,12.0
0,0,47.95719130780763,complier,0,1,2.0
1,1,51.171407985914435,complier,0,1,2.0
0,1,68.44059124609386,always,1,1,12.0
0,0,46.10666497025001,never,0,0,-3.0
0,0,50.01809694086304,complier,0,1,2.0
1,0,44.9689660284591,never,0,0,-3.0
1,1,68.59016838577271,always,1,1,12.0
0,0,46.230914409266056,never,0,0,-3.0
1,1,68.22546976875637,always,1,1,12.0
1,1,66.33400048867671,always,1,1,12.0
0,0,47.48268356800945,complier,0,1,2.0
1,0,46.812049956595295,never,0,0,-3.0
1,1,54.211090299536764,complier,0,1,2.0
1,1,68.9372622138664,always,1,1,12.0
1,1,49.00807610395081,complier,0,1,2.0
1,1,68.44309181995031,always,1,1,12.0
0,0,51.31985982362664,complier,0,1,2.0
0,0,49.1069462170476,complier,0,1,2.0
0,1,68.85904385401108,always,1,1,12.0
0,0,47.984865543885114,never,0,0,-3.0
1,0,49.89540366196395,never,0,0,-3.0
0,0,47.630162261757,complier,0,1,2.0
0,0,44.640111964028065,never,0,0,-3.0
0,0,49.29671809920263,complier,0,1,2.0
1,1,69.7313650906151,always,1,1,12.0
1,0,46.27866541778016,never,0,0,-3.0
1,1,50.735516942916,complier,0,1,2.0
1,1,66.514064309494,always,1,1,12.0
0,1,68.15235275687243,always,1,1,12.0
1,1,50.79259369703762,complier,0,1,2.0
1,0,46.056517863355886,never,0,0,-3.0
0,1,70.5457404422403,always,1,1,12.0
1,0,47.641530011363706,never,0,0,-3.0
0,0,47.918606132381555,complier,0,1,2.0
1,1,52.47564218028169,complier,0,1,2.0
1,1,72.08065038198211,always,1,1,12.0
0,1,70.74341952796458,always,1,1,12.0
1,1,66.69318833859509,always,1,1,12.0
0,0,46.14485525028009,never,0,0,-3.0
0,0,46.63722731054396,never,0,0,-3.0
0,1,68.41003738036666,always,1,1,12.0
0,0,49.49007442928131,never,0,0,-3.0
0,0,47.7279078431914,never,0,0,-3.0
1,1,52.607641031804484,complier,0,1,2.0
0,0,49.195970266374594,complier,0,1,2.0
0,0,47.55968092507386,never,0,0,-3.0
1,1,49.745163547779704,complier,0,1,2.0
1,0,42.65016179220451,never,0,0,-3.0
1,0,47.2144412047984,never,0,0,-3.0
0,1,73.15859377064571,always,1,1,12.0
1,1,65.05204256452456,always,1,1,12.0
1,1,68.71025730851414,always,1,1,12.0
1,1,65.49091188288843,always,1,1,12.0
1,0,47.457161671126016,never,0,0,-3.0
1,1,70.46671875272094,always,1,1,12.0
1,1,70.54890678746979,always,1,1,12.0
1,1,49.22380939218932,complier,0,1,2.0
0,0,48.16303089177008,never,0,0,-3.0
1,1,68.9622114573561,always,1,1,12.0
1,0,43.81724415285917,never,0,0,-3.0
1,1,55.28037450080849,complier,0,1,2.0
1,0,45.01902097382721,never,0,0,-3.0
1,1,51.87245621810793,complier,0,1,2.0
1,1,68.82809688532066,always,1,1,12.0
0,0,43.72541800707206,never,0,0,-3.0
0,0,45.57809534579096,never,0,0,-3.0
0,0,49.633325939980345,complier,0,1,2.0
0,0,49.28689352237249,complier,0,1,2.0
1,0,49.03353697247628,never,0,0,-3.0
0,0,48.67817526984736,never,0,0,-3.0
0,0,50.382115621642065,complier,0,1,2.0
1,0,46.063548910571726,never,0,0,-3.0
1,0,46.791239272500576,never,0,0,-3.0
1,1,53.257431218084555,complier,0,1,2.0
1,1,68.49125749214433,always,1,1,12.0
0,0,43.400808564763835,never,0,0,-3.0
1,1,63.86240954409037,always,1,1,12.0
0,0,53.29534865714621,complier,0,1,2.0
1,1,67.97856151621943,always,1,1,12.0
0,0,49.10290277311979,never,0,0,-3.0
1,0,48.17603400267622,never,0,0,-3.0
1,0,47.866079333682016,never,0,0,-3.0
0,0,46.785150202083976,never,0,0,-3.0
1,1,67.77639688604496,always,1,1,12.0
0,1,68.10152688988573,always,1,1,12.0
1,1,67.22518865883333,always,1,1,12.0
1,1,71.32124090067647,always,1,1,12.0
0,0,51.97071588085702,complier,0,1,2.0
1,0,45.663324204583375,never,0,0,-3.0
0,1,66.15451278936122,always,1,1,12.0
1,1,68.60804512683809,always,1,1,12.0
1,1,71.73405144834821,always,1,1,12.0
1,1,69.99332939338008,always,1,1,12.0
1,1,52.754657306948644,complier,0,1,2.0
1,0,47.043701275373564,never,0,0,-3.0
0,1,69.08691804249953,always,1,1,12.0
0,0,46.12850119454018,never,0,0,-3.0
0,1,70.29786250279726,always,1,1,12.0
0,0,45.271821509384694,never,0,0,-3.0
0,1,71.4405880314851,always,1,1,12.0
1,0,43.7313657366128,never,0,0,-3.0
1,0,43.409025318094,never,0,0,-3.0
1,1,54.92503286030564,complier,0,1,2.0
1,0,43.56945889391268,never,0,0,-3.0
0,1,69.72354439035298,always,1,1,12.0
0,0,46.10157702611722,never,0,0,-3.0
1,1,71.87507459190871,always,1,1,12.0
0,1,68.49566069154307,always,1,1,12.0
1,1,54.947340841619145,complier,0,1,2.0
0,0,46.57942751130754,never,0,0,-3.0
0,0,50.64108490215838,complier,0,1,2.0
0,0,49.05125189802314,complier,0,1,2.0
0,0,50.17628622233704,complier,0,1,2.0
1,0,46.314847352725444,never,0,0,-3.0
0,1,69.45262263396066,always,1,1,12.0
0,0,50.91761376527108,complier,0,1,2.0
1,1,70.79947463068179,always,1,1,12.0
0,0,46.83099385958321,complier,0,1,2.0
1,0,49.37427648860991,never,0,0,-3.0
0,0,46.669653786325036,complier,0,1,2.0
1,1,54.202941095571866,complier,0,1,2.0
1,1,50.406388032609286,complier,0,1,2.0
0,1,69.32080457135088,always,1,1,12.0
0,1,70.50249989361154,always,1,1,12.0
0,1,67.47378935078032,always,1,1,12.0
1,1,69.42140302453718,always,1,1,12.0
1,1,52.362056665637,complier,0,1,2.0
1,1,51.86530034789141,complier,0,1,2.0
0,0,49.01522827136338,never,0,0,-3.0
1,1,51.30092346958233,complier,0,1,2.0
0,0,45.54910664130974,never,0,0,-3.0
0,0,46.71369651659513,never,0,0,-3.0
1,1,70.17342604217195,always,1,1,12.0
1,1,68.80590812641572,always,1,1,12.0
0,1,71.57580025527974,always,1,1,12.0
0,1,66.82409154412872,always,1,1,12.0
0,1,66.99610023641992,always,1,1,12.0
1,0,45.95277823312867,never,0,0,-3.0
0,0,43.78537026256387,never,0,0,-3.0
1,0,43.08913858723724,never,0,0,-3.0
0,0,52.03932239634649,complier,0,1,2.0
0,0,44.750419969929695,never,0,0,-3.0
0,1,66.39439168520046,always,1,1,12.0
1,1,49.37073422467398,complier,0,1,2.0
1,1,64.83857383757271,always,1,1,12.0
0,1,67.39849776213121,always,1,1,12.0
0,0,51.21913893905859,never,0,0,-3.0
0,0,47.3231211444015,complier,0,1,2.0
0,0,51.07490375079899,complier,0,1,2.0
0,0,47.05582407603342,never,0,0,-3.0
1,0,43.457729696614436,never,0,0,-3.0
1,1,69.30018152021492,always,1,1,12.0
1,1,51.59574615551546,complier,0,1,2.0
1,1,67.95105228882771,always,1,1,12.0
0,0,47.06345852291232,never,0,0,-3.0
1,1,51.82230350081955,complier,0,1,2.0
0,1,71.63916492582884,always,1,1,12.0
1,1,53.744564467602636,complier,0,1,2.0
1,0,44.17420645766544,never,0,0,-3.0
0,0,45.81244713653542,never,0,0,-3.0
1,1,56.12491683162779,complier,0,1,2.0
0,1,68.06466928340348,always,1,1,12.0
1,1,52.89989078292573,complier,0,1,2.0
0,0,48.733216587536454,complier,0,1,2.0
0,0,52.01041924529335,complier,0,1,2.0
1,0,46.69165869609188,never,0,0,-3.0
1,0,41.28785312662065,never,0,0,-3.0
0,1,70.80183859020971,always,1,1,12.0
1,1,67.69282466081003,always,1,1,12.0
1,1,67.28773767630089,always,1,1,12.0
1,0,48.33211742244821,never,0,0,-3.0
0,1,70.71305546307508,always,1,1,12.0
0,0,40.15901082162307,never,0,0,-3.0
0,1,70.70516258240067,always,1,1,12.0
1,0,49.72033966036501,never,0,0,-3.0
1,1,68.04474816183397,always,1,1,12.0
1,1,71.11034028089435,always,1,1,12.0
1,0,44.89859552658791,never,0,0,-3.0
1,0,45.93007706929548,never,0,0,-3.0
1,0,46.861390617533374,never,0,0,-3.0
0,1,70.88188624210112,always,1,1,12.0
0,0,45.672378632966705,never,0,0,-3.0
0,0,48.70161683019001,complier,0,1,2.0
0,1,73.61988691829048,always,1,1,12.0
0,0,44.75296738210008,never,0,0,-3.0
1,1,69.07312154094508,always,1,1,12.0
0,0,45.71715859628292,never,0,0,-3.0
0,0,49.03543663868194,complier,0,1,2.0
1,1,69.51652903005854,always,1,1,12.0
1,1,52.41933469264649,complier,0,1,2.0
1,0,46.191175623493564,never,0,0,-3.0
0,0,50.74520301886804,complier,0,1,2.0
0,0,42.18761468912515,never,0,0,-3.0
1,1,52.14884694599439,complier,0,1,2.0
1,1,69.12289529619929,always,1,1,12.0
0,0,45.196227791488944,never,0,0,-3.0
1,0,46.28902986126874,never,0,0,-3.0
0,0,42.73705357947969,never,0,0,-3.0
1,1,66.44404402283051,always,1,1,12.0
1,1,71.45117044775283,always,1,1,12.0
1,1,66.52009765242006,always,1,1,12.0
0,0,43.71182013079817,never,0,0,-3.0
0,0,51.45454867140649,complier,0,1,2.0
1,1,51.73806370579924,complier,0,1,2.0
0,0,49.14185880874172,never,0,0,-3.0
0,0,44.01053827812178,never,0,0,-3.0
1,0,46.42077329044183,never,0,0,-3.0
0,0,51.153315868574886,complier,0,1,2.0
1,1,71.11976359316527,always,1,1,12.0
1,0,44.819929893470054,never,0,0,-3.0
0,0,51.264014449461435,complier,0,1,2.0
1,1,69.50134769870513,always,1,1,12.0
1,1,69.42076735216764,always,1,1,12.0
1,0,44.44177127339278,never,0,0,-3.0
0,0,46.97695871759487,never,0,0,-3.0
0,0,43.31321945548838,never,0,0,-3.0
0,1,70.51039117224975,always,1,1,12.0
1,1,69.66262748998533,always,1,1,12.0
1,1,49.591629667875644,complier,0,1,2.0
1,0,44.83777272642661,never,0,0,-3.0
0,1,67.97309494823162,always,1,1,12.0
1,0,48.3102661080414,never,0,0,-3.0
1,0,47.33953354578892,never,0,0,-3.0
1,1,50.55340659784158,complier,0,1,2.0
1,1,51.13392696854746,complier,0,1,2.0
0,0,50.08877486362734,complier,0,1,2.0
1,0,46.451860433257416,never,0,0,-3.0
1,1,48.57378401888609,complier,0,1,2.0
0,0,52.45467510675834,complier,0,1,2.0
0,0,45.21370687618531,never,0,0,-3.0
0,1,68.68201973231928,always,1,1,12.0
0,0,45.40960343828338,never,0,0,-3.0
1,0,46.64935562692901,never,0,0,-3.0
1,0,46.70668025646953,never,0,0,-3.0
1,1,49.21538503095286,complier,0,1,2.0
0,0,47.99425539981757,complier,0,1,2.0
0,0,52.44093494530255,complier,0,1,2.0
1,1,52.82974455972792,complier,0,1,2.0
1,1,66.36284589320876,always,1,1,12.0
1,0,46.101987143381265,never,0,0,-3.0
0,0,53.186235934410895,complier,0,1,2.0
1,1,52.818539529319956,complier,0,1,2.0
0,1,68.57296307190632,always,1,1,12.0
0,1,70.3282892905316,always,1,1,12.0
0,0,44.64048071975282,never,0,0,-3.0
0,1,67.39626582409612,always,1,1,12.0
1,1,72.39160318324718,always,1,1,12.0
0,0,46.915899842655115,never,0,0,-3.0
1,0,46.97087281433559,never,0,0,-3.0
0,0,43.36669623114939,never,0,0,-3.0
1,1,51.07152848651189,complier,0,1,2.0
1,0,44.62301411634195,never,0,0,-3.0
1,1,67.43239575040293,always,1,1,12.0
1,1,49.5212433835827,complier,0,1,2.0
0,0,47.66811847223915,never,0,0,-3.0
0,1,69.46338567666807,always,1,1,12.0
0,0,46.68986170604254,never,0,0,-3.0
1,1,53.79708675088888,complier,0,1,2.0
1,1,66.5165494832896,always,1,1,12.0
0,0,50.024684973430745,complier,0,1,2.0
0,0,45.10492269411505,never,0,0,-3.0
1,0,43.32564741393963,never,0,0,-3.0
1,0,47.87495591699348,never,0,0,-3.0
0,1,68.712254146925,always,1,1,12.0
0,0,45.46659108624672,never,0,0,-3.0
0,0,48.82300236534399,never,0,0,-3.0
1,1,67.2367587303718,always,1,1,12.0
0,1,69.30553736304356,always,1,1,12.0
1,1,52.63907178082042,complier,0,1,2.0
0,0,40.51302497470917,never,0,0,-3.0
1,1,51.75439850240138,complier,0,1,2.0
1,1,72.24773868790587,always,1,1,12.0
0,1,70.58664660020912,always,1,1,12.0
0,0,45.3090131141352,never,0,0,-3.0
0,0,44.53450045065065,never,0,0,-3.0
0,1,69.34636004475675,always,1,1,12.0
1,0,47.97928872914398,never,0,0,-3.0
1,1,52.334735819517896,complier,0,1,2.0
0,1,68.35953651494603,always,1,1,12.0
0,0,45.19905944005071,complier,0,1,2.0
1,1,54.37345980814128,complier,0,1,2.0
0,0,52.1594493446803,complier,0,1,2.0
0,0,47.259713536237165,never,0,0,-3.0
1,1,49.0209676446475,complier,0,1,2.0
1,0,49.01806429365646,never,0,0,-3.0
1,1,69.955703496227,always,1,1,12.0
0,0,48.361786851463606,never,0,0,-3.0
0,0,47.86477696003289,never,0,0,-3.0
1,1,53.66511627662489,complier,0,1,2.0
0,0,49.1052514569226,complier,0,1,2.0
1,1,68.77321163422386,always,1,1,12.0
0,1,69.0726215361196,always,1,1,12.0
0,0,47.72268964190648,never,0,0,-3.0
1,0,46.83056862960223,never,0,0,-3.0
1,1,51.59486215854491,complier,0,1,2.0
0,1,68.33859258648717,always,1,1,12.0
0,1,67.79869036896497,always,1,1,12.0
1,0,46.75734883858223,never,0,0,-3.0
0,0,48.98804868902057,complier,0,1,2.0
0,0,48.28141639990401,never,0,0,-3.0
0,0,44.95220981319592,never,0,0,-3.0
1,1,73.10961996268688,always,1,1,12.0
1,0,49.02569203505278,never,0,0,-3.0
1,1,53.25210795411305,complier,0,1,2.0
1,1,68.75875973981321,always,1,1,12.0
1,1,49.98820367782043,complier,0,1,2.0
1,0,43.890551100407954,never,0,0,-3.0
0,0,48.77307153332615,complier,0,1,2.0
0,1,68.43670746267716,always,1,1,12.0
1,0,44.58198942747329,never,0,0,-3.0
0,0,48.589956302364556,complier,0,1,2.0
0,1,70.80580243307534,always,1,1,12.0
0,0,45.71930936603177,never,0,0,-3.0
0,1,71.31234697065233,always,1,1,12.0
0,0,46.17591845287333,never,0,0,-3.0
1,1,70.59545369867227,always,1,1,12.0
0,0,49.42399575788534,complier,0,1,2.0
1,1,65.26170407337327,always,1,1,12.0
1,1,53.80764737143558,complier,0,1,2.0
0,0,45.9699890364252,never,0,0,-3.0
1,1,70.94019010936735,always,1,1,12.0
0,0,44.68783504149043,never,0,0,-3.0
1,1,54.03741186876207,complier,0,1,2.0
1,0,48.21148061086439,never,0,0,-3.0
1,1,49.76174498539735,complier,0,1,2.0
0,0,51.9620022913711,complier,0,1,2.0
0,0,50.09032090889442,complier,0,1,2.0
0,0,48.54124369127714,complier,0,1,2.0
0,0,53.04060756065105,complier,0,1,2.0
0,0,45.061161581211735,never,0,0,-3.0
1,0,44.39565156340833,never,0,0,-3.0
0,1,70.57934868708313,always,1,1,12.0
1,0,44.78006230079198,never,0,0,-3.0
1,1,53.03941473259154,complier,0,1,2.0
0,1,67.5990103730124,always,1,1,12.0
1,1,50.14034515461316,complier,0,1,2.0
1,1,49.137442931078986,complier,0,1,2.0
1,0,48.026818739839385,never,0,0,-3.0
1,0,43.127014777310414,never,0,0,-3.0
1,1,69.90783119600333,always,1,1,12.0
1,1,50.91886242615944,complier,0,1,2.0
0,0,48.60778030987175,never,0,0,-3.0
1,0,47.12352074790808,never,0,0,-3.0
0,0,48.191170368410525,complier,0,1,2.0
1,1,52.031471823919986,complier,0,1,2.0
1,0,44.61860682631714,never,0,0,-3.0
0,1,67.04734503164543,always,1,1,12.0
0,0,47.202445901237,never,0,0,-3.0
0,1,68.14418704088709,always,1,1,12.0
1,0,43.612840160083366,never,0,0,-3.0
1,0,45.31242809490471,never,0,0,-3.0
1,1,68.50893834380857,always,1,1,12.0
1,1,53.18348134689283,complier,0,1,2.0
1,0,48.555646629636236,never,0,0,-3.0
0,1,73.61938412969516,always,1,1,12.0
0,0,50.25766676498176,never,0,0,-3.0
1,0,43.444165020342965,never,0,0,-3.0
1,0,45.668985590026544,never,0,0,-3.0
0,0,42.34624395073777,never,0,0,-3.0
0,0,49.13212906101926,never,0,0,-3.0
1,0,48.22128952296574,never,0,0,-3.0
1,1,69.35050308613812,always,1,1,12.0
0,0,45.69487190205578,never,0,0,-3.0
0,0,50.8780275182629,complier,0,1,2.0
1,1,52.131859748560586,complier,0,1,2.0
0,0,48.378888344991125,complier,0,1,2.0
0,1,68.07729706419023,always,1,1,12.0
1,0,49.46433453253613,never,0,0,-3.0
1,1,66.77445330763867,always,1,1,12.0
1,1,68.17089151307808,always,1,1,12.0
1,0,44.704904931612056,never,0,0,-3.0
1,1,53.52264593654531,complier,0,1,2.0
1,1,69.9517478331789,always,1,1,12.0
1,1,54.087922908660666,complier,0,1,2.0
0,0,50.72790451904714,complier,0,1,2.0
0,1,68.8653094457766,always,1,1,12.0
0,0,50.48393834954565,complier,0,1,2.0
0,1,70.34326601851197,always,1,1,12.0
1,1,67.79876781947802,always,1,1,12.0
1,1,68.35486149930829,always,1,1,12.0
0,1,68.66944835533874,always,1,1,12.0
1,0,50.090861555912014,never,0,0,-3.0
1,1,64.40222060640397,always,1,1,12.0
1,0,47.21036402227582,never,0,0,-3.0
1,1,52.305744588691724,complier,0,1,2.0
1,1,70.89858546591492,always,1,1,12.0
0,1,69.10278485446044,always,1,1,12.0
1,1,53.637341321095704,complier,0,1,2.0
1,0,45.35551721481237,never,0,0,-3.0
0,0,49.777841131560415,complier,0,1,2.0
1,1,67.28812209393763,always,1,1,12.0
0,0,49.81090360620767,complier,0,1,2.0
0,0,49.72518060713679,complier,0,1,2.0
1,1,51.48741338353694,complier,0,1,2.0
0,0,43.968225001391275,never,0,0,-3.0
1,1,68.94738216555638,always,1,1,12.0
1,0,47.035823369830254,never,0,0,-3.0
0,0,45.894527890726046,never,0,0,-3.0
1,0,43.5179398604599,never,0,0,-3.0
0,0,45.82195190102241,never,0,0,-3.0
0,0,45.6411023681189,never,0,0,-3.0
0,0,48.16138148085238,never,0,0,-3.0
0,0,44.957207608492595,never,0,0,-3.0
1,0,45.23094870222251,never,0,0,-3.0
1,0,46.06785549492062,never,0,0,-3.0
1,1,67.30182018523948,always,1,1,12.0
0,0,42.86045151914888,never,0,0,-3.0
0,0,49.39542896048437,complier,0,1,2.0
1,1,68.51917291328415,always,1,1,12.0
0,0,47.09930434692133,never,0,0,-3.0
1,1,49.59539518995633,complier,0,1,2.0
1,1,68.54891053629679,always,1,1,12.0
1,0,45.36152585127232,never,0,0,-3.0
0,0,46.85178700059883,never,0,0,-3.0
1,1,51.79302785201562,complier,0,1,2.0
1,1,70.57694195562081,always,1,1,12.0
1,1,50.193781007263304,complier,0,1,2.0
1,0,45.64914211088791,never,0,0,-3.0
1,1,51.1252460328498,complier,0,1,2.0
1,1,52.880294678416355,complier,0,1,2.0
0,0,49.68682002777727,complier,0,1,2.0
1,0,49.2358347243203,never,0,0,-3.0
1,1,69.70122814974386,always,1,1,12.0
1,1,52.105786557382565,complier,0,1,2.0
0,1,69.29449036866129,always,1,1,12.0
1,1,68.68957636805469,always,1,1,12.0
1,0,43.774396747823566,never,0,0,-3.0
0,1,69.44021805874462,always,1,1,12.0
1,1,67.93915046937009,always,1,1,12.0
1,1,68.70012326431494,always,1,1,12.0
1,1,70.29789201237621,always,1,1,12.0
1,1,64.60773938744134,always,1,1,12.0
0,0,50.96226074869674,complier,0,1,2.0
0,0,46.466111037263715,never,0,0,-3.0
0,1,67.23785368979094,always,1,1,12.0
1,1,51.398326744900935,complier,0,1,2.0
1,0,45.16024101329624,never,0,0,-3.0
0,0,52.583519493247074,complier,0,1,2.0
0,0,48.618588842388725,never,0,0,-3.0
1,0,43.942267535982126,never,0,0,-3.0
0,0,51.24322652919543,complier,0,1,2.0
0,1,72.05986637740395,always,1,1,12.0
0,1,69.09186971438234,always,1,1,12.0
0,0,51.835254475162884,complier,0,1,2.0
1,1,68.66334039626456,always,1,1,12.0
1,1,48.65205180878789,complier,0,1,2.0
1,0,45.64123357161944,never,0,0,-3.0
0,1,72.31679347482907,always,1,1,12.0
1,1,55.37700470375789,complier,0,1,2.0
1,1,52.52403388666697,complier,0,1,2.0
0,1,72.57862909233825,always,1,1,12.0
1,0,46.37776038975843,never,0,0,-3.0
1,1,66.94635591905751,always,1,1,12.0
0,0,47.218970285857175,never,0,0,-3.0
0,0,50.11962853123931,complier,0,1,2.0
1,1,67.84120915750437,always,1,1,12.0
1,1,70.87387541657966,always,1,1,12.0
1,1,67.07023164481144,always,1,1,12.0
0,0,44.959443597200824,never,0,0,-3.0
1,1,54.20821354837526,complier,0,1,2.0
1,1,69.14153541830946,always,1,1,12.0
1,1,68.82614729959265,always,1,1,12.0
0,0,46.01711072466516,never,0,0,-3.0
1,1,51.48996645088313,complier,0,1,2.0
1,1,52.85676181306498,complier,0,1,2.0
1,0,42.9424241845242,never,0,0,-3.0
1,0,45.551334981698126,never,0,0,-3.0
0,1,69.0154720034719,always,1,1,12.0
1,1,53.03942212359116,complier,0,1,2.0
0,0,42.424704203898365,never,0,0,-3.0
1,1,69.39401554004114,always,1,1,12.0
0,0,51.40773340090482,complier,0,1,2.0
1,1,49.971063355845956,complier,0,1,2.0
0,1,69.12297626467006,always,1,1,12.0
1,0,43.93950465627189,never,0,0,-3.0
1,0,43.519350077976625,never,0,0,-3.0
0,0,45.58208323448443,never,0,0,-3.0
0,0,51.012555797832405,complier,0,1,2.0
1,0,49.674918178332405,never,0,0,-3.0
1,1,52.240323425141945,complier,0,1,2.0
0,0,45.109013783470694,never,0,0,-3.0
0,0,46.07371085523166,never,0,0,-3.0
0,0,44.83243283965502,never,0,0,-3.0
1,0,44.7985377796216,never,0,0,-3.0
0,0,45.7556163654522,never,0,0,-3.0
1,1,51.12483091683456,complier,0,1,2.0
1,1,47.80486681379975,complier,0,1,2.0
0,0,44.04038120125296,never,0,0,-3.0
0,0,49.029414434923154,never,0,0,-3.0
1,1,51.14149947571355,complier,0,1,2.0
1,0,46.16660855461951,never,0,0,-3.0
0,1,66.58556942277242,always,1,1,12.0
0,0,47.880885021581214,never,0,0,-3.0
1,1,69.57606486747082,always,1,1,12.0
0,0,46.46542419992873,never,0,0,-3.0
0,0,46.68073774475163,never,0,0,-3.0
0,0,44.51495807978076,never,0,0,-3.0
0,0,48.12640838112924,never,0,0,-3.0
0,0,45.89758908394602,never,0,0,-3.0
0,1,68.82049529962191,always,1,1,12.0
0,0,45.610772412376384,never,0,0,-3.0
0,0,49.06285322554252,complier,0,1,2.0
0,0,51.26968231092808,complier,0,1,2.0
0,0,45.27570269390549,never,0,0,-3.0
0,0,46.68595423888384,complier,0,1,2.0
0,0,45.31650721269368,never,0,0,-3.0
0,1,69.7812162606866,always,1,1,12.0
0,0,44.50858762878405,never,0,0,-3.0
1,0,46.26451403568832,never,0,0,-3.0
1,0,44.54221206900128,never,0,0,-3.0
0,1,65.88588437227206,always,1,1,12.0
1,1,53.23694559249994,complier,0,1,2.0
0,0,47.55522232703165,never,0,0,-3.0
0,0,48.06015080903954,complier,0,1,2.0
0,0,48.53518797723094,never,0,0,-3.0
1,1,71.20460148318907,always,1,1,12.0
1,0,45.013829144715636,never,0,0,-3.0
1,1,69.79179086346399,always,1,1,12.0
1,0,45.13730920247061,never,0,0,-3.0
0,0,43.28382530629692,never,0,0,-3.0
0,1,70.66275071547625,always,1,1,12.0
0,0,44.53017315941888,never,0,0,-3.0
0,0,41.924972422992,never,0,0,-3.0
1,0,45.28896420779522,never,0,0,-3.0
0,1,67.57106088713098,always,1,1,12.0
0,1,68.63671123310272,always,1,1,12.0
0,1,67.71868230362082,always,1,1,12.0
0,0,48.709353240034986,complier,0,1,2.0
1,1,57.03811712728476,complier,0,1,2.0
0,0,45.60195629582862,never,0,0,-3.0
1,0,48.08714965632434,never,0,0,-3.0
1,0,45.68862152759083,never,0,0,-3.0
1,1,49.193810352916984,complier,0,1,2.0
0,0,50.134369949453564,complier,0,1,2.0
0,0,46.51854112118386,complier,0,1,2.0
1,0,46.47542646170219,never,0,0,-3.0
0,1,68.56855238582608,always,1,1,12.0
0,0,49.96296572498229,complier,0,1,2.0
0,1,70.62434889640588,always,1,1,12.0
1,1,57.50060451262877,complier,0,1,2.0
1,0,45.15973150795996,never,0,0,-3.0
0,0,53.31603881610429,complier,0,1,2.0
1,0,44.3585786357795,never,0,0,-3.0
0,0,44.78543298456335,never,0,0,-3.0
1,0,44.01206853205346,never,0,0,-3.0
1,1,63.83634356609554,always,1,1,12.0
0,0,42.99930335544364,never,0,0,-3.0
0,0,41.82029624280467,never,0,0,-3.0
1,1,50.06834355565597,complier,0,1,2.0
1,1,53.09865854583844,complier,0,1,2.0
1,1,69.921083523835,always,1,1,12.0
1,0,47.426149821046764,never,0,0,-3.0
0,1,67.5185157311856,always,1,1,12.0
1,1,67.61938145977356,always,1,1,12.0
0,1,64.57032659433436,always,1,1,12.0
1,1,66.47088890022457,always,1,1,12.0
0,0,45.28845529859458,never,0,0,-3.0
1,0,47.28343929987676,never,0,0,-3.0
1,1,50.837312667464985,complier,0,1,2.0
0,1,69.36605589980473,always,1,1,12.0
0,0,44.49549208394767,never,0,0,-3.0
0,0,47.56511177908701,never,0,0,-3.0
0,1,69.47719189051404,always,1,1,12.0
1,1,67.6552239018517,always,1,1,12.0
0,0,48.18518681637932,complier,0,1,2.0
0,1,69.91548071789083,always,1,1,12.0
1,0,44.697880607879654,never,0,0,-3.0
1,1,68.26506991626853,always,1,1,12.0
0,1,64.13242083742921,always,1,1,12.0
1,0,41.681668710613955,never,0,0,-3.0
1,0,44.11206648221702,never,0,0,-3.0
1,1,51.35645181221501,complier,0,1,2.0
0,0,51.29353187938348,complier,0,1,2.0
1,1,70.34348990112318,always,1,1,12.0
1,1,63.050186964681885,always,1,1,12.0
1,0,44.791495593899235,never,0,0,-3.0
1,1,72.44728891121522,always,1,1,12.0
1,1,75.45241875246043,always,1,1,12.0
1,1,66.63823037638757,always,1,1,12.0
1,0,46.550924231691006,never,0,0,-3.0
0,1,66.34030142677985,always,1,1,12.0
0,0,44.204369397532474,never,0,0,-3.0
0,0,43.25078545089905,never,0,0,-3.0
0,1,70.05486756489677,always,1,1,12.0
1,1,50.98268269704075,complier,0,1,2.0
1,0,45.27971786525923,never,0,0,-3.0
0,0,53.281228866414,complier,0,1,2.0
0,1,67.76171003956819,always,1,1,12.0
1,0,46.523411693947644,never,0,0,-3.0
0,1,68.15277271272655,always,1,1,12.0
0,0,46.126146005367346,never,0,0,-3.0
0,0,47.831144645199856,never,0,0,-3.0
0,1,69.07645337699839,always,1,1,12.0
0,0,47.083571723903795,never,0,0,-3.0
0,1,71.11313968639155,always,1,1,12.0
1,1,65.84764008988824,always,1,1,12.0
0,1,72.28429174448094,always,1,1,12.0
0,1,68.90946562124965,always,1,1,12.0
0,1,68.10867403269717,always,1,1,12.0
0,0,48.242872881789324,complier,0,1,2.0
0,0,49.45237860973659,complier,0,1,2.0
1,0,44.645257443812056,never,0,0,-3.0
0,0,46.731634730651,never,0,0,-3.0
0,1,67.17452164261236,always,1,1,12.0
0,0,53.5092416412647,complier,0,1,2.0
0,1,64.49318409900036,always,1,1,12.0
0,0,42.86567773713999,never,0,0,-3.0
0,0,46.14799997175542,never,0,0,-3.0
0,0,48.7359608091243,complier,0,1,2.0
0,0,47.83755099642815,complier,0,1,2.0
0,1,67.76503952576569,always,1,1,12.0
0,0,51.47954929693507,complier,0,1,2.0
1,0,45.178400400057114,never,0,0,-3.0
1,0,43.50711392958913,never,0,0,-3.0
0,0,49.04999149267282,never,0,0,-3.0
0,0,47.28028369269201,never,0,0,-3.0
0,0,45.20610080694763,never,0,0,-3.0
1,0,47.44546624905136,never,0,0,-3.0
1,1,68.12726240041022,always,1,1,12.0
0,0,50.84564642138254,complier,0,1,2.0
1,0,45.11388473078143,never,0,0,-3.0
0,0,44.958861069474814,complier,0,1,2.0
1,1,71.01602044850776,always,1,1,12.0
1,1,69.48401975933626,always,1,1,12.0
1,1,53.58902479768295,complier,0,1,2.0
0,0,44.522821089053444,never,0,0,-3.0
1,1,53.88209626628779,complier,0,1,2.0
1,0,45.35834210019044,never,0,0,-3.0
1,0,46.527350802940965,never,0,0,-3.0
1,1,66.85328849231097,always,1,1,12.0
0,0,44.119729482292755,never,0,0,-3.0
1,1,53.06926978644564,complier,0,1,2.0
0,0,46.82854830394243,never,0,0,-3.0
1,0,45.59816855932189,never,0,0,-3.0
1,0,46.54636294301471,never,0,0,-3.0
0,0,48.521427608553246,never,0,0,-3.0
0,0,46.59638167867782,never,0,0,-3.0
1,1,69.31842937170715,always,1,1,12.0
1,1,54.286001810017375,complier,0,1,2.0
0,1,69.59154054686954,always,1,1,12.0
0,1,69.01518970344709,always,1,1,12.0
1,1,54.23119470724561,complier,0,1,2.0
1,1,67.70890935883128,always,1,1,12.0
0,0,52.43067974227135,complier,0,1,2.0
1,0,48.54014142240648,never,0,0,-3.0
1,0,43.327467956293724,never,0,0,-3.0
0,0,52.2649154444548,complier,0,1,2.0
1,0,46.81343533943411,never,0,0,-3.0
0,1,67.89396167741839,always,1,1,12.0
1,1,50.01759389120809,complier,0,1,2.0
0,0,44.84777277122155,never,0,0,-3.0
1,1,53.354714829471426,complier,0,1,2.0
1,0,43.99900580359259,never,0,0,-3.0
0,1,66.31154845025813,always,1,1,12.0
1,1,51.06990181449588,complier,0,1,2.0
1,1,52.75268403203587,complier,0,1,2.0
1,0,45.3920679791391,never,0,0,-3.0
0,1,69.63971928149927,always,1,1,12.0
1,1,50.644648197147674,complier,0,1,2.0
0,1,71.23216863712484,always,1,1,12.0
0,0,47.563375813040494,never,0,0,-3.0
0,1,68.82249117506973,always,1,1,12.0
1,0,49.69516895756441,never,0,0,-3.0
0,0,44.45962831294568,never,0,0,-3.0
1,1,50.52098275188905,complier,0,1,2.0
0,0,46.359538080987214,never,0,0,-3.0
0,1,71.28248664352529,always,1,1,12.0
0,0,45.26261806299452,never,0,0,-3.0
0,1,69.20498445692856,always,1,1,12.0
0,0,47.81690267635676,never,0,0,-3.0
0,0,48.26288799643772,complier,0,1,2.0
0,0,48.93867279356785,complier,0,1,2.0
0,0,51.68328280142518,complier,0,1,2.0
0,0,49.255666331763955,complier,0,1,2.0
1,1,52.98105365233702,complier,0,1,2.0
0,0,52.76388619922355,complier,0,1,2.0
0,0,50.00160900647473,complier,0,1,2.0
0,1,70.26321783599852,always,1,1,12.0
0,0,47.45807592211251,never,0,0,-3.0
0,0,48.90689605134786,never,0,0,-3.0
0,1,67.42520587789514,always,1,1,12.0
1,1,70.42053601652111,always,1,1,12.0
0,0,45.31278726189924,never,0,0,-3.0
0,1,70.57868596967509,always,1,1,12.0
0,0,51.525758396751215,complier,0,1,2.0
0,1,68.25392785828322,always,1,1,12.0
0,0,47.72401443963366,never,0,0,-3.0
0,0,47.07735825827402,complier,0,1,2.0
0,0,45.10633008505897,never,0,0,-3.0
0,0,49.050971965877956,complier,0,1,2.0
1,1,50.544791160625984,complier,0,1,2.0
1,1,54.63737520954861,complier,0,1,2.0
0,0,47.27765769945822,never,0,0,-3.0
0,1,69.1355165692291,always,1,1,12.0
1,1,69.76934124491336,always,1,1,12.0
1,1,70.37078374127458,always,1,1,12.0
0,0,47.11333367416438,complier,0,1,2.0
1,1,74.4028746693503,always,1,1,12.0
0,0,51.17287875893624,complier,0,1,2.0
0,1,67.44141906616527,always,1,1,12.0
1,0,49.0675385280956,never,0,0,-3.0
0,0,49.9391388136555,complier,0,1,2.0
1,0,49.5546613064068,never,0,0,-3.0
0,0,47.576831999729436,complier,0,1,2.0
1,1,68.60514574311433,always,1,1,12.0
1,1,71.02319879647328,always,1,1,12.0
0,0,45.823554966102236,never,0,0,-3.0
1,1,69.06034450606428,always,1,1,12.0
1,0,43.443653382065975,never,0,0,-3.0
0,0,47.57919821672323,never,0,0,-3.0
0,0,49.66757919739771,complier,0,1,2.0
0,0,47.62811922940147,complier,0,1,2.0
0,0,44.24785737124633,never,0,0,-3.0
0,0,44.51368531776479,never,0,0,-3.0
0,0,43.77311629424471,never,0,0,-3.0
1,0,48.04411468134563,never,0,0,-3.0
1,1,67.6155880509716,always,1,1,12.0
0,1,67.16880660289172,always,1,1,12.0
0,0,46.608565471680606,never,0,0,-3.0
0,1,69.45805288803636,always,1,1,12.0
0,0,51.15692367653915,complier,0,1,2.0
0,1,69.89656050486218,always,1,1,12.0
0,1,69.86891243991803,always,1,1,12.0
0,1,67.3097183012336,always,1,1,12.0
1,1,73.13461366051283,always,1,1,12.0
1,0,43.86241455602148,never,0,0,-3.0
0,0,47.64369677967348,never,0,0,-3.0
1,0,47.736663029368174,never,0,0,-3.0
0,0,45.148304046987924,never,0,0,-3.0
0,1,65.14711691022569,always,1,1,12.0
1,0,45.6347814390174,never,0,0,-3.0
0,0,45.19865213689319,never,0,0,-3.0
0,0,46.479436693190294,never,0,0,-3.0
1,1,52.60371250476836,complier,0,1,2.0
0,1,67.35736513478494,always,1,1,12.0
1,1,69.54817841507808,always,1,1,12.0
0,0,49.749757170714865,complier,0,1,2.0
0,1,71.16337392866046,always,1,1,12.0
1,1,72.92934070408619,always,1,1,12.0
0,0,50.72468653351353,complier,0,1,2.0
0,0,48.0914374454949,complier,0,1,2.0
0,0,48.333386269132674,never,0,0,-3.0
0,0,47.59079712135578,never,0,0,-3.0
1,0,46.030478516354336,never,0,0,-3.0
1,1,51.43346493287423,complier,0,1,2.0
0,0,44.85685700279975,never,0,0,-3.0
0,0,51.86354818741848,complier,0,1,2.0
1,1,49.7448047082203,complier,0,1,2.0
0,0,51.8916139326813,complier,0,1,2.0
0,0,45.50323857427372,never,0,0,-3.0
1,1,52.08156828509914,complier,0,1,2.0
0,0,53.0459652692711,complier,0,1,2.0
0,0,49.670202967303325,complier,0,1,2.0
1,1,66.397091456707,always,1,1,12.0
1,1,51.67511452378846,complier,0,1,2.0
1,0,48.11961758006241,never,0,0,-3.0
1,1,53.52355531013452,complier,0,1,2.0
1,1,69.21439511709578,always,1,1,12.0
1,0,47.246041874773574,never,0,0,-3.0
1,0,45.71141000277919,never,0,0,-3.0
1,0,50.65583184088015,never,0,0,-3.0
0,0,46.322517586514195,never,0,0,-3.0
0,0,51.42559595188767,complier,0,1,2.0
1,1,51.582810882613096,complier,0,1,2.0
1,0,46.60365813266483,never,0,0,-3.0
0,0,45.62153541222717,never,0,0,-3.0
1,1,51.69962958049007,complier,0,1,2.0
0,1,70.64532874656503,always,1,1,12.0
1,1,54.167991555260976,complier,0,1,2.0
1,0,42.279246872704924,never,0,0,-3.0
0,0,48.866719646033026,complier,0,1,2.0
1,0,44.4744351642059,never,0,0,-3.0
1,1,69.40820999455603,always,1,1,12.0
1,0,46.61324883978066,never,0,0,-3.0
0,0,51.076387307417384,complier,0,1,2.0
1,0,44.84912913304256,never,0,0,-3.0
