timestamp,value,injected_anomaly
2026-01-01T00:00:00Z,100.92048105,False
2026-01-01T00:01:00Z,101.13345861,False
2026-01-01T00:02:00Z,99.65756476,False
2026-01-01T00:03:00Z,100.02560268,False
2026-01-01T00:04:00Z,99.36415108,False
2026-01-01T00:05:00Z,99.92640425,False
2026-01-01T00:06:00Z,100.30015779,False
2026-01-01T00:07:00Z,100.92001692,False
2026-01-01T00:08:00Z,99.48079441,False
2026-01-01T00:09:00Z,99.85120512,False
2026-01-01T00:10:00Z,100.83018568,False
2026-01-01T00:11:00Z,99.85891087,False
2026-01-01T00:12:00Z,99.40573460,False
2026-01-01T00:13:00Z,99.93932076,False
2026-01-01T00:14:00Z,99.25672194,False
2026-01-01T00:15:00Z,100.61972817,False
2026-01-01T00:16:00Z,99.98695604,False
2026-01-01T00:17:00Z,101.43053965,False
2026-01-01T00:18:00Z,99.80903244,False
2026-01-01T00:19:00Z,100.55126176,False
2026-01-01T00:20:00Z,99.46209637,False
2026-01-01T00:21:00Z,99.12050260,False
2026-01-01T00:22:00Z,100.84323892,False
2026-01-01T00:23:00Z,100.73216502,False
2026-01-01T00:24:00Z,100.12874868,False
2026-01-01T00:25:00Z,99.86107442,False
2026-01-01T00:26:00Z,98.82599413,False
2026-01-01T00:27:00Z,99.74990638,False
2026-01-01T00:28:00Z,100.36879296,False
2026-01-01T00:29:00Z,99.51704600,False
2026-01-01T00:30:00Z,100.32627716,False
2026-01-01T00:31:00Z,99.88410599,False
2026-01-01T00:32:00Z,98.92897956,False
2026-01-01T00:33:00Z,100.33556945,False
2026-01-01T00:34:00Z,101.05235714,False
2026-01-01T00:35:00Z,100.15609840,False
2026-01-01T00:36:00Z,99.59691964,False
2026-01-01T00:37:00Z,99.54946383,False
2026-01-01T00:38:00Z,99.76000566,False
2026-01-01T00:39:00Z,98.95829736,False
2026-01-01T00:40:00Z,98.84557860,False
2026-01-01T00:41:00Z,100.52608991,False
2026-01-01T00:42:00Z,101.14572618,False
2026-01-01T00:43:00Z,100.44578557,False
2026-01-01T00:44:00Z,98.96773506,False
2026-01-01T00:45:00Z,98.93619720,False
2026-01-01T00:46:00Z,100.32234884,False
2026-01-01T00:47:00Z,101.07595501,False
2026-01-01T00:48:00Z,101.54731703,False
2026-01-01T00:49:00Z,99.27998890,False
2026-01-01T00:50:00Z,99.28849156,False
2026-01-01T00:51:00Z,101.43005023,False
2026-01-01T00:52:00Z,100.39490052,False
2026-01-01T00:53:00Z,101.09252512,False
2026-01-01T00:54:00Z,101.35580115,False
2026-01-01T00:55:00Z,99.92483653,False
2026-01-01T00:56:00Z,102.10446982,False
2026-01-01T00:57:00Z,100.78803916,False
2026-01-01T00:58:00Z,100.94549030,False
2026-01-01T00:59:00Z,99.96828301,False
2026-01-01T01:00:00Z,100.27869711,False
2026-01-01T01:01:00Z,100.97315514,False
2026-01-01T01:02:00Z,98.72134254,False
2026-01-01T01:03:00Z,100.43890412,False
2026-01-01T01:04:00Z,101.16638723,False
2026-01-01T01:05:00Z,97.54150947,False
2026-01-01T01:06:00Z,101.13270379,False
2026-01-01T01:07:00Z,100.26845199,False
2026-01-01T01:08:00Z,100.07782876,False
2026-01-01T01:09:00Z,99.93319883,False
2026-01-01T01:10:00Z,99.81534887,False
2026-01-01T01:11:00Z,100.03699281,False
2026-01-01T01:12:00Z,102.61274893,False
2026-01-01T01:13:00Z,100.01183049,False
2026-01-01T01:14:00Z,99.86167252,False
2026-01-01T01:15:00Z,99.93300416,False
2026-01-01T01:16:00Z,100.98345958,False
2026-01-01T01:17:00Z,100.76018470,False
2026-01-01T01:18:00Z,98.55804534,False
2026-01-01T01:19:00Z,98.05553954,False
2026-01-01T01:20:00Z,100.48717304,False
2026-01-01T01:21:00Z,101.04516553,False
2026-01-01T01:22:00Z,100.10250149,False
2026-01-01T01:23:00Z,99.85704932,False
2026-01-01T01:24:00Z,101.54925927,False
2026-01-01T01:25:00Z,99.69187630,False
2026-01-01T01:26:00Z,100.34754208,False
2026-01-01T01:27:00Z,100.03377268,False
2026-01-01T01:28:00Z,100.42157055,False
2026-01-01T01:29:00Z,100.35641908,False
2026-01-01T01:30:00Z,100.84437767,False
2026-01-01T01:31:00Z,98.78202098,False
2026-01-01T01:32:00Z,100.84266158,False
2026-01-01T01:33:00Z,98.97944339,False
2026-01-01T01:34:00Z,101.17143850,False
2026-01-01T01:35:00Z,100.39974105,False
2026-01-01T01:36:00Z,100.49393552,False
2026-01-01T01:37:00Z,102.62191611,False
2026-01-01T01:38:00Z,101.85724551,False
2026-01-01T01:39:00Z,101.05935292,False
2026-01-01T01:40:00Z,99.81282856,False
2026-01-01T01:41:00Z,99.27201498,False
2026-01-01T01:42:00Z,99.61077844,False
2026-01-01T01:43:00Z,101.54785428,False
2026-01-01T01:44:00Z,101.69084797,False
2026-01-01T01:45:00Z,98.83517483,False
2026-01-01T01:46:00Z,99.66690616,False
2026-01-01T01:47:00Z,100.24582938,False
2026-01-01T01:48:00Z,100.17930400,False
2026-01-01T01:49:00Z,99.95617578,False
2026-01-01T01:50:00Z,100.18961618,False
2026-01-01T01:51:00Z,98.42748011,False
2026-01-01T01:52:00Z,100.94386391,False
2026-01-01T01:53:00Z,101.68383675,False
2026-01-01T01:54:00Z,100.47855870,False
2026-01-01T01:55:00Z,99.38319083,False
2026-01-01T01:56:00Z,100.15139734,False
2026-01-01T01:57:00Z,100.24255493,False
2026-01-01T01:58:00Z,100.26670020,False
2026-01-01T01:59:00Z,100.43919823,False
2026-01-01T02:00:00Z,99.98393776,False
2026-01-01T02:01:00Z,100.88387767,False
2026-01-01T02:02:00Z,100.21426859,False
2026-01-01T02:03:00Z,102.59747734,False
2026-01-01T02:04:00Z,99.41699305,False
2026-01-01T02:05:00Z,100.32901117,False
2026-01-01T02:06:00Z,100.00588043,False
2026-01-01T02:07:00Z,101.34790611,False
2026-01-01T02:08:00Z,100.61914408,False
2026-01-01T02:09:00Z,101.48757350,False
2026-01-01T02:10:00Z,100.25296757,False
2026-01-01T02:11:00Z,99.65778888,False
2026-01-01T02:12:00Z,101.07250679,False
2026-01-01T02:13:00Z,101.61235474,False
2026-01-01T02:14:00Z,100.79527688,False
2026-01-01T02:15:00Z,101.14890510,False
2026-01-01T02:16:00Z,100.17401126,False
2026-01-01T02:17:00Z,100.72617392,False
2026-01-01T02:18:00Z,98.73813575,False
2026-01-01T02:19:00Z,100.32359263,False
2026-01-01T02:20:00Z,101.08337917,False
2026-01-01T02:21:00Z,100.71632070,False
2026-01-01T02:22:00Z,100.43053932,False
2026-01-01T02:23:00Z,101.70867218,False
2026-01-01T02:24:00Z,101.55303462,False
2026-01-01T02:25:00Z,99.75998728,False
2026-01-01T02:26:00Z,99.12258107,False
2026-01-01T02:27:00Z,101.10524714,False
2026-01-01T02:28:00Z,99.80244984,False
2026-01-01T02:29:00Z,99.52498886,False
2026-01-01T02:30:00Z,102.08785415,False
2026-01-01T02:31:00Z,99.61654715,False
2026-01-01T02:32:00Z,101.73165911,False
2026-01-01T02:33:00Z,100.00816854,False
2026-01-01T02:34:00Z,102.33246263,False
2026-01-01T02:35:00Z,101.42155934,False
2026-01-01T02:36:00Z,99.38736353,False
2026-01-01T02:37:00Z,101.55268387,False
2026-01-01T02:38:00Z,99.75853738,False
2026-01-01T02:39:00Z,101.12395021,False
2026-01-01T02:40:00Z,102.12896811,False
2026-01-01T02:41:00Z,99.68894545,False
2026-01-01T02:42:00Z,100.61685045,False
2026-01-01T02:43:00Z,98.76570903,False
2026-01-01T02:44:00Z,99.92969036,False
2026-01-01T02:45:00Z,101.91571538,False
2026-01-01T02:46:00Z,99.13255308,False
2026-01-01T02:47:00Z,100.38443594,False
2026-01-01T02:48:00Z,99.88957998,False
2026-01-01T02:49:00Z,99.84246236,False
2026-01-01T02:50:00Z,100.06360421,False
2026-01-01T02:51:00Z,101.24180290,False
2026-01-01T02:52:00Z,99.46398958,False
2026-01-01T02:53:00Z,99.87722557,False
2026-01-01T02:54:00Z,101.09481225,False
2026-01-01T02:55:00Z,101.60522527,False
2026-01-01T02:56:00Z,104.65541598,False
2026-01-01T02:57:00Z,100.87920474,False
2026-01-01T02:58:00Z,102.07551897,False
2026-01-01T02:59:00Z,101.34586705,False
2026-01-01T03:00:00Z,101.68418010,False
2026-01-01T03:01:00Z,101.82563349,False
2026-01-01T03:02:00Z,100.71209728,False
2026-01-01T03:03:00Z,99.54691962,False
2026-01-01T03:04:00Z,100.17052783,False
2026-01-01T03:05:00Z,101.47683522,False
2026-01-01T03:06:00Z,101.66714934,False
2026-01-01T03:07:00Z,100.59552709,False
2026-01-01T03:08:00Z,99.08189044,False
2026-01-01T03:09:00Z,100.31660259,False
2026-01-01T03:10:00Z,101.90347082,False
2026-01-01T03:11:00Z,101.95562541,False
2026-01-01T03:12:00Z,101.52644340,False
2026-01-01T03:13:00Z,101.54080070,False
2026-01-01T03:14:00Z,100.83542457,False
2026-01-01T03:15:00Z,102.20061362,False
2026-01-01T03:16:00Z,99.16595695,False
2026-01-01T03:17:00Z,102.05761832,False
2026-01-01T03:18:00Z,98.34620900,False
2026-01-01T03:19:00Z,101.18784943,False
2026-01-01T03:20:00Z,101.25723943,False
2026-01-01T03:21:00Z,101.39115199,False
2026-01-01T03:22:00Z,102.49133307,False
2026-01-01T03:23:00Z,101.60826367,False
2026-01-01T03:24:00Z,100.75664605,False
2026-01-01T03:25:00Z,101.41111840,False
2026-01-01T03:26:00Z,99.76606489,False
2026-01-01T03:27:00Z,101.81174190,False
2026-01-01T03:28:00Z,101.25147728,False
2026-01-01T03:29:00Z,101.06632382,False
2026-01-01T03:30:00Z,101.94199728,False
2026-01-01T03:31:00Z,98.96810293,False
2026-01-01T03:32:00Z,102.06492067,False
2026-01-01T03:33:00Z,101.93632591,False
2026-01-01T03:34:00Z,101.97607510,False
2026-01-01T03:35:00Z,101.61149061,False
2026-01-01T03:36:00Z,100.60533693,False
2026-01-01T03:37:00Z,102.20472228,False
2026-01-01T03:38:00Z,101.83834295,False
2026-01-01T03:39:00Z,101.02453646,False
2026-01-01T03:40:00Z,101.13067835,False
2026-01-01T03:41:00Z,100.48735451,False
2026-01-01T03:42:00Z,101.82841922,False
2026-01-01T03:43:00Z,101.08279160,False
2026-01-01T03:44:00Z,98.67686769,False
2026-01-01T03:45:00Z,100.67716040,False
2026-01-01T03:46:00Z,101.60674863,False
2026-01-01T03:47:00Z,100.45496469,False
2026-01-01T03:48:00Z,102.26520262,False
2026-01-01T03:49:00Z,101.01048163,False
2026-01-01T03:50:00Z,100.10704049,False
2026-01-01T03:51:00Z,100.52647708,False
2026-01-01T03:52:00Z,101.95280792,False
2026-01-01T03:53:00Z,101.32502666,False
2026-01-01T03:54:00Z,100.59487012,False
2026-01-01T03:55:00Z,101.82339215,False
2026-01-01T03:56:00Z,100.91929837,False
2026-01-01T03:57:00Z,101.53690011,False
2026-01-01T03:58:00Z,98.83041874,False
2026-01-01T03:59:00Z,100.92594409,False
2026-01-01T04:00:00Z,99.61851305,False
2026-01-01T04:01:00Z,102.13075484,False
2026-01-01T04:02:00Z,99.35830436,False
2026-01-01T04:03:00Z,102.35785609,False
2026-01-01T04:04:00Z,101.96454006,False
2026-01-01T04:05:00Z,101.98315255,False
2026-01-01T04:06:00Z,100.19354136,False
2026-01-01T04:07:00Z,99.94989180,False
2026-01-01T04:08:00Z,102.40785352,False
2026-01-01T04:09:00Z,101.46163995,False
2026-01-01T04:10:00Z,101.37593662,False
2026-01-01T04:11:00Z,101.59867360,False
2026-01-01T04:12:00Z,100.74753211,False
2026-01-01T04:13:00Z,101.80974134,False
2026-01-01T04:14:00Z,101.99146226,False
2026-01-01T04:15:00Z,100.82381315,False
2026-01-01T04:16:00Z,100.84624520,False
2026-01-01T04:17:00Z,99.93012878,False
2026-01-01T04:18:00Z,100.68685936,False
2026-01-01T04:19:00Z,99.83602613,False
2026-01-01T04:20:00Z,100.29125165,False
2026-01-01T04:21:00Z,101.51310172,False
2026-01-01T04:22:00Z,101.28414614,False
2026-01-01T04:23:00Z,100.10171345,False
2026-01-01T04:24:00Z,100.58158372,False
2026-01-01T04:25:00Z,103.08271307,False
2026-01-01T04:26:00Z,100.75150876,False
2026-01-01T04:27:00Z,100.94503546,False
2026-01-01T04:28:00Z,100.26661854,False
2026-01-01T04:29:00Z,101.64553174,False
2026-01-01T04:30:00Z,101.72047788,False
2026-01-01T04:31:00Z,101.50766425,False
2026-01-01T04:32:00Z,100.77834660,False
2026-01-01T04:33:00Z,100.44530508,False
2026-01-01T04:34:00Z,100.79587543,False
2026-01-01T04:35:00Z,101.53568973,False
2026-01-01T04:36:00Z,103.25670060,False
2026-01-01T04:37:00Z,101.80001800,False
2026-01-01T04:38:00Z,102.47528461,False
2026-01-01T04:39:00Z,101.46226177,False
2026-01-01T04:40:00Z,102.28850278,False
2026-01-01T04:41:00Z,100.94836060,False
2026-01-01T04:42:00Z,101.03611747,False
2026-01-01T04:43:00Z,100.94270069,False
2026-01-01T04:44:00Z,102.03119732,False
2026-01-01T04:45:00Z,102.27679130,False
2026-01-01T04:46:00Z,100.53757370,False
2026-01-01T04:47:00Z,100.39227125,False
2026-01-01T04:48:00Z,102.73421250,False
2026-01-01T04:49:00Z,101.62188764,False
2026-01-01T04:50:00Z,100.53190611,False
2026-01-01T04:51:00Z,101.25825298,False
2026-01-01T04:52:00Z,100.85489021,False
2026-01-01T04:53:00Z,101.94307066,False
2026-01-01T04:54:00Z,99.99451235,False
2026-01-01T04:55:00Z,102.20462308,False
2026-01-01T04:56:00Z,102.02482583,False
2026-01-01T04:57:00Z,101.99695962,False
2026-01-01T04:58:00Z,102.48700077,False
2026-01-01T04:59:00Z,101.28130955,False
2026-01-01T05:00:00Z,102.98271371,False
2026-01-01T05:01:00Z,100.22492464,False
2026-01-01T05:02:00Z,102.91178820,False
2026-01-01T05:03:00Z,101.96821264,False
2026-01-01T05:04:00Z,102.08913102,False
2026-01-01T05:05:00Z,103.33428187,False
2026-01-01T05:06:00Z,102.32388993,False
2026-01-01T05:07:00Z,101.50679370,False
2026-01-01T05:08:00Z,101.56607710,False
2026-01-01T05:09:00Z,101.38458484,False
2026-01-01T05:10:00Z,101.49475138,False
2026-01-01T05:11:00Z,100.99379349,False
2026-01-01T05:12:00Z,104.10470236,False
2026-01-01T05:13:00Z,101.48726536,False
2026-01-01T05:14:00Z,101.27806357,False
2026-01-01T05:15:00Z,101.80602871,False
2026-01-01T05:16:00Z,101.28854171,False
2026-01-01T05:17:00Z,101.80287854,False
2026-01-01T05:18:00Z,100.02235040,False
2026-01-01T05:19:00Z,102.26302615,False
2026-01-01T05:20:00Z,100.98312848,False
2026-01-01T05:21:00Z,102.51677043,False
2026-01-01T05:22:00Z,101.99759700,False
2026-01-01T05:23:00Z,101.41720026,False
2026-01-01T05:24:00Z,100.36157892,False
2026-01-01T05:25:00Z,101.38892993,False
2026-01-01T05:26:00Z,101.64085146,False
2026-01-01T05:27:00Z,102.56783643,False
2026-01-01T05:28:00Z,102.23562159,False
2026-01-01T05:29:00Z,100.46691988,False
2026-01-01T05:30:00Z,102.33907709,False
2026-01-01T05:31:00Z,102.91298665,False
2026-01-01T05:32:00Z,100.07811403,False
2026-01-01T05:33:00Z,101.04792361,False
2026-01-01T05:34:00Z,101.53241659,False
2026-01-01T05:35:00Z,101.95895761,False
2026-01-01T05:36:00Z,100.85259795,False
2026-01-01T05:37:00Z,100.59602305,False
2026-01-01T05:38:00Z,102.17863024,False
2026-01-01T05:39:00Z,100.58403440,False
2026-01-01T05:40:00Z,100.36357452,False
2026-01-01T05:41:00Z,101.84646688,False
2026-01-01T05:42:00Z,101.64334665,False
2026-01-01T05:43:00Z,100.07694128,False
2026-01-01T05:44:00Z,102.09746048,False
2026-01-01T05:45:00Z,102.92719302,False
2026-01-01T05:46:00Z,101.09546698,False
2026-01-01T05:47:00Z,102.74275305,False
2026-01-01T05:48:00Z,102.22330257,False
2026-01-01T05:49:00Z,100.77281456,False
2026-01-01T05:50:00Z,100.86587022,False
2026-01-01T05:51:00Z,101.69455515,False
2026-01-01T05:52:00Z,100.56494017,False
2026-01-01T05:53:00Z,101.94620504,False
2026-01-01T05:54:00Z,102.61756287,False
2026-01-01T05:55:00Z,103.60018378,False
2026-01-01T05:56:00Z,102.37259731,False
2026-01-01T05:57:00Z,102.14438667,False
2026-01-01T05:58:00Z,103.31640473,False
2026-01-01T05:59:00Z,101.46990581,False
2026-01-01T06:00:00Z,100.81113223,False
2026-01-01T06:01:00Z,100.76065251,False
2026-01-01T06:02:00Z,102.23172273,False
2026-01-01T06:03:00Z,101.65987249,False
2026-01-01T06:04:00Z,101.65216456,False
2026-01-01T06:05:00Z,102.28226712,False
2026-01-01T06:06:00Z,102.28770110,False
2026-01-01T06:07:00Z,100.92308399,False
2026-01-01T06:08:00Z,101.39850510,False
2026-01-01T06:09:00Z,101.22750533,False
2026-01-01T06:10:00Z,100.20744267,False
2026-01-01T06:11:00Z,101.02533105,False
2026-01-01T06:12:00Z,101.65083415,False
2026-01-01T06:13:00Z,100.37021877,False
2026-01-01T06:14:00Z,101.92110253,False
2026-01-01T06:15:00Z,101.35228786,False
2026-01-01T06:16:00Z,100.88744304,False
2026-01-01T06:17:00Z,101.14539780,False
2026-01-01T06:18:00Z,102.37854941,False
2026-01-01T06:19:00Z,101.34833904,False
2026-01-01T06:20:00Z,101.67416880,False
2026-01-01T06:21:00Z,103.26551798,False
2026-01-01T06:22:00Z,101.30898140,False
2026-01-01T06:23:00Z,100.90816499,False
2026-01-01T06:24:00Z,101.64923859,False
2026-01-01T06:25:00Z,101.26400697,False
2026-01-01T06:26:00Z,101.79209402,False
2026-01-01T06:27:00Z,102.77909963,False
2026-01-01T06:28:00Z,101.74397320,False
2026-01-01T06:29:00Z,101.78113114,False
2026-01-01T06:30:00Z,100.73030945,False
2026-01-01T06:31:00Z,103.29000585,False
2026-01-01T06:32:00Z,103.02792448,False
2026-01-01T06:33:00Z,101.50861503,False
2026-01-01T06:34:00Z,103.35141836,False
2026-01-01T06:35:00Z,101.15614380,False
2026-01-01T06:36:00Z,101.59846503,False
2026-01-01T06:37:00Z,99.66415869,False
2026-01-01T06:38:00Z,100.57493473,False
2026-01-01T06:39:00Z,102.30058148,False
2026-01-01T06:40:00Z,101.19607394,False
2026-01-01T06:41:00Z,102.40207774,False
2026-01-01T06:42:00Z,104.24502478,False
2026-01-01T06:43:00Z,101.55233626,False
2026-01-01T06:44:00Z,100.15853188,False
2026-01-01T06:45:00Z,102.42206109,False
2026-01-01T06:46:00Z,101.09799212,False
2026-01-01T06:47:00Z,103.00341285,False
2026-01-01T06:48:00Z,100.38478201,False
2026-01-01T06:49:00Z,100.86703161,False
2026-01-01T06:50:00Z,101.80384996,False
2026-01-01T06:51:00Z,101.42137004,False
2026-01-01T06:52:00Z,103.03185045,False
2026-01-01T06:53:00Z,100.75900547,False
2026-01-01T06:54:00Z,102.32841054,False
2026-01-01T06:55:00Z,100.86798473,False
2026-01-01T06:56:00Z,101.67865184,False
2026-01-01T06:57:00Z,102.01170071,False
2026-01-01T06:58:00Z,101.79405387,False
2026-01-01T06:59:00Z,101.58173443,False
2026-01-01T07:00:00Z,102.07052460,False
2026-01-01T07:01:00Z,103.10451250,False
2026-01-01T07:02:00Z,103.24651620,False
2026-01-01T07:03:00Z,102.00998868,False
2026-01-01T07:04:00Z,99.81976934,False
2026-01-01T07:05:00Z,99.43105767,False
2026-01-01T07:06:00Z,102.50068263,False
2026-01-01T07:07:00Z,103.26967635,False
2026-01-01T07:08:00Z,101.80140129,False
2026-01-01T07:09:00Z,101.40179189,False
2026-01-01T07:10:00Z,100.38840769,False
2026-01-01T07:11:00Z,101.35566997,False
2026-01-01T07:12:00Z,101.58411002,False
2026-01-01T07:13:00Z,101.19805704,False
2026-01-01T07:14:00Z,103.37443842,False
2026-01-01T07:15:00Z,102.50208621,False
2026-01-01T07:16:00Z,102.38426191,False
2026-01-01T07:17:00Z,100.42376488,False
2026-01-01T07:18:00Z,102.25503567,False
2026-01-01T07:19:00Z,101.99885784,False
2026-01-01T07:20:00Z,102.25940213,False
2026-01-01T07:21:00Z,101.08768427,False
2026-01-01T07:22:00Z,101.60048808,False
2026-01-01T07:23:00Z,102.11219651,False
2026-01-01T07:24:00Z,102.30371332,False
2026-01-01T07:25:00Z,100.78972593,False
2026-01-01T07:26:00Z,102.49210786,False
2026-01-01T07:27:00Z,102.05973647,False
2026-01-01T07:28:00Z,101.87649002,False
2026-01-01T07:29:00Z,102.58001084,False
2026-01-01T07:30:00Z,101.30009635,False
2026-01-01T07:31:00Z,100.49370488,False
2026-01-01T07:32:00Z,101.19615593,False
2026-01-01T07:33:00Z,100.72369913,False
2026-01-01T07:34:00Z,102.14019001,False
2026-01-01T07:35:00Z,102.62460947,False
2026-01-01T07:36:00Z,101.67707055,False
2026-01-01T07:37:00Z,102.45434817,False
2026-01-01T07:38:00Z,102.15130574,False
2026-01-01T07:39:00Z,103.50130550,False
2026-01-01T07:40:00Z,102.06463359,False
2026-01-01T07:41:00Z,101.28288523,False
2026-01-01T07:42:00Z,102.64807385,False
2026-01-01T07:43:00Z,101.62377280,False
2026-01-01T07:44:00Z,102.20296113,False
2026-01-01T07:45:00Z,101.77495738,False
2026-01-01T07:46:00Z,102.47381131,False
2026-01-01T07:47:00Z,101.21325859,False
2026-01-01T07:48:00Z,102.19349575,False
2026-01-01T07:49:00Z,102.36106765,False
2026-01-01T07:50:00Z,100.42967215,False
2026-01-01T07:51:00Z,101.23553955,False
2026-01-01T07:52:00Z,101.09136241,False
2026-01-01T07:53:00Z,101.43911248,False
2026-01-01T07:54:00Z,101.70396305,False
2026-01-01T07:55:00Z,100.49728512,False
2026-01-01T07:56:00Z,102.46158876,False
2026-01-01T07:57:00Z,102.67636667,False
2026-01-01T07:58:00Z,100.01050789,False
2026-01-01T07:59:00Z,101.95474585,False
2026-01-01T08:00:00Z,102.34038174,False
2026-01-01T08:01:00Z,102.26980158,False
2026-01-01T08:02:00Z,101.86456891,False
2026-01-01T08:03:00Z,100.63348437,False
2026-01-01T08:04:00Z,103.03375071,False
2026-01-01T08:05:00Z,100.91692026,False
2026-01-01T08:06:00Z,102.20985043,False
2026-01-01T08:07:00Z,100.72864090,False
2026-01-01T08:08:00Z,102.11016009,False
2026-01-01T08:09:00Z,103.24635422,False
2026-01-01T08:10:00Z,102.71111276,False
2026-01-01T08:11:00Z,102.64077036,False
2026-01-01T08:12:00Z,102.33592654,False
2026-01-01T08:13:00Z,100.88948518,False
2026-01-01T08:14:00Z,102.02188607,False
2026-01-01T08:15:00Z,101.16793201,False
2026-01-01T08:16:00Z,103.26490986,False
2026-01-01T08:17:00Z,101.98081089,False
2026-01-01T08:18:00Z,104.50692777,False
2026-01-01T08:19:00Z,101.02942264,False
2026-01-01T08:20:00Z,100.44148377,False
2026-01-01T08:21:00Z,100.79543447,False
2026-01-01T08:22:00Z,100.32982684,False
2026-01-01T08:23:00Z,102.56165590,False
2026-01-01T08:24:00Z,103.04321366,False
2026-01-01T08:25:00Z,100.77187234,False
2026-01-01T08:26:00Z,102.22622990,False
2026-01-01T08:27:00Z,101.54706126,False
2026-01-01T08:28:00Z,101.63200282,False
2026-01-01T08:29:00Z,103.38933013,False
2026-01-01T08:30:00Z,102.05171108,False
2026-01-01T08:31:00Z,102.41330219,False
2026-01-01T08:32:00Z,102.57701303,False
2026-01-01T08:33:00Z,102.02083985,False
2026-01-01T08:34:00Z,101.60168085,False
2026-01-01T08:35:00Z,101.03871490,False
2026-01-01T08:36:00Z,102.81954101,False
2026-01-01T08:37:00Z,103.09627759,False
2026-01-01T08:38:00Z,102.53507948,False
2026-01-01T08:39:00Z,103.05304557,False
2026-01-01T08:40:00Z,102.25228664,False
2026-01-01T08:41:00Z,102.31538241,False
2026-01-01T08:42:00Z,102.97411750,False
2026-01-01T08:43:00Z,102.56295033,False
2026-01-01T08:44:00Z,102.85416952,False
2026-01-01T08:45:00Z,102.69542943,False
2026-01-01T08:46:00Z,99.51902446,False
2026-01-01T08:47:00Z,102.36142370,False
2026-01-01T08:48:00Z,101.83384276,False
2026-01-01T08:49:00Z,102.82750127,False
2026-01-01T08:50:00Z,102.98462141,False
2026-01-01T08:51:00Z,102.59717761,False
2026-01-01T08:52:00Z,103.09808699,False
2026-01-01T08:53:00Z,104.30830339,False
2026-01-01T08:54:00Z,101.60648324,False
2026-01-01T08:55:00Z,103.70080014,False
2026-01-01T08:56:00Z,101.43851578,False
2026-01-01T08:57:00Z,103.06648125,False
2026-01-01T08:58:00Z,101.80501336,False
2026-01-01T08:59:00Z,101.68395875,False
2026-01-01T09:00:00Z,102.97983621,False
2026-01-01T09:01:00Z,102.44221746,False
2026-01-01T09:02:00Z,101.82887439,False
2026-01-01T09:03:00Z,102.83217962,False
2026-01-01T09:04:00Z,103.46760714,False
2026-01-01T09:05:00Z,103.33728514,False
2026-01-01T09:06:00Z,102.55917498,False
2026-01-01T09:07:00Z,102.66213358,False
2026-01-01T09:08:00Z,102.72659830,False
2026-01-01T09:09:00Z,101.85559263,False
2026-01-01T09:10:00Z,101.41586700,False
2026-01-01T09:11:00Z,103.47823518,False
2026-01-01T09:12:00Z,99.46565348,False
2026-01-01T09:13:00Z,102.97597870,False
2026-01-01T09:14:00Z,102.39632848,False
2026-01-01T09:15:00Z,102.16280065,False
2026-01-01T09:16:00Z,101.32042316,False
2026-01-01T09:17:00Z,103.03373220,False
2026-01-01T09:18:00Z,101.57618575,False
2026-01-01T09:19:00Z,102.33762685,False
2026-01-01T09:20:00Z,103.69652844,False
2026-01-01T09:21:00Z,103.22790203,False
2026-01-01T09:22:00Z,101.07016896,False
2026-01-01T09:23:00Z,101.62452988,False
2026-01-01T09:24:00Z,103.43924611,False
2026-01-01T09:25:00Z,101.07661712,False
2026-01-01T09:26:00Z,104.27904571,False
2026-01-01T09:27:00Z,102.68423343,False
2026-01-01T09:28:00Z,103.30996421,False
2026-01-01T09:29:00Z,99.96983468,False
2026-01-01T09:30:00Z,102.25042173,False
2026-01-01T09:31:00Z,101.32968832,False
2026-01-01T09:32:00Z,102.21238298,False
2026-01-01T09:33:00Z,101.75819796,False
2026-01-01T09:34:00Z,103.37598895,False
2026-01-01T09:35:00Z,102.38687662,False
2026-01-01T09:36:00Z,101.69550172,False
2026-01-01T09:37:00Z,102.43537775,False
2026-01-01T09:38:00Z,101.90255460,False
2026-01-01T09:39:00Z,101.72837918,False
2026-01-01T09:40:00Z,101.25589748,False
2026-01-01T09:41:00Z,100.97161292,False
2026-01-01T09:42:00Z,104.07363775,False
2026-01-01T09:43:00Z,101.32345341,False
2026-01-01T09:44:00Z,101.25020756,False
2026-01-01T09:45:00Z,102.02245176,False
2026-01-01T09:46:00Z,101.33787549,False
2026-01-01T09:47:00Z,103.93359074,False
2026-01-01T09:48:00Z,101.23126349,False
2026-01-01T09:49:00Z,102.55154127,False
2026-01-01T09:50:00Z,102.74197930,False
2026-01-01T09:51:00Z,103.32366131,False
2026-01-01T09:52:00Z,100.91144220,False
2026-01-01T09:53:00Z,101.71310234,False
2026-01-01T09:54:00Z,102.26653081,False
2026-01-01T09:55:00Z,99.95563727,False
2026-01-01T09:56:00Z,102.82876521,False
2026-01-01T09:57:00Z,102.46669839,False
2026-01-01T09:58:00Z,101.18355729,False
2026-01-01T09:59:00Z,102.53738471,False
2026-01-01T10:00:00Z,110.74224574,True
2026-01-01T10:01:00Z,102.57386098,False
2026-01-01T10:02:00Z,101.74271208,False
2026-01-01T10:03:00Z,101.56990263,False
2026-01-01T10:04:00Z,101.40162177,False
2026-01-01T10:05:00Z,101.79409811,False
2026-01-01T10:06:00Z,102.58416258,False
2026-01-01T10:07:00Z,102.01464409,False
2026-01-01T10:08:00Z,102.69591285,False
2026-01-01T10:09:00Z,101.57986047,False
2026-01-01T10:10:00Z,101.22906576,False
2026-01-01T10:11:00Z,102.55433093,False
2026-01-01T10:12:00Z,102.77321650,False
2026-01-01T10:13:00Z,103.25497532,False
2026-01-01T10:14:00Z,101.66698494,False
2026-01-01T10:15:00Z,102.82330048,False
2026-01-01T10:16:00Z,101.41004478,False
2026-01-01T10:17:00Z,102.41247011,False
2026-01-01T10:18:00Z,103.57659648,False
2026-01-01T10:19:00Z,102.06526526,False
2026-01-01T10:20:00Z,102.92100976,False
2026-01-01T10:21:00Z,101.60756284,False
2026-01-01T10:22:00Z,103.58550376,False
2026-01-01T10:23:00Z,102.31252283,False
2026-01-01T10:24:00Z,103.05706411,False
2026-01-01T10:25:00Z,102.64729429,False
2026-01-01T10:26:00Z,101.42271125,False
2026-01-01T10:27:00Z,104.05146497,False
2026-01-01T10:28:00Z,100.87328035,False
2026-01-01T10:29:00Z,101.63109806,False
2026-01-01T10:30:00Z,103.08953454,False
2026-01-01T10:31:00Z,102.80392595,False
2026-01-01T10:32:00Z,101.99575740,False
2026-01-01T10:33:00Z,102.34882363,False
2026-01-01T10:34:00Z,103.61734562,False
2026-01-01T10:35:00Z,101.44737812,False
2026-01-01T10:36:00Z,100.72808343,False
2026-01-01T10:37:00Z,102.48799720,False
2026-01-01T10:38:00Z,101.95509827,False
2026-01-01T10:39:00Z,102.16631212,False
2026-01-01T10:40:00Z,100.94114980,False
2026-01-01T10:41:00Z,101.33344246,False
2026-01-01T10:42:00Z,100.65185494,False
2026-01-01T10:43:00Z,99.97732379,False
2026-01-01T10:44:00Z,100.57934664,False
2026-01-01T10:45:00Z,103.63948774,False
2026-01-01T10:46:00Z,101.92397316,False
2026-01-01T10:47:00Z,103.69636924,False
2026-01-01T10:48:00Z,99.67136813,False
2026-01-01T10:49:00Z,100.65724541,False
2026-01-01T10:50:00Z,101.19245265,False
2026-01-01T10:51:00Z,100.50310202,False
2026-01-01T10:52:00Z,102.75750494,False
2026-01-01T10:53:00Z,100.69686385,False
2026-01-01T10:54:00Z,101.93722326,False
2026-01-01T10:55:00Z,101.36250479,False
2026-01-01T10:56:00Z,101.97352790,False
2026-01-01T10:57:00Z,103.00209207,False
2026-01-01T10:58:00Z,100.95204675,False
2026-01-01T10:59:00Z,104.46943716,False
2026-01-01T11:00:00Z,101.79533772,False
2026-01-01T11:01:00Z,103.13315713,False
2026-01-01T11:02:00Z,101.85554823,False
2026-01-01T11:03:00Z,102.70147178,False
2026-01-01T11:04:00Z,101.85628423,False
2026-01-01T11:05:00Z,102.14615817,False
2026-01-01T11:06:00Z,102.81127503,False
2026-01-01T11:07:00Z,102.13224892,False
2026-01-01T11:08:00Z,101.93325635,False
2026-01-01T11:09:00Z,103.18233735,False
2026-01-01T11:10:00Z,102.25095697,False
2026-01-01T11:11:00Z,103.34621287,False
2026-01-01T11:12:00Z,101.26170825,False
2026-01-01T11:13:00Z,100.67954153,False
2026-01-01T11:14:00Z,103.37423456,False
2026-01-01T11:15:00Z,102.36324399,False
2026-01-01T11:16:00Z,102.74094889,False
2026-01-01T11:17:00Z,103.00219581,False
2026-01-01T11:18:00Z,101.29910795,False
2026-01-01T11:19:00Z,103.64758082,False
2026-01-01T11:20:00Z,100.38356861,False
2026-01-01T11:21:00Z,100.74304457,False
2026-01-01T11:22:00Z,103.68836486,False
2026-01-01T11:23:00Z,100.84611767,False
2026-01-01T11:24:00Z,100.98085922,False
2026-01-01T11:25:00Z,102.59802837,False
2026-01-01T11:26:00Z,102.40051959,False
2026-01-01T11:27:00Z,103.01671157,False
2026-01-01T11:28:00Z,103.19293704,False
2026-01-01T11:29:00Z,102.40186379,False
2026-01-01T11:30:00Z,103.41583043,False
2026-01-01T11:31:00Z,99.75755032,False
2026-01-01T11:32:00Z,99.92423502,False
2026-01-01T11:33:00Z,103.14643193,False
2026-01-01T11:34:00Z,101.56387719,False
2026-01-01T11:35:00Z,100.13267493,False
2026-01-01T11:36:00Z,103.24950673,False
2026-01-01T11:37:00Z,102.49789785,False
2026-01-01T11:38:00Z,102.37034585,False
2026-01-01T11:39:00Z,103.77379794,False
2026-01-01T11:40:00Z,101.35019626,False
2026-01-01T11:41:00Z,101.34942844,False
2026-01-01T11:42:00Z,101.14252353,False
2026-01-01T11:43:00Z,102.32112723,False
2026-01-01T11:44:00Z,102.26086662,False
2026-01-01T11:45:00Z,102.06612192,False
2026-01-01T11:46:00Z,101.65633729,False
2026-01-01T11:47:00Z,99.83925228,False
2026-01-01T11:48:00Z,100.20237942,False
2026-01-01T11:49:00Z,101.76817915,False
2026-01-01T11:50:00Z,102.06696980,False
2026-01-01T11:51:00Z,103.44583488,False
2026-01-01T11:52:00Z,103.78400222,False
2026-01-01T11:53:00Z,104.05657358,False
2026-01-01T11:54:00Z,103.32302911,False
2026-01-01T11:55:00Z,101.12149405,False
2026-01-01T11:56:00Z,102.06724828,False
2026-01-01T11:57:00Z,101.44662249,False
2026-01-01T11:58:00Z,101.55673871,False
2026-01-01T11:59:00Z,102.24692429,False
2026-01-01T12:00:00Z,103.45118783,False
2026-01-01T12:01:00Z,102.30664797,False
2026-01-01T12:02:00Z,100.39201179,False
2026-01-01T12:03:00Z,103.09058183,False
2026-01-01T12:04:00Z,101.56297407,False
2026-01-01T12:05:00Z,101.66995512,False
2026-01-01T12:06:00Z,103.40401795,False
2026-01-01T12:07:00Z,101.70678891,False
2026-01-01T12:08:00Z,101.47683034,False
2026-01-01T12:09:00Z,103.64352814,False
2026-01-01T12:10:00Z,103.79424980,False
2026-01-01T12:11:00Z,103.37428038,False
2026-01-01T12:12:00Z,100.04087546,False
2026-01-01T12:13:00Z,102.78464958,False
2026-01-01T12:14:00Z,101.23469874,False
2026-01-01T12:15:00Z,101.65704587,False
2026-01-01T12:16:00Z,101.57212406,False
2026-01-01T12:17:00Z,104.05266148,False
2026-01-01T12:18:00Z,104.88251988,False
2026-01-01T12:19:00Z,102.56498701,False
2026-01-01T12:20:00Z,102.97924159,False
2026-01-01T12:21:00Z,100.24050664,False
2026-01-01T12:22:00Z,102.81933886,False
2026-01-01T12:23:00Z,102.76834493,False
2026-01-01T12:24:00Z,101.78480130,False
2026-01-01T12:25:00Z,102.52874982,False
2026-01-01T12:26:00Z,100.51988167,False
2026-01-01T12:27:00Z,101.60398147,False
2026-01-01T12:28:00Z,101.65121536,False
2026-01-01T12:29:00Z,102.43648721,False
2026-01-01T12:30:00Z,99.51291785,False
2026-01-01T12:31:00Z,101.68360162,False
2026-01-01T12:32:00Z,103.57917877,False
2026-01-01T12:33:00Z,100.85072960,False
2026-01-01T12:34:00Z,101.37005447,False
2026-01-01T12:35:00Z,100.61280279,False
2026-01-01T12:36:00Z,101.51100071,False
2026-01-01T12:37:00Z,101.49351416,False
2026-01-01T12:38:00Z,101.85053530,False
2026-01-01T12:39:00Z,101.04590631,False
2026-01-01T12:40:00Z,99.85737603,False
2026-01-01T12:41:00Z,104.26407193,False
2026-01-01T12:42:00Z,102.33207141,False
2026-01-01T12:43:00Z,101.95933048,False
2026-01-01T12:44:00Z,101.28587137,False
2026-01-01T12:45:00Z,102.78594323,False
2026-01-01T12:46:00Z,103.41242164,False
2026-01-01T12:47:00Z,100.15692933,False
2026-01-01T12:48:00Z,101.03086298,False
2026-01-01T12:49:00Z,102.36946930,False
2026-01-01T12:50:00Z,101.55793971,False
2026-01-01T12:51:00Z,102.34406913,False
2026-01-01T12:52:00Z,101.44672420,False
2026-01-01T12:53:00Z,101.00756791,False
2026-01-01T12:54:00Z,101.83447301,False
2026-01-01T12:55:00Z,103.73129657,False
2026-01-01T12:56:00Z,102.95771865,False
2026-01-01T12:57:00Z,102.54490934,False
2026-01-01T12:58:00Z,102.08511372,False
2026-01-01T12:59:00Z,101.91965738,False
2026-01-01T13:00:00Z,100.82252474,False
2026-01-01T13:01:00Z,100.98440942,False
2026-01-01T13:02:00Z,102.07423871,False
2026-01-01T13:03:00Z,100.50551674,False
2026-01-01T13:04:00Z,102.21715145,False
2026-01-01T13:05:00Z,99.95988309,False
2026-01-01T13:06:00Z,102.25533027,False
2026-01-01T13:07:00Z,102.33163874,False
2026-01-01T13:08:00Z,99.69388749,False
2026-01-01T13:09:00Z,103.17173318,False
2026-01-01T13:10:00Z,101.00820009,False
2026-01-01T13:11:00Z,102.85228484,False
2026-01-01T13:12:00Z,100.94364567,False
2026-01-01T13:13:00Z,101.37917477,False
2026-01-01T13:14:00Z,102.82899970,False
2026-01-01T13:15:00Z,101.93791290,False
2026-01-01T13:16:00Z,103.01680478,False
2026-01-01T13:17:00Z,101.11846508,False
2026-01-01T13:18:00Z,102.64047505,False
2026-01-01T13:19:00Z,100.93505236,False
2026-01-01T13:20:00Z,102.46411909,False
2026-01-01T13:21:00Z,100.91968685,False
2026-01-01T13:22:00Z,101.72935844,False
2026-01-01T13:23:00Z,102.39325901,False
2026-01-01T13:24:00Z,102.07337171,False
2026-01-01T13:25:00Z,104.22045480,False
2026-01-01T13:26:00Z,100.40925844,False
2026-01-01T13:27:00Z,101.21749582,False
2026-01-01T13:28:00Z,103.04319510,False
2026-01-01T13:29:00Z,100.94314943,False
2026-01-01T13:30:00Z,101.95158793,False
2026-01-01T13:31:00Z,103.41286294,False
2026-01-01T13:32:00Z,100.63256832,False
2026-01-01T13:33:00Z,103.52434390,False
2026-01-01T13:34:00Z,100.49527122,False
2026-01-01T13:35:00Z,101.65070692,False
2026-01-01T13:36:00Z,99.74674889,False
2026-01-01T13:37:00Z,100.11358770,False
2026-01-01T13:38:00Z,100.79320259,False
2026-01-01T13:39:00Z,101.50452518,False
2026-01-01T13:40:00Z,102.67540701,False
2026-01-01T13:41:00Z,101.48662821,False
2026-01-01T13:42:00Z,102.30881129,False
2026-01-01T13:43:00Z,99.99148247,False
2026-01-01T13:44:00Z,103.80573064,False
2026-01-01T13:45:00Z,101.13171619,False
2026-01-01T13:46:00Z,101.97640929,False
2026-01-01T13:47:00Z,104.79614263,False
2026-01-01T13:48:00Z,102.05020642,False
2026-01-01T13:49:00Z,100.47254115,False
2026-01-01T13:50:00Z,101.11769555,False
2026-01-01T13:51:00Z,100.43264453,False
2026-01-01T13:52:00Z,100.43805068,False
2026-01-01T13:53:00Z,101.45247740,False
2026-01-01T13:54:00Z,101.46495025,False
2026-01-01T13:55:00Z,101.07789696,False
2026-01-01T13:56:00Z,100.46627946,False
2026-01-01T13:57:00Z,100.00276202,False
2026-01-01T13:58:00Z,101.87511312,False
2026-01-01T13:59:00Z,100.59993264,False
2026-01-01T14:00:00Z,101.01775136,False
2026-01-01T14:01:00Z,101.41558638,False
2026-01-01T14:02:00Z,99.64763571,False
2026-01-01T14:03:00Z,103.71368896,False
2026-01-01T14:04:00Z,100.32875521,False
2026-01-01T14:05:00Z,101.91033626,False
2026-01-01T14:06:00Z,100.81747051,False
2026-01-01T14:07:00Z,100.54231777,False
2026-01-01T14:08:00Z,101.68844710,False
2026-01-01T14:09:00Z,101.62482161,False
2026-01-01T14:10:00Z,100.38370562,False
2026-01-01T14:11:00Z,100.72022898,False
2026-01-01T14:12:00Z,101.14000952,False
2026-01-01T14:13:00Z,101.74866689,False
2026-01-01T14:14:00Z,102.52291508,False
2026-01-01T14:15:00Z,101.98335320,False
2026-01-01T14:16:00Z,100.63443698,False
2026-01-01T14:17:00Z,101.06673772,False
2026-01-01T14:18:00Z,99.97906774,False
2026-01-01T14:19:00Z,99.52517905,False
2026-01-01T14:20:00Z,101.56016343,False
2026-01-01T14:21:00Z,101.23597942,False
2026-01-01T14:22:00Z,101.79213762,False
2026-01-01T14:23:00Z,99.46421623,False
2026-01-01T14:24:00Z,100.50089162,False
2026-01-01T14:25:00Z,100.66598082,False
2026-01-01T14:26:00Z,100.85146519,False
2026-01-01T14:27:00Z,103.38343260,False
2026-01-01T14:28:00Z,102.64022642,False
2026-01-01T14:29:00Z,102.07903073,False
2026-01-01T14:30:00Z,101.97059228,False
2026-01-01T14:31:00Z,104.05386093,False
2026-01-01T14:32:00Z,101.97631293,False
2026-01-01T14:33:00Z,103.60864114,False
2026-01-01T14:34:00Z,100.60393631,False
2026-01-01T14:35:00Z,100.21572638,False
2026-01-01T14:36:00Z,100.67994082,False
2026-01-01T14:37:00Z,101.97339592,False
2026-01-01T14:38:00Z,100.92029169,False
2026-01-01T14:39:00Z,100.81474883,False
2026-01-01T14:40:00Z,101.25063113,False
2026-01-01T14:41:00Z,99.72251065,False
2026-01-01T14:42:00Z,102.52620434,False
2026-01-01T14:43:00Z,101.64310086,False
2026-01-01T14:44:00Z,99.60739053,False
2026-01-01T14:45:00Z,100.70871315,False
2026-01-01T14:46:00Z,101.75804741,False
2026-01-01T14:47:00Z,100.14056355,False
2026-01-01T14:48:00Z,101.48296130,False
2026-01-01T14:49:00Z,101.44478211,False
2026-01-01T14:50:00Z,103.00384452,False
2026-01-01T14:51:00Z,98.79336367,False
2026-01-01T14:52:00Z,100.89433571,False
2026-01-01T14:53:00Z,102.22801779,False
2026-01-01T14:54:00Z,100.29891975,False
2026-01-01T14:55:00Z,102.66148433,False
2026-01-01T14:56:00Z,102.61745335,False
2026-01-01T14:57:00Z,99.17701982,False
2026-01-01T14:58:00Z,100.50009750,False
2026-01-01T14:59:00Z,102.57072278,False
2026-01-01T15:00:00Z,101.08412620,False
2026-01-01T15:01:00Z,100.43827215,False
2026-01-01T15:02:00Z,100.18078211,False
2026-01-01T15:03:00Z,100.02718311,False
2026-01-01T15:04:00Z,102.59281246,False
2026-01-01T15:05:00Z,101.21461846,False
2026-01-01T15:06:00Z,101.85880408,False
2026-01-01T15:07:00Z,101.83176274,False
2026-01-01T15:08:00Z,101.57197689,False
2026-01-01T15:09:00Z,101.74065734,False
2026-01-01T15:10:00Z,102.12583696,False
2026-01-01T15:11:00Z,103.04622575,False
2026-01-01T15:12:00Z,101.80067542,False
2026-01-01T15:13:00Z,99.63770001,False
2026-01-01T15:14:00Z,100.49716050,False
2026-01-01T15:15:00Z,99.78504751,False
2026-01-01T15:16:00Z,100.96196366,False
2026-01-01T15:17:00Z,101.55425436,False
2026-01-01T15:18:00Z,101.18340047,False
2026-01-01T15:19:00Z,100.30960359,False
2026-01-01T15:20:00Z,101.28333259,False
2026-01-01T15:21:00Z,102.77298700,False
2026-01-01T15:22:00Z,102.02947270,False
2026-01-01T15:23:00Z,99.66975304,False
2026-01-01T15:24:00Z,99.81923560,False
2026-01-01T15:25:00Z,100.76843642,False
2026-01-01T15:26:00Z,100.07907664,False
2026-01-01T15:27:00Z,102.16961127,False
2026-01-01T15:28:00Z,101.42381425,False
2026-01-01T15:29:00Z,101.29291221,False
2026-01-01T15:30:00Z,102.30669196,False
2026-01-01T15:31:00Z,101.31187699,False
2026-01-01T15:32:00Z,101.02451522,False
2026-01-01T15:33:00Z,101.77402977,False
2026-01-01T15:34:00Z,100.08064053,False
2026-01-01T15:35:00Z,103.77747311,False
2026-01-01T15:36:00Z,100.80612011,False
2026-01-01T15:37:00Z,101.09131222,False
2026-01-01T15:38:00Z,102.31762304,False
2026-01-01T15:39:00Z,99.09960420,False
2026-01-01T15:40:00Z,100.98044338,False
2026-01-01T15:41:00Z,101.56617002,False
2026-01-01T15:42:00Z,101.46890393,False
2026-01-01T15:43:00Z,100.77571697,False
2026-01-01T15:44:00Z,103.87319608,False
2026-01-01T15:45:00Z,100.00091503,False
2026-01-01T15:46:00Z,99.05565735,False
2026-01-01T15:47:00Z,101.03329136,False
2026-01-01T15:48:00Z,101.52136986,False
2026-01-01T15:49:00Z,98.87164349,False
2026-01-01T15:50:00Z,99.04372804,False
2026-01-01T15:51:00Z,100.01065192,False
2026-01-01T15:52:00Z,101.62925698,False
2026-01-01T15:53:00Z,101.94868017,False
2026-01-01T15:54:00Z,101.19246390,False
2026-01-01T15:55:00Z,98.85142492,False
2026-01-01T15:56:00Z,100.98993314,False
2026-01-01T15:57:00Z,101.14245364,False
2026-01-01T15:58:00Z,100.98849548,False
2026-01-01T15:59:00Z,100.91473268,False
2026-01-01T16:00:00Z,101.31493060,False
2026-01-01T16:01:00Z,99.61548422,False
2026-01-01T16:02:00Z,100.54489799,False
2026-01-01T16:03:00Z,101.68932503,False
2026-01-01T16:04:00Z,101.00811805,False
2026-01-01T16:05:00Z,99.30080209,False
2026-01-01T16:06:00Z,102.02683858,False
2026-01-01T16:07:00Z,101.59958333,False
2026-01-01T16:08:00Z,100.11340887,False
2026-01-01T16:09:00Z,102.05753779,False
2026-01-01T16:10:00Z,101.25887223,False
2026-01-01T16:11:00Z,100.54333505,False
2026-01-01T16:12:00Z,100.05033217,False
2026-01-01T16:13:00Z,100.09777540,False
2026-01-01T16:14:00Z,100.22499031,False
2026-01-01T16:15:00Z,101.28479432,False
2026-01-01T16:16:00Z,100.83718982,False
2026-01-01T16:17:00Z,101.43812815,False
2026-01-01T16:18:00Z,99.89212122,False
2026-01-01T16:19:00Z,100.49750670,False
2026-01-01T16:20:00Z,100.80810135,False
2026-01-01T16:21:00Z,103.27078598,False
2026-01-01T16:22:00Z,101.07917400,False
2026-01-01T16:23:00Z,101.50621897,False
2026-01-01T16:24:00Z,100.40866420,False
2026-01-01T16:25:00Z,98.98297733,False
2026-01-01T16:26:00Z,102.48943252,False
2026-01-01T16:27:00Z,99.96222187,False
2026-01-01T16:28:00Z,100.30831223,False
2026-01-01T16:29:00Z,100.04458883,False
2026-01-01T16:30:00Z,101.21043283,False
2026-01-01T16:31:00Z,100.87905420,False
2026-01-01T16:32:00Z,100.15876177,False
2026-01-01T16:33:00Z,100.93992639,False
2026-01-01T16:34:00Z,101.00181633,False
2026-01-01T16:35:00Z,100.41280633,False
2026-01-01T16:36:00Z,102.18625992,False
2026-01-01T16:37:00Z,100.90284860,False
2026-01-01T16:38:00Z,100.62295906,False
2026-01-01T16:39:00Z,99.61080888,False
2026-01-01T16:40:00Z,100.37336571,False
2026-01-01T16:41:00Z,101.83672046,False
2026-01-01T16:42:00Z,103.10592843,False
2026-01-01T16:43:00Z,101.67342122,False
2026-01-01T16:44:00Z,100.45474884,False
2026-01-01T16:45:00Z,100.52541068,False
2026-01-01T16:46:00Z,101.07470516,False
2026-01-01T16:47:00Z,102.39936366,False
2026-01-01T16:48:00Z,99.83246509,False
2026-01-01T16:49:00Z,101.84185772,False
2026-01-01T16:50:00Z,99.62993996,False
2026-01-01T16:51:00Z,99.38659163,False
2026-01-01T16:52:00Z,102.92666347,False
2026-01-01T16:53:00Z,101.49627904,False
2026-01-01T16:54:00Z,101.10610921,False
2026-01-01T16:55:00Z,101.22628561,False
2026-01-01T16:56:00Z,101.70715100,False
2026-01-01T16:57:00Z,101.44065462,False
2026-01-01T16:58:00Z,99.02895709,False
2026-01-01T16:59:00Z,99.82988978,False
2026-01-01T17:00:00Z,101.87324256,False
2026-01-01T17:01:00Z,98.03882297,False
2026-01-01T17:02:00Z,101.48073093,False
2026-01-01T17:03:00Z,102.30411365,False
2026-01-01T17:04:00Z,100.06928146,False
2026-01-01T17:05:00Z,101.89259425,False
2026-01-01T17:06:00Z,101.34402844,False
2026-01-01T17:07:00Z,101.11807081,False
2026-01-01T17:08:00Z,101.32613365,False
2026-01-01T17:09:00Z,100.51564521,False
2026-01-01T17:10:00Z,98.84932456,False
2026-01-01T17:11:00Z,100.35168090,False
2026-01-01T17:12:00Z,100.28745686,False
2026-01-01T17:13:00Z,100.59249845,False
2026-01-01T17:14:00Z,99.34459834,False
2026-01-01T17:15:00Z,100.76537722,False
2026-01-01T17:16:00Z,99.72407921,False
2026-01-01T17:17:00Z,100.79419085,False
2026-01-01T17:18:00Z,98.37281614,False
2026-01-01T17:19:00Z,100.36907251,False
2026-01-01T17:20:00Z,100.60437644,False
2026-01-01T17:21:00Z,100.05484142,False
2026-01-01T17:22:00Z,99.82320617,False
2026-01-01T17:23:00Z,100.24332418,False
2026-01-01T17:24:00Z,99.41937865,False
2026-01-01T17:25:00Z,99.99113628,False
2026-01-01T17:26:00Z,100.23569987,False
2026-01-01T17:27:00Z,99.83470934,False
2026-01-01T17:28:00Z,100.18685155,False
2026-01-01T17:29:00Z,102.27208263,False
2026-01-01T17:30:00Z,99.88387586,False
2026-01-01T17:31:00Z,99.59285103,False
2026-01-01T17:32:00Z,100.80609993,False
2026-01-01T17:33:00Z,99.64767623,False
2026-01-01T17:34:00Z,101.06165669,False
2026-01-01T17:35:00Z,101.78156977,False
2026-01-01T17:36:00Z,100.70477874,False
2026-01-01T17:37:00Z,100.06712378,False
2026-01-01T17:38:00Z,100.81048643,False
2026-01-01T17:39:00Z,102.05249727,False
2026-01-01T17:40:00Z,100.54156636,False
2026-01-01T17:41:00Z,100.57818426,False
2026-01-01T17:42:00Z,100.99534822,False
2026-01-01T17:43:00Z,101.63968051,False
2026-01-01T17:44:00Z,99.88889419,False
2026-01-01T17:45:00Z,99.78827918,False
2026-01-01T17:46:00Z,99.14497253,False
2026-01-01T17:47:00Z,100.25476249,False
2026-01-01T17:48:00Z,99.58442974,False
2026-01-01T17:49:00Z,101.59480351,False
2026-01-01T17:50:00Z,99.89249334,False
2026-01-01T17:51:00Z,101.26256252,False
2026-01-01T17:52:00Z,100.64598795,False
2026-01-01T17:53:00Z,101.76027366,False
2026-01-01T17:54:00Z,99.64444956,False
2026-01-01T17:55:00Z,99.80064228,False
2026-01-01T17:56:00Z,100.50644098,False
2026-01-01T17:57:00Z,102.28130721,False
2026-01-01T17:58:00Z,101.50380635,False
2026-01-01T17:59:00Z,100.56864374,False
2026-01-01T18:00:00Z,100.28373380,False
2026-01-01T18:01:00Z,100.56500715,False
2026-01-01T18:02:00Z,99.16083275,False
2026-01-01T18:03:00Z,98.91931238,False
2026-01-01T18:04:00Z,99.81253575,False
2026-01-01T18:05:00Z,99.79325323,False
2026-01-01T18:06:00Z,99.37919339,False
2026-01-01T18:07:00Z,100.55991951,False
2026-01-01T18:08:00Z,99.36749636,False
2026-01-01T18:09:00Z,101.17578578,False
2026-01-01T18:10:00Z,101.41654584,False
2026-01-01T18:11:00Z,99.14287796,False
2026-01-01T18:12:00Z,100.49490497,False
2026-01-01T18:13:00Z,99.41777347,False
2026-01-01T18:14:00Z,98.93964081,False
2026-01-01T18:15:00Z,98.80227936,False
2026-01-01T18:16:00Z,100.92691707,False
2026-01-01T18:17:00Z,99.05233915,False
2026-01-01T18:18:00Z,98.78924633,False
2026-01-01T18:19:00Z,100.18130502,False
2026-01-01T18:20:00Z,99.23198340,False
2026-01-01T18:21:00Z,100.95324627,False
2026-01-01T18:22:00Z,99.85629409,False
2026-01-01T18:23:00Z,100.83743867,False
2026-01-01T18:24:00Z,101.55620116,False
2026-01-01T18:25:00Z,100.91705572,False
2026-01-01T18:26:00Z,100.58409855,False
2026-01-01T18:27:00Z,100.47050989,False
2026-01-01T18:28:00Z,100.34879796,False
2026-01-01T18:29:00Z,100.33373332,False
2026-01-01T18:30:00Z,100.13215578,False
2026-01-01T18:31:00Z,99.17924338,False
2026-01-01T18:32:00Z,99.95177110,False
2026-01-01T18:33:00Z,99.95566121,False
2026-01-01T18:34:00Z,99.61642635,False
2026-01-01T18:35:00Z,102.06555549,False
2026-01-01T18:36:00Z,98.88058792,False
2026-01-01T18:37:00Z,101.41785858,False
2026-01-01T18:38:00Z,100.26809765,False
2026-01-01T18:39:00Z,100.01143054,False
2026-01-01T18:40:00Z,100.09827579,False
2026-01-01T18:41:00Z,101.22381908,False
2026-01-01T18:42:00Z,102.41362524,False
2026-01-01T18:43:00Z,99.77370440,False
2026-01-01T18:44:00Z,97.91526022,False
2026-01-01T18:45:00Z,101.55153215,False
2026-01-01T18:46:00Z,99.94043713,False
2026-01-01T18:47:00Z,99.93387987,False
2026-01-01T18:48:00Z,97.76536235,False
2026-01-01T18:49:00Z,102.44050802,False
2026-01-01T18:50:00Z,100.84642871,False
2026-01-01T18:51:00Z,99.96279293,False
2026-01-01T18:52:00Z,98.97868233,False
2026-01-01T18:53:00Z,101.09010228,False
2026-01-01T18:54:00Z,100.25017037,False
2026-01-01T18:55:00Z,99.28041642,False
2026-01-01T18:56:00Z,100.75854002,False
2026-01-01T18:57:00Z,100.42546733,False
2026-01-01T18:58:00Z,100.57571963,False
2026-01-01T18:59:00Z,98.63902875,False
2026-01-01T19:00:00Z,99.29225135,False
2026-01-01T19:01:00Z,100.05901334,False
2026-01-01T19:02:00Z,100.72352793,False
2026-01-01T19:03:00Z,98.87224323,False
2026-01-01T19:04:00Z,101.33345763,False
2026-01-01T19:05:00Z,98.94999482,False
2026-01-01T19:06:00Z,100.07884240,False
2026-01-01T19:07:00Z,100.03295240,False
2026-01-01T19:08:00Z,99.60554448,False
2026-01-01T19:09:00Z,97.87296045,False
2026-01-01T19:10:00Z,100.92939159,False
2026-01-01T19:11:00Z,99.32037626,False
2026-01-01T19:12:00Z,99.24942832,False
2026-01-01T19:13:00Z,100.94030009,False
2026-01-01T19:14:00Z,99.96574742,False
2026-01-01T19:15:00Z,99.86242878,False
2026-01-01T19:16:00Z,99.73603043,False
2026-01-01T19:17:00Z,98.44330923,False
2026-01-01T19:18:00Z,100.17899226,False
2026-01-01T19:19:00Z,101.04324133,False
2026-01-01T19:20:00Z,99.99809470,False
2026-01-01T19:21:00Z,99.88940897,False
2026-01-01T19:22:00Z,100.99095962,False
2026-01-01T19:23:00Z,100.14317333,False
2026-01-01T19:24:00Z,100.34485426,False
2026-01-01T19:25:00Z,100.20008839,False
2026-01-01T19:26:00Z,99.69677367,False
2026-01-01T19:27:00Z,99.29520102,False
2026-01-01T19:28:00Z,100.42929115,False
2026-01-01T19:29:00Z,98.79115098,False
2026-01-01T19:30:00Z,98.68040494,False
2026-01-01T19:31:00Z,99.35362261,False
2026-01-01T19:32:00Z,98.46815573,False
2026-01-01T19:33:00Z,99.06656563,False
2026-01-01T19:34:00Z,98.82872319,False
2026-01-01T19:35:00Z,100.24118077,False
2026-01-01T19:36:00Z,99.86164135,False
2026-01-01T19:37:00Z,100.44763504,False
2026-01-01T19:38:00Z,100.54790289,False
2026-01-01T19:39:00Z,100.03243282,False
2026-01-01T19:40:00Z,100.39050613,False
2026-01-01T19:41:00Z,102.08709359,False
2026-01-01T19:42:00Z,99.74571599,False
2026-01-01T19:43:00Z,99.92067998,False
2026-01-01T19:44:00Z,100.66975229,False
2026-01-01T19:45:00Z,100.58432000,False
2026-01-01T19:46:00Z,97.72026253,False
2026-01-01T19:47:00Z,100.20285830,False
2026-01-01T19:48:00Z,99.43005268,False
2026-01-01T19:49:00Z,98.82134891,False
2026-01-01T19:50:00Z,99.35239574,False
2026-01-01T19:51:00Z,97.49336365,False
2026-01-01T19:52:00Z,100.19758152,False
2026-01-01T19:53:00Z,100.48328671,False
2026-01-01T19:54:00Z,100.26770163,False
2026-01-01T19:55:00Z,98.69241462,False
2026-01-01T19:56:00Z,100.23350445,False
2026-01-01T19:57:00Z,100.72594074,False
2026-01-01T19:58:00Z,97.58686646,False
2026-01-01T19:59:00Z,99.75109458,False
2026-01-01T20:00:00Z,110.48276711,True
2026-01-01T20:01:00Z,98.55490781,False
2026-01-01T20:02:00Z,100.01620772,False
2026-01-01T20:03:00Z,100.35149811,False
2026-01-01T20:04:00Z,99.59770224,False
2026-01-01T20:05:00Z,100.09176147,False
2026-01-01T20:06:00Z,98.00763219,False
2026-01-01T20:07:00Z,99.00416660,False
2026-01-01T20:08:00Z,99.47399169,False
2026-01-01T20:09:00Z,98.89596921,False
2026-01-01T20:10:00Z,99.29287697,False
2026-01-01T20:11:00Z,97.82263672,False
2026-01-01T20:12:00Z,98.44839350,False
2026-01-01T20:13:00Z,99.35955662,False
2026-01-01T20:14:00Z,99.29115256,False
2026-01-01T20:15:00Z,98.89021752,False
2026-01-01T20:16:00Z,99.65006964,False
2026-01-01T20:17:00Z,97.39507748,False
2026-01-01T20:18:00Z,100.20329153,False
2026-01-01T20:19:00Z,98.48178691,False
2026-01-01T20:20:00Z,98.47504659,False
2026-01-01T20:21:00Z,99.12744586,False
2026-01-01T20:22:00Z,98.55459681,False
2026-01-01T20:23:00Z,99.47543609,False
2026-01-01T20:24:00Z,100.95185256,False
2026-01-01T20:25:00Z,98.86917083,False
2026-01-01T20:26:00Z,101.05009327,False
2026-01-01T20:27:00Z,99.69493035,False
2026-01-01T20:28:00Z,101.76796145,False
2026-01-01T20:29:00Z,98.58607063,False
2026-01-01T20:30:00Z,99.79083979,False
2026-01-01T20:31:00Z,101.07826154,False
2026-01-01T20:32:00Z,99.75621102,False
2026-01-01T20:33:00Z,100.61522644,False
2026-01-01T20:34:00Z,99.83586427,False
2026-01-01T20:35:00Z,98.79905601,False
2026-01-01T20:36:00Z,99.09306170,False
2026-01-01T20:37:00Z,98.42694727,False
2026-01-01T20:38:00Z,99.33467809,False
2026-01-01T20:39:00Z,98.66226231,False
2026-01-01T20:40:00Z,100.21475655,False
2026-01-01T20:41:00Z,100.22153824,False
2026-01-01T20:42:00Z,99.82223300,False
2026-01-01T20:43:00Z,100.76155054,False
2026-01-01T20:44:00Z,100.68510331,False
2026-01-01T20:45:00Z,100.24818718,False
2026-01-01T20:46:00Z,98.69004635,False
2026-01-01T20:47:00Z,100.11967230,False
2026-01-01T20:48:00Z,99.45540529,False
2026-01-01T20:49:00Z,99.02782590,False
2026-01-01T20:50:00Z,98.82174279,False
2026-01-01T20:51:00Z,99.06990799,False
2026-01-01T20:52:00Z,100.15891702,False
2026-01-01T20:53:00Z,99.44194631,False
2026-01-01T20:54:00Z,99.25201006,False
2026-01-01T20:55:00Z,100.84653594,False
2026-01-01T20:56:00Z,98.47133377,False
2026-01-01T20:57:00Z,100.32406698,False
2026-01-01T20:58:00Z,99.43425873,False
2026-01-01T20:59:00Z,100.64891323,False
2026-01-01T21:00:00Z,99.84254018,False
2026-01-01T21:01:00Z,98.94133471,False
2026-01-01T21:02:00Z,100.48429370,False
2026-01-01T21:03:00Z,97.15636821,False
2026-01-01T21:04:00Z,98.62613715,False
2026-01-01T21:05:00Z,100.61697907,False
2026-01-01T21:06:00Z,99.70737708,False
2026-01-01T21:07:00Z,98.73403240,False
2026-01-01T21:08:00Z,98.68347141,False
2026-01-01T21:09:00Z,97.64556614,False
2026-01-01T21:10:00Z,97.98610047,False
2026-01-01T21:11:00Z,101.27389883,False
2026-01-01T21:12:00Z,99.25353815,False
2026-01-01T21:13:00Z,102.29029231,False
2026-01-01T21:14:00Z,99.59919719,False
2026-01-01T21:15:00Z,99.72151204,False
2026-01-01T21:16:00Z,99.18267104,False
2026-01-01T21:17:00Z,98.98482600,False
2026-01-01T21:18:00Z,98.75513276,False
2026-01-01T21:19:00Z,97.79237777,False
2026-01-01T21:20:00Z,97.68733143,False
2026-01-01T21:21:00Z,99.48388387,False
2026-01-01T21:22:00Z,99.22288285,False
2026-01-01T21:23:00Z,98.79437004,False
2026-01-01T21:24:00Z,99.37627411,False
2026-01-01T21:25:00Z,99.18556782,False
2026-01-01T21:26:00Z,98.41676954,False
2026-01-01T21:27:00Z,97.62026609,False
2026-01-01T21:28:00Z,99.68637479,False
2026-01-01T21:29:00Z,100.46409957,False
2026-01-01T21:30:00Z,99.39947396,False
2026-01-01T21:31:00Z,100.01635054,False
2026-01-01T21:32:00Z,99.59961553,False
2026-01-01T21:33:00Z,99.88109881,False
2026-01-01T21:34:00Z,97.86344860,False
2026-01-01T21:35:00Z,98.63578422,False
2026-01-01T21:36:00Z,98.69531675,False
2026-01-01T21:37:00Z,99.04478127,False
2026-01-01T21:38:00Z,97.49455361,False
2026-01-01T21:39:00Z,99.79305044,False
2026-01-01T21:40:00Z,97.86567929,False
2026-01-01T21:41:00Z,99.59467973,False
2026-01-01T21:42:00Z,99.10892301,False
2026-01-01T21:43:00Z,100.70324846,False
2026-01-01T21:44:00Z,99.88133283,False
2026-01-01T21:45:00Z,99.70088489,False
2026-01-01T21:46:00Z,97.63160546,False
2026-01-01T21:47:00Z,98.72728741,False
2026-01-01T21:48:00Z,99.56837397,False
2026-01-01T21:49:00Z,99.09858721,False
2026-01-01T21:50:00Z,97.26959357,False
2026-01-01T21:51:00Z,99.57717385,False
2026-01-01T21:52:00Z,100.02441123,False
2026-01-01T21:53:00Z,99.43358014,False
2026-01-01T21:54:00Z,99.91744238,False
2026-01-01T21:55:00Z,97.87921874,False
2026-01-01T21:56:00Z,99.29087994,False
2026-01-01T21:57:00Z,97.66940455,False
2026-01-01T21:58:00Z,98.32527623,False
2026-01-01T21:59:00Z,98.14114402,False
2026-01-01T22:00:00Z,99.14614821,False
2026-01-01T22:01:00Z,98.28003282,False
2026-01-01T22:02:00Z,99.17022663,False
2026-01-01T22:03:00Z,97.94975268,False
2026-01-01T22:04:00Z,98.60521840,False
2026-01-01T22:05:00Z,99.13682186,False
2026-01-01T22:06:00Z,98.45011114,False
2026-01-01T22:07:00Z,97.41663495,False
2026-01-01T22:08:00Z,97.60818028,False
2026-01-01T22:09:00Z,98.95660198,False
2026-01-01T22:10:00Z,100.39658966,False
2026-01-01T22:11:00Z,98.54399306,False
2026-01-01T22:12:00Z,99.55258691,False
2026-01-01T22:13:00Z,97.63123134,False
2026-01-01T22:14:00Z,100.04345387,False
2026-01-01T22:15:00Z,99.55148939,False
2026-01-01T22:16:00Z,99.56738746,False
2026-01-01T22:17:00Z,98.72682665,False
2026-01-01T22:18:00Z,99.01019041,False
2026-01-01T22:19:00Z,99.99235746,False
2026-01-01T22:20:00Z,98.02904709,False
2026-01-01T22:21:00Z,97.58856133,False
2026-01-01T22:22:00Z,98.87413519,False
2026-01-01T22:23:00Z,97.75240021,False
2026-01-01T22:24:00Z,98.75965591,False
2026-01-01T22:25:00Z,98.77636415,False
2026-01-01T22:26:00Z,98.94209900,False
2026-01-01T22:27:00Z,99.28401898,False
2026-01-01T22:28:00Z,100.24336496,False
2026-01-01T22:29:00Z,99.39391719,False
2026-01-01T22:30:00Z,97.06709913,False
2026-01-01T22:31:00Z,97.62119207,False
2026-01-01T22:32:00Z,98.81793789,False
2026-01-01T22:33:00Z,100.18997915,False
2026-01-01T22:34:00Z,98.80679629,False
2026-01-01T22:35:00Z,97.12732287,False
2026-01-01T22:36:00Z,98.65159643,False
2026-01-01T22:37:00Z,100.22594268,False
2026-01-01T22:38:00Z,99.44423816,False
2026-01-01T22:39:00Z,99.53831845,False
2026-01-01T22:40:00Z,99.66153033,False
2026-01-01T22:41:00Z,98.10602218,False
2026-01-01T22:42:00Z,99.53392468,False
2026-01-01T22:43:00Z,97.24237944,False
2026-01-01T22:44:00Z,99.75010396,False
2026-01-01T22:45:00Z,99.85352917,False
2026-01-01T22:46:00Z,98.63273546,False
2026-01-01T22:47:00Z,99.95545075,False
2026-01-01T22:48:00Z,99.23151949,False
2026-01-01T22:49:00Z,98.52886507,False
2026-01-01T22:50:00Z,98.60089406,False
2026-01-01T22:51:00Z,99.96576152,False
2026-01-01T22:52:00Z,98.84494178,False
2026-01-01T22:53:00Z,99.82151090,False
2026-01-01T22:54:00Z,99.69915080,False
2026-01-01T22:55:00Z,98.40159054,False
2026-01-01T22:56:00Z,97.55292371,False
2026-01-01T22:57:00Z,99.76829425,False
2026-01-01T22:58:00Z,97.35198802,False
2026-01-01T22:59:00Z,97.97708208,False
2026-01-01T23:00:00Z,97.87018998,False
2026-01-01T23:01:00Z,100.61551986,False
2026-01-01T23:02:00Z,99.05188832,False
2026-01-01T23:03:00Z,97.98630606,False
2026-01-01T23:04:00Z,98.34273065,False
2026-01-01T23:05:00Z,96.81087677,False
2026-01-01T23:06:00Z,99.41744705,False
2026-01-01T23:07:00Z,99.69596717,False
2026-01-01T23:08:00Z,98.73164168,False
2026-01-01T23:09:00Z,98.97397671,False
2026-01-01T23:10:00Z,100.04125759,False
2026-01-01T23:11:00Z,99.16700689,False
2026-01-01T23:12:00Z,100.15027214,False
2026-01-01T23:13:00Z,100.02593199,False
2026-01-01T23:14:00Z,97.15286617,False
2026-01-01T23:15:00Z,99.10625651,False
2026-01-01T23:16:00Z,99.36200550,False
2026-01-01T23:17:00Z,99.39936358,False
2026-01-01T23:18:00Z,98.80775384,False
2026-01-01T23:19:00Z,98.12419278,False
2026-01-01T23:20:00Z,100.10235647,False
2026-01-01T23:21:00Z,98.68890883,False
2026-01-01T23:22:00Z,98.42960334,False
2026-01-01T23:23:00Z,98.83763617,False
2026-01-01T23:24:00Z,98.44034882,False
2026-01-01T23:25:00Z,98.32444741,False
2026-01-01T23:26:00Z,100.47794753,False
2026-01-01T23:27:00Z,99.35122362,False
2026-01-01T23:28:00Z,99.36321035,False
2026-01-01T23:29:00Z,97.27568374,False
2026-01-01T23:30:00Z,99.11531523,False
2026-01-01T23:31:00Z,99.21727629,False
2026-01-01T23:32:00Z,99.26233777,False
2026-01-01T23:33:00Z,97.85048363,False
2026-01-01T23:34:00Z,100.94361526,False
2026-01-01T23:35:00Z,98.80936375,False
2026-01-01T23:36:00Z,98.12877888,False
2026-01-01T23:37:00Z,99.75686986,False
2026-01-01T23:38:00Z,98.58926566,False
2026-01-01T23:39:00Z,98.18481209,False
2026-01-01T23:40:00Z,99.65312879,False
2026-01-01T23:41:00Z,100.42593831,False
2026-01-01T23:42:00Z,99.20187518,False
2026-01-01T23:43:00Z,99.73621601,False
2026-01-01T23:44:00Z,99.22861899,False
2026-01-01T23:45:00Z,98.04019219,False
2026-01-01T23:46:00Z,97.05870817,False
2026-01-01T23:47:00Z,97.67171884,False
2026-01-01T23:48:00Z,99.56298327,False
2026-01-01T23:49:00Z,99.23581148,False
2026-01-01T23:50:00Z,99.20605309,False
2026-01-01T23:51:00Z,97.27067261,False
2026-01-01T23:52:00Z,100.50375555,False
2026-01-01T23:53:00Z,99.91841548,False
2026-01-01T23:54:00Z,98.61787127,False
2026-01-01T23:55:00Z,98.58210519,False
2026-01-01T23:56:00Z,98.38975583,False
2026-01-01T23:57:00Z,97.60139283,False
2026-01-01T23:58:00Z,98.65822598,False
2026-01-01T23:59:00Z,100.13310336,False
2026-01-02T00:00:00Z,97.88851292,False
2026-01-02T00:01:00Z,98.61756351,False
2026-01-02T00:02:00Z,98.56381371,False
2026-01-02T00:03:00Z,98.43490301,False
2026-01-02T00:04:00Z,98.61180264,False
2026-01-02T00:05:00Z,98.18260676,False
2026-01-02T00:06:00Z,98.71528178,False
2026-01-02T00:07:00Z,98.94031517,False
2026-01-02T00:08:00Z,97.84985862,False
2026-01-02T00:09:00Z,98.66033112,False
2026-01-02T00:10:00Z,98.93686277,False
2026-01-02T00:11:00Z,98.98182622,False
2026-01-02T00:12:00Z,99.00606112,False
2026-01-02T00:13:00Z,98.97274361,False
2026-01-02T00:14:00Z,98.39571259,False
2026-01-02T00:15:00Z,97.01341748,False
2026-01-02T00:16:00Z,98.04520093,False
2026-01-02T00:17:00Z,98.93787622,False
2026-01-02T00:18:00Z,97.89656861,False
2026-01-02T00:19:00Z,98.64379373,False
2026-01-02T00:20:00Z,96.85790458,False
2026-01-02T00:21:00Z,98.98071173,False
2026-01-02T00:22:00Z,99.92499591,False
2026-01-02T00:23:00Z,97.87058121,False
2026-01-02T00:24:00Z,100.16518152,False
2026-01-02T00:25:00Z,99.37104942,False
2026-01-02T00:26:00Z,98.50909756,False
2026-01-02T00:27:00Z,99.39999801,False
2026-01-02T00:28:00Z,98.05226473,False
2026-01-02T00:29:00Z,98.29619197,False
2026-01-02T00:30:00Z,97.17815678,False
2026-01-02T00:31:00Z,98.39542917,False
2026-01-02T00:32:00Z,98.75496191,False
2026-01-02T00:33:00Z,97.65773937,False
2026-01-02T00:34:00Z,99.17201177,False
2026-01-02T00:35:00Z,97.39207393,False
2026-01-02T00:36:00Z,98.16174205,False
2026-01-02T00:37:00Z,98.37147793,False
2026-01-02T00:38:00Z,98.72278514,False
2026-01-02T00:39:00Z,98.33176380,False
2026-01-02T00:40:00Z,98.21533639,False
2026-01-02T00:41:00Z,100.33145853,False
2026-01-02T00:42:00Z,98.65194557,False
2026-01-02T00:43:00Z,98.28654531,False
2026-01-02T00:44:00Z,100.42457561,False
2026-01-02T00:45:00Z,98.43927012,False
2026-01-02T00:46:00Z,99.38232865,False
2026-01-02T00:47:00Z,99.17760478,False
2026-01-02T00:48:00Z,98.59741155,False
2026-01-02T00:49:00Z,97.99063318,False
2026-01-02T00:50:00Z,99.53215296,False
2026-01-02T00:51:00Z,98.70062062,False
2026-01-02T00:52:00Z,98.63482724,False
2026-01-02T00:53:00Z,97.97736619,False
2026-01-02T00:54:00Z,99.20104277,False
2026-01-02T00:55:00Z,97.81207169,False
2026-01-02T00:56:00Z,96.44089087,False
2026-01-02T00:57:00Z,100.37355304,False
2026-01-02T00:58:00Z,99.40637438,False
2026-01-02T00:59:00Z,98.03996851,False
2026-01-02T01:00:00Z,98.04170452,False
2026-01-02T01:01:00Z,99.68165020,False
2026-01-02T01:02:00Z,99.09855741,False
2026-01-02T01:03:00Z,98.42546033,False
2026-01-02T01:04:00Z,98.49543484,False
2026-01-02T01:05:00Z,97.99727270,False
2026-01-02T01:06:00Z,99.50445570,False
2026-01-02T01:07:00Z,99.75363036,False
2026-01-02T01:08:00Z,98.79795206,False
2026-01-02T01:09:00Z,100.14561294,False
2026-01-02T01:10:00Z,98.04155785,False
2026-01-02T01:11:00Z,99.15269590,False
2026-01-02T01:12:00Z,97.85329910,False
2026-01-02T01:13:00Z,99.42907810,False
2026-01-02T01:14:00Z,97.64254784,False
2026-01-02T01:15:00Z,98.40748991,False
2026-01-02T01:16:00Z,100.52239059,False
2026-01-02T01:17:00Z,99.47590559,False
2026-01-02T01:18:00Z,97.16858942,False
2026-01-02T01:19:00Z,98.47191960,False
2026-01-02T01:20:00Z,99.76499822,False
2026-01-02T01:21:00Z,98.47585060,False
2026-01-02T01:22:00Z,97.09030560,False
2026-01-02T01:23:00Z,98.42013179,False
2026-01-02T01:24:00Z,97.98577621,False
2026-01-02T01:25:00Z,97.73375961,False
2026-01-02T01:26:00Z,98.20299995,False
2026-01-02T01:27:00Z,99.57514217,False
2026-01-02T01:28:00Z,99.66602603,False
2026-01-02T01:29:00Z,98.21831357,False
2026-01-02T01:30:00Z,99.96488081,False
2026-01-02T01:31:00Z,98.40095077,False
2026-01-02T01:32:00Z,98.87122484,False
2026-01-02T01:33:00Z,99.02564317,False
2026-01-02T01:34:00Z,98.62852671,False
2026-01-02T01:35:00Z,97.63490584,False
2026-01-02T01:36:00Z,97.19769694,False
2026-01-02T01:37:00Z,99.37031735,False
2026-01-02T01:38:00Z,99.50684767,False
2026-01-02T01:39:00Z,98.27162446,False
2026-01-02T01:40:00Z,99.32470279,False
2026-01-02T01:41:00Z,100.13059538,False
2026-01-02T01:42:00Z,98.07630398,False
2026-01-02T01:43:00Z,98.57148848,False
2026-01-02T01:44:00Z,98.82618050,False
2026-01-02T01:45:00Z,100.11844639,False
2026-01-02T01:46:00Z,97.04476167,False
2026-01-02T01:47:00Z,99.05953649,False
2026-01-02T01:48:00Z,98.38541334,False
2026-01-02T01:49:00Z,99.30213491,False
2026-01-02T01:50:00Z,95.66809884,False
2026-01-02T01:51:00Z,99.00794484,False
2026-01-02T01:52:00Z,98.92388269,False
2026-01-02T01:53:00Z,98.76705786,False
2026-01-02T01:54:00Z,97.76142247,False
2026-01-02T01:55:00Z,99.19951491,False
2026-01-02T01:56:00Z,98.51073099,False
2026-01-02T01:57:00Z,96.43711594,False
2026-01-02T01:58:00Z,99.71907207,False
2026-01-02T01:59:00Z,98.78475479,False
2026-01-02T02:00:00Z,98.05624313,False
2026-01-02T02:01:00Z,97.14920560,False
2026-01-02T02:02:00Z,98.24734824,False
2026-01-02T02:03:00Z,98.81833764,False
2026-01-02T02:04:00Z,97.96827888,False
2026-01-02T02:05:00Z,96.84392108,False
2026-01-02T02:06:00Z,99.06169065,False
2026-01-02T02:07:00Z,98.34000669,False
2026-01-02T02:08:00Z,99.22828731,False
2026-01-02T02:09:00Z,99.49568307,False
2026-01-02T02:10:00Z,98.32904478,False
2026-01-02T02:11:00Z,97.64380777,False
2026-01-02T02:12:00Z,98.86765315,False
2026-01-02T02:13:00Z,97.92178022,False
2026-01-02T02:14:00Z,97.94060667,False
2026-01-02T02:15:00Z,98.83965273,False
2026-01-02T02:16:00Z,98.18731668,False
2026-01-02T02:17:00Z,99.17006415,False
2026-01-02T02:18:00Z,97.80232632,False
2026-01-02T02:19:00Z,97.36112681,False
2026-01-02T02:20:00Z,98.24585797,False
2026-01-02T02:21:00Z,98.22795816,False
2026-01-02T02:22:00Z,97.32423950,False
2026-01-02T02:23:00Z,97.75144796,False
2026-01-02T02:24:00Z,97.96361548,False
2026-01-02T02:25:00Z,98.42793807,False
2026-01-02T02:26:00Z,99.29786601,False
2026-01-02T02:27:00Z,96.28294897,False
2026-01-02T02:28:00Z,97.70651692,False
2026-01-02T02:29:00Z,97.33562152,False
2026-01-02T02:30:00Z,98.81744754,False
2026-01-02T02:31:00Z,98.64174852,False
2026-01-02T02:32:00Z,100.32637258,False
2026-01-02T02:33:00Z,98.69266514,False
2026-01-02T02:34:00Z,97.59215504,False
2026-01-02T02:35:00Z,97.69103470,False
2026-01-02T02:36:00Z,100.56131040,False
2026-01-02T02:37:00Z,97.18951007,False
2026-01-02T02:38:00Z,102.18722179,False
2026-01-02T02:39:00Z,98.52243027,False
2026-01-02T02:40:00Z,97.99459295,False
2026-01-02T02:41:00Z,99.72025709,False
2026-01-02T02:42:00Z,97.94415167,False
2026-01-02T02:43:00Z,98.39211110,False
2026-01-02T02:44:00Z,100.36224073,False
2026-01-02T02:45:00Z,98.69755859,False
2026-01-02T02:46:00Z,98.99223388,False
2026-01-02T02:47:00Z,98.76262173,False
2026-01-02T02:48:00Z,99.61356478,False
2026-01-02T02:49:00Z,99.24095766,False
2026-01-02T02:50:00Z,98.06192287,False
2026-01-02T02:51:00Z,98.92244910,False
2026-01-02T02:52:00Z,99.15205561,False
2026-01-02T02:53:00Z,98.09726256,False
2026-01-02T02:54:00Z,99.16804180,False
2026-01-02T02:55:00Z,98.68779085,False
2026-01-02T02:56:00Z,99.44633959,False
2026-01-02T02:57:00Z,97.56228283,False
2026-01-02T02:58:00Z,100.00473406,False
2026-01-02T02:59:00Z,97.54900671,False
2026-01-02T03:00:00Z,98.46883149,False
2026-01-02T03:01:00Z,97.69193231,False
2026-01-02T03:02:00Z,97.53782915,False
2026-01-02T03:03:00Z,97.21025385,False
2026-01-02T03:04:00Z,100.49091465,False
2026-01-02T03:05:00Z,97.48300809,False
2026-01-02T03:06:00Z,98.03014195,False
2026-01-02T03:07:00Z,98.57967243,False
2026-01-02T03:08:00Z,97.68210284,False
2026-01-02T03:09:00Z,98.56535010,False
2026-01-02T03:10:00Z,99.38780844,False
2026-01-02T03:11:00Z,97.83487158,False
2026-01-02T03:12:00Z,97.02446043,False
2026-01-02T03:13:00Z,97.00950789,False
2026-01-02T03:14:00Z,99.28159033,False
2026-01-02T03:15:00Z,98.85260470,False
2026-01-02T03:16:00Z,96.82651164,False
2026-01-02T03:17:00Z,98.66136450,False
2026-01-02T03:18:00Z,99.23095686,False
2026-01-02T03:19:00Z,98.40975834,False
2026-01-02T03:20:00Z,97.93038957,False
2026-01-02T03:21:00Z,97.69198127,False
2026-01-02T03:22:00Z,98.61124327,False
2026-01-02T03:23:00Z,97.00921305,False
2026-01-02T03:24:00Z,97.96949408,False
2026-01-02T03:25:00Z,98.62004946,False
2026-01-02T03:26:00Z,99.14081257,False
2026-01-02T03:27:00Z,97.68768419,False
2026-01-02T03:28:00Z,99.81036602,False
2026-01-02T03:29:00Z,99.88524858,False
2026-01-02T03:30:00Z,99.54410380,False
2026-01-02T03:31:00Z,98.50125609,False
2026-01-02T03:32:00Z,97.31028787,False
2026-01-02T03:33:00Z,98.66746606,False
2026-01-02T03:34:00Z,99.22507510,False
2026-01-02T03:35:00Z,99.41637447,False
2026-01-02T03:36:00Z,99.60478120,False
2026-01-02T03:37:00Z,97.83542735,False
2026-01-02T03:38:00Z,96.26633163,False
2026-01-02T03:39:00Z,97.74929247,False
2026-01-02T03:40:00Z,97.54076696,False
2026-01-02T03:41:00Z,98.12399072,False
2026-01-02T03:42:00Z,97.30668304,False
2026-01-02T03:43:00Z,98.64481262,False
2026-01-02T03:44:00Z,98.59953232,False
2026-01-02T03:45:00Z,98.67386709,False
2026-01-02T03:46:00Z,98.43560666,False
2026-01-02T03:47:00Z,99.65408086,False
2026-01-02T03:48:00Z,99.28117426,False
2026-01-02T03:49:00Z,97.28736107,False
2026-01-02T03:50:00Z,99.87822866,False
2026-01-02T03:51:00Z,99.85669309,False
2026-01-02T03:52:00Z,99.00385917,False
2026-01-02T03:53:00Z,98.50656526,False
2026-01-02T03:54:00Z,98.36705575,False
2026-01-02T03:55:00Z,98.48288212,False
2026-01-02T03:56:00Z,98.13892358,False
2026-01-02T03:57:00Z,98.54372811,False
2026-01-02T03:58:00Z,97.79421228,False
2026-01-02T03:59:00Z,99.95539724,False
2026-01-02T04:00:00Z,101.12563410,False
2026-01-02T04:01:00Z,97.93987992,False
2026-01-02T04:02:00Z,98.08823347,False
2026-01-02T04:03:00Z,98.80555713,False
2026-01-02T04:04:00Z,97.02082755,False
2026-01-02T04:05:00Z,96.61943062,False
2026-01-02T04:06:00Z,98.05923086,False
2026-01-02T04:07:00Z,98.15411180,False
2026-01-02T04:08:00Z,98.43964055,False
2026-01-02T04:09:00Z,99.00013997,False
2026-01-02T04:10:00Z,99.86541851,False
2026-01-02T04:11:00Z,96.40740536,False
2026-01-02T04:12:00Z,97.16906621,False
2026-01-02T04:13:00Z,97.00311959,False
2026-01-02T04:14:00Z,99.56263938,False
2026-01-02T04:15:00Z,99.44941036,False
2026-01-02T04:16:00Z,95.86305445,False
2026-01-02T04:17:00Z,99.52747248,False
2026-01-02T04:18:00Z,98.66108746,False
2026-01-02T04:19:00Z,95.74882441,False
2026-01-02T04:20:00Z,98.10000767,False
2026-01-02T04:21:00Z,97.73820156,False
2026-01-02T04:22:00Z,98.64192443,False
2026-01-02T04:23:00Z,96.58393284,False
2026-01-02T04:24:00Z,98.37813739,False
2026-01-02T04:25:00Z,97.53647589,False
2026-01-02T04:26:00Z,98.51008699,False
2026-01-02T04:27:00Z,98.57897876,False
2026-01-02T04:28:00Z,98.84366104,False
2026-01-02T04:29:00Z,99.37278570,False
2026-01-02T04:30:00Z,97.72028715,False
2026-01-02T04:31:00Z,99.21006017,False
2026-01-02T04:32:00Z,97.98916007,False
2026-01-02T04:33:00Z,98.72813505,False
2026-01-02T04:34:00Z,98.14746859,False
2026-01-02T04:35:00Z,98.50407141,False
2026-01-02T04:36:00Z,97.83850574,False
2026-01-02T04:37:00Z,98.70669220,False
2026-01-02T04:38:00Z,99.81305745,False
2026-01-02T04:39:00Z,98.83083175,False
2026-01-02T04:40:00Z,98.79690406,False
2026-01-02T04:41:00Z,98.26487087,False
2026-01-02T04:42:00Z,98.01820548,False
2026-01-02T04:43:00Z,98.98258735,False
2026-01-02T04:44:00Z,100.69499821,False
2026-01-02T04:45:00Z,97.89874679,False
2026-01-02T04:46:00Z,98.28901075,False
2026-01-02T04:47:00Z,98.69565481,False
2026-01-02T04:48:00Z,97.03052802,False
2026-01-02T04:49:00Z,96.79796809,False
2026-01-02T04:50:00Z,98.19986721,False
2026-01-02T04:51:00Z,97.72900091,False
2026-01-02T04:52:00Z,99.61346712,False
2026-01-02T04:53:00Z,99.00636384,False
2026-01-02T04:54:00Z,97.68782835,False
2026-01-02T04:55:00Z,98.72330552,False
2026-01-02T04:56:00Z,98.25578768,False
2026-01-02T04:57:00Z,97.71090550,False
2026-01-02T04:58:00Z,98.09783342,False
2026-01-02T04:59:00Z,99.14077601,False
2026-01-02T05:00:00Z,98.28923347,False
2026-01-02T05:01:00Z,98.08877898,False
2026-01-02T05:02:00Z,99.92709060,False
2026-01-02T05:03:00Z,98.88954634,False
2026-01-02T05:04:00Z,99.38336404,False
2026-01-02T05:05:00Z,98.40462307,False
2026-01-02T05:06:00Z,96.61296472,False
2026-01-02T05:07:00Z,99.35649600,False
2026-01-02T05:08:00Z,100.13669775,False
2026-01-02T05:09:00Z,96.22969872,False
2026-01-02T05:10:00Z,95.71555487,False
2026-01-02T05:11:00Z,99.83253333,False
2026-01-02T05:12:00Z,98.38243501,False
2026-01-02T05:13:00Z,97.34418433,False
2026-01-02T05:14:00Z,97.19592628,False
2026-01-02T05:15:00Z,100.89340657,False
2026-01-02T05:16:00Z,98.36075404,False
2026-01-02T05:17:00Z,96.10080164,False
2026-01-02T05:18:00Z,99.55079367,False
2026-01-02T05:19:00Z,98.55814343,False
2026-01-02T05:20:00Z,98.84826108,False
2026-01-02T05:21:00Z,97.74803006,False
2026-01-02T05:22:00Z,97.39966695,False
2026-01-02T05:23:00Z,98.89931211,False
2026-01-02T05:24:00Z,97.46662571,False
2026-01-02T05:25:00Z,97.24776881,False
2026-01-02T05:26:00Z,98.98620817,False
2026-01-02T05:27:00Z,97.95806990,False
2026-01-02T05:28:00Z,100.32106605,False
2026-01-02T05:29:00Z,97.06474782,False
2026-01-02T05:30:00Z,99.14784974,False
2026-01-02T05:31:00Z,100.23289018,False
2026-01-02T05:32:00Z,99.82507652,False
2026-01-02T05:33:00Z,99.03887378,False
2026-01-02T05:34:00Z,99.12209686,False
2026-01-02T05:35:00Z,98.01629848,False
2026-01-02T05:36:00Z,99.59623442,False
2026-01-02T05:37:00Z,97.45069707,False
2026-01-02T05:38:00Z,96.25993009,False
2026-01-02T05:39:00Z,99.03529430,False
2026-01-02T05:40:00Z,96.99733031,False
2026-01-02T05:41:00Z,99.07810287,False
2026-01-02T05:42:00Z,97.98466944,False
2026-01-02T05:43:00Z,100.11421052,False
2026-01-02T05:44:00Z,97.66342087,False
2026-01-02T05:45:00Z,98.59331484,False
2026-01-02T05:46:00Z,97.51138607,False
2026-01-02T05:47:00Z,98.60595016,False
2026-01-02T05:48:00Z,98.61115928,False
2026-01-02T05:49:00Z,100.52434203,False
2026-01-02T05:50:00Z,98.91428439,False
2026-01-02T05:51:00Z,98.17280987,False
2026-01-02T05:52:00Z,98.83663804,False
2026-01-02T05:53:00Z,98.10903326,False
2026-01-02T05:54:00Z,96.23365260,False
2026-01-02T05:55:00Z,98.99540880,False
2026-01-02T05:56:00Z,98.26310202,False
2026-01-02T05:57:00Z,98.68527842,False
2026-01-02T05:58:00Z,99.93756602,False
2026-01-02T05:59:00Z,99.11676053,False
2026-01-02T06:00:00Z,109.71212670,True
2026-01-02T06:01:00Z,97.79287211,False
2026-01-02T06:02:00Z,96.83465786,False
2026-01-02T06:03:00Z,97.82877359,False
2026-01-02T06:04:00Z,98.02925576,False
2026-01-02T06:05:00Z,98.36920165,False
2026-01-02T06:06:00Z,98.25245870,False
2026-01-02T06:07:00Z,99.46857151,False
2026-01-02T06:08:00Z,98.74009805,False
2026-01-02T06:09:00Z,99.70898132,False
2026-01-02T06:10:00Z,99.43190169,False
2026-01-02T06:11:00Z,99.05943689,False
2026-01-02T06:12:00Z,97.85610416,False
2026-01-02T06:13:00Z,100.55756891,False
2026-01-02T06:14:00Z,97.81345734,False
2026-01-02T06:15:00Z,100.49105660,False
2026-01-02T06:16:00Z,98.62013837,False
2026-01-02T06:17:00Z,97.68778955,False
2026-01-02T06:18:00Z,100.65957600,False
2026-01-02T06:19:00Z,99.07726854,False
2026-01-02T06:20:00Z,98.35715982,False
2026-01-02T06:21:00Z,98.70767121,False
2026-01-02T06:22:00Z,100.32133978,False
2026-01-02T06:23:00Z,97.05587082,False
2026-01-02T06:24:00Z,98.59383881,False
2026-01-02T06:25:00Z,99.99083935,False
2026-01-02T06:26:00Z,97.99659857,False
2026-01-02T06:27:00Z,98.96040779,False
2026-01-02T06:28:00Z,97.20207462,False
2026-01-02T06:29:00Z,97.77888911,False
2026-01-02T06:30:00Z,98.73573301,False
2026-01-02T06:31:00Z,98.27783822,False
2026-01-02T06:32:00Z,98.04009030,False
2026-01-02T06:33:00Z,98.37382647,False
2026-01-02T06:34:00Z,100.00159598,False
2026-01-02T06:35:00Z,99.00937473,False
2026-01-02T06:36:00Z,99.65270240,False
2026-01-02T06:37:00Z,97.75500599,False
2026-01-02T06:38:00Z,98.62403435,False
2026-01-02T06:39:00Z,99.01941057,False
2026-01-02T06:40:00Z,97.19042445,False
2026-01-02T06:41:00Z,98.36520992,False
2026-01-02T06:42:00Z,97.74983146,False
2026-01-02T06:43:00Z,98.53214764,False
2026-01-02T06:44:00Z,98.44631258,False
2026-01-02T06:45:00Z,97.92015154,False
2026-01-02T06:46:00Z,98.82895818,False
2026-01-02T06:47:00Z,98.12933678,False
2026-01-02T06:48:00Z,96.53562658,False
2026-01-02T06:49:00Z,97.28888034,False
2026-01-02T06:50:00Z,98.79207166,False
2026-01-02T06:51:00Z,100.70282860,False
2026-01-02T06:52:00Z,98.90716701,False
2026-01-02T06:53:00Z,98.49774602,False
2026-01-02T06:54:00Z,97.57101130,False
2026-01-02T06:55:00Z,97.53620199,False
2026-01-02T06:56:00Z,99.22134416,False
2026-01-02T06:57:00Z,100.24746273,False
2026-01-02T06:58:00Z,98.50679578,False
2026-01-02T06:59:00Z,98.40913998,False
2026-01-02T07:00:00Z,99.25510103,False
2026-01-02T07:01:00Z,98.19454007,False
2026-01-02T07:02:00Z,98.24287858,False
2026-01-02T07:03:00Z,100.29666600,False
2026-01-02T07:04:00Z,99.89322785,False
2026-01-02T07:05:00Z,98.70263776,False
2026-01-02T07:06:00Z,97.98886814,False
2026-01-02T07:07:00Z,99.22347320,False
2026-01-02T07:08:00Z,99.33638319,False
2026-01-02T07:09:00Z,97.34878349,False
2026-01-02T07:10:00Z,98.35259781,False
2026-01-02T07:11:00Z,98.24796278,False
2026-01-02T07:12:00Z,99.36263675,False
2026-01-02T07:13:00Z,98.50568404,False
2026-01-02T07:14:00Z,99.39337385,False
2026-01-02T07:15:00Z,97.79835684,False
2026-01-02T07:16:00Z,100.37869897,False
2026-01-02T07:17:00Z,98.40762141,False
2026-01-02T07:18:00Z,97.46629287,False
2026-01-02T07:19:00Z,98.31582039,False
2026-01-02T07:20:00Z,100.01012139,False
2026-01-02T07:21:00Z,98.71740801,False
2026-01-02T07:22:00Z,98.35189164,False
2026-01-02T07:23:00Z,99.54605774,False
2026-01-02T07:24:00Z,99.06668239,False
2026-01-02T07:25:00Z,98.66149499,False
2026-01-02T07:26:00Z,99.89939104,False
2026-01-02T07:27:00Z,98.72537101,False
2026-01-02T07:28:00Z,100.24620551,False
2026-01-02T07:29:00Z,98.40822042,False
2026-01-02T07:30:00Z,98.69823459,False
2026-01-02T07:31:00Z,99.79328840,False
2026-01-02T07:32:00Z,101.07716072,False
2026-01-02T07:33:00Z,98.68928428,False
2026-01-02T07:34:00Z,99.94376989,False
2026-01-02T07:35:00Z,97.69126119,False
2026-01-02T07:36:00Z,99.83877670,False
2026-01-02T07:37:00Z,99.91101323,False
2026-01-02T07:38:00Z,97.46315429,False
2026-01-02T07:39:00Z,100.35012249,False
2026-01-02T07:40:00Z,99.26094700,False
2026-01-02T07:41:00Z,99.24593538,False
2026-01-02T07:42:00Z,99.71321481,False
2026-01-02T07:43:00Z,98.29845093,False
2026-01-02T07:44:00Z,99.08639591,False
2026-01-02T07:45:00Z,99.74119376,False
2026-01-02T07:46:00Z,97.44177749,False
2026-01-02T07:47:00Z,98.19691055,False
2026-01-02T07:48:00Z,98.71192728,False
2026-01-02T07:49:00Z,99.20584196,False
2026-01-02T07:50:00Z,98.87090405,False
2026-01-02T07:51:00Z,100.17801156,False
2026-01-02T07:52:00Z,98.73654731,False
2026-01-02T07:53:00Z,98.38577580,False
2026-01-02T07:54:00Z,99.10258340,False
2026-01-02T07:55:00Z,100.06029142,False
2026-01-02T07:56:00Z,98.42847968,False
2026-01-02T07:57:00Z,99.02199632,False
2026-01-02T07:58:00Z,100.43228331,False
2026-01-02T07:59:00Z,98.84325543,False
2026-01-02T08:00:00Z,100.02784584,False
2026-01-02T08:01:00Z,99.50922138,False
2026-01-02T08:02:00Z,98.97058225,False
2026-01-02T08:03:00Z,98.20489329,False
2026-01-02T08:04:00Z,99.80058096,False
2026-01-02T08:05:00Z,98.44865766,False
2026-01-02T08:06:00Z,98.43832922,False
2026-01-02T08:07:00Z,97.74714842,False
2026-01-02T08:08:00Z,97.85611623,False
2026-01-02T08:09:00Z,98.96024859,False
2026-01-02T08:10:00Z,98.80962129,False
2026-01-02T08:11:00Z,98.56978384,False
2026-01-02T08:12:00Z,99.52018485,False
2026-01-02T08:13:00Z,99.62715011,False
2026-01-02T08:14:00Z,98.73980625,False
2026-01-02T08:15:00Z,99.82722550,False
2026-01-02T08:16:00Z,99.93542049,False
2026-01-02T08:17:00Z,99.43765133,False
2026-01-02T08:18:00Z,98.30087357,False
2026-01-02T08:19:00Z,99.92927436,False
2026-01-02T08:20:00Z,98.42794150,False
2026-01-02T08:21:00Z,99.66276724,False
2026-01-02T08:22:00Z,101.46581743,False
2026-01-02T08:23:00Z,98.55425428,False
2026-01-02T08:24:00Z,100.01828102,False
2026-01-02T08:25:00Z,98.71732303,False
2026-01-02T08:26:00Z,99.93643870,False
2026-01-02T08:27:00Z,100.64657534,False
2026-01-02T08:28:00Z,99.49213171,False
2026-01-02T08:29:00Z,99.61648659,False
2026-01-02T08:30:00Z,98.88082880,False
2026-01-02T08:31:00Z,99.23460366,False
2026-01-02T08:32:00Z,98.76465307,False
2026-01-02T08:33:00Z,97.80377707,False
2026-01-02T08:34:00Z,99.90651304,False
2026-01-02T08:35:00Z,98.60726903,False
2026-01-02T08:36:00Z,98.41586280,False
2026-01-02T08:37:00Z,98.24006222,False
2026-01-02T08:38:00Z,99.53844329,False
2026-01-02T08:39:00Z,97.98388348,False
2026-01-02T08:40:00Z,97.77157631,False
2026-01-02T08:41:00Z,100.19935094,False
2026-01-02T08:42:00Z,99.80580860,False
2026-01-02T08:43:00Z,98.91361453,False
2026-01-02T08:44:00Z,100.34066374,False
2026-01-02T08:45:00Z,99.62484819,False
2026-01-02T08:46:00Z,98.43465749,False
2026-01-02T08:47:00Z,101.04564766,False
2026-01-02T08:48:00Z,99.90240356,False
2026-01-02T08:49:00Z,99.19992772,False
2026-01-02T08:50:00Z,99.58025230,False
2026-01-02T08:51:00Z,100.25147168,False
2026-01-02T08:52:00Z,99.64151990,False
2026-01-02T08:53:00Z,99.08078290,False
2026-01-02T08:54:00Z,97.87768582,False
2026-01-02T08:55:00Z,98.83448968,False
2026-01-02T08:56:00Z,98.93635315,False
2026-01-02T08:57:00Z,98.91853377,False
2026-01-02T08:58:00Z,101.13834911,False
2026-01-02T08:59:00Z,98.87387816,False
2026-01-02T09:00:00Z,98.16013069,False
2026-01-02T09:01:00Z,99.93141235,False
2026-01-02T09:02:00Z,99.41529222,False
2026-01-02T09:03:00Z,97.93700720,False
2026-01-02T09:04:00Z,99.06775009,False
2026-01-02T09:05:00Z,100.66299420,False
2026-01-02T09:06:00Z,99.49212931,False
2026-01-02T09:07:00Z,99.70334685,False
2026-01-02T09:08:00Z,102.01620301,False
2026-01-02T09:09:00Z,98.37097919,False
2026-01-02T09:10:00Z,99.78577420,False
2026-01-02T09:11:00Z,98.67747185,False
2026-01-02T09:12:00Z,99.98063364,False
2026-01-02T09:13:00Z,99.24544136,False
2026-01-02T09:14:00Z,100.04615671,False
2026-01-02T09:15:00Z,99.69311614,False
2026-01-02T09:16:00Z,98.20515321,False
2026-01-02T09:17:00Z,98.91717652,False
2026-01-02T09:18:00Z,99.31121116,False
2026-01-02T09:19:00Z,98.66454605,False
2026-01-02T09:20:00Z,100.23434587,False
2026-01-02T09:21:00Z,100.62266225,False
2026-01-02T09:22:00Z,100.15658461,False
2026-01-02T09:23:00Z,100.77893568,False
2026-01-02T09:24:00Z,98.54384360,False
2026-01-02T09:25:00Z,97.66537300,False
2026-01-02T09:26:00Z,99.41495185,False
2026-01-02T09:27:00Z,98.59685291,False
2026-01-02T09:28:00Z,100.39731059,False
2026-01-02T09:29:00Z,100.72837265,False
2026-01-02T09:30:00Z,99.34801287,False
2026-01-02T09:31:00Z,100.19443013,False
2026-01-02T09:32:00Z,98.67055489,False
2026-01-02T09:33:00Z,99.50352848,False
2026-01-02T09:34:00Z,99.63866571,False
2026-01-02T09:35:00Z,98.65251000,False
2026-01-02T09:36:00Z,97.99360539,False
2026-01-02T09:37:00Z,99.83621538,False
2026-01-02T09:38:00Z,99.95171629,False
2026-01-02T09:39:00Z,99.06163165,False
2026-01-02T09:40:00Z,100.57182998,False
2026-01-02T09:41:00Z,98.50963083,False
2026-01-02T09:42:00Z,100.37024037,False
2026-01-02T09:43:00Z,98.74108739,False
2026-01-02T09:44:00Z,100.30500176,False
2026-01-02T09:45:00Z,97.27801092,False
2026-01-02T09:46:00Z,98.97805963,False
2026-01-02T09:47:00Z,100.21282097,False
2026-01-02T09:48:00Z,99.19103541,False
2026-01-02T09:49:00Z,98.83799000,False
2026-01-02T09:50:00Z,100.63889979,False
2026-01-02T09:51:00Z,98.41124002,False
2026-01-02T09:52:00Z,99.67828397,False
2026-01-02T09:53:00Z,100.41871155,False
2026-01-02T09:54:00Z,98.52104117,False
2026-01-02T09:55:00Z,100.21587588,False
2026-01-02T09:56:00Z,99.75002329,False
2026-01-02T09:57:00Z,98.91021352,False
2026-01-02T09:58:00Z,98.35278567,False
2026-01-02T09:59:00Z,99.23913118,False
2026-01-02T10:00:00Z,99.32790854,False
2026-01-02T10:01:00Z,99.57262862,False
2026-01-02T10:02:00Z,99.88307645,False
2026-01-02T10:03:00Z,99.27681130,False
2026-01-02T10:04:00Z,99.22067114,False
2026-01-02T10:05:00Z,97.01818458,False
2026-01-02T10:06:00Z,99.23547194,False
2026-01-02T10:07:00Z,98.51335481,False
2026-01-02T10:08:00Z,100.82022639,False
2026-01-02T10:09:00Z,99.53592539,False
2026-01-02T10:10:00Z,99.13230962,False
2026-01-02T10:11:00Z,98.73828256,False
2026-01-02T10:12:00Z,99.14741076,False
2026-01-02T10:13:00Z,99.91218880,False
2026-01-02T10:14:00Z,101.48054712,False
2026-01-02T10:15:00Z,99.56227703,False
2026-01-02T10:16:00Z,99.87966954,False
2026-01-02T10:17:00Z,99.13370762,False
2026-01-02T10:18:00Z,99.76950504,False
2026-01-02T10:19:00Z,99.05925560,False
2026-01-02T10:20:00Z,100.41356455,False
2026-01-02T10:21:00Z,98.76495389,False
2026-01-02T10:22:00Z,98.65653505,False
2026-01-02T10:23:00Z,99.30835830,False
2026-01-02T10:24:00Z,100.04220029,False
2026-01-02T10:25:00Z,99.97188864,False
2026-01-02T10:26:00Z,99.93723108,False
2026-01-02T10:27:00Z,100.53019956,False
2026-01-02T10:28:00Z,101.32861560,False
2026-01-02T10:29:00Z,101.20960758,False
2026-01-02T10:30:00Z,100.34773705,False
2026-01-02T10:31:00Z,100.28418478,False
2026-01-02T10:32:00Z,99.95698517,False
2026-01-02T10:33:00Z,98.87718178,False
2026-01-02T10:34:00Z,99.61733880,False
2026-01-02T10:35:00Z,100.39002035,False
2026-01-02T10:36:00Z,99.33609819,False
2026-01-02T10:37:00Z,99.88920672,False
2026-01-02T10:38:00Z,98.74163435,False
2026-01-02T10:39:00Z,96.53463737,False
2026-01-02T10:40:00Z,99.74144610,False
2026-01-02T10:41:00Z,100.00149378,False
2026-01-02T10:42:00Z,100.68081651,False
2026-01-02T10:43:00Z,100.22883554,False
2026-01-02T10:44:00Z,97.26035219,False
2026-01-02T10:45:00Z,98.20679083,False
2026-01-02T10:46:00Z,98.97232397,False
2026-01-02T10:47:00Z,101.03697460,False
2026-01-02T10:48:00Z,98.91865903,False
2026-01-02T10:49:00Z,100.35782815,False
2026-01-02T10:50:00Z,97.86714561,False
2026-01-02T10:51:00Z,98.73230350,False
2026-01-02T10:52:00Z,99.57209053,False
2026-01-02T10:53:00Z,99.58072384,False
2026-01-02T10:54:00Z,99.20221636,False
2026-01-02T10:55:00Z,100.13095681,False
2026-01-02T10:56:00Z,99.24539308,False
2026-01-02T10:57:00Z,100.72040830,False
2026-01-02T10:58:00Z,100.22606853,False
2026-01-02T10:59:00Z,100.45751959,False
2026-01-02T11:00:00Z,90.16027833,True
2026-01-02T11:01:00Z,100.52389068,False
2026-01-02T11:02:00Z,100.38085497,False
2026-01-02T11:03:00Z,100.09909300,False
2026-01-02T11:04:00Z,102.32450442,False
2026-01-02T11:05:00Z,99.38962567,False
2026-01-02T11:06:00Z,99.47589590,False
2026-01-02T11:07:00Z,100.31609244,False
2026-01-02T11:08:00Z,100.57223260,False
2026-01-02T11:09:00Z,98.63564993,False
2026-01-02T11:10:00Z,99.48604894,False
2026-01-02T11:11:00Z,99.10210983,False
2026-01-02T11:12:00Z,100.99742075,False
2026-01-02T11:13:00Z,100.39372724,False
2026-01-02T11:14:00Z,101.05308440,False
2026-01-02T11:15:00Z,100.15027917,False
2026-01-02T11:16:00Z,100.74538803,False
2026-01-02T11:17:00Z,98.22441003,False
2026-01-02T11:18:00Z,98.99509941,False
2026-01-02T11:19:00Z,99.39628878,False
2026-01-02T11:20:00Z,101.71181492,False
2026-01-02T11:21:00Z,100.32469950,False
2026-01-02T11:22:00Z,100.21127411,False
2026-01-02T11:23:00Z,100.52033850,False
2026-01-02T11:24:00Z,100.74327497,False
2026-01-02T11:25:00Z,100.17924906,False
2026-01-02T11:26:00Z,99.45363709,False
2026-01-02T11:27:00Z,99.25042557,False
2026-01-02T11:28:00Z,99.93398878,False
2026-01-02T11:29:00Z,99.26488982,False
2026-01-02T11:30:00Z,98.66808606,False
2026-01-02T11:31:00Z,98.77059944,False
2026-01-02T11:32:00Z,98.65829848,False
2026-01-02T11:33:00Z,98.53119534,False
2026-01-02T11:34:00Z,99.98576057,False
2026-01-02T11:35:00Z,100.67839103,False
2026-01-02T11:36:00Z,101.00368300,False
2026-01-02T11:37:00Z,101.07146617,False
2026-01-02T11:38:00Z,100.40898969,False
2026-01-02T11:39:00Z,100.56088062,False
2026-01-02T11:40:00Z,99.56560754,False
2026-01-02T11:41:00Z,99.39960606,False
2026-01-02T11:42:00Z,100.15644702,False
2026-01-02T11:43:00Z,99.88183279,False
2026-01-02T11:44:00Z,98.30270195,False
2026-01-02T11:45:00Z,101.46370879,False
2026-01-02T11:46:00Z,100.24625272,False
2026-01-02T11:47:00Z,99.94763412,False
2026-01-02T11:48:00Z,99.24471168,False
2026-01-02T11:49:00Z,99.14696017,False
2026-01-02T11:50:00Z,101.78651934,False
2026-01-02T11:51:00Z,99.29503590,False
2026-01-02T11:52:00Z,100.20293191,False
2026-01-02T11:53:00Z,100.96233670,False
2026-01-02T11:54:00Z,97.77417325,False
2026-01-02T11:55:00Z,98.85907816,False
2026-01-02T11:56:00Z,99.12348001,False
2026-01-02T11:57:00Z,100.05057082,False
2026-01-02T11:58:00Z,100.75489898,False
2026-01-02T11:59:00Z,98.75789719,False
2026-01-02T12:00:00Z,102.11151577,False
2026-01-02T12:01:00Z,100.13417992,False
2026-01-02T12:02:00Z,100.48038659,False
2026-01-02T12:03:00Z,99.08306171,False
2026-01-02T12:04:00Z,100.85855622,False
2026-01-02T12:05:00Z,99.39757461,False
2026-01-02T12:06:00Z,100.43283014,False
2026-01-02T12:07:00Z,100.71374387,False
2026-01-02T12:08:00Z,100.51348805,False
2026-01-02T12:09:00Z,100.30186085,False
2026-01-02T12:10:00Z,99.27372235,False
2026-01-02T12:11:00Z,99.09604841,False
2026-01-02T12:12:00Z,100.62005828,False
2026-01-02T12:13:00Z,100.94817928,False
2026-01-02T12:14:00Z,102.14677634,False
2026-01-02T12:15:00Z,101.31338619,False
2026-01-02T12:16:00Z,102.11344629,False
2026-01-02T12:17:00Z,97.99124648,False
2026-01-02T12:18:00Z,99.95793189,False
2026-01-02T12:19:00Z,100.19738408,False
2026-01-02T12:20:00Z,101.02544462,False
2026-01-02T12:21:00Z,101.52424521,False
2026-01-02T12:22:00Z,99.18983561,False
2026-01-02T12:23:00Z,100.72396384,False
2026-01-02T12:24:00Z,98.94966385,False
2026-01-02T12:25:00Z,100.50478140,False
2026-01-02T12:26:00Z,101.80099485,False
2026-01-02T12:27:00Z,99.67688879,False
2026-01-02T12:28:00Z,98.77142912,False
2026-01-02T12:29:00Z,100.82280628,False
2026-01-02T12:30:00Z,98.33029290,False
2026-01-02T12:31:00Z,100.79880391,False
2026-01-02T12:32:00Z,99.71496771,False
2026-01-02T12:33:00Z,100.05905626,False
2026-01-02T12:34:00Z,98.77341250,False
2026-01-02T12:35:00Z,100.65535924,False
2026-01-02T12:36:00Z,102.26889276,False
2026-01-02T12:37:00Z,99.46349977,False
2026-01-02T12:38:00Z,99.57371591,False
2026-01-02T12:39:00Z,100.69215972,False
2026-01-02T12:40:00Z,100.17917101,False
2026-01-02T12:41:00Z,102.20051358,False
2026-01-02T12:42:00Z,101.50453813,False
2026-01-02T12:43:00Z,100.56108174,False
2026-01-02T12:44:00Z,100.52449963,False
2026-01-02T12:45:00Z,99.55353647,False
2026-01-02T12:46:00Z,103.87295748,False
2026-01-02T12:47:00Z,99.45887830,False
2026-01-02T12:48:00Z,100.85407811,False
2026-01-02T12:49:00Z,100.25684182,False
2026-01-02T12:50:00Z,101.73288123,False
2026-01-02T12:51:00Z,100.63175698,False
2026-01-02T12:52:00Z,100.30809022,False
2026-01-02T12:53:00Z,100.24826590,False
2026-01-02T12:54:00Z,101.60302005,False
2026-01-02T12:55:00Z,101.21548593,False
2026-01-02T12:56:00Z,101.10958363,False
2026-01-02T12:57:00Z,100.53138397,False
2026-01-02T12:58:00Z,101.42117359,False
2026-01-02T12:59:00Z,102.05976737,False
2026-01-02T13:00:00Z,100.15115423,False
2026-01-02T13:01:00Z,100.14672827,False
2026-01-02T13:02:00Z,100.59013600,False
2026-01-02T13:03:00Z,100.75398251,False
2026-01-02T13:04:00Z,99.89102465,False
2026-01-02T13:05:00Z,102.13865516,False
2026-01-02T13:06:00Z,99.98915717,False
2026-01-02T13:07:00Z,101.72122128,False
2026-01-02T13:08:00Z,101.03857434,False
2026-01-02T13:09:00Z,100.76768439,False
2026-01-02T13:10:00Z,101.34241902,False
2026-01-02T13:11:00Z,100.66489977,False
2026-01-02T13:12:00Z,100.15274257,False
2026-01-02T13:13:00Z,101.53907435,False
2026-01-02T13:14:00Z,99.39871995,False
2026-01-02T13:15:00Z,99.59629516,False
2026-01-02T13:16:00Z,100.39166742,False
2026-01-02T13:17:00Z,100.91295044,False
2026-01-02T13:18:00Z,100.15162367,False
2026-01-02T13:19:00Z,99.36689907,False
2026-01-02T13:20:00Z,101.39026409,False
2026-01-02T13:21:00Z,98.78030775,False
2026-01-02T13:22:00Z,100.41819305,False
2026-01-02T13:23:00Z,102.63752829,False
2026-01-02T13:24:00Z,100.60906376,False
2026-01-02T13:25:00Z,102.23100223,False
2026-01-02T13:26:00Z,102.14084073,False
2026-01-02T13:27:00Z,101.76273912,False
2026-01-02T13:28:00Z,99.93143009,False
2026-01-02T13:29:00Z,102.95390102,False
2026-01-02T13:30:00Z,101.74545103,False
2026-01-02T13:31:00Z,100.05914155,False
2026-01-02T13:32:00Z,100.83879692,False
2026-01-02T13:33:00Z,99.84991953,False
2026-01-02T13:34:00Z,100.32879458,False
2026-01-02T13:35:00Z,101.06974080,False
2026-01-02T13:36:00Z,99.69866584,False
2026-01-02T13:37:00Z,101.87543491,False
2026-01-02T13:38:00Z,99.71388011,False
2026-01-02T13:39:00Z,101.45352721,False
2026-01-02T13:40:00Z,101.16518181,False
2026-01-02T13:41:00Z,101.49665188,False
2026-01-02T13:42:00Z,101.18691637,False
2026-01-02T13:43:00Z,101.18798057,False
2026-01-02T13:44:00Z,102.77097832,False
2026-01-02T13:45:00Z,101.16411750,False
2026-01-02T13:46:00Z,99.78325935,False
2026-01-02T13:47:00Z,101.72451699,False
2026-01-02T13:48:00Z,100.15699500,False
2026-01-02T13:49:00Z,100.04383222,False
2026-01-02T13:50:00Z,100.45948835,False
2026-01-02T13:51:00Z,101.79136583,False
2026-01-02T13:52:00Z,101.12872072,False
2026-01-02T13:53:00Z,100.58149620,False
2026-01-02T13:54:00Z,100.78374293,False
2026-01-02T13:55:00Z,101.30396753,False
2026-01-02T13:56:00Z,102.42678589,False
2026-01-02T13:57:00Z,101.63078574,False
2026-01-02T13:58:00Z,100.14197993,False
2026-01-02T13:59:00Z,101.86637500,False
2026-01-02T14:00:00Z,102.08978519,False
2026-01-02T14:01:00Z,102.20709233,False
2026-01-02T14:02:00Z,100.45510000,False
2026-01-02T14:03:00Z,98.58461014,False
2026-01-02T14:04:00Z,99.44530340,False
2026-01-02T14:05:00Z,99.62632491,False
2026-01-02T14:06:00Z,101.31043991,False
2026-01-02T14:07:00Z,99.88874947,False
2026-01-02T14:08:00Z,101.59095908,False
2026-01-02T14:09:00Z,101.71069260,False
2026-01-02T14:10:00Z,100.63543462,False
2026-01-02T14:11:00Z,100.75855968,False
2026-01-02T14:12:00Z,100.97201360,False
2026-01-02T14:13:00Z,100.95752773,False
2026-01-02T14:14:00Z,100.12520301,False
2026-01-02T14:15:00Z,101.03262611,False
2026-01-02T14:16:00Z,100.94639712,False
2026-01-02T14:17:00Z,100.58674042,False
2026-01-02T14:18:00Z,100.76234069,False
2026-01-02T14:19:00Z,98.88465535,False
2026-01-02T14:20:00Z,101.57573834,False
2026-01-02T14:21:00Z,102.64379070,False
2026-01-02T14:22:00Z,101.93598609,False
2026-01-02T14:23:00Z,99.07530892,False
2026-01-02T14:24:00Z,99.12878827,False
2026-01-02T14:25:00Z,101.91028571,False
2026-01-02T14:26:00Z,102.55690385,False
2026-01-02T14:27:00Z,101.66642335,False
2026-01-02T14:28:00Z,102.92194002,False
2026-01-02T14:29:00Z,102.18578228,False
2026-01-02T14:30:00Z,100.61519271,False
2026-01-02T14:31:00Z,100.69030138,False
2026-01-02T14:32:00Z,101.07764345,False
2026-01-02T14:33:00Z,101.81098888,False
2026-01-02T14:34:00Z,101.39204393,False
2026-01-02T14:35:00Z,103.14499945,False
2026-01-02T14:36:00Z,99.40871294,False
2026-01-02T14:37:00Z,100.51247889,False
2026-01-02T14:38:00Z,101.28628099,False
2026-01-02T14:39:00Z,100.87459811,False
2026-01-02T14:40:00Z,101.26692182,False
2026-01-02T14:41:00Z,102.48131740,False
2026-01-02T14:42:00Z,102.10846426,False
2026-01-02T14:43:00Z,101.57310755,False
2026-01-02T14:44:00Z,100.98162425,False
2026-01-02T14:45:00Z,101.97132036,False
2026-01-02T14:46:00Z,99.10711202,False
2026-01-02T14:47:00Z,101.40855093,False
2026-01-02T14:48:00Z,102.37102275,False
2026-01-02T14:49:00Z,100.05041985,False
2026-01-02T14:50:00Z,101.31779977,False
2026-01-02T14:51:00Z,102.23135398,False
2026-01-02T14:52:00Z,102.79130998,False
2026-01-02T14:53:00Z,100.17105357,False
2026-01-02T14:54:00Z,102.96546803,False
2026-01-02T14:55:00Z,102.30343630,False
2026-01-02T14:56:00Z,100.38565228,False
2026-01-02T14:57:00Z,102.12088409,False
2026-01-02T14:58:00Z,101.13517970,False
2026-01-02T14:59:00Z,101.10624674,False
2026-01-02T15:00:00Z,101.32947004,False
2026-01-02T15:01:00Z,99.85266033,False
2026-01-02T15:02:00Z,102.54022491,False
2026-01-02T15:03:00Z,101.54513670,False
2026-01-02T15:04:00Z,102.84754307,False
2026-01-02T15:05:00Z,102.90188740,False
2026-01-02T15:06:00Z,101.03453693,False
2026-01-02T15:07:00Z,102.44938733,False
2026-01-02T15:08:00Z,101.47161199,False
2026-01-02T15:09:00Z,101.84969266,False
2026-01-02T15:10:00Z,103.24214994,False
2026-01-02T15:11:00Z,100.73064984,False
2026-01-02T15:12:00Z,99.82523449,False
2026-01-02T15:13:00Z,100.73527211,False
2026-01-02T15:14:00Z,101.52928359,False
2026-01-02T15:15:00Z,102.26228218,False
2026-01-02T15:16:00Z,100.21879129,False
2026-01-02T15:17:00Z,102.70969926,False
2026-01-02T15:18:00Z,101.28286838,False
2026-01-02T15:19:00Z,101.33564859,False
2026-01-02T15:20:00Z,101.83617347,False
2026-01-02T15:21:00Z,100.96642166,False
2026-01-02T15:22:00Z,100.18921549,False
2026-01-02T15:23:00Z,100.42644070,False
2026-01-02T15:24:00Z,101.41065017,False
2026-01-02T15:25:00Z,101.01880681,False
2026-01-02T15:26:00Z,99.79682491,False
2026-01-02T15:27:00Z,101.21100346,False
2026-01-02T15:28:00Z,100.84502214,False
2026-01-02T15:29:00Z,100.77589385,False
2026-01-02T15:30:00Z,100.54474538,False
2026-01-02T15:31:00Z,102.74244136,False
2026-01-02T15:32:00Z,101.74076671,False
2026-01-02T15:33:00Z,101.59928554,False
2026-01-02T15:34:00Z,101.19552698,False
2026-01-02T15:35:00Z,101.36751849,False
2026-01-02T15:36:00Z,102.29090476,False
2026-01-02T15:37:00Z,100.50588893,False
2026-01-02T15:38:00Z,101.73251742,False
2026-01-02T15:39:00Z,101.84613297,False
2026-01-02T15:40:00Z,101.13178878,False
2026-01-02T15:41:00Z,101.46822761,False
2026-01-02T15:42:00Z,100.70300153,False
2026-01-02T15:43:00Z,100.49457081,False
2026-01-02T15:44:00Z,100.61006597,False
2026-01-02T15:45:00Z,102.51221401,False
2026-01-02T15:46:00Z,101.00590914,False
2026-01-02T15:47:00Z,102.07381937,False
2026-01-02T15:48:00Z,101.99805575,False
2026-01-02T15:49:00Z,101.09422565,False
2026-01-02T15:50:00Z,100.48408245,False
2026-01-02T15:51:00Z,100.26289912,False
2026-01-02T15:52:00Z,101.69556866,False
2026-01-02T15:53:00Z,99.97387583,False
2026-01-02T15:54:00Z,101.84119108,False
2026-01-02T15:55:00Z,102.78375531,False
2026-01-02T15:56:00Z,100.64208599,False
2026-01-02T15:57:00Z,101.04623704,False
2026-01-02T15:58:00Z,102.67559923,False
2026-01-02T15:59:00Z,100.56807556,False
2026-01-02T16:00:00Z,112.87546046,True
2026-01-02T16:01:00Z,101.68117408,False
2026-01-02T16:02:00Z,101.95679181,False
2026-01-02T16:03:00Z,101.66044496,False
2026-01-02T16:04:00Z,101.14725294,False
2026-01-02T16:05:00Z,101.57251839,False
2026-01-02T16:06:00Z,102.86459708,False
2026-01-02T16:07:00Z,101.77370730,False
2026-01-02T16:08:00Z,100.91078720,False
2026-01-02T16:09:00Z,101.40139231,False
2026-01-02T16:10:00Z,102.14865547,False
2026-01-02T16:11:00Z,100.76425989,False
2026-01-02T16:12:00Z,100.90741315,False
2026-01-02T16:13:00Z,102.33167581,False
2026-01-02T16:14:00Z,100.98924434,False
2026-01-02T16:15:00Z,101.82584347,False
2026-01-02T16:16:00Z,101.28131023,False
2026-01-02T16:17:00Z,101.88942048,False
2026-01-02T16:18:00Z,102.43407146,False
2026-01-02T16:19:00Z,101.17545363,False
2026-01-02T16:20:00Z,101.61460498,False
2026-01-02T16:21:00Z,101.70579111,False
2026-01-02T16:22:00Z,102.46222828,False
2026-01-02T16:23:00Z,100.82821463,False
2026-01-02T16:24:00Z,102.08688088,False
2026-01-02T16:25:00Z,103.34079880,False
2026-01-02T16:26:00Z,101.63207215,False
2026-01-02T16:27:00Z,101.39811986,False
2026-01-02T16:28:00Z,101.69999158,False
2026-01-02T16:29:00Z,102.38133685,False
2026-01-02T16:30:00Z,104.58160557,False
2026-01-02T16:31:00Z,101.39766416,False
2026-01-02T16:32:00Z,102.58911046,False
2026-01-02T16:33:00Z,101.13420054,False
2026-01-02T16:34:00Z,101.23347720,False
2026-01-02T16:35:00Z,103.27440123,False
2026-01-02T16:36:00Z,101.95732833,False
2026-01-02T16:37:00Z,101.52798871,False
2026-01-02T16:38:00Z,101.56490146,False
2026-01-02T16:39:00Z,101.70583984,False
2026-01-02T16:40:00Z,101.80672269,False
2026-01-02T16:41:00Z,101.82369352,False
2026-01-02T16:42:00Z,99.56575822,False
2026-01-02T16:43:00Z,101.07827126,False
2026-01-02T16:44:00Z,101.00609262,False
2026-01-02T16:45:00Z,103.26698646,False
2026-01-02T16:46:00Z,101.64318619,False
2026-01-02T16:47:00Z,101.62561716,False
2026-01-02T16:48:00Z,99.28621509,False
2026-01-02T16:49:00Z,100.25404656,False
2026-01-02T16:50:00Z,102.63602751,False
2026-01-02T16:51:00Z,100.27739575,False
2026-01-02T16:52:00Z,102.68112247,False
2026-01-02T16:53:00Z,101.22522095,False
2026-01-02T16:54:00Z,100.50655106,False
2026-01-02T16:55:00Z,102.76115862,False
2026-01-02T16:56:00Z,101.15938337,False
2026-01-02T16:57:00Z,103.15888862,False
2026-01-02T16:58:00Z,101.62502014,False
2026-01-02T16:59:00Z,101.60380099,False
2026-01-02T17:00:00Z,100.74101981,False
2026-01-02T17:01:00Z,101.72182086,False
2026-01-02T17:02:00Z,102.42391387,False
2026-01-02T17:03:00Z,102.16165483,False
2026-01-02T17:04:00Z,101.21622889,False
2026-01-02T17:05:00Z,100.34293784,False
2026-01-02T17:06:00Z,101.08943513,False
2026-01-02T17:07:00Z,100.53935900,False
2026-01-02T17:08:00Z,102.62658706,False
2026-01-02T17:09:00Z,102.45995318,False
2026-01-02T17:10:00Z,101.32947557,False
2026-01-02T17:11:00Z,101.52829504,False
2026-01-02T17:12:00Z,101.58616973,False
2026-01-02T17:13:00Z,102.14209482,False
2026-01-02T17:14:00Z,101.77604772,False
2026-01-02T17:15:00Z,101.81629487,False
2026-01-02T17:16:00Z,100.28381709,False
2026-01-02T17:17:00Z,101.32768211,False
2026-01-02T17:18:00Z,102.11669109,False
2026-01-02T17:19:00Z,102.22610185,False
2026-01-02T17:20:00Z,102.00088438,False
2026-01-02T17:21:00Z,102.47198373,False
2026-01-02T17:22:00Z,101.93597764,False
2026-01-02T17:23:00Z,101.42503037,False
2026-01-02T17:24:00Z,101.47055205,False
2026-01-02T17:25:00Z,101.89156767,False
2026-01-02T17:26:00Z,102.20255367,False
2026-01-02T17:27:00Z,101.88687289,False
2026-01-02T17:28:00Z,101.78750606,False
2026-01-02T17:29:00Z,101.81759691,False
2026-01-02T17:30:00Z,101.15383145,False
2026-01-02T17:31:00Z,102.15217350,False
2026-01-02T17:32:00Z,102.15860075,False
2026-01-02T17:33:00Z,100.50358761,False
2026-01-02T17:34:00Z,100.79163669,False
2026-01-02T17:35:00Z,102.09155585,False
2026-01-02T17:36:00Z,102.01695392,False
2026-01-02T17:37:00Z,101.30720679,False
2026-01-02T17:38:00Z,101.47223326,False
2026-01-02T17:39:00Z,103.02347614,False
2026-01-02T17:40:00Z,102.81080279,False
2026-01-02T17:41:00Z,101.85147041,False
2026-01-02T17:42:00Z,102.12813928,False
2026-01-02T17:43:00Z,101.71118050,False
2026-01-02T17:44:00Z,103.33063378,False
2026-01-02T17:45:00Z,104.29353109,False
2026-01-02T17:46:00Z,102.96893440,False
2026-01-02T17:47:00Z,102.45768744,False
2026-01-02T17:48:00Z,103.12957054,False
2026-01-02T17:49:00Z,103.37240264,False
2026-01-02T17:50:00Z,101.59285915,False
2026-01-02T17:51:00Z,100.28987465,False
2026-01-02T17:52:00Z,102.85670541,False
2026-01-02T17:53:00Z,101.46176859,False
2026-01-02T17:54:00Z,102.11632161,False
2026-01-02T17:55:00Z,100.59187611,False
2026-01-02T17:56:00Z,102.51323528,False
2026-01-02T17:57:00Z,102.31332435,False
2026-01-02T17:58:00Z,104.19834896,False
2026-01-02T17:59:00Z,103.53803538,False
2026-01-02T18:00:00Z,102.05736188,False
2026-01-02T18:01:00Z,102.55875010,False
2026-01-02T18:02:00Z,101.43663606,False
2026-01-02T18:03:00Z,101.83244856,False
2026-01-02T18:04:00Z,100.91851444,False
2026-01-02T18:05:00Z,102.44804633,False
2026-01-02T18:06:00Z,101.97106913,False
2026-01-02T18:07:00Z,102.19805047,False
2026-01-02T18:08:00Z,100.53077580,False
2026-01-02T18:09:00Z,101.26216382,False
2026-01-02T18:10:00Z,101.33507178,False
2026-01-02T18:11:00Z,102.21210961,False
2026-01-02T18:12:00Z,101.64728994,False
2026-01-02T18:13:00Z,102.82008682,False
2026-01-02T18:14:00Z,102.94083999,False
2026-01-02T18:15:00Z,102.77168618,False
2026-01-02T18:16:00Z,101.93297350,False
2026-01-02T18:17:00Z,104.47086105,False
2026-01-02T18:18:00Z,102.45826357,False
2026-01-02T18:19:00Z,103.53909545,False
2026-01-02T18:20:00Z,101.36858222,False
2026-01-02T18:21:00Z,102.51966845,False
2026-01-02T18:22:00Z,100.39207694,False
2026-01-02T18:23:00Z,101.71536889,False
2026-01-02T18:24:00Z,102.82613893,False
2026-01-02T18:25:00Z,102.63452639,False
2026-01-02T18:26:00Z,103.06246743,False
2026-01-02T18:27:00Z,102.52765885,False
2026-01-02T18:28:00Z,100.77494143,False
2026-01-02T18:29:00Z,101.10696732,False
2026-01-02T18:30:00Z,101.63650572,False
2026-01-02T18:31:00Z,102.72542159,False
2026-01-02T18:32:00Z,103.37196782,False
2026-01-02T18:33:00Z,101.96020548,False
2026-01-02T18:34:00Z,102.33001136,False
2026-01-02T18:35:00Z,102.17506901,False
2026-01-02T18:36:00Z,102.78064582,False
2026-01-02T18:37:00Z,102.08406444,False
2026-01-02T18:38:00Z,106.02781415,False
2026-01-02T18:39:00Z,102.40105728,False
2026-01-02T18:40:00Z,100.84986461,False
2026-01-02T18:41:00Z,101.21464963,False
2026-01-02T18:42:00Z,101.66657836,False
2026-01-02T18:43:00Z,102.32214595,False
2026-01-02T18:44:00Z,102.35472448,False
2026-01-02T18:45:00Z,102.29178651,False
2026-01-02T18:46:00Z,102.86090995,False
2026-01-02T18:47:00Z,102.14896966,False
2026-01-02T18:48:00Z,102.57252290,False
2026-01-02T18:49:00Z,101.56985989,False
2026-01-02T18:50:00Z,104.39430016,False
2026-01-02T18:51:00Z,101.34457198,False
2026-01-02T18:52:00Z,100.06744095,False
2026-01-02T18:53:00Z,101.86670983,False
2026-01-02T18:54:00Z,99.04561185,False
2026-01-02T18:55:00Z,103.31788215,False
2026-01-02T18:56:00Z,101.35746476,False
2026-01-02T18:57:00Z,102.79961300,False
2026-01-02T18:58:00Z,102.34444373,False
2026-01-02T18:59:00Z,103.47737595,False
2026-01-02T19:00:00Z,101.20704102,False
2026-01-02T19:01:00Z,102.84799219,False
2026-01-02T19:02:00Z,102.67796822,False
2026-01-02T19:03:00Z,104.67077699,False
2026-01-02T19:04:00Z,104.13166406,False
2026-01-02T19:05:00Z,102.06133754,False
2026-01-02T19:06:00Z,102.02809881,False
2026-01-02T19:07:00Z,101.94756271,False
2026-01-02T19:08:00Z,104.10577733,False
2026-01-02T19:09:00Z,101.84796461,False
2026-01-02T19:10:00Z,101.90469095,False
2026-01-02T19:11:00Z,101.65255437,False
2026-01-02T19:12:00Z,103.59510594,False
2026-01-02T19:13:00Z,102.25606360,False
2026-01-02T19:14:00Z,102.91563710,False
2026-01-02T19:15:00Z,103.91803189,False
2026-01-02T19:16:00Z,102.51164263,False
2026-01-02T19:17:00Z,103.69578430,False
2026-01-02T19:18:00Z,101.34169751,False
2026-01-02T19:19:00Z,102.65012406,False
2026-01-02T19:20:00Z,101.65573564,False
2026-01-02T19:21:00Z,101.83828306,False
2026-01-02T19:22:00Z,101.67030789,False
2026-01-02T19:23:00Z,101.88321233,False
2026-01-02T19:24:00Z,102.53574663,False
2026-01-02T19:25:00Z,102.90528490,False
2026-01-02T19:26:00Z,104.64575370,False
2026-01-02T19:27:00Z,103.67026819,False
2026-01-02T19:28:00Z,102.32889324,False
2026-01-02T19:29:00Z,104.39632304,False
2026-01-02T19:30:00Z,102.87372602,False
2026-01-02T19:31:00Z,100.75367772,False
2026-01-02T19:32:00Z,100.25598656,False
2026-01-02T19:33:00Z,100.89309344,False
2026-01-02T19:34:00Z,102.53681071,False
2026-01-02T19:35:00Z,101.37048302,False
2026-01-02T19:36:00Z,102.39149593,False
2026-01-02T19:37:00Z,103.54168862,False
2026-01-02T19:38:00Z,102.85589746,False
2026-01-02T19:39:00Z,100.95451890,False
2026-01-02T19:40:00Z,104.19204463,False
2026-01-02T19:41:00Z,102.75093406,False
2026-01-02T19:42:00Z,101.52922357,False
2026-01-02T19:43:00Z,101.45748722,False
2026-01-02T19:44:00Z,101.31349905,False
2026-01-02T19:45:00Z,102.85925598,False
2026-01-02T19:46:00Z,104.28622659,False
2026-01-02T19:47:00Z,102.58093729,False
2026-01-02T19:48:00Z,102.06731266,False
2026-01-02T19:49:00Z,101.62918867,False
2026-01-02T19:50:00Z,102.88473912,False
2026-01-02T19:51:00Z,104.19402817,False
2026-01-02T19:52:00Z,102.77284708,False
2026-01-02T19:53:00Z,102.09316113,False
2026-01-02T19:54:00Z,101.59628984,False
2026-01-02T19:55:00Z,104.01400109,False
2026-01-02T19:56:00Z,102.91922259,False
2026-01-02T19:57:00Z,103.08793032,False
2026-01-02T19:58:00Z,101.06288601,False
2026-01-02T19:59:00Z,102.26300376,False
2026-01-02T20:00:00Z,101.46382738,False
2026-01-02T20:01:00Z,100.28334987,False
2026-01-02T20:02:00Z,101.63388226,False
2026-01-02T20:03:00Z,102.02127508,False
2026-01-02T20:04:00Z,103.20243519,False
2026-01-02T20:05:00Z,101.54723768,False
2026-01-02T20:06:00Z,103.14916830,False
2026-01-02T20:07:00Z,103.90103000,False
2026-01-02T20:08:00Z,101.51216973,False
2026-01-02T20:09:00Z,100.18174325,False
2026-01-02T20:10:00Z,102.42000006,False
2026-01-02T20:11:00Z,102.87444104,False
2026-01-02T20:12:00Z,102.13915983,False
2026-01-02T20:13:00Z,103.15176809,False
2026-01-02T20:14:00Z,101.84240595,False
2026-01-02T20:15:00Z,101.41597418,False
2026-01-02T20:16:00Z,102.79843066,False
2026-01-02T20:17:00Z,101.17193570,False
2026-01-02T20:18:00Z,100.47928304,False
2026-01-02T20:19:00Z,100.92019665,False
2026-01-02T20:20:00Z,103.40033800,False
2026-01-02T20:21:00Z,102.41054780,False
2026-01-02T20:22:00Z,102.60193644,False
2026-01-02T20:23:00Z,102.43023712,False
2026-01-02T20:24:00Z,101.89051920,False
2026-01-02T20:25:00Z,102.34596511,False
2026-01-02T20:26:00Z,101.45230308,False
2026-01-02T20:27:00Z,104.00364482,False
2026-01-02T20:28:00Z,102.47648969,False
2026-01-02T20:29:00Z,101.63927197,False
2026-01-02T20:30:00Z,100.95665760,False
2026-01-02T20:31:00Z,102.93510383,False
2026-01-02T20:32:00Z,101.04716805,False
2026-01-02T20:33:00Z,101.44810885,False
2026-01-02T20:34:00Z,102.85092367,False
2026-01-02T20:35:00Z,102.64818873,False
2026-01-02T20:36:00Z,102.40095887,False
2026-01-02T20:37:00Z,102.26173088,False
2026-01-02T20:38:00Z,103.86045662,False
2026-01-02T20:39:00Z,103.88607444,False
2026-01-02T20:40:00Z,101.73066899,False
2026-01-02T20:41:00Z,100.90660831,False
2026-01-02T20:42:00Z,103.91364588,False
2026-01-02T20:43:00Z,102.80125951,False
2026-01-02T20:44:00Z,100.68372996,False
2026-01-02T20:45:00Z,102.59537977,False
2026-01-02T20:46:00Z,101.76023169,False
2026-01-02T20:47:00Z,102.76378059,False
2026-01-02T20:48:00Z,102.13067192,False
2026-01-02T20:49:00Z,102.75431161,False
2026-01-02T20:50:00Z,101.60445768,False
2026-01-02T20:51:00Z,101.94793208,False
2026-01-02T20:52:00Z,101.49107091,False
2026-01-02T20:53:00Z,102.32857749,False
2026-01-02T20:54:00Z,100.31804338,False
2026-01-02T20:55:00Z,102.25355372,False
2026-01-02T20:56:00Z,102.50368460,False
2026-01-02T20:57:00Z,102.25094156,False
2026-01-02T20:58:00Z,102.99993773,False
2026-01-02T20:59:00Z,104.55871532,False
2026-01-02T21:00:00Z,103.08197913,False
2026-01-02T21:01:00Z,102.35732187,False
2026-01-02T21:02:00Z,102.40357910,False
2026-01-02T21:03:00Z,102.35132087,False
2026-01-02T21:04:00Z,102.60060907,False
2026-01-02T21:05:00Z,103.29874163,False
2026-01-02T21:06:00Z,102.47108557,False
2026-01-02T21:07:00Z,103.11960647,False
2026-01-02T21:08:00Z,100.58671320,False
2026-01-02T21:09:00Z,104.58234364,False
2026-01-02T21:10:00Z,100.94202156,False
2026-01-02T21:11:00Z,102.90723139,False
2026-01-02T21:12:00Z,100.37623132,False
2026-01-02T21:13:00Z,102.62399737,False
2026-01-02T21:14:00Z,105.61092963,False
2026-01-02T21:15:00Z,102.57150510,False
2026-01-02T21:16:00Z,104.46962636,False
2026-01-02T21:17:00Z,102.06739963,False
2026-01-02T21:18:00Z,101.68710575,False
2026-01-02T21:19:00Z,102.29043631,False
2026-01-02T21:20:00Z,101.04550179,False
2026-01-02T21:21:00Z,103.42102882,False
2026-01-02T21:22:00Z,99.00625583,False
2026-01-02T21:23:00Z,102.50959393,False
2026-01-02T21:24:00Z,102.88463756,False
2026-01-02T21:25:00Z,103.50463664,False
2026-01-02T21:26:00Z,101.86009369,False
2026-01-02T21:27:00Z,103.50128299,False
2026-01-02T21:28:00Z,101.16950016,False
2026-01-02T21:29:00Z,103.21918925,False
2026-01-02T21:30:00Z,103.62940848,False
2026-01-02T21:31:00Z,102.43433350,False
2026-01-02T21:32:00Z,102.73194215,False
2026-01-02T21:33:00Z,103.09985931,False
2026-01-02T21:34:00Z,99.96093937,False
2026-01-02T21:35:00Z,103.45917165,False
2026-01-02T21:36:00Z,102.12818733,False
2026-01-02T21:37:00Z,102.06845906,False
2026-01-02T21:38:00Z,102.89461528,False
2026-01-02T21:39:00Z,101.96536529,False
2026-01-02T21:40:00Z,102.67251148,False
2026-01-02T21:41:00Z,101.54982179,False
2026-01-02T21:42:00Z,102.82923413,False
2026-01-02T21:43:00Z,101.09514308,False
2026-01-02T21:44:00Z,104.08867113,False
2026-01-02T21:45:00Z,104.40626285,False
2026-01-02T21:46:00Z,103.34905722,False
2026-01-02T21:47:00Z,101.38207013,False
2026-01-02T21:48:00Z,102.80763306,False
2026-01-02T21:49:00Z,101.49800902,False
2026-01-02T21:50:00Z,102.31176110,False
2026-01-02T21:51:00Z,104.50251999,False
2026-01-02T21:52:00Z,102.51084362,False
2026-01-02T21:53:00Z,102.45898730,False
2026-01-02T21:54:00Z,101.17512325,False
2026-01-02T21:55:00Z,102.57160553,False
2026-01-02T21:56:00Z,102.64757533,False
2026-01-02T21:57:00Z,103.46848127,False
2026-01-02T21:58:00Z,101.74523691,False
2026-01-02T21:59:00Z,101.95740997,False
2026-01-02T22:00:00Z,102.30769108,False
2026-01-02T22:01:00Z,101.90433883,False
2026-01-02T22:02:00Z,103.43134256,False
2026-01-02T22:03:00Z,101.32827390,False
2026-01-02T22:04:00Z,102.86541943,False
2026-01-02T22:05:00Z,104.06208575,False
2026-01-02T22:06:00Z,102.90322656,False
2026-01-02T22:07:00Z,102.26450623,False
2026-01-02T22:08:00Z,102.22894037,False
2026-01-02T22:09:00Z,101.72399957,False
2026-01-02T22:10:00Z,103.19958316,False
2026-01-02T22:11:00Z,103.47500253,False
2026-01-02T22:12:00Z,102.27647925,False
2026-01-02T22:13:00Z,104.91769893,False
2026-01-02T22:14:00Z,102.06122398,False
2026-01-02T22:15:00Z,101.88622600,False
2026-01-02T22:16:00Z,102.67370575,False
2026-01-02T22:17:00Z,102.10340007,False
2026-01-02T22:18:00Z,101.88817798,False
2026-01-02T22:19:00Z,104.64124179,False
2026-01-02T22:20:00Z,100.42744723,False
2026-01-02T22:21:00Z,101.90650581,False
2026-01-02T22:22:00Z,101.44761885,False
2026-01-02T22:23:00Z,102.38491165,False
2026-01-02T22:24:00Z,101.71178122,False
2026-01-02T22:25:00Z,103.89970557,False
2026-01-02T22:26:00Z,103.35360754,False
2026-01-02T22:27:00Z,102.85671939,False
2026-01-02T22:28:00Z,101.87486415,False
2026-01-02T22:29:00Z,103.32601440,False
2026-01-02T22:30:00Z,102.17602153,False
2026-01-02T22:31:00Z,101.96118607,False
2026-01-02T22:32:00Z,102.41566250,False
2026-01-02T22:33:00Z,102.65551622,False
2026-01-02T22:34:00Z,102.50068132,False
2026-01-02T22:35:00Z,102.95936168,False
2026-01-02T22:36:00Z,104.17667967,False
2026-01-02T22:37:00Z,101.43464090,False
2026-01-02T22:38:00Z,101.67618602,False
2026-01-02T22:39:00Z,103.02959686,False
2026-01-02T22:40:00Z,101.45018233,False
2026-01-02T22:41:00Z,101.48368800,False
2026-01-02T22:42:00Z,106.04426875,False
2026-01-02T22:43:00Z,102.35122833,False
2026-01-02T22:44:00Z,102.36640635,False
2026-01-02T22:45:00Z,102.57011502,False
2026-01-02T22:46:00Z,102.05021745,False
2026-01-02T22:47:00Z,102.51645888,False
2026-01-02T22:48:00Z,101.98862008,False
2026-01-02T22:49:00Z,101.81891809,False
2026-01-02T22:50:00Z,103.83479089,False
2026-01-02T22:51:00Z,102.22732742,False
2026-01-02T22:52:00Z,101.41085461,False
2026-01-02T22:53:00Z,101.77186963,False
2026-01-02T22:54:00Z,104.03069452,False
2026-01-02T22:55:00Z,101.59826306,False
2026-01-02T22:56:00Z,103.04135095,False
2026-01-02T22:57:00Z,102.89311113,False
2026-01-02T22:58:00Z,103.82776799,False
2026-01-02T22:59:00Z,103.17640735,False
2026-01-02T23:00:00Z,103.38275907,False
2026-01-02T23:01:00Z,104.74146089,False
2026-01-02T23:02:00Z,103.46680450,False
2026-01-02T23:03:00Z,102.49528417,False
2026-01-02T23:04:00Z,102.59288588,False
2026-01-02T23:05:00Z,102.88632582,False
2026-01-02T23:06:00Z,101.96555166,False
2026-01-02T23:07:00Z,101.94877924,False
2026-01-02T23:08:00Z,102.86800617,False
2026-01-02T23:09:00Z,103.12516769,False
2026-01-02T23:10:00Z,105.04634955,False
2026-01-02T23:11:00Z,103.72481093,False
2026-01-02T23:12:00Z,104.39406995,False
2026-01-02T23:13:00Z,101.33249024,False
2026-01-02T23:14:00Z,101.17004681,False
2026-01-02T23:15:00Z,101.53184126,False
2026-01-02T23:16:00Z,102.92363015,False
2026-01-02T23:17:00Z,101.57484317,False
2026-01-02T23:18:00Z,103.79977473,False
2026-01-02T23:19:00Z,101.30258956,False
2026-01-02T23:20:00Z,102.20101880,False
2026-01-02T23:21:00Z,102.57335171,False
2026-01-02T23:22:00Z,104.34581416,False
2026-01-02T23:23:00Z,104.58946275,False
2026-01-02T23:24:00Z,101.88328245,False
2026-01-02T23:25:00Z,102.73368085,False
2026-01-02T23:26:00Z,102.57724281,False
2026-01-02T23:27:00Z,102.70783608,False
2026-01-02T23:28:00Z,103.79381125,False
2026-01-02T23:29:00Z,101.79949839,False
2026-01-02T23:30:00Z,101.63359372,False
2026-01-02T23:31:00Z,102.68552310,False
2026-01-02T23:32:00Z,101.53000442,False
2026-01-02T23:33:00Z,102.70433864,False
2026-01-02T23:34:00Z,99.96107742,False
2026-01-02T23:35:00Z,101.66223070,False
2026-01-02T23:36:00Z,103.22339495,False
2026-01-02T23:37:00Z,101.12612684,False
2026-01-02T23:38:00Z,101.70425978,False
2026-01-02T23:39:00Z,103.91245269,False
2026-01-02T23:40:00Z,104.27325941,False
2026-01-02T23:41:00Z,101.55681641,False
2026-01-02T23:42:00Z,101.96818050,False
2026-01-02T23:43:00Z,102.49925953,False
2026-01-02T23:44:00Z,102.53456511,False
2026-01-02T23:45:00Z,103.22413879,False
2026-01-02T23:46:00Z,101.77925063,False
2026-01-02T23:47:00Z,101.74994819,False
2026-01-02T23:48:00Z,101.70645918,False
2026-01-02T23:49:00Z,100.75061610,False
2026-01-02T23:50:00Z,101.17038848,False
2026-01-02T23:51:00Z,102.02030143,False
2026-01-02T23:52:00Z,101.29697110,False
2026-01-02T23:53:00Z,101.73361543,False
2026-01-02T23:54:00Z,103.58104556,False
2026-01-02T23:55:00Z,103.27453470,False
2026-01-02T23:56:00Z,102.58402545,False
2026-01-02T23:57:00Z,103.72026785,False
2026-01-02T23:58:00Z,102.38605016,False
2026-01-02T23:59:00Z,101.91876604,False
2026-01-03T00:00:00Z,103.05323904,False
2026-01-03T00:01:00Z,103.47291817,False
2026-01-03T00:02:00Z,103.09915056,False
2026-01-03T00:03:00Z,102.76023093,False
2026-01-03T00:04:00Z,102.56455689,False
2026-01-03T00:05:00Z,103.43940412,False
2026-01-03T00:06:00Z,100.72111041,False
2026-01-03T00:07:00Z,100.20132757,False
2026-01-03T00:08:00Z,102.26901670,False
2026-01-03T00:09:00Z,101.83966428,False
2026-01-03T00:10:00Z,105.23411842,False
2026-01-03T00:11:00Z,101.80903269,False
2026-01-03T00:12:00Z,102.46104367,False
2026-01-03T00:13:00Z,102.65421630,False
2026-01-03T00:14:00Z,103.00260086,False
2026-01-03T00:15:00Z,101.77144001,False
2026-01-03T00:16:00Z,102.92729516,False
2026-01-03T00:17:00Z,102.02681072,False
2026-01-03T00:18:00Z,101.87338012,False
2026-01-03T00:19:00Z,103.82385576,False
2026-01-03T00:20:00Z,101.36984735,False
2026-01-03T00:21:00Z,101.88245180,False
2026-01-03T00:22:00Z,101.14744053,False
2026-01-03T00:23:00Z,101.96105786,False
2026-01-03T00:24:00Z,101.83712927,False
2026-01-03T00:25:00Z,103.44140707,False
2026-01-03T00:26:00Z,102.40414295,False
2026-01-03T00:27:00Z,103.76272853,False
2026-01-03T00:28:00Z,102.41469477,False
2026-01-03T00:29:00Z,100.83777984,False
2026-01-03T00:30:00Z,104.59542540,False
2026-01-03T00:31:00Z,100.66931900,False
2026-01-03T00:32:00Z,101.90512841,False
2026-01-03T00:33:00Z,102.19946471,False
2026-01-03T00:34:00Z,103.28398952,False
2026-01-03T00:35:00Z,102.43349745,False
2026-01-03T00:36:00Z,102.76399642,False
2026-01-03T00:37:00Z,104.02489364,False
2026-01-03T00:38:00Z,103.45299827,False
2026-01-03T00:39:00Z,104.59329234,False
2026-01-03T00:40:00Z,102.55310389,False
2026-01-03T00:41:00Z,102.29852623,False
2026-01-03T00:42:00Z,101.10666495,False
2026-01-03T00:43:00Z,101.78440602,False
2026-01-03T00:44:00Z,101.74833037,False
2026-01-03T00:45:00Z,104.12871693,False
2026-01-03T00:46:00Z,102.71476160,False
2026-01-03T00:47:00Z,103.05704000,False
2026-01-03T00:48:00Z,100.92614158,False
2026-01-03T00:49:00Z,103.17181468,False
2026-01-03T00:50:00Z,101.07863128,False
2026-01-03T00:51:00Z,102.47608326,False
2026-01-03T00:52:00Z,101.78695311,False
2026-01-03T00:53:00Z,103.01032707,False
2026-01-03T00:54:00Z,103.30650582,False
2026-01-03T00:55:00Z,104.10527485,False
2026-01-03T00:56:00Z,101.20776004,False
2026-01-03T00:57:00Z,103.27074794,False
2026-01-03T00:58:00Z,102.78958264,False
2026-01-03T00:59:00Z,102.42085066,False
2026-01-03T01:00:00Z,102.22987263,False
2026-01-03T01:01:00Z,102.78762309,False
2026-01-03T01:02:00Z,102.96327957,False
2026-01-03T01:03:00Z,103.64036798,False
2026-01-03T01:04:00Z,101.45387659,False
2026-01-03T01:05:00Z,101.97158591,False
2026-01-03T01:06:00Z,101.77715743,False
2026-01-03T01:07:00Z,102.25812312,False
2026-01-03T01:08:00Z,102.09501247,False
2026-01-03T01:09:00Z,99.33639115,False
2026-01-03T01:10:00Z,100.88205276,False
2026-01-03T01:11:00Z,103.24179593,False
2026-01-03T01:12:00Z,102.69191686,False
2026-01-03T01:13:00Z,103.06547033,False
2026-01-03T01:14:00Z,101.91903879,False
2026-01-03T01:15:00Z,103.07076811,False
2026-01-03T01:16:00Z,101.12569817,False
2026-01-03T01:17:00Z,102.74544046,False
2026-01-03T01:18:00Z,102.29570374,False
2026-01-03T01:19:00Z,102.02412002,False
2026-01-03T01:20:00Z,101.99949072,False
2026-01-03T01:21:00Z,101.98532004,False
2026-01-03T01:22:00Z,101.61053183,False
2026-01-03T01:23:00Z,102.57408529,False
2026-01-03T01:24:00Z,101.31593448,False
2026-01-03T01:25:00Z,102.47188769,False
2026-01-03T01:26:00Z,102.92680274,False
2026-01-03T01:27:00Z,103.14899268,False
2026-01-03T01:28:00Z,103.43722545,False
2026-01-03T01:29:00Z,100.96709362,False
2026-01-03T01:30:00Z,102.34515167,False
2026-01-03T01:31:00Z,103.62696974,False
2026-01-03T01:32:00Z,101.88438751,False
2026-01-03T01:33:00Z,103.70207911,False
2026-01-03T01:34:00Z,99.53380811,False
2026-01-03T01:35:00Z,102.50959372,False
2026-01-03T01:36:00Z,103.53914261,False
2026-01-03T01:37:00Z,102.65756990,False
2026-01-03T01:38:00Z,103.11742018,False
2026-01-03T01:39:00Z,104.82690301,False
2026-01-03T01:40:00Z,100.30171987,False
2026-01-03T01:41:00Z,100.90585260,False
2026-01-03T01:42:00Z,100.33839068,False
2026-01-03T01:43:00Z,101.52667580,False
2026-01-03T01:44:00Z,101.15718508,False
2026-01-03T01:45:00Z,102.13516521,False
2026-01-03T01:46:00Z,100.72178219,False
2026-01-03T01:47:00Z,103.01686722,False
2026-01-03T01:48:00Z,100.99141356,False
2026-01-03T01:49:00Z,102.55550406,False
2026-01-03T01:50:00Z,102.09071310,False
2026-01-03T01:51:00Z,102.37919105,False
2026-01-03T01:52:00Z,102.02367074,False
2026-01-03T01:53:00Z,102.73158263,False
2026-01-03T01:54:00Z,102.92790110,False
2026-01-03T01:55:00Z,103.50394065,False
2026-01-03T01:56:00Z,102.04308596,False
2026-01-03T01:57:00Z,102.17300579,False
2026-01-03T01:58:00Z,101.54919826,False
2026-01-03T01:59:00Z,101.22854735,False
2026-01-03T02:00:00Z,103.14630945,False
2026-01-03T02:01:00Z,100.16795680,False
2026-01-03T02:02:00Z,102.72773336,False
2026-01-03T02:03:00Z,99.85511411,False
2026-01-03T02:04:00Z,103.17621979,False
2026-01-03T02:05:00Z,101.94343606,False
2026-01-03T02:06:00Z,100.71074158,False
2026-01-03T02:07:00Z,101.40839914,False
2026-01-03T02:08:00Z,102.37828240,False
2026-01-03T02:09:00Z,101.99301824,False
2026-01-03T02:10:00Z,101.38911812,False
2026-01-03T02:11:00Z,101.38311308,False
2026-01-03T02:12:00Z,103.12131132,False
2026-01-03T02:13:00Z,101.89496380,False
2026-01-03T02:14:00Z,102.87305932,False
2026-01-03T02:15:00Z,103.19030010,False
2026-01-03T02:16:00Z,102.12177597,False
2026-01-03T02:17:00Z,101.20085305,False
2026-01-03T02:18:00Z,101.05486171,False
2026-01-03T02:19:00Z,101.90367583,False
2026-01-03T02:20:00Z,102.75481972,False
2026-01-03T02:21:00Z,102.54547332,False
2026-01-03T02:22:00Z,101.55520814,False
2026-01-03T02:23:00Z,103.08885752,False
2026-01-03T02:24:00Z,100.37027445,False
2026-01-03T02:25:00Z,99.80027579,False
2026-01-03T02:26:00Z,102.85526113,False
2026-01-03T02:27:00Z,101.79560893,False
2026-01-03T02:28:00Z,102.12507726,False
2026-01-03T02:29:00Z,103.14806372,False
2026-01-03T02:30:00Z,101.84180220,False
2026-01-03T02:31:00Z,103.68045893,False
2026-01-03T02:32:00Z,101.28581447,False
2026-01-03T02:33:00Z,103.23009655,False
2026-01-03T02:34:00Z,100.63723695,False
2026-01-03T02:35:00Z,101.20719503,False
2026-01-03T02:36:00Z,99.91677642,False
2026-01-03T02:37:00Z,101.71260809,False
2026-01-03T02:38:00Z,101.58985736,False
2026-01-03T02:39:00Z,102.11768029,False
2026-01-03T02:40:00Z,104.23119045,False
2026-01-03T02:41:00Z,101.90543964,False
2026-01-03T02:42:00Z,103.79241176,False
2026-01-03T02:43:00Z,103.06565436,False
2026-01-03T02:44:00Z,101.66761601,False
2026-01-03T02:45:00Z,102.76152249,False
2026-01-03T02:46:00Z,101.71584394,False
2026-01-03T02:47:00Z,102.90462805,False
2026-01-03T02:48:00Z,103.71372537,False
2026-01-03T02:49:00Z,101.90020884,False
2026-01-03T02:50:00Z,100.71814172,False
2026-01-03T02:51:00Z,100.28018927,False
2026-01-03T02:52:00Z,103.30325939,False
2026-01-03T02:53:00Z,102.26856039,False
2026-01-03T02:54:00Z,100.92548995,False
2026-01-03T02:55:00Z,102.64095145,False
2026-01-03T02:56:00Z,103.22102942,False
2026-01-03T02:57:00Z,100.67316606,False
2026-01-03T02:58:00Z,101.96874864,False
2026-01-03T02:59:00Z,101.91421356,False
2026-01-03T03:00:00Z,101.66797317,False
2026-01-03T03:01:00Z,102.63048885,False
2026-01-03T03:02:00Z,101.78957811,False
2026-01-03T03:03:00Z,101.37295000,False
2026-01-03T03:04:00Z,102.45775647,False
2026-01-03T03:05:00Z,103.26208791,False
2026-01-03T03:06:00Z,101.37686856,False
2026-01-03T03:07:00Z,102.40451333,False
2026-01-03T03:08:00Z,101.50117960,False
2026-01-03T03:09:00Z,101.38345196,False
2026-01-03T03:10:00Z,99.75723018,False
2026-01-03T03:11:00Z,100.67194105,False
2026-01-03T03:12:00Z,101.58112319,False
2026-01-03T03:13:00Z,101.12333826,False
2026-01-03T03:14:00Z,102.60967692,False
2026-01-03T03:15:00Z,101.23408546,False
2026-01-03T03:16:00Z,100.45858539,False
2026-01-03T03:17:00Z,102.96008448,False
2026-01-03T03:18:00Z,102.55609826,False
2026-01-03T03:19:00Z,103.19575184,False
2026-01-03T03:20:00Z,103.12601828,False
2026-01-03T03:21:00Z,103.07008499,False
2026-01-03T03:22:00Z,101.74640635,False
2026-01-03T03:23:00Z,103.41612339,False
2026-01-03T03:24:00Z,102.46349857,False
2026-01-03T03:25:00Z,100.02144308,False
2026-01-03T03:26:00Z,101.68285715,False
2026-01-03T03:27:00Z,102.85125796,False
2026-01-03T03:28:00Z,103.32589771,False
2026-01-03T03:29:00Z,102.34359385,False
2026-01-03T03:30:00Z,101.00745280,False
2026-01-03T03:31:00Z,100.66406391,False
2026-01-03T03:32:00Z,102.18055349,False
2026-01-03T03:33:00Z,101.92228010,False
2026-01-03T03:34:00Z,103.12305452,False
2026-01-03T03:35:00Z,101.41254434,False
2026-01-03T03:36:00Z,101.10665087,False
2026-01-03T03:37:00Z,103.31251282,False
2026-01-03T03:38:00Z,101.45253261,False
2026-01-03T03:39:00Z,100.54408338,False
2026-01-03T03:40:00Z,102.14647778,False
2026-01-03T03:41:00Z,103.30788817,False
2026-01-03T03:42:00Z,103.25438172,False
2026-01-03T03:43:00Z,101.38505596,False
2026-01-03T03:44:00Z,100.06922674,False
2026-01-03T03:45:00Z,101.26939240,False
2026-01-03T03:46:00Z,103.52792424,False
2026-01-03T03:47:00Z,102.25216642,False
2026-01-03T03:48:00Z,101.33862548,False
2026-01-03T03:49:00Z,100.69985614,False
2026-01-03T03:50:00Z,101.05688905,False
2026-01-03T03:51:00Z,101.31705146,False
2026-01-03T03:52:00Z,102.48579120,False
2026-01-03T03:53:00Z,101.08541753,False
2026-01-03T03:54:00Z,101.48199175,False
2026-01-03T03:55:00Z,101.65246802,False
2026-01-03T03:56:00Z,101.34470301,False
2026-01-03T03:57:00Z,100.11557479,False
2026-01-03T03:58:00Z,100.13667155,False
2026-01-03T03:59:00Z,103.05997381,False
2026-01-03T04:00:00Z,100.52284625,False
2026-01-03T04:01:00Z,102.78752297,False
2026-01-03T04:02:00Z,100.62569233,False
2026-01-03T04:03:00Z,101.80968446,False
2026-01-03T04:04:00Z,100.17764543,False
2026-01-03T04:05:00Z,100.48559448,False
2026-01-03T04:06:00Z,101.45085998,False
2026-01-03T04:07:00Z,100.81587724,False
2026-01-03T04:08:00Z,102.45539706,False
2026-01-03T04:09:00Z,102.98280699,False
2026-01-03T04:10:00Z,102.01837745,False
2026-01-03T04:11:00Z,102.90444605,False
2026-01-03T04:12:00Z,99.53124085,False
2026-01-03T04:13:00Z,100.53881957,False
2026-01-03T04:14:00Z,101.61012282,False
2026-01-03T04:15:00Z,101.21710001,False
2026-01-03T04:16:00Z,100.93881999,False
2026-01-03T04:17:00Z,101.19962107,False
2026-01-03T04:18:00Z,99.01625417,False
2026-01-03T04:19:00Z,103.50490392,False
2026-01-03T04:20:00Z,101.81057733,False
2026-01-03T04:21:00Z,101.05167976,False
2026-01-03T04:22:00Z,102.04002160,False
2026-01-03T04:23:00Z,101.51592194,False
2026-01-03T04:24:00Z,102.60331960,False
2026-01-03T04:25:00Z,101.58040615,False
2026-01-03T04:26:00Z,101.58862593,False
2026-01-03T04:27:00Z,101.75782906,False
2026-01-03T04:28:00Z,100.62569118,False
2026-01-03T04:29:00Z,101.50425261,False
2026-01-03T04:30:00Z,99.65675215,False
2026-01-03T04:31:00Z,100.26460378,False
2026-01-03T04:32:00Z,101.33124520,False
2026-01-03T04:33:00Z,100.72044269,False
2026-01-03T04:34:00Z,99.88218408,False
2026-01-03T04:35:00Z,102.52969896,False
2026-01-03T04:36:00Z,100.02942281,False
2026-01-03T04:37:00Z,101.81245564,False
2026-01-03T04:38:00Z,101.51232022,False
2026-01-03T04:39:00Z,100.71788657,False
2026-01-03T04:40:00Z,100.25120633,False
2026-01-03T04:41:00Z,102.33157526,False
2026-01-03T04:42:00Z,100.06794428,False
2026-01-03T04:43:00Z,101.76717541,False
2026-01-03T04:44:00Z,100.39535930,False
2026-01-03T04:45:00Z,102.70043757,False
2026-01-03T04:46:00Z,101.77959887,False
2026-01-03T04:47:00Z,99.09731517,False
2026-01-03T04:48:00Z,102.89191521,False
2026-01-03T04:49:00Z,100.70555063,False
2026-01-03T04:50:00Z,103.40334708,False
2026-01-03T04:51:00Z,100.94711422,False
2026-01-03T04:52:00Z,100.67476724,False
2026-01-03T04:53:00Z,100.57315495,False
2026-01-03T04:54:00Z,100.79151280,False
2026-01-03T04:55:00Z,100.82544015,False
2026-01-03T04:56:00Z,100.57199648,False
2026-01-03T04:57:00Z,101.33079637,False
2026-01-03T04:58:00Z,99.69587325,False
2026-01-03T04:59:00Z,103.09766687,False
2026-01-03T05:00:00Z,100.47636125,False
2026-01-03T05:01:00Z,101.93609184,False
2026-01-03T05:02:00Z,102.99166174,False
2026-01-03T05:03:00Z,101.35177272,False
2026-01-03T05:04:00Z,103.30453813,False
2026-01-03T05:05:00Z,101.72200405,False
2026-01-03T05:06:00Z,101.10955810,False
2026-01-03T05:07:00Z,101.18074200,False
2026-01-03T05:08:00Z,101.79207741,False
2026-01-03T05:09:00Z,100.23130963,False
2026-01-03T05:10:00Z,100.72260919,False
2026-01-03T05:11:00Z,100.25688653,False
2026-01-03T05:12:00Z,102.15250273,False
2026-01-03T05:13:00Z,101.40766088,False
2026-01-03T05:14:00Z,101.05211222,False
2026-01-03T05:15:00Z,101.98163437,False
2026-01-03T05:16:00Z,101.03452713,False
2026-01-03T05:17:00Z,102.33485477,False
2026-01-03T05:18:00Z,102.71355704,False
2026-01-03T05:19:00Z,100.70576112,False
2026-01-03T05:20:00Z,101.65156103,False
2026-01-03T05:21:00Z,102.19575905,False
2026-01-03T05:22:00Z,101.30453231,False
2026-01-03T05:23:00Z,99.58083909,False
2026-01-03T05:24:00Z,102.66890667,False
2026-01-03T05:25:00Z,102.76693062,False
2026-01-03T05:26:00Z,102.66861024,False
2026-01-03T05:27:00Z,101.30495639,False
2026-01-03T05:28:00Z,101.45123493,False
2026-01-03T05:29:00Z,102.33462590,False
2026-01-03T05:30:00Z,101.25302003,False
2026-01-03T05:31:00Z,100.24359966,False
2026-01-03T05:32:00Z,100.47724999,False
2026-01-03T05:33:00Z,101.27675911,False
2026-01-03T05:34:00Z,101.52212797,False
2026-01-03T05:35:00Z,100.81118241,False
2026-01-03T05:36:00Z,101.22281130,False
2026-01-03T05:37:00Z,102.54490130,False
2026-01-03T05:38:00Z,100.11163622,False
2026-01-03T05:39:00Z,102.61056531,False
2026-01-03T05:40:00Z,100.08663169,False
2026-01-03T05:41:00Z,101.50745141,False
2026-01-03T05:42:00Z,100.43713107,False
2026-01-03T05:43:00Z,101.17439425,False
2026-01-03T05:44:00Z,100.42909163,False
2026-01-03T05:45:00Z,101.86362338,False
2026-01-03T05:46:00Z,102.80124799,False
2026-01-03T05:47:00Z,101.20985714,False
2026-01-03T05:48:00Z,101.40070432,False
2026-01-03T05:49:00Z,100.31001743,False
2026-01-03T05:50:00Z,101.48030291,False
2026-01-03T05:51:00Z,101.90031562,False
2026-01-03T05:52:00Z,102.29785188,False
2026-01-03T05:53:00Z,101.17326476,False
2026-01-03T05:54:00Z,100.53498252,False
2026-01-03T05:55:00Z,100.75745817,False
2026-01-03T05:56:00Z,100.64374868,False
2026-01-03T05:57:00Z,100.91486284,False
2026-01-03T05:58:00Z,100.80366837,False
2026-01-03T05:59:00Z,99.79823187,False
2026-01-03T06:00:00Z,101.17401184,False
2026-01-03T06:01:00Z,102.48274822,False
2026-01-03T06:02:00Z,100.37172248,False
2026-01-03T06:03:00Z,99.17864439,False
2026-01-03T06:04:00Z,101.60040691,False
2026-01-03T06:05:00Z,99.96149774,False
2026-01-03T06:06:00Z,100.81472458,False
2026-01-03T06:07:00Z,100.81794345,False
2026-01-03T06:08:00Z,100.76259809,False
2026-01-03T06:09:00Z,99.45633883,False
2026-01-03T06:10:00Z,102.53639199,False
2026-01-03T06:11:00Z,101.29912836,False
2026-01-03T06:12:00Z,100.40095579,False
2026-01-03T06:13:00Z,102.02382789,False
2026-01-03T06:14:00Z,100.77128014,False
2026-01-03T06:15:00Z,102.45697293,False
2026-01-03T06:16:00Z,101.90471317,False
2026-01-03T06:17:00Z,101.65145045,False
2026-01-03T06:18:00Z,99.61709872,False
2026-01-03T06:19:00Z,102.09082419,False
2026-01-03T06:20:00Z,100.58556315,False
2026-01-03T06:21:00Z,99.75350547,False
2026-01-03T06:22:00Z,101.19756490,False
2026-01-03T06:23:00Z,100.83107726,False
2026-01-03T06:24:00Z,100.74958455,False
2026-01-03T06:25:00Z,103.15355640,False
2026-01-03T06:26:00Z,101.60921377,False
2026-01-03T06:27:00Z,100.08123526,False
2026-01-03T06:28:00Z,98.81389119,False
2026-01-03T06:29:00Z,101.79544862,False
2026-01-03T06:30:00Z,101.71168169,False
2026-01-03T06:31:00Z,101.46393839,False
2026-01-03T06:32:00Z,100.97764093,False
2026-01-03T06:33:00Z,100.62101905,False
2026-01-03T06:34:00Z,101.14549283,False
2026-01-03T06:35:00Z,100.15462598,False
2026-01-03T06:36:00Z,101.82617819,False
2026-01-03T06:37:00Z,100.62893328,False
2026-01-03T06:38:00Z,98.65946907,False
2026-01-03T06:39:00Z,100.91172128,False
2026-01-03T06:40:00Z,101.64753632,False
2026-01-03T06:41:00Z,101.77199511,False
2026-01-03T06:42:00Z,100.16302213,False
2026-01-03T06:43:00Z,99.10468299,False
2026-01-03T06:44:00Z,101.12760640,False
2026-01-03T06:45:00Z,99.12848036,False
2026-01-03T06:46:00Z,100.69705193,False
2026-01-03T06:47:00Z,100.97478968,False
2026-01-03T06:48:00Z,101.67982597,False
2026-01-03T06:49:00Z,100.27900239,False
2026-01-03T06:50:00Z,99.60488995,False
2026-01-03T06:51:00Z,101.38362094,False
2026-01-03T06:52:00Z,100.70062956,False
2026-01-03T06:53:00Z,101.47465043,False
2026-01-03T06:54:00Z,101.10338404,False
2026-01-03T06:55:00Z,99.94514982,False
2026-01-03T06:56:00Z,100.40661709,False
2026-01-03T06:57:00Z,100.91823293,False
2026-01-03T06:58:00Z,100.39914700,False
2026-01-03T06:59:00Z,100.36445159,False
2026-01-03T07:00:00Z,88.89398259,True
2026-01-03T07:01:00Z,103.25681079,False
2026-01-03T07:02:00Z,102.48286004,False
2026-01-03T07:03:00Z,101.50970503,False
2026-01-03T07:04:00Z,101.03539819,False
2026-01-03T07:05:00Z,101.06829636,False
2026-01-03T07:06:00Z,101.00357777,False
2026-01-03T07:07:00Z,99.90995777,False
2026-01-03T07:08:00Z,100.84607032,False
2026-01-03T07:09:00Z,101.68813744,False
2026-01-03T07:10:00Z,100.91893325,False
2026-01-03T07:11:00Z,100.72717085,False
2026-01-03T07:12:00Z,100.06809461,False
2026-01-03T07:13:00Z,100.35764170,False
2026-01-03T07:14:00Z,100.20293485,False
2026-01-03T07:15:00Z,99.89656013,False
2026-01-03T07:16:00Z,100.21672090,False
2026-01-03T07:17:00Z,100.45349117,False
2026-01-03T07:18:00Z,101.13553310,False
2026-01-03T07:19:00Z,99.95398880,False
2026-01-03T07:20:00Z,101.23209096,False
2026-01-03T07:21:00Z,99.96363267,False
2026-01-03T07:22:00Z,99.51488429,False
2026-01-03T07:23:00Z,101.22767933,False
2026-01-03T07:24:00Z,99.33667402,False
2026-01-03T07:25:00Z,99.06628620,False
2026-01-03T07:26:00Z,99.38454662,False
2026-01-03T07:27:00Z,99.55664888,False
2026-01-03T07:28:00Z,99.13424773,False
2026-01-03T07:29:00Z,102.80730104,False
2026-01-03T07:30:00Z,100.36886311,False
2026-01-03T07:31:00Z,100.81121916,False
2026-01-03T07:32:00Z,101.34037141,False
2026-01-03T07:33:00Z,99.47985182,False
2026-01-03T07:34:00Z,100.16471290,False
2026-01-03T07:35:00Z,98.76804420,False
2026-01-03T07:36:00Z,98.93849184,False
2026-01-03T07:37:00Z,99.69342651,False
2026-01-03T07:38:00Z,100.38361967,False
2026-01-03T07:39:00Z,101.32050374,False
2026-01-03T07:40:00Z,99.20761586,False
2026-01-03T07:41:00Z,99.46445519,False
2026-01-03T07:42:00Z,101.43527367,False
2026-01-03T07:43:00Z,100.52510993,False
2026-01-03T07:44:00Z,99.60999446,False
2026-01-03T07:45:00Z,100.63671705,False
2026-01-03T07:46:00Z,99.85423377,False
2026-01-03T07:47:00Z,99.78680690,False
2026-01-03T07:48:00Z,102.37865300,False
2026-01-03T07:49:00Z,99.95226692,False
2026-01-03T07:50:00Z,100.46739001,False
2026-01-03T07:51:00Z,100.26225957,False
2026-01-03T07:52:00Z,100.98017204,False
2026-01-03T07:53:00Z,99.96849631,False
2026-01-03T07:54:00Z,100.73380857,False
2026-01-03T07:55:00Z,102.81866841,False
2026-01-03T07:56:00Z,100.00288558,False
2026-01-03T07:57:00Z,99.19945417,False
2026-01-03T07:58:00Z,100.52508228,False
2026-01-03T07:59:00Z,100.48250778,False
2026-01-03T08:00:00Z,99.53599399,False
2026-01-03T08:01:00Z,99.45893397,False
2026-01-03T08:02:00Z,100.78961023,False
2026-01-03T08:03:00Z,100.97106577,False
2026-01-03T08:04:00Z,99.60779211,False
2026-01-03T08:05:00Z,99.54445993,False
2026-01-03T08:06:00Z,101.65273995,False
2026-01-03T08:07:00Z,99.53719096,False
2026-01-03T08:08:00Z,101.01116690,False
2026-01-03T08:09:00Z,101.99742958,False
2026-01-03T08:10:00Z,101.50339720,False
2026-01-03T08:11:00Z,98.32883613,False
2026-01-03T08:12:00Z,100.09628855,False
2026-01-03T08:13:00Z,99.51367598,False
2026-01-03T08:14:00Z,101.92414353,False
2026-01-03T08:15:00Z,100.60411609,False
2026-01-03T08:16:00Z,101.18251357,False
2026-01-03T08:17:00Z,100.57954318,False
2026-01-03T08:18:00Z,99.49079669,False
2026-01-03T08:19:00Z,99.86684593,False
2026-01-03T08:20:00Z,98.46093323,False
2026-01-03T08:21:00Z,98.53853192,False
2026-01-03T08:22:00Z,101.13920758,False
2026-01-03T08:23:00Z,100.82569706,False
2026-01-03T08:24:00Z,99.26900868,False
2026-01-03T08:25:00Z,100.83835457,False
2026-01-03T08:26:00Z,99.59835245,False
2026-01-03T08:27:00Z,99.93771735,False
2026-01-03T08:28:00Z,100.84020013,False
2026-01-03T08:29:00Z,98.63345771,False
2026-01-03T08:30:00Z,100.19898128,False
2026-01-03T08:31:00Z,98.68162476,False
2026-01-03T08:32:00Z,100.99581003,False
2026-01-03T08:33:00Z,98.69083368,False
2026-01-03T08:34:00Z,100.80617190,False
2026-01-03T08:35:00Z,98.94698841,False
2026-01-03T08:36:00Z,99.02834992,False
2026-01-03T08:37:00Z,101.43691912,False
2026-01-03T08:38:00Z,101.08919909,False
2026-01-03T08:39:00Z,99.91189772,False
2026-01-03T08:40:00Z,98.02867399,False
2026-01-03T08:41:00Z,101.09091994,False
2026-01-03T08:42:00Z,99.02603277,False
2026-01-03T08:43:00Z,100.23584073,False
2026-01-03T08:44:00Z,100.82640961,False
2026-01-03T08:45:00Z,99.10032180,False
2026-01-03T08:46:00Z,99.99917924,False
2026-01-03T08:47:00Z,100.69489670,False
2026-01-03T08:48:00Z,100.76135794,False
2026-01-03T08:49:00Z,99.02258641,False
2026-01-03T08:50:00Z,98.57192405,False
2026-01-03T08:51:00Z,99.47392660,False
2026-01-03T08:52:00Z,100.83848710,False
2026-01-03T08:53:00Z,100.85073541,False
2026-01-03T08:54:00Z,99.45954122,False
2026-01-03T08:55:00Z,101.06519340,False
2026-01-03T08:56:00Z,100.78442307,False
2026-01-03T08:57:00Z,98.58615479,False
2026-01-03T08:58:00Z,98.29139298,False
2026-01-03T08:59:00Z,99.76149448,False
2026-01-03T09:00:00Z,99.69474293,False
2026-01-03T09:01:00Z,100.13795824,False
2026-01-03T09:02:00Z,101.79822729,False
2026-01-03T09:03:00Z,100.36005558,False
2026-01-03T09:04:00Z,100.22960410,False
2026-01-03T09:05:00Z,98.96390511,False
2026-01-03T09:06:00Z,99.01783795,False
2026-01-03T09:07:00Z,99.20944997,False
2026-01-03T09:08:00Z,100.08747818,False
2026-01-03T09:09:00Z,100.56672433,False
2026-01-03T09:10:00Z,100.60942893,False
2026-01-03T09:11:00Z,99.99515075,False
2026-01-03T09:12:00Z,100.75770541,False
2026-01-03T09:13:00Z,99.91081153,False
2026-01-03T09:14:00Z,99.90339393,False
2026-01-03T09:15:00Z,99.93905751,False
2026-01-03T09:16:00Z,100.16809355,False
2026-01-03T09:17:00Z,99.36955126,False
2026-01-03T09:18:00Z,98.94233302,False
2026-01-03T09:19:00Z,99.60181410,False
2026-01-03T09:20:00Z,99.59931666,False
2026-01-03T09:21:00Z,98.04240337,False
2026-01-03T09:22:00Z,100.56731699,False
2026-01-03T09:23:00Z,99.42069250,False
2026-01-03T09:24:00Z,98.60660645,False
2026-01-03T09:25:00Z,100.78206566,False
2026-01-03T09:26:00Z,99.45246908,False
2026-01-03T09:27:00Z,98.48671810,False
2026-01-03T09:28:00Z,99.52011869,False
2026-01-03T09:29:00Z,102.61764623,False
2026-01-03T09:30:00Z,99.55101433,False
2026-01-03T09:31:00Z,98.78749098,False
2026-01-03T09:32:00Z,98.95532392,False
2026-01-03T09:33:00Z,101.70960417,False
2026-01-03T09:34:00Z,101.26698376,False
2026-01-03T09:35:00Z,98.89926223,False
2026-01-03T09:36:00Z,100.61868409,False
2026-01-03T09:37:00Z,99.83663935,False
2026-01-03T09:38:00Z,100.48115051,False
2026-01-03T09:39:00Z,100.92254018,False
2026-01-03T09:40:00Z,100.06225387,False
2026-01-03T09:41:00Z,98.23280767,False
2026-01-03T09:42:00Z,99.96177152,False
2026-01-03T09:43:00Z,98.83261604,False
2026-01-03T09:44:00Z,101.65600003,False
2026-01-03T09:45:00Z,102.67757280,False
2026-01-03T09:46:00Z,99.81526285,False
2026-01-03T09:47:00Z,98.70914819,False
2026-01-03T09:48:00Z,101.36213831,False
2026-01-03T09:49:00Z,100.50336658,False
2026-01-03T09:50:00Z,99.30588744,False
2026-01-03T09:51:00Z,100.43137796,False
2026-01-03T09:52:00Z,100.56715259,False
2026-01-03T09:53:00Z,99.02221597,False
2026-01-03T09:54:00Z,101.19549300,False
2026-01-03T09:55:00Z,101.56924204,False
2026-01-03T09:56:00Z,98.20319539,False
2026-01-03T09:57:00Z,99.12523251,False
2026-01-03T09:58:00Z,101.48897315,False
2026-01-03T09:59:00Z,98.97822338,False
2026-01-03T10:00:00Z,100.60168486,False
2026-01-03T10:01:00Z,99.49785552,False
2026-01-03T10:02:00Z,98.76830768,False
2026-01-03T10:03:00Z,99.38997991,False
2026-01-03T10:04:00Z,98.02568277,False
2026-01-03T10:05:00Z,100.34635463,False
2026-01-03T10:06:00Z,100.43951774,False
2026-01-03T10:07:00Z,98.60092324,False
2026-01-03T10:08:00Z,99.38976648,False
2026-01-03T10:09:00Z,100.26205651,False
2026-01-03T10:10:00Z,100.85391370,False
2026-01-03T10:11:00Z,100.04603775,False
2026-01-03T10:12:00Z,99.97280406,False
2026-01-03T10:13:00Z,100.14256417,False
2026-01-03T10:14:00Z,98.05390651,False
2026-01-03T10:15:00Z,98.59288384,False
2026-01-03T10:16:00Z,100.23268632,False
2026-01-03T10:17:00Z,99.98340439,False
2026-01-03T10:18:00Z,99.42343077,False
2026-01-03T10:19:00Z,98.73408904,False
2026-01-03T10:20:00Z,98.42518648,False
2026-01-03T10:21:00Z,98.74756977,False
2026-01-03T10:22:00Z,98.47851490,False
2026-01-03T10:23:00Z,98.94751625,False
2026-01-03T10:24:00Z,99.10024734,False
2026-01-03T10:25:00Z,100.52553810,False
2026-01-03T10:26:00Z,99.55265543,False
2026-01-03T10:27:00Z,101.82464727,False
2026-01-03T10:28:00Z,100.12820860,False
2026-01-03T10:29:00Z,101.73485558,False
2026-01-03T10:30:00Z,101.67482429,False
2026-01-03T10:31:00Z,102.28317717,False
2026-01-03T10:32:00Z,100.59971853,False
2026-01-03T10:33:00Z,100.78021826,False
2026-01-03T10:34:00Z,100.55519883,False
2026-01-03T10:35:00Z,98.54825495,False
2026-01-03T10:36:00Z,100.65616888,False
2026-01-03T10:37:00Z,98.56237589,False
2026-01-03T10:38:00Z,100.81749489,False
2026-01-03T10:39:00Z,99.79399046,False
2026-01-03T10:40:00Z,98.43976369,False
2026-01-03T10:41:00Z,99.70438533,False
2026-01-03T10:42:00Z,99.18583545,False
2026-01-03T10:43:00Z,99.12032223,False
2026-01-03T10:44:00Z,100.57250135,False
2026-01-03T10:45:00Z,99.96303991,False
2026-01-03T10:46:00Z,99.81668720,False
2026-01-03T10:47:00Z,100.73617185,False
2026-01-03T10:48:00Z,100.07378453,False
2026-01-03T10:49:00Z,99.11257902,False
2026-01-03T10:50:00Z,99.30893474,False
2026-01-03T10:51:00Z,100.05692871,False
2026-01-03T10:52:00Z,99.04388135,False
2026-01-03T10:53:00Z,100.00314082,False
2026-01-03T10:54:00Z,98.67446053,False
2026-01-03T10:55:00Z,102.52593567,False
2026-01-03T10:56:00Z,98.50240585,False
2026-01-03T10:57:00Z,99.68802472,False
2026-01-03T10:58:00Z,98.68751977,False
2026-01-03T10:59:00Z,99.10738009,False
2026-01-03T11:00:00Z,97.88548566,False
2026-01-03T11:01:00Z,98.47939357,False
2026-01-03T11:02:00Z,99.83482706,False
2026-01-03T11:03:00Z,100.06601214,False
2026-01-03T11:04:00Z,99.98743582,False
2026-01-03T11:05:00Z,100.32768102,False
2026-01-03T11:06:00Z,99.46851716,False
2026-01-03T11:07:00Z,99.85218317,False
2026-01-03T11:08:00Z,99.53092337,False
2026-01-03T11:09:00Z,100.30685360,False
2026-01-03T11:10:00Z,98.84900798,False
2026-01-03T11:11:00Z,100.39499728,False
2026-01-03T11:12:00Z,97.86993278,False
2026-01-03T11:13:00Z,99.29588031,False
2026-01-03T11:14:00Z,99.05545903,False
2026-01-03T11:15:00Z,99.32401059,False
2026-01-03T11:16:00Z,99.53454943,False
2026-01-03T11:17:00Z,101.46784968,False
2026-01-03T11:18:00Z,98.59994203,False
2026-01-03T11:19:00Z,98.26924967,False
2026-01-03T11:20:00Z,100.21429826,False
2026-01-03T11:21:00Z,98.76090422,False
2026-01-03T11:22:00Z,98.56018413,False
2026-01-03T11:23:00Z,99.39312306,False
2026-01-03T11:24:00Z,99.10687570,False
2026-01-03T11:25:00Z,99.66243943,False
2026-01-03T11:26:00Z,98.29171326,False
2026-01-03T11:27:00Z,98.79906940,False
2026-01-03T11:28:00Z,97.48564608,False
2026-01-03T11:29:00Z,99.33112976,False
2026-01-03T11:30:00Z,100.05320633,False
2026-01-03T11:31:00Z,98.51524694,False
2026-01-03T11:32:00Z,99.09029226,False
2026-01-03T11:33:00Z,98.89076838,False
2026-01-03T11:34:00Z,99.37226936,False
2026-01-03T11:35:00Z,99.21859510,False
2026-01-03T11:36:00Z,98.91521327,False
2026-01-03T11:37:00Z,99.59602728,False
2026-01-03T11:38:00Z,99.17429371,False
2026-01-03T11:39:00Z,99.10871788,False
2026-01-03T11:40:00Z,97.93955822,False
2026-01-03T11:41:00Z,98.11647439,False
2026-01-03T11:42:00Z,100.14179810,False
2026-01-03T11:43:00Z,100.59833121,False
2026-01-03T11:44:00Z,99.57521629,False
2026-01-03T11:45:00Z,99.52947029,False
2026-01-03T11:46:00Z,99.51733703,False
2026-01-03T11:47:00Z,99.97334672,False
2026-01-03T11:48:00Z,100.62067016,False
2026-01-03T11:49:00Z,99.37571216,False
2026-01-03T11:50:00Z,101.14370324,False
2026-01-03T11:51:00Z,99.51916333,False
2026-01-03T11:52:00Z,99.99744661,False
2026-01-03T11:53:00Z,100.80822271,False
2026-01-03T11:54:00Z,100.09792198,False
2026-01-03T11:55:00Z,99.79491276,False
2026-01-03T11:56:00Z,99.30345754,False
2026-01-03T11:57:00Z,99.17759004,False
2026-01-03T11:58:00Z,98.09534820,False
2026-01-03T11:59:00Z,97.81892962,False
2026-01-03T12:00:00Z,99.47654061,False
2026-01-03T12:01:00Z,99.76315741,False
2026-01-03T12:02:00Z,99.37384657,False
2026-01-03T12:03:00Z,98.19204832,False
2026-01-03T12:04:00Z,100.72670817,False
2026-01-03T12:05:00Z,100.49205575,False
2026-01-03T12:06:00Z,99.40409171,False
2026-01-03T12:07:00Z,99.04849630,False
2026-01-03T12:08:00Z,99.82212396,False
2026-01-03T12:09:00Z,99.94897318,False
2026-01-03T12:10:00Z,97.34118619,False
2026-01-03T12:11:00Z,99.56689449,False
2026-01-03T12:12:00Z,99.20140935,False
2026-01-03T12:13:00Z,99.27268763,False
2026-01-03T12:14:00Z,98.02473069,False
2026-01-03T12:15:00Z,98.47103099,False
2026-01-03T12:16:00Z,99.47655624,False
2026-01-03T12:17:00Z,99.76177106,False
2026-01-03T12:18:00Z,98.87058287,False
2026-01-03T12:19:00Z,100.17180829,False
2026-01-03T12:20:00Z,98.05325767,False
2026-01-03T12:21:00Z,99.52489593,False
2026-01-03T12:22:00Z,99.50388799,False
2026-01-03T12:23:00Z,97.68523226,False
2026-01-03T12:24:00Z,98.96202730,False
2026-01-03T12:25:00Z,99.26744058,False
2026-01-03T12:26:00Z,100.17713730,False
2026-01-03T12:27:00Z,100.64553770,False
2026-01-03T12:28:00Z,98.15655495,False
2026-01-03T12:29:00Z,99.82401258,False
2026-01-03T12:30:00Z,99.22849306,False
2026-01-03T12:31:00Z,98.97142014,False
2026-01-03T12:32:00Z,99.94763766,False
2026-01-03T12:33:00Z,100.74263746,False
2026-01-03T12:34:00Z,99.06420437,False
2026-01-03T12:35:00Z,100.44173469,False
2026-01-03T12:36:00Z,98.99026739,False
2026-01-03T12:37:00Z,99.22494647,False
2026-01-03T12:38:00Z,99.28075995,False
2026-01-03T12:39:00Z,100.57095881,False
2026-01-03T12:40:00Z,97.67462777,False
2026-01-03T12:41:00Z,97.70986417,False
2026-01-03T12:42:00Z,99.70001459,False
2026-01-03T12:43:00Z,99.62641686,False
2026-01-03T12:44:00Z,97.34259710,False
2026-01-03T12:45:00Z,98.33189569,False
2026-01-03T12:46:00Z,98.57089586,False
2026-01-03T12:47:00Z,98.02505666,False
2026-01-03T12:48:00Z,99.07876881,False
2026-01-03T12:49:00Z,100.02765920,False
2026-01-03T12:50:00Z,98.11874275,False
2026-01-03T12:51:00Z,98.43637399,False
2026-01-03T12:52:00Z,100.39127454,False
2026-01-03T12:53:00Z,101.33480496,False
2026-01-03T12:54:00Z,100.14490163,False
2026-01-03T12:55:00Z,96.87092787,False
2026-01-03T12:56:00Z,99.10927208,False
2026-01-03T12:57:00Z,99.42147711,False
2026-01-03T12:58:00Z,97.21686956,False
2026-01-03T12:59:00Z,99.63499681,False
2026-01-03T13:00:00Z,99.18614962,False
2026-01-03T13:01:00Z,97.93209114,False
2026-01-03T13:02:00Z,99.52189818,False
2026-01-03T13:03:00Z,97.63399414,False
2026-01-03T13:04:00Z,99.53608301,False
2026-01-03T13:05:00Z,99.26744784,False
2026-01-03T13:06:00Z,97.99020027,False
2026-01-03T13:07:00Z,99.00804692,False
2026-01-03T13:08:00Z,98.93704255,False
2026-01-03T13:09:00Z,97.76045748,False
2026-01-03T13:10:00Z,98.37629459,False
2026-01-03T13:11:00Z,98.51130284,False
2026-01-03T13:12:00Z,98.69788925,False
2026-01-03T13:13:00Z,99.31683571,False
2026-01-03T13:14:00Z,98.40551360,False
2026-01-03T13:15:00Z,97.95711676,False
2026-01-03T13:16:00Z,98.45538345,False
2026-01-03T13:17:00Z,99.84380361,False
2026-01-03T13:18:00Z,99.03746023,False
2026-01-03T13:19:00Z,98.78936954,False
2026-01-03T13:20:00Z,100.05571915,False
2026-01-03T13:21:00Z,99.36430643,False
2026-01-03T13:22:00Z,98.93926474,False
2026-01-03T13:23:00Z,99.61027493,False
2026-01-03T13:24:00Z,98.68752791,False
2026-01-03T13:25:00Z,97.99263923,False
2026-01-03T13:26:00Z,98.97098839,False
2026-01-03T13:27:00Z,97.79013659,False
2026-01-03T13:28:00Z,99.93808462,False
2026-01-03T13:29:00Z,99.79088355,False
2026-01-03T13:30:00Z,97.75683681,False
2026-01-03T13:31:00Z,99.75267804,False
2026-01-03T13:32:00Z,99.78505997,False
2026-01-03T13:33:00Z,99.56209531,False
2026-01-03T13:34:00Z,96.49303130,False
2026-01-03T13:35:00Z,97.24627509,False
2026-01-03T13:36:00Z,99.33708457,False
2026-01-03T13:37:00Z,98.48969594,False
2026-01-03T13:38:00Z,97.39396144,False
2026-01-03T13:39:00Z,98.11802761,False
2026-01-03T13:40:00Z,98.13223171,False
2026-01-03T13:41:00Z,97.64638729,False
2026-01-03T13:42:00Z,98.99121866,False
2026-01-03T13:43:00Z,99.44407067,False
2026-01-03T13:44:00Z,101.32029378,False
2026-01-03T13:45:00Z,99.96988711,False
2026-01-03T13:46:00Z,97.83462321,False
2026-01-03T13:47:00Z,98.05157642,False
2026-01-03T13:48:00Z,100.18134089,False
2026-01-03T13:49:00Z,98.15740997,False
2026-01-03T13:50:00Z,99.20745507,False
2026-01-03T13:51:00Z,97.69684166,False
2026-01-03T13:52:00Z,99.43656391,False
2026-01-03T13:53:00Z,97.63919307,False
2026-01-03T13:54:00Z,98.50364280,False
2026-01-03T13:55:00Z,98.44184465,False
2026-01-03T13:56:00Z,97.22753255,False
2026-01-03T13:57:00Z,98.09312744,False
2026-01-03T13:58:00Z,99.22657262,False
2026-01-03T13:59:00Z,99.00299458,False
2026-01-03T14:00:00Z,99.16005638,False
2026-01-03T14:01:00Z,99.25064505,False
2026-01-03T14:02:00Z,98.69026972,False
2026-01-03T14:03:00Z,98.66789072,False
2026-01-03T14:04:00Z,100.33974455,False
2026-01-03T14:05:00Z,99.15301733,False
2026-01-03T14:06:00Z,98.46986430,False
2026-01-03T14:07:00Z,99.22121560,False
2026-01-03T14:08:00Z,100.66074441,False
2026-01-03T14:09:00Z,98.01944669,False
2026-01-03T14:10:00Z,100.20371320,False
2026-01-03T14:11:00Z,99.22185806,False
2026-01-03T14:12:00Z,97.00425346,False
2026-01-03T14:13:00Z,100.14415751,False
2026-01-03T14:14:00Z,98.78321229,False
2026-01-03T14:15:00Z,99.47327927,False
2026-01-03T14:16:00Z,98.37314196,False
2026-01-03T14:17:00Z,99.47719532,False
2026-01-03T14:18:00Z,98.22721407,False
2026-01-03T14:19:00Z,98.93388411,False
2026-01-03T14:20:00Z,98.65448652,False
2026-01-03T14:21:00Z,99.46985362,False
2026-01-03T14:22:00Z,97.92397686,False
2026-01-03T14:23:00Z,97.03275688,False
2026-01-03T14:24:00Z,97.70121908,False
2026-01-03T14:25:00Z,98.62445303,False
2026-01-03T14:26:00Z,98.10333287,False
2026-01-03T14:27:00Z,98.85049252,False
2026-01-03T14:28:00Z,100.84332165,False
2026-01-03T14:29:00Z,99.07102018,False
2026-01-03T14:30:00Z,99.56215533,False
2026-01-03T14:31:00Z,98.86970783,False
2026-01-03T14:32:00Z,99.28096499,False
2026-01-03T14:33:00Z,96.59982402,False
2026-01-03T14:34:00Z,99.44269949,False
2026-01-03T14:35:00Z,99.21480117,False
2026-01-03T14:36:00Z,101.47782021,False
2026-01-03T14:37:00Z,99.58954230,False
2026-01-03T14:38:00Z,97.14748721,False
2026-01-03T14:39:00Z,97.90132880,False
2026-01-03T14:40:00Z,97.09513957,False
2026-01-03T14:41:00Z,99.73956744,False
2026-01-03T14:42:00Z,98.28637591,False
2026-01-03T14:43:00Z,97.70588255,False
2026-01-03T14:44:00Z,100.11043264,False
2026-01-03T14:45:00Z,99.29799916,False
2026-01-03T14:46:00Z,98.57722599,False
2026-01-03T14:47:00Z,100.22251916,False
2026-01-03T14:48:00Z,98.97722506,False
2026-01-03T14:49:00Z,96.87298100,False
2026-01-03T14:50:00Z,98.89138953,False
2026-01-03T14:51:00Z,95.83388379,False
2026-01-03T14:52:00Z,99.51455630,False
2026-01-03T14:53:00Z,98.41028971,False
2026-01-03T14:54:00Z,99.57082952,False
2026-01-03T14:55:00Z,101.27469179,False
2026-01-03T14:56:00Z,98.68854565,False
2026-01-03T14:57:00Z,99.05547157,False
2026-01-03T14:58:00Z,99.35839118,False
2026-01-03T14:59:00Z,97.34210875,False
2026-01-03T15:00:00Z,98.36734106,False
2026-01-03T15:01:00Z,98.43344018,False
2026-01-03T15:02:00Z,98.50633721,False
2026-01-03T15:03:00Z,97.73952289,False
2026-01-03T15:04:00Z,99.09260660,False
2026-01-03T15:05:00Z,99.07965660,False
2026-01-03T15:06:00Z,99.67270651,False
2026-01-03T15:07:00Z,99.22941084,False
2026-01-03T15:08:00Z,98.71532393,False
2026-01-03T15:09:00Z,97.26126815,False
2026-01-03T15:10:00Z,100.27153545,False
2026-01-03T15:11:00Z,98.43329969,False
2026-01-03T15:12:00Z,98.80514610,False
2026-01-03T15:13:00Z,97.98251337,False
2026-01-03T15:14:00Z,99.25937273,False
2026-01-03T15:15:00Z,99.62055020,False
2026-01-03T15:16:00Z,98.88988378,False
2026-01-03T15:17:00Z,96.67260006,False
2026-01-03T15:18:00Z,98.33066507,False
2026-01-03T15:19:00Z,98.62976498,False
2026-01-03T15:20:00Z,98.72154876,False
2026-01-03T15:21:00Z,97.73461300,False
2026-01-03T15:22:00Z,97.81703561,False
2026-01-03T15:23:00Z,96.97820055,False
2026-01-03T15:24:00Z,97.45024623,False
2026-01-03T15:25:00Z,97.92809476,False
2026-01-03T15:26:00Z,98.35158271,False
2026-01-03T15:27:00Z,98.73113300,False
2026-01-03T15:28:00Z,98.45588661,False
2026-01-03T15:29:00Z,100.55088686,False
2026-01-03T15:30:00Z,98.34097769,False
2026-01-03T15:31:00Z,98.87149622,False
2026-01-03T15:32:00Z,99.87841312,False
2026-01-03T15:33:00Z,97.08062630,False
2026-01-03T15:34:00Z,98.38033385,False
2026-01-03T15:35:00Z,100.79607926,False
2026-01-03T15:36:00Z,98.78355345,False
2026-01-03T15:37:00Z,97.82469322,False
2026-01-03T15:38:00Z,99.03579996,False
2026-01-03T15:39:00Z,99.81459180,False
2026-01-03T15:40:00Z,98.13202969,False
2026-01-03T15:41:00Z,100.08100687,False
2026-01-03T15:42:00Z,97.44656864,False
2026-01-03T15:43:00Z,98.29605784,False
2026-01-03T15:44:00Z,97.24637580,False
2026-01-03T15:45:00Z,98.77291833,False
2026-01-03T15:46:00Z,99.34855596,False
2026-01-03T15:47:00Z,97.54933762,False
2026-01-03T15:48:00Z,99.18062144,False
2026-01-03T15:49:00Z,100.13307279,False
2026-01-03T15:50:00Z,99.62445949,False
2026-01-03T15:51:00Z,97.31365881,False
2026-01-03T15:52:00Z,99.23351733,False
2026-01-03T15:53:00Z,99.37973781,False
2026-01-03T15:54:00Z,98.95909417,False
2026-01-03T15:55:00Z,98.38687677,False
2026-01-03T15:56:00Z,97.56478327,False
2026-01-03T15:57:00Z,99.54743358,False
2026-01-03T15:58:00Z,98.72308493,False
2026-01-03T15:59:00Z,99.20243307,False
2026-01-03T16:00:00Z,99.05002576,False
2026-01-03T16:01:00Z,100.07533307,False
2026-01-03T16:02:00Z,99.63847123,False
2026-01-03T16:03:00Z,99.39799613,False
2026-01-03T16:04:00Z,99.00870027,False
2026-01-03T16:05:00Z,99.44010222,False
2026-01-03T16:06:00Z,96.40113316,False
2026-01-03T16:07:00Z,99.25426470,False
2026-01-03T16:08:00Z,97.30112673,False
2026-01-03T16:09:00Z,98.37167026,False
2026-01-03T16:10:00Z,100.78690851,False
2026-01-03T16:11:00Z,99.75188701,False
2026-01-03T16:12:00Z,99.65551019,False
2026-01-03T16:13:00Z,97.66686525,False
2026-01-03T16:14:00Z,97.83601143,False
2026-01-03T16:15:00Z,99.00937022,False
2026-01-03T16:16:00Z,96.75153864,False
2026-01-03T16:17:00Z,99.40713234,False
2026-01-03T16:18:00Z,100.44815019,False
2026-01-03T16:19:00Z,99.10562256,False
2026-01-03T16:20:00Z,98.09342236,False
2026-01-03T16:21:00Z,99.21641970,False
2026-01-03T16:22:00Z,97.70694521,False
2026-01-03T16:23:00Z,100.26913530,False
2026-01-03T16:24:00Z,99.56659525,False
2026-01-03T16:25:00Z,98.84390323,False
2026-01-03T16:26:00Z,97.93097835,False
2026-01-03T16:27:00Z,97.79898964,False
2026-01-03T16:28:00Z,98.43179773,False
2026-01-03T16:29:00Z,97.66212107,False
2026-01-03T16:30:00Z,97.84385920,False
2026-01-03T16:31:00Z,99.04912296,False
2026-01-03T16:32:00Z,99.04885993,False
2026-01-03T16:33:00Z,98.58101458,False
2026-01-03T16:34:00Z,97.76451608,False
2026-01-03T16:35:00Z,100.14039128,False
2026-01-03T16:36:00Z,98.85448114,False
2026-01-03T16:37:00Z,99.26781472,False
2026-01-03T16:38:00Z,98.71934154,False
2026-01-03T16:39:00Z,100.36738237,False
2026-01-03T16:40:00Z,99.21871615,False
2026-01-03T16:41:00Z,100.06782427,False
2026-01-03T16:42:00Z,98.43022414,False
2026-01-03T16:43:00Z,99.75445392,False
2026-01-03T16:44:00Z,98.54470439,False
2026-01-03T16:45:00Z,98.58184215,False
2026-01-03T16:46:00Z,98.61942340,False
2026-01-03T16:47:00Z,100.09298250,False
2026-01-03T16:48:00Z,98.05000389,False
2026-01-03T16:49:00Z,98.46167760,False
2026-01-03T16:50:00Z,98.02249170,False
2026-01-03T16:51:00Z,99.39567738,False
2026-01-03T16:52:00Z,98.81634830,False
2026-01-03T16:53:00Z,100.89010388,False
2026-01-03T16:54:00Z,98.45281542,False
2026-01-03T16:55:00Z,97.98262131,False
2026-01-03T16:56:00Z,98.86995759,False
2026-01-03T16:57:00Z,98.56428524,False
2026-01-03T16:58:00Z,97.39901916,False
2026-01-03T16:59:00Z,98.74716851,False
2026-01-03T17:00:00Z,99.08368285,False
2026-01-03T17:01:00Z,101.64877936,False
2026-01-03T17:02:00Z,98.26333713,False
2026-01-03T17:03:00Z,98.35983396,False
2026-01-03T17:04:00Z,97.45271491,False
2026-01-03T17:05:00Z,97.27662061,False
2026-01-03T17:06:00Z,100.05294792,False
2026-01-03T17:07:00Z,99.03383554,False
2026-01-03T17:08:00Z,97.90241294,False
2026-01-03T17:09:00Z,99.45902319,False
2026-01-03T17:10:00Z,98.90166420,False
2026-01-03T17:11:00Z,98.82403523,False
2026-01-03T17:12:00Z,98.44549855,False
2026-01-03T17:13:00Z,99.61126254,False
2026-01-03T17:14:00Z,98.52232957,False
2026-01-03T17:15:00Z,97.38264708,False
2026-01-03T17:16:00Z,99.19563794,False
2026-01-03T17:17:00Z,99.52087789,False
2026-01-03T17:18:00Z,98.51513558,False
2026-01-03T17:19:00Z,98.12160998,False
2026-01-03T17:20:00Z,99.39976264,False
2026-01-03T17:21:00Z,97.56923009,False
2026-01-03T17:22:00Z,97.93483140,False
2026-01-03T17:23:00Z,98.45450245,False
2026-01-03T17:24:00Z,99.44351865,False
2026-01-03T17:25:00Z,98.39546820,False
2026-01-03T17:26:00Z,101.12964420,False
2026-01-03T17:27:00Z,98.94335993,False
2026-01-03T17:28:00Z,99.09193386,False
2026-01-03T17:29:00Z,99.34822854,False
2026-01-03T17:30:00Z,98.73115472,False
2026-01-03T17:31:00Z,99.14770051,False
2026-01-03T17:32:00Z,98.07727153,False
2026-01-03T17:33:00Z,98.54691462,False
2026-01-03T17:34:00Z,97.26544366,False
2026-01-03T17:35:00Z,99.19594582,False
2026-01-03T17:36:00Z,100.91475187,False
2026-01-03T17:37:00Z,99.65537853,False
2026-01-03T17:38:00Z,99.24901924,False
2026-01-03T17:39:00Z,99.29664400,False
2026-01-03T17:40:00Z,97.97190793,False
2026-01-03T17:41:00Z,98.62891796,False
2026-01-03T17:42:00Z,99.65212758,False
2026-01-03T17:43:00Z,97.34206697,False
2026-01-03T17:44:00Z,97.96876058,False
2026-01-03T17:45:00Z,98.79228314,False
2026-01-03T17:46:00Z,96.93029017,False
2026-01-03T17:47:00Z,96.78545898,False
2026-01-03T17:48:00Z,97.75101405,False
2026-01-03T17:49:00Z,99.28165793,False
2026-01-03T17:50:00Z,99.45780677,False
2026-01-03T17:51:00Z,98.61575493,False
2026-01-03T17:52:00Z,98.59354339,False
2026-01-03T17:53:00Z,99.87001522,False
2026-01-03T17:54:00Z,98.57255130,False
2026-01-03T17:55:00Z,98.89667284,False
2026-01-03T17:56:00Z,98.15686049,False
2026-01-03T17:57:00Z,100.51366199,False
2026-01-03T17:58:00Z,98.93221096,False
2026-01-03T17:59:00Z,98.81543453,False
2026-01-03T18:00:00Z,98.47112102,False
2026-01-03T18:01:00Z,97.25421508,False
2026-01-03T18:02:00Z,98.26046451,False
2026-01-03T18:03:00Z,99.35051042,False
2026-01-03T18:04:00Z,100.18639341,False
2026-01-03T18:05:00Z,99.71989073,False
2026-01-03T18:06:00Z,96.39700933,False
2026-01-03T18:07:00Z,98.55095092,False
2026-01-03T18:08:00Z,98.38058908,False
2026-01-03T18:09:00Z,101.37257100,False
2026-01-03T18:10:00Z,99.67786781,False
2026-01-03T18:11:00Z,98.79363960,False
2026-01-03T18:12:00Z,98.62506959,False
2026-01-03T18:13:00Z,96.89250805,False
2026-01-03T18:14:00Z,98.49066011,False
2026-01-03T18:15:00Z,99.14968574,False
2026-01-03T18:16:00Z,98.78096193,False
2026-01-03T18:17:00Z,99.02239368,False
2026-01-03T18:18:00Z,96.98670695,False
2026-01-03T18:19:00Z,97.77187549,False
2026-01-03T18:20:00Z,97.08817863,False
2026-01-03T18:21:00Z,98.93183589,False
2026-01-03T18:22:00Z,99.29013799,False
2026-01-03T18:23:00Z,98.41898384,False
2026-01-03T18:24:00Z,98.33128092,False
2026-01-03T18:25:00Z,98.52946846,False
2026-01-03T18:26:00Z,97.92043513,False
2026-01-03T18:27:00Z,99.56139103,False
2026-01-03T18:28:00Z,98.87672452,False
2026-01-03T18:29:00Z,96.84960920,False
2026-01-03T18:30:00Z,99.53771458,False
2026-01-03T18:31:00Z,100.05897951,False
2026-01-03T18:32:00Z,100.93362191,False
2026-01-03T18:33:00Z,99.17943166,False
2026-01-03T18:34:00Z,98.72722755,False
2026-01-03T18:35:00Z,98.15818263,False
2026-01-03T18:36:00Z,97.37474515,False
2026-01-03T18:37:00Z,97.15994783,False
2026-01-03T18:38:00Z,99.15719038,False
2026-01-03T18:39:00Z,99.37677471,False
2026-01-03T18:40:00Z,100.69067174,False
2026-01-03T18:41:00Z,98.52719204,False
2026-01-03T18:42:00Z,98.55219178,False
2026-01-03T18:43:00Z,99.06056607,False
2026-01-03T18:44:00Z,100.78853424,False
2026-01-03T18:45:00Z,100.15700239,False
2026-01-03T18:46:00Z,99.95768558,False
2026-01-03T18:47:00Z,98.78509979,False
2026-01-03T18:48:00Z,99.63350810,False
2026-01-03T18:49:00Z,99.74071863,False
2026-01-03T18:50:00Z,97.88069763,False
2026-01-03T18:51:00Z,97.90299198,False
2026-01-03T18:52:00Z,99.77088569,False
2026-01-03T18:53:00Z,100.50891096,False
2026-01-03T18:54:00Z,97.18107751,False
2026-01-03T18:55:00Z,100.62302007,False
2026-01-03T18:56:00Z,99.82584074,False
2026-01-03T18:57:00Z,100.39101910,False
2026-01-03T18:58:00Z,98.41135503,False
2026-01-03T18:59:00Z,100.31659059,False
2026-01-03T19:00:00Z,97.70347942,False
2026-01-03T19:01:00Z,99.23990408,False
2026-01-03T19:02:00Z,99.16810877,False
2026-01-03T19:03:00Z,100.28046825,False
2026-01-03T19:04:00Z,98.51868557,False
2026-01-03T19:05:00Z,98.41062124,False
2026-01-03T19:06:00Z,99.83367938,False
2026-01-03T19:07:00Z,98.61209597,False
2026-01-03T19:08:00Z,100.25568391,False
2026-01-03T19:09:00Z,99.44586557,False
2026-01-03T19:10:00Z,100.17356563,False
2026-01-03T19:11:00Z,99.73278418,False
2026-01-03T19:12:00Z,98.47517072,False
2026-01-03T19:13:00Z,99.65859431,False
2026-01-03T19:14:00Z,98.93869371,False
2026-01-03T19:15:00Z,98.42080137,False
2026-01-03T19:16:00Z,99.22887419,False
2026-01-03T19:17:00Z,99.44232627,False
2026-01-03T19:18:00Z,99.47818287,False
2026-01-03T19:19:00Z,100.11829186,False
2026-01-03T19:20:00Z,99.99713804,False
2026-01-03T19:21:00Z,99.00929068,False
2026-01-03T19:22:00Z,100.87382148,False
2026-01-03T19:23:00Z,97.48849777,False
2026-01-03T19:24:00Z,99.96841402,False
2026-01-03T19:25:00Z,99.16912694,False
2026-01-03T19:26:00Z,100.43404098,False
2026-01-03T19:27:00Z,99.68430664,False
2026-01-03T19:28:00Z,98.00937320,False
2026-01-03T19:29:00Z,98.50323434,False
2026-01-03T19:30:00Z,98.06812864,False
2026-01-03T19:31:00Z,100.05635979,False
2026-01-03T19:32:00Z,101.73445865,False
2026-01-03T19:33:00Z,99.33780295,False
2026-01-03T19:34:00Z,99.67294891,False
2026-01-03T19:35:00Z,97.67061608,False
2026-01-03T19:36:00Z,99.76098751,False
2026-01-03T19:37:00Z,97.62804924,False
2026-01-03T19:38:00Z,97.79408882,False
2026-01-03T19:39:00Z,98.41568003,False
2026-01-03T19:40:00Z,98.79112540,False
2026-01-03T19:41:00Z,98.14955380,False
2026-01-03T19:42:00Z,99.50708988,False
2026-01-03T19:43:00Z,99.91789922,False
2026-01-03T19:44:00Z,99.01283848,False
2026-01-03T19:45:00Z,96.91812034,False
2026-01-03T19:46:00Z,99.68496209,False
2026-01-03T19:47:00Z,100.30692704,False
2026-01-03T19:48:00Z,99.20002234,False
2026-01-03T19:49:00Z,99.73595933,False
2026-01-03T19:50:00Z,99.64226285,False
2026-01-03T19:51:00Z,98.18093753,False
2026-01-03T19:52:00Z,98.89334371,False
2026-01-03T19:53:00Z,98.84825689,False
2026-01-03T19:54:00Z,98.71062399,False
2026-01-03T19:55:00Z,98.71443980,False
2026-01-03T19:56:00Z,99.42040087,False
2026-01-03T19:57:00Z,98.92451103,False
2026-01-03T19:58:00Z,98.94919938,False
2026-01-03T19:59:00Z,99.52489084,False
2026-01-03T20:00:00Z,98.64724321,False
2026-01-03T20:01:00Z,99.30722771,False
2026-01-03T20:02:00Z,98.06196360,False
2026-01-03T20:03:00Z,98.64161622,False
2026-01-03T20:04:00Z,101.47718670,False
2026-01-03T20:05:00Z,99.96994662,False
2026-01-03T20:06:00Z,99.44102788,False
2026-01-03T20:07:00Z,99.14701716,False
2026-01-03T20:08:00Z,100.72825390,False
2026-01-03T20:09:00Z,100.46485305,False
2026-01-03T20:10:00Z,98.78986873,False
2026-01-03T20:11:00Z,98.21088447,False
2026-01-03T20:12:00Z,99.37769856,False
2026-01-03T20:13:00Z,98.74947984,False
2026-01-03T20:14:00Z,98.82636201,False
2026-01-03T20:15:00Z,101.35965096,False
2026-01-03T20:16:00Z,97.52048209,False
2026-01-03T20:17:00Z,98.19271177,False
2026-01-03T20:18:00Z,98.05781403,False
2026-01-03T20:19:00Z,99.17486160,False
2026-01-03T20:20:00Z,100.06636318,False
2026-01-03T20:21:00Z,99.77764287,False
2026-01-03T20:22:00Z,98.48019901,False
2026-01-03T20:23:00Z,100.48117077,False
2026-01-03T20:24:00Z,99.39961400,False
2026-01-03T20:25:00Z,99.78724016,False
2026-01-03T20:26:00Z,100.20142677,False
2026-01-03T20:27:00Z,98.20486214,False
2026-01-03T20:28:00Z,99.82550205,False
2026-01-03T20:29:00Z,99.61280876,False
2026-01-03T20:30:00Z,99.63241987,False
2026-01-03T20:31:00Z,98.11805042,False
2026-01-03T20:32:00Z,98.41855193,False
2026-01-03T20:33:00Z,98.27076534,False
2026-01-03T20:34:00Z,99.28133835,False
2026-01-03T20:35:00Z,100.67733462,False
2026-01-03T20:36:00Z,98.74903102,False
2026-01-03T20:37:00Z,100.21109510,False
2026-01-03T20:38:00Z,99.66667433,False
2026-01-03T20:39:00Z,98.34105930,False
2026-01-03T20:40:00Z,100.18477981,False
2026-01-03T20:41:00Z,101.33370618,False
2026-01-03T20:42:00Z,98.61396235,False
2026-01-03T20:43:00Z,98.37059642,False
2026-01-03T20:44:00Z,97.82822028,False
2026-01-03T20:45:00Z,99.62989601,False
2026-01-03T20:46:00Z,99.22417504,False
2026-01-03T20:47:00Z,100.39030764,False
2026-01-03T20:48:00Z,99.49005767,False
2026-01-03T20:49:00Z,99.54476570,False
2026-01-03T20:50:00Z,100.59204922,False
2026-01-03T20:51:00Z,101.55941079,False
2026-01-03T20:52:00Z,100.90833233,False
2026-01-03T20:53:00Z,98.25532001,False
2026-01-03T20:54:00Z,99.44681025,False
2026-01-03T20:55:00Z,99.92943585,False
2026-01-03T20:56:00Z,97.83584924,False
2026-01-03T20:57:00Z,98.12905321,False
2026-01-03T20:58:00Z,100.63685279,False
2026-01-03T20:59:00Z,99.23839727,False
2026-01-03T21:00:00Z,99.43162831,False
2026-01-03T21:01:00Z,101.91865319,False
2026-01-03T21:02:00Z,100.04717692,False
2026-01-03T21:03:00Z,99.72307376,False
2026-01-03T21:04:00Z,99.33205468,False
2026-01-03T21:05:00Z,99.68135156,False
2026-01-03T21:06:00Z,100.29339723,False
2026-01-03T21:07:00Z,100.12138839,False
2026-01-03T21:08:00Z,100.02448220,False
2026-01-03T21:09:00Z,99.80894683,False
2026-01-03T21:10:00Z,98.87478018,False
2026-01-03T21:11:00Z,98.39849438,False
2026-01-03T21:12:00Z,98.47023310,False
2026-01-03T21:13:00Z,98.97266622,False
2026-01-03T21:14:00Z,98.41137268,False
2026-01-03T21:15:00Z,98.33170483,False
2026-01-03T21:16:00Z,99.57487894,False
2026-01-03T21:17:00Z,100.18807855,False
2026-01-03T21:18:00Z,99.47159072,False
2026-01-03T21:19:00Z,99.88866242,False
2026-01-03T21:20:00Z,98.45676570,False
2026-01-03T21:21:00Z,100.31873819,False
2026-01-03T21:22:00Z,99.65349175,False
2026-01-03T21:23:00Z,99.62507132,False
2026-01-03T21:24:00Z,99.81837553,False
2026-01-03T21:25:00Z,99.16226008,False
2026-01-03T21:26:00Z,98.36434857,False
2026-01-03T21:27:00Z,98.60262788,False
2026-01-03T21:28:00Z,100.37886086,False
2026-01-03T21:29:00Z,99.52583157,False
2026-01-03T21:30:00Z,99.11413779,False
2026-01-03T21:31:00Z,98.45525898,False
2026-01-03T21:32:00Z,99.29754781,False
2026-01-03T21:33:00Z,101.16229472,False
2026-01-03T21:34:00Z,98.52944662,False
2026-01-03T21:35:00Z,100.12963076,False
2026-01-03T21:36:00Z,100.22962516,False
2026-01-03T21:37:00Z,99.62723071,False
2026-01-03T21:38:00Z,100.54804749,False
2026-01-03T21:39:00Z,100.59411035,False
2026-01-03T21:40:00Z,101.13115530,False
2026-01-03T21:41:00Z,99.33761542,False
2026-01-03T21:42:00Z,99.80799867,False
2026-01-03T21:43:00Z,99.85697053,False
2026-01-03T21:44:00Z,101.32059435,False
2026-01-03T21:45:00Z,98.87141033,False
2026-01-03T21:46:00Z,99.66287700,False
2026-01-03T21:47:00Z,99.77921276,False
2026-01-03T21:48:00Z,98.99387043,False
2026-01-03T21:49:00Z,99.69805198,False
2026-01-03T21:50:00Z,99.54966443,False
2026-01-03T21:51:00Z,99.64702021,False
2026-01-03T21:52:00Z,100.37613517,False
2026-01-03T21:53:00Z,101.20952685,False
2026-01-03T21:54:00Z,100.46440319,False
2026-01-03T21:55:00Z,99.43877154,False
2026-01-03T21:56:00Z,99.81893210,False
2026-01-03T21:57:00Z,99.94916200,False
2026-01-03T21:58:00Z,99.17898556,False
2026-01-03T21:59:00Z,99.13887512,False
2026-01-03T22:00:00Z,109.93697513,True
2026-01-03T22:01:00Z,101.56922747,False
2026-01-03T22:02:00Z,100.36205977,False
2026-01-03T22:03:00Z,100.45322422,False
2026-01-03T22:04:00Z,98.96513052,False
2026-01-03T22:05:00Z,101.20766600,False
2026-01-03T22:06:00Z,100.06243407,False
2026-01-03T22:07:00Z,100.73996794,False
2026-01-03T22:08:00Z,98.72828404,False
2026-01-03T22:09:00Z,99.91592097,False
2026-01-03T22:10:00Z,98.62682623,False
2026-01-03T22:11:00Z,99.76267873,False
2026-01-03T22:12:00Z,100.65896642,False
2026-01-03T22:13:00Z,99.49192092,False
2026-01-03T22:14:00Z,98.54512022,False
2026-01-03T22:15:00Z,100.82102563,False
2026-01-03T22:16:00Z,99.30212359,False
2026-01-03T22:17:00Z,99.78703779,False
2026-01-03T22:18:00Z,100.27837474,False
2026-01-03T22:19:00Z,99.81859365,False
2026-01-03T22:20:00Z,100.30781681,False
2026-01-03T22:21:00Z,99.05608614,False
2026-01-03T22:22:00Z,98.97554750,False
2026-01-03T22:23:00Z,99.28853554,False
2026-01-03T22:24:00Z,100.74444948,False
2026-01-03T22:25:00Z,100.25800021,False
2026-01-03T22:26:00Z,100.02328200,False
2026-01-03T22:27:00Z,98.61684837,False
2026-01-03T22:28:00Z,100.11898420,False
2026-01-03T22:29:00Z,99.67204923,False
2026-01-03T22:30:00Z,98.33072734,False
2026-01-03T22:31:00Z,101.43499342,False
2026-01-03T22:32:00Z,99.60846637,False
2026-01-03T22:33:00Z,99.13802989,False
2026-01-03T22:34:00Z,99.44325202,False
2026-01-03T22:35:00Z,97.74556875,False
2026-01-03T22:36:00Z,101.23101876,False
2026-01-03T22:37:00Z,99.35489657,False
2026-01-03T22:38:00Z,99.72350328,False
2026-01-03T22:39:00Z,100.93075884,False
2026-01-03T22:40:00Z,101.04843417,False
2026-01-03T22:41:00Z,99.44675519,False
2026-01-03T22:42:00Z,101.52548790,False
2026-01-03T22:43:00Z,100.20172332,False
2026-01-03T22:44:00Z,97.19087257,False
2026-01-03T22:45:00Z,97.15269499,False
2026-01-03T22:46:00Z,98.82494320,False
2026-01-03T22:47:00Z,101.05380907,False
2026-01-03T22:48:00Z,100.40333414,False
2026-01-03T22:49:00Z,99.89606778,False
2026-01-03T22:50:00Z,98.86166436,False
2026-01-03T22:51:00Z,99.63391080,False
2026-01-03T22:52:00Z,100.77000366,False
2026-01-03T22:53:00Z,100.79741542,False
2026-01-03T22:54:00Z,99.95049861,False
2026-01-03T22:55:00Z,99.42679846,False
2026-01-03T22:56:00Z,99.05663933,False
2026-01-03T22:57:00Z,101.07624859,False
2026-01-03T22:58:00Z,99.72498846,False
2026-01-03T22:59:00Z,99.49093881,False
2026-01-03T23:00:00Z,98.63273742,False
2026-01-03T23:01:00Z,99.33374242,False
2026-01-03T23:02:00Z,101.78882588,False
2026-01-03T23:03:00Z,101.36971056,False
2026-01-03T23:04:00Z,100.71137141,False
2026-01-03T23:05:00Z,99.44482146,False
2026-01-03T23:06:00Z,98.62294918,False
2026-01-03T23:07:00Z,100.41436267,False
2026-01-03T23:08:00Z,99.09971324,False
2026-01-03T23:09:00Z,101.94692759,False
2026-01-03T23:10:00Z,101.44145672,False
2026-01-03T23:11:00Z,100.07187852,False
2026-01-03T23:12:00Z,99.11086614,False
2026-01-03T23:13:00Z,100.19857949,False
2026-01-03T23:14:00Z,100.66236578,False
2026-01-03T23:15:00Z,99.67311887,False
2026-01-03T23:16:00Z,98.60490131,False
2026-01-03T23:17:00Z,99.20096537,False
2026-01-03T23:18:00Z,101.68771045,False
2026-01-03T23:19:00Z,99.18997975,False
2026-01-03T23:20:00Z,101.55621966,False
2026-01-03T23:21:00Z,100.29831574,False
2026-01-03T23:22:00Z,99.96051475,False
2026-01-03T23:23:00Z,99.84169014,False
2026-01-03T23:24:00Z,100.27749931,False
2026-01-03T23:25:00Z,99.56133671,False
2026-01-03T23:26:00Z,99.65486699,False
2026-01-03T23:27:00Z,99.50852437,False
2026-01-03T23:28:00Z,99.65629207,False
2026-01-03T23:29:00Z,99.34573237,False
2026-01-03T23:30:00Z,101.65702589,False
2026-01-03T23:31:00Z,100.76916568,False
2026-01-03T23:32:00Z,99.98365622,False
2026-01-03T23:33:00Z,101.30095927,False
2026-01-03T23:34:00Z,101.18726083,False
2026-01-03T23:35:00Z,99.46410820,False
2026-01-03T23:36:00Z,96.31376676,False
2026-01-03T23:37:00Z,99.77692497,False
2026-01-03T23:38:00Z,100.35223901,False
2026-01-03T23:39:00Z,100.71183785,False
2026-01-03T23:40:00Z,100.86069266,False
2026-01-03T23:41:00Z,100.18081705,False
2026-01-03T23:42:00Z,99.60092876,False
2026-01-03T23:43:00Z,102.16661578,False
2026-01-03T23:44:00Z,100.62616872,False
2026-01-03T23:45:00Z,101.18574814,False
2026-01-03T23:46:00Z,101.09961293,False
2026-01-03T23:47:00Z,101.66786348,False
2026-01-03T23:48:00Z,100.48234129,False
2026-01-03T23:49:00Z,101.20967085,False
2026-01-03T23:50:00Z,99.41174833,False
2026-01-03T23:51:00Z,98.99235905,False
2026-01-03T23:52:00Z,100.68732282,False
2026-01-03T23:53:00Z,99.61774508,False
2026-01-03T23:54:00Z,101.63370965,False
2026-01-03T23:55:00Z,100.79326057,False
2026-01-03T23:56:00Z,100.61498198,False
2026-01-03T23:57:00Z,100.63664436,False
2026-01-03T23:58:00Z,100.64999437,False
2026-01-03T23:59:00Z,101.67586492,False
2026-01-04T00:00:00Z,99.22551228,False
2026-01-04T00:01:00Z,101.38380976,False
2026-01-04T00:02:00Z,101.24784429,False
2026-01-04T00:03:00Z,101.58468772,False
2026-01-04T00:04:00Z,101.51356837,False
2026-01-04T00:05:00Z,101.08123488,False
2026-01-04T00:06:00Z,101.37361371,False
2026-01-04T00:07:00Z,100.49405532,False
2026-01-04T00:08:00Z,101.04133614,False
2026-01-04T00:09:00Z,100.80255163,False
2026-01-04T00:10:00Z,101.45448533,False
2026-01-04T00:11:00Z,100.58643867,False
2026-01-04T00:12:00Z,100.99819857,False
2026-01-04T00:13:00Z,100.39323268,False
2026-01-04T00:14:00Z,98.93420245,False
2026-01-04T00:15:00Z,101.80887825,False
2026-01-04T00:16:00Z,101.71801039,False
2026-01-04T00:17:00Z,99.92436749,False
2026-01-04T00:18:00Z,101.56704520,False
2026-01-04T00:19:00Z,100.09081643,False
2026-01-04T00:20:00Z,100.93943276,False
2026-01-04T00:21:00Z,100.32805334,False
2026-01-04T00:22:00Z,102.72753346,False
2026-01-04T00:23:00Z,101.69465954,False
2026-01-04T00:24:00Z,100.14441336,False
2026-01-04T00:25:00Z,101.69607926,False
2026-01-04T00:26:00Z,100.57376775,False
2026-01-04T00:27:00Z,101.36137872,False
2026-01-04T00:28:00Z,100.38134526,False
2026-01-04T00:29:00Z,99.45291338,False
2026-01-04T00:30:00Z,99.71360547,False
2026-01-04T00:31:00Z,99.10826664,False
2026-01-04T00:32:00Z,100.12146930,False
2026-01-04T00:33:00Z,101.56111917,False
2026-01-04T00:34:00Z,99.90023232,False
2026-01-04T00:35:00Z,100.81782203,False
2026-01-04T00:36:00Z,101.58905888,False
2026-01-04T00:37:00Z,100.56660809,False
2026-01-04T00:38:00Z,99.65712396,False
2026-01-04T00:39:00Z,100.58621531,False
2026-01-04T00:40:00Z,99.81906323,False
2026-01-04T00:41:00Z,100.17543510,False
2026-01-04T00:42:00Z,101.76388301,False
2026-01-04T00:43:00Z,100.43115602,False
2026-01-04T00:44:00Z,100.63142871,False
2026-01-04T00:45:00Z,101.74181641,False
2026-01-04T00:46:00Z,100.13586194,False
2026-01-04T00:47:00Z,102.33406345,False
2026-01-04T00:48:00Z,101.41102608,False
2026-01-04T00:49:00Z,102.06129069,False
2026-01-04T00:50:00Z,100.89464445,False
2026-01-04T00:51:00Z,102.24684711,False
2026-01-04T00:52:00Z,101.59046878,False
2026-01-04T00:53:00Z,101.18112097,False
2026-01-04T00:54:00Z,100.10205915,False
2026-01-04T00:55:00Z,99.73908896,False
2026-01-04T00:56:00Z,100.18600171,False
2026-01-04T00:57:00Z,100.35422279,False
2026-01-04T00:58:00Z,101.36510287,False
2026-01-04T00:59:00Z,100.47375557,False
2026-01-04T01:00:00Z,102.99837709,False
2026-01-04T01:01:00Z,99.42584685,False
2026-01-04T01:02:00Z,101.13897947,False
2026-01-04T01:03:00Z,102.02186783,False
2026-01-04T01:04:00Z,102.07326012,False
2026-01-04T01:05:00Z,101.98850632,False
2026-01-04T01:06:00Z,101.28002222,False
2026-01-04T01:07:00Z,101.71105731,False
2026-01-04T01:08:00Z,101.98096815,False
2026-01-04T01:09:00Z,99.36465937,False
2026-01-04T01:10:00Z,102.73280069,False
2026-01-04T01:11:00Z,100.94567955,False
2026-01-04T01:12:00Z,100.57932997,False
2026-01-04T01:13:00Z,100.11557893,False
2026-01-04T01:14:00Z,100.68137028,False
2026-01-04T01:15:00Z,101.25459597,False
2026-01-04T01:16:00Z,100.73047419,False
2026-01-04T01:17:00Z,100.95253275,False
2026-01-04T01:18:00Z,101.16685134,False
2026-01-04T01:19:00Z,99.92163061,False
2026-01-04T01:20:00Z,102.34037817,False
2026-01-04T01:21:00Z,100.61139356,False
2026-01-04T01:22:00Z,101.91232378,False
2026-01-04T01:23:00Z,100.99128478,False
2026-01-04T01:24:00Z,100.51426308,False
2026-01-04T01:25:00Z,100.47932015,False
2026-01-04T01:26:00Z,101.29422395,False
2026-01-04T01:27:00Z,99.61531518,False
2026-01-04T01:28:00Z,100.63801094,False
2026-01-04T01:29:00Z,100.50746940,False
2026-01-04T01:30:00Z,100.43564787,False
2026-01-04T01:31:00Z,99.93798596,False
2026-01-04T01:32:00Z,101.63901646,False
2026-01-04T01:33:00Z,99.93436221,False
2026-01-04T01:34:00Z,102.01834415,False
2026-01-04T01:35:00Z,102.07156900,False
2026-01-04T01:36:00Z,101.44555584,False
2026-01-04T01:37:00Z,100.21436607,False
2026-01-04T01:38:00Z,101.17168678,False
2026-01-04T01:39:00Z,102.78152968,False
2026-01-04T01:40:00Z,99.95848126,False
2026-01-04T01:41:00Z,101.90492346,False
2026-01-04T01:42:00Z,99.27682464,False
2026-01-04T01:43:00Z,101.98781824,False
2026-01-04T01:44:00Z,102.05998043,False
2026-01-04T01:45:00Z,100.82303778,False
2026-01-04T01:46:00Z,101.48868414,False
2026-01-04T01:47:00Z,100.68593084,False
2026-01-04T01:48:00Z,100.66137547,False
2026-01-04T01:49:00Z,102.11528564,False
2026-01-04T01:50:00Z,100.89857633,False
2026-01-04T01:51:00Z,98.97595857,False
2026-01-04T01:52:00Z,100.79258417,False
2026-01-04T01:53:00Z,99.59319790,False
2026-01-04T01:54:00Z,100.38370124,False
2026-01-04T01:55:00Z,100.60948619,False
2026-01-04T01:56:00Z,102.12638461,False
2026-01-04T01:57:00Z,101.38980935,False
2026-01-04T01:58:00Z,101.35448721,False
2026-01-04T01:59:00Z,101.79087096,False
2026-01-04T02:00:00Z,101.26181998,False
2026-01-04T02:01:00Z,101.19974212,False
2026-01-04T02:02:00Z,100.11921315,False
2026-01-04T02:03:00Z,102.53761322,False
2026-01-04T02:04:00Z,101.29387804,False
2026-01-04T02:05:00Z,100.85657610,False
2026-01-04T02:06:00Z,102.15396989,False
2026-01-04T02:07:00Z,99.55678574,False
2026-01-04T02:08:00Z,101.63295503,False
2026-01-04T02:09:00Z,101.36920907,False
2026-01-04T02:10:00Z,99.98563787,False
2026-01-04T02:11:00Z,101.30330344,False
2026-01-04T02:12:00Z,101.46191522,False
2026-01-04T02:13:00Z,101.97280565,False
2026-01-04T02:14:00Z,99.00781939,False
2026-01-04T02:15:00Z,100.56979621,False
2026-01-04T02:16:00Z,100.23699314,False
2026-01-04T02:17:00Z,100.28502031,False
2026-01-04T02:18:00Z,101.03471365,False
2026-01-04T02:19:00Z,101.49875539,False
2026-01-04T02:20:00Z,101.82261645,False
2026-01-04T02:21:00Z,102.01183348,False
2026-01-04T02:22:00Z,100.78885352,False
2026-01-04T02:23:00Z,100.69392405,False
2026-01-04T02:24:00Z,101.51601889,False
2026-01-04T02:25:00Z,103.00329421,False
2026-01-04T02:26:00Z,101.96399581,False
2026-01-04T02:27:00Z,102.61925492,False
2026-01-04T02:28:00Z,101.35103750,False
2026-01-04T02:29:00Z,100.53461260,False
2026-01-04T02:30:00Z,101.00887746,False
2026-01-04T02:31:00Z,101.91132343,False
2026-01-04T02:32:00Z,100.38963351,False
2026-01-04T02:33:00Z,100.59176901,False
2026-01-04T02:34:00Z,102.48993154,False
2026-01-04T02:35:00Z,101.10610506,False
2026-01-04T02:36:00Z,101.96587738,False
2026-01-04T02:37:00Z,100.61354428,False
2026-01-04T02:38:00Z,101.68890613,False
2026-01-04T02:39:00Z,101.23973250,False
2026-01-04T02:40:00Z,101.86572546,False
2026-01-04T02:41:00Z,102.17805573,False
2026-01-04T02:42:00Z,102.22782871,False
2026-01-04T02:43:00Z,100.53710808,False
2026-01-04T02:44:00Z,101.79081527,False
2026-01-04T02:45:00Z,101.05908295,False
2026-01-04T02:46:00Z,100.96919676,False
2026-01-04T02:47:00Z,101.16287338,False
2026-01-04T02:48:00Z,100.95001231,False
2026-01-04T02:49:00Z,100.42124446,False
2026-01-04T02:50:00Z,99.56149387,False
2026-01-04T02:51:00Z,101.92746777,False
2026-01-04T02:52:00Z,100.93541405,False
2026-01-04T02:53:00Z,100.16453915,False
2026-01-04T02:54:00Z,102.40115243,False
2026-01-04T02:55:00Z,100.90082462,False
2026-01-04T02:56:00Z,99.63881712,False
2026-01-04T02:57:00Z,102.19109823,False
2026-01-04T02:58:00Z,101.52044347,False
2026-01-04T02:59:00Z,101.37746980,False
2026-01-04T03:00:00Z,103.80532121,False
2026-01-04T03:01:00Z,99.13995948,False
2026-01-04T03:02:00Z,101.98358504,False
2026-01-04T03:03:00Z,101.39305629,False
2026-01-04T03:04:00Z,100.91748586,False
2026-01-04T03:05:00Z,101.25212725,False
2026-01-04T03:06:00Z,101.90514133,False
2026-01-04T03:07:00Z,101.14978197,False
2026-01-04T03:08:00Z,103.16842517,False
2026-01-04T03:09:00Z,101.92286496,False
2026-01-04T03:10:00Z,103.53915071,False
2026-01-04T03:11:00Z,102.63719158,False
2026-01-04T03:12:00Z,102.60268950,False
2026-01-04T03:13:00Z,99.39108215,False
2026-01-04T03:14:00Z,101.07573368,False
2026-01-04T03:15:00Z,103.94730699,False
2026-01-04T03:16:00Z,99.84271013,False
2026-01-04T03:17:00Z,100.59061725,False
2026-01-04T03:18:00Z,102.48425681,False
2026-01-04T03:19:00Z,101.08948562,False
2026-01-04T03:20:00Z,102.95007078,False
2026-01-04T03:21:00Z,102.54444261,False
2026-01-04T03:22:00Z,102.36715831,False
2026-01-04T03:23:00Z,102.95286464,False
2026-01-04T03:24:00Z,103.28590511,False
2026-01-04T03:25:00Z,101.76812295,False
2026-01-04T03:26:00Z,101.30224279,False
2026-01-04T03:27:00Z,100.46667233,False
2026-01-04T03:28:00Z,102.64314013,False
2026-01-04T03:29:00Z,101.83075030,False
2026-01-04T03:30:00Z,102.09521295,False
2026-01-04T03:31:00Z,101.19855562,False
2026-01-04T03:32:00Z,102.80425619,False
2026-01-04T03:33:00Z,101.54978112,False
2026-01-04T03:34:00Z,101.46490206,False
2026-01-04T03:35:00Z,100.79038451,False
2026-01-04T03:36:00Z,101.73613747,False
2026-01-04T03:37:00Z,100.89945661,False
2026-01-04T03:38:00Z,101.88140564,False
2026-01-04T03:39:00Z,100.26267111,False
2026-01-04T03:40:00Z,102.16638183,False
2026-01-04T03:41:00Z,101.19648526,False
2026-01-04T03:42:00Z,103.61792181,False
2026-01-04T03:43:00Z,101.32656973,False
2026-01-04T03:44:00Z,102.30575524,False
2026-01-04T03:45:00Z,102.53015477,False
2026-01-04T03:46:00Z,102.92549399,False
2026-01-04T03:47:00Z,102.27670403,False
2026-01-04T03:48:00Z,103.09589476,False
2026-01-04T03:49:00Z,102.87956636,False
2026-01-04T03:50:00Z,102.40441314,False
2026-01-04T03:51:00Z,101.50773900,False
2026-01-04T03:52:00Z,101.50082212,False
2026-01-04T03:53:00Z,102.35980256,False
2026-01-04T03:54:00Z,101.33583576,False
2026-01-04T03:55:00Z,100.80118085,False
2026-01-04T03:56:00Z,101.66577630,False
2026-01-04T03:57:00Z,102.61649857,False
2026-01-04T03:58:00Z,100.63284494,False
2026-01-04T03:59:00Z,102.95518351,False
2026-01-04T04:00:00Z,101.26469645,False
2026-01-04T04:01:00Z,103.72826881,False
2026-01-04T04:02:00Z,102.09888939,False
2026-01-04T04:03:00Z,103.47596986,False
2026-01-04T04:04:00Z,101.53134946,False
2026-01-04T04:05:00Z,100.93466397,False
2026-01-04T04:06:00Z,100.70144467,False
2026-01-04T04:07:00Z,101.51601187,False
2026-01-04T04:08:00Z,101.70417942,False
2026-01-04T04:09:00Z,101.42408870,False
2026-01-04T04:10:00Z,104.05208064,False
2026-01-04T04:11:00Z,102.36355310,False
2026-01-04T04:12:00Z,102.09507208,False
2026-01-04T04:13:00Z,100.09521090,False
2026-01-04T04:14:00Z,103.09970487,False
2026-01-04T04:15:00Z,103.27883320,False
2026-01-04T04:16:00Z,103.32112776,False
2026-01-04T04:17:00Z,101.21856715,False
2026-01-04T04:18:00Z,101.90264859,False
2026-01-04T04:19:00Z,101.92044937,False
2026-01-04T04:20:00Z,100.74204096,False
2026-01-04T04:21:00Z,103.30313728,False
2026-01-04T04:22:00Z,102.28000789,False
2026-01-04T04:23:00Z,102.06673573,False
2026-01-04T04:24:00Z,101.96672110,False
2026-01-04T04:25:00Z,101.87964136,False
2026-01-04T04:26:00Z,101.23935389,False
2026-01-04T04:27:00Z,101.47357504,False
2026-01-04T04:28:00Z,101.17392673,False
2026-01-04T04:29:00Z,102.26137329,False
2026-01-04T04:30:00Z,101.99269906,False
2026-01-04T04:31:00Z,102.92121817,False
2026-01-04T04:32:00Z,99.89711470,False
2026-01-04T04:33:00Z,104.00316993,False
2026-01-04T04:34:00Z,100.97349903,False
2026-01-04T04:35:00Z,101.98983279,False
2026-01-04T04:36:00Z,102.42444549,False
2026-01-04T04:37:00Z,103.17628099,False
2026-01-04T04:38:00Z,102.38297884,False
2026-01-04T04:39:00Z,102.29871903,False
2026-01-04T04:40:00Z,102.71645044,False
2026-01-04T04:41:00Z,102.77227787,False
2026-01-04T04:42:00Z,98.79085343,False
2026-01-04T04:43:00Z,102.48037479,False
2026-01-04T04:44:00Z,103.49484494,False
2026-01-04T04:45:00Z,103.12838072,False
2026-01-04T04:46:00Z,101.78443950,False
2026-01-04T04:47:00Z,104.64341204,False
2026-01-04T04:48:00Z,101.33810175,False
2026-01-04T04:49:00Z,102.57678005,False
2026-01-04T04:50:00Z,101.86556439,False
2026-01-04T04:51:00Z,101.81549762,False
2026-01-04T04:52:00Z,102.03151460,False
2026-01-04T04:53:00Z,100.53308499,False
2026-01-04T04:54:00Z,102.07639172,False
2026-01-04T04:55:00Z,101.36532969,False
2026-01-04T04:56:00Z,100.96303921,False
2026-01-04T04:57:00Z,103.52587549,False
2026-01-04T04:58:00Z,100.86917176,False
2026-01-04T04:59:00Z,100.30267299,False
2026-01-04T05:00:00Z,101.35316957,False
2026-01-04T05:01:00Z,103.50851024,False
2026-01-04T05:02:00Z,103.29326930,False
2026-01-04T05:03:00Z,101.42360628,False
2026-01-04T05:04:00Z,101.01702157,False
2026-01-04T05:05:00Z,103.59766271,False
2026-01-04T05:06:00Z,101.68558853,False
2026-01-04T05:07:00Z,102.50098787,False
2026-01-04T05:08:00Z,100.90167397,False
2026-01-04T05:09:00Z,103.37319574,False
2026-01-04T05:10:00Z,100.29515692,False
2026-01-04T05:11:00Z,103.23325729,False
2026-01-04T05:12:00Z,103.64538770,False
2026-01-04T05:13:00Z,101.76057230,False
2026-01-04T05:14:00Z,101.36215378,False
2026-01-04T05:15:00Z,101.66469565,False
2026-01-04T05:16:00Z,101.06359379,False
2026-01-04T05:17:00Z,101.24949620,False
2026-01-04T05:18:00Z,101.37101738,False
2026-01-04T05:19:00Z,102.55088857,False
2026-01-04T05:20:00Z,101.51151145,False
2026-01-04T05:21:00Z,101.31881097,False
2026-01-04T05:22:00Z,102.31767352,False
2026-01-04T05:23:00Z,101.87977445,False
2026-01-04T05:24:00Z,101.70723103,False
2026-01-04T05:25:00Z,102.75661132,False
2026-01-04T05:26:00Z,101.70907297,False
2026-01-04T05:27:00Z,101.94210839,False
2026-01-04T05:28:00Z,101.77192228,False
2026-01-04T05:29:00Z,100.49216607,False
2026-01-04T05:30:00Z,101.65849998,False
2026-01-04T05:31:00Z,103.63495163,False
2026-01-04T05:32:00Z,101.86755782,False
2026-01-04T05:33:00Z,101.78845449,False
2026-01-04T05:34:00Z,102.43581674,False
2026-01-04T05:35:00Z,102.95017920,False
2026-01-04T05:36:00Z,104.22696607,False
2026-01-04T05:37:00Z,101.45227857,False
2026-01-04T05:38:00Z,100.31754299,False
2026-01-04T05:39:00Z,104.38796608,False
2026-01-04T05:40:00Z,102.14682810,False
2026-01-04T05:41:00Z,103.02901440,False
2026-01-04T05:42:00Z,102.92942708,False
2026-01-04T05:43:00Z,104.18775708,False
2026-01-04T05:44:00Z,100.93211876,False
2026-01-04T05:45:00Z,102.23163233,False
2026-01-04T05:46:00Z,100.76526035,False
2026-01-04T05:47:00Z,101.90426273,False
2026-01-04T05:48:00Z,103.80247085,False
2026-01-04T05:49:00Z,102.80816948,False
2026-01-04T05:50:00Z,102.94184080,False
2026-01-04T05:51:00Z,102.60322684,False
2026-01-04T05:52:00Z,102.53465950,False
2026-01-04T05:53:00Z,101.00046739,False
2026-01-04T05:54:00Z,101.84175943,False
2026-01-04T05:55:00Z,101.89029147,False
2026-01-04T05:56:00Z,102.72603160,False
2026-01-04T05:57:00Z,101.09923726,False
2026-01-04T05:58:00Z,103.33561162,False
2026-01-04T05:59:00Z,102.59232060,False
2026-01-04T06:00:00Z,102.47627789,False
2026-01-04T06:01:00Z,104.46606700,False
2026-01-04T06:02:00Z,102.18387041,False
2026-01-04T06:03:00Z,101.85968950,False
2026-01-04T06:04:00Z,102.50531242,False
2026-01-04T06:05:00Z,102.31942064,False
2026-01-04T06:06:00Z,100.95003211,False
2026-01-04T06:07:00Z,102.57990948,False
2026-01-04T06:08:00Z,101.16077058,False
2026-01-04T06:09:00Z,102.76662797,False
2026-01-04T06:10:00Z,101.83729842,False
2026-01-04T06:11:00Z,101.66156259,False
2026-01-04T06:12:00Z,101.23311969,False
2026-01-04T06:13:00Z,101.77893913,False
2026-01-04T06:14:00Z,101.93664696,False
2026-01-04T06:15:00Z,101.76065068,False
2026-01-04T06:16:00Z,102.37510569,False
2026-01-04T06:17:00Z,103.67339253,False
2026-01-04T06:18:00Z,102.80104462,False
2026-01-04T06:19:00Z,102.76984267,False
2026-01-04T06:20:00Z,103.32613265,False
2026-01-04T06:21:00Z,102.86244526,False
2026-01-04T06:22:00Z,103.28487204,False
2026-01-04T06:23:00Z,102.05010787,False
2026-01-04T06:24:00Z,101.83184404,False
2026-01-04T06:25:00Z,102.17420799,False
2026-01-04T06:26:00Z,102.39751442,False
2026-01-04T06:27:00Z,103.92940465,False
2026-01-04T06:28:00Z,101.58334545,False
2026-01-04T06:29:00Z,101.53823480,False
2026-01-04T06:30:00Z,102.30988551,False
2026-01-04T06:31:00Z,102.44070370,False
2026-01-04T06:32:00Z,100.78947482,False
2026-01-04T06:33:00Z,101.64044164,False
2026-01-04T06:34:00Z,101.95496360,False
2026-01-04T06:35:00Z,101.92669127,False
2026-01-04T06:36:00Z,101.56915954,False
2026-01-04T06:37:00Z,101.39107980,False
2026-01-04T06:38:00Z,102.72460692,False
2026-01-04T06:39:00Z,100.53095828,False
2026-01-04T06:40:00Z,102.88018341,False
2026-01-04T06:41:00Z,101.53791027,False
2026-01-04T06:42:00Z,102.88152920,False
2026-01-04T06:43:00Z,102.47415326,False
2026-01-04T06:44:00Z,103.03936076,False
2026-01-04T06:45:00Z,102.15191579,False
2026-01-04T06:46:00Z,101.04168842,False
2026-01-04T06:47:00Z,104.19382333,False
2026-01-04T06:48:00Z,102.09400701,False
2026-01-04T06:49:00Z,102.06555918,False
2026-01-04T06:50:00Z,101.64204059,False
2026-01-04T06:51:00Z,101.57033156,False
2026-01-04T06:52:00Z,102.62066435,False
2026-01-04T06:53:00Z,102.88860594,False
2026-01-04T06:54:00Z,103.65199453,False
2026-01-04T06:55:00Z,102.22902751,False
2026-01-04T06:56:00Z,101.49973646,False
2026-01-04T06:57:00Z,103.13970655,False
2026-01-04T06:58:00Z,101.77310441,False
2026-01-04T06:59:00Z,103.60907625,False
2026-01-04T07:00:00Z,104.52496558,False
2026-01-04T07:01:00Z,101.62991965,False
2026-01-04T07:02:00Z,103.84044356,False
2026-01-04T07:03:00Z,102.18185641,False
2026-01-04T07:04:00Z,101.65428165,False
2026-01-04T07:05:00Z,100.18351921,False
2026-01-04T07:06:00Z,101.36403188,False
2026-01-04T07:07:00Z,102.70401086,False
2026-01-04T07:08:00Z,102.66102329,False
2026-01-04T07:09:00Z,102.92476642,False
2026-01-04T07:10:00Z,102.92554279,False
2026-01-04T07:11:00Z,101.59222769,False
2026-01-04T07:12:00Z,103.02819490,False
2026-01-04T07:13:00Z,101.30523931,False
2026-01-04T07:14:00Z,102.36323647,False
2026-01-04T07:15:00Z,102.59977315,False
2026-01-04T07:16:00Z,102.10312575,False
2026-01-04T07:17:00Z,101.19534678,False
2026-01-04T07:18:00Z,101.53730423,False
2026-01-04T07:19:00Z,102.11842765,False
2026-01-04T07:20:00Z,102.54729378,False
2026-01-04T07:21:00Z,100.17776884,False
2026-01-04T07:22:00Z,101.27118526,False
2026-01-04T07:23:00Z,103.79964782,False
2026-01-04T07:24:00Z,102.17268106,False
2026-01-04T07:25:00Z,103.62404403,False
2026-01-04T07:26:00Z,102.81206219,False
2026-01-04T07:27:00Z,101.67000573,False
2026-01-04T07:28:00Z,103.46046435,False
2026-01-04T07:29:00Z,103.41833928,False
2026-01-04T07:30:00Z,102.93535223,False
2026-01-04T07:31:00Z,102.78107499,False
2026-01-04T07:32:00Z,102.98068872,False
2026-01-04T07:33:00Z,101.96245505,False
2026-01-04T07:34:00Z,103.56627868,False
2026-01-04T07:35:00Z,101.14516725,False
2026-01-04T07:36:00Z,101.41279019,False
2026-01-04T07:37:00Z,101.74747081,False
2026-01-04T07:38:00Z,101.78799662,False
2026-01-04T07:39:00Z,102.15505861,False
2026-01-04T07:40:00Z,102.68917062,False
2026-01-04T07:41:00Z,99.99994379,False
2026-01-04T07:42:00Z,103.93047100,False
2026-01-04T07:43:00Z,101.40959389,False
2026-01-04T07:44:00Z,103.17392626,False
2026-01-04T07:45:00Z,102.64463157,False
2026-01-04T07:46:00Z,103.22020972,False
2026-01-04T07:47:00Z,102.78204796,False
2026-01-04T07:48:00Z,101.92520631,False
2026-01-04T07:49:00Z,101.08074978,False
2026-01-04T07:50:00Z,102.64449918,False
2026-01-04T07:51:00Z,102.36554220,False
2026-01-04T07:52:00Z,104.22440786,False
2026-01-04T07:53:00Z,103.00890436,False
2026-01-04T07:54:00Z,100.97996688,False
2026-01-04T07:55:00Z,104.97443780,False
2026-01-04T07:56:00Z,102.22651738,False
2026-01-04T07:57:00Z,102.35540589,False
2026-01-04T07:58:00Z,103.59713717,False
2026-01-04T07:59:00Z,102.46709727,False
2026-01-04T08:00:00Z,112.92254259,True
2026-01-04T08:01:00Z,101.79387751,False
2026-01-04T08:02:00Z,103.39928926,False
2026-01-04T08:03:00Z,102.97888812,False
2026-01-04T08:04:00Z,102.84160665,False
2026-01-04T08:05:00Z,103.29250877,False
2026-01-04T08:06:00Z,103.99939805,False
2026-01-04T08:07:00Z,103.26429652,False
2026-01-04T08:08:00Z,103.58736316,False
2026-01-04T08:09:00Z,103.75782002,False
2026-01-04T08:10:00Z,103.61188054,False
2026-01-04T08:11:00Z,103.56429550,False
2026-01-04T08:12:00Z,103.99877446,False
2026-01-04T08:13:00Z,103.66397307,False
2026-01-04T08:14:00Z,102.05870213,False
2026-01-04T08:15:00Z,103.46861368,False
2026-01-04T08:16:00Z,101.69951150,False
2026-01-04T08:17:00Z,103.46234904,False
2026-01-04T08:18:00Z,102.64766386,False
2026-01-04T08:19:00Z,101.14481732,False
2026-01-04T08:20:00Z,102.06299665,False
2026-01-04T08:21:00Z,102.55608987,False
2026-01-04T08:22:00Z,103.53500926,False
2026-01-04T08:23:00Z,102.66362227,False
2026-01-04T08:24:00Z,103.09818983,False
2026-01-04T08:25:00Z,102.40148402,False
2026-01-04T08:26:00Z,101.82509203,False
2026-01-04T08:27:00Z,103.15896301,False
2026-01-04T08:28:00Z,103.21525690,False
2026-01-04T08:29:00Z,102.81810205,False
2026-01-04T08:30:00Z,102.52423192,False
2026-01-04T08:31:00Z,102.95395648,False
2026-01-04T08:32:00Z,102.39376376,False
2026-01-04T08:33:00Z,103.37705133,False
2026-01-04T08:34:00Z,103.78048416,False
2026-01-04T08:35:00Z,104.06502764,False
2026-01-04T08:36:00Z,103.28007209,False
2026-01-04T08:37:00Z,102.02302372,False
2026-01-04T08:38:00Z,104.70856698,False
2026-01-04T08:39:00Z,102.86592879,False
2026-01-04T08:40:00Z,103.88228862,False
2026-01-04T08:41:00Z,102.71772186,False
2026-01-04T08:42:00Z,103.19003208,False
2026-01-04T08:43:00Z,102.45238060,False
2026-01-04T08:44:00Z,102.99102474,False
2026-01-04T08:45:00Z,101.23738833,False
2026-01-04T08:46:00Z,102.90027651,False
2026-01-04T08:47:00Z,103.74550669,False
2026-01-04T08:48:00Z,101.25321414,False
2026-01-04T08:49:00Z,103.50659910,False
2026-01-04T08:50:00Z,103.29980134,False
2026-01-04T08:51:00Z,102.27491396,False
2026-01-04T08:52:00Z,102.25899936,False
2026-01-04T08:53:00Z,102.65910483,False
2026-01-04T08:54:00Z,104.26003319,False
2026-01-04T08:55:00Z,104.62557233,False
2026-01-04T08:56:00Z,102.34549222,False
2026-01-04T08:57:00Z,100.73895892,False
2026-01-04T08:58:00Z,102.40053279,False
2026-01-04T08:59:00Z,101.26819398,False
2026-01-04T09:00:00Z,103.90364458,False
2026-01-04T09:01:00Z,103.45962013,False
2026-01-04T09:02:00Z,102.86369695,False
2026-01-04T09:03:00Z,101.21154136,False
2026-01-04T09:04:00Z,103.52627567,False
2026-01-04T09:05:00Z,102.31112131,False
2026-01-04T09:06:00Z,103.09014934,False
2026-01-04T09:07:00Z,102.23323903,False
2026-01-04T09:08:00Z,103.55923119,False
2026-01-04T09:09:00Z,104.11626823,False
2026-01-04T09:10:00Z,104.10367187,False
2026-01-04T09:11:00Z,102.31779427,False
2026-01-04T09:12:00Z,100.80200346,False
2026-01-04T09:13:00Z,104.00417714,False
2026-01-04T09:14:00Z,101.33887277,False
2026-01-04T09:15:00Z,101.27234158,False
2026-01-04T09:16:00Z,102.08671233,False
2026-01-04T09:17:00Z,102.33783202,False
2026-01-04T09:18:00Z,102.96025324,False
2026-01-04T09:19:00Z,100.26346190,False
2026-01-04T09:20:00Z,103.03681254,False
2026-01-04T09:21:00Z,103.34238244,False
2026-01-04T09:22:00Z,102.66773095,False
2026-01-04T09:23:00Z,103.91614255,False
2026-01-04T09:24:00Z,103.67202298,False
2026-01-04T09:25:00Z,102.92769696,False
2026-01-04T09:26:00Z,102.51826580,False
2026-01-04T09:27:00Z,101.42108799,False
2026-01-04T09:28:00Z,103.21420534,False
2026-01-04T09:29:00Z,101.85354284,False
2026-01-04T09:30:00Z,102.36855323,False
2026-01-04T09:31:00Z,100.55310379,False
2026-01-04T09:32:00Z,104.06132772,False
2026-01-04T09:33:00Z,104.58996789,False
2026-01-04T09:34:00Z,103.52133256,False
2026-01-04T09:35:00Z,101.92391765,False
2026-01-04T09:36:00Z,103.18480751,False
2026-01-04T09:37:00Z,103.64873499,False
2026-01-04T09:38:00Z,103.25396853,False
2026-01-04T09:39:00Z,102.10578280,False
2026-01-04T09:40:00Z,103.06363773,False
2026-01-04T09:41:00Z,101.82977879,False
2026-01-04T09:42:00Z,102.08129582,False
2026-01-04T09:43:00Z,104.58419685,False
2026-01-04T09:44:00Z,100.87050642,False
2026-01-04T09:45:00Z,104.83213784,False
2026-01-04T09:46:00Z,102.38522564,False
2026-01-04T09:47:00Z,102.94002555,False
2026-01-04T09:48:00Z,102.13026930,False
2026-01-04T09:49:00Z,102.38621475,False
2026-01-04T09:50:00Z,104.22520466,False
2026-01-04T09:51:00Z,102.60540846,False
2026-01-04T09:52:00Z,101.82624058,False
2026-01-04T09:53:00Z,103.33351159,False
2026-01-04T09:54:00Z,103.87192914,False
2026-01-04T09:55:00Z,102.46282130,False
2026-01-04T09:56:00Z,101.26302596,False
2026-01-04T09:57:00Z,103.12624319,False
2026-01-04T09:58:00Z,104.18650638,False
2026-01-04T09:59:00Z,102.87321313,False
2026-01-04T10:00:00Z,103.42915231,False
2026-01-04T10:01:00Z,103.50770411,False
2026-01-04T10:02:00Z,101.91808487,False
2026-01-04T10:03:00Z,102.41544512,False
2026-01-04T10:04:00Z,102.31795596,False
2026-01-04T10:05:00Z,103.53085246,False
2026-01-04T10:06:00Z,102.93634652,False
2026-01-04T10:07:00Z,103.51893065,False
2026-01-04T10:08:00Z,105.14368377,False
2026-01-04T10:09:00Z,103.99035176,False
2026-01-04T10:10:00Z,102.54275785,False
2026-01-04T10:11:00Z,104.56873260,False
2026-01-04T10:12:00Z,102.45106314,False
2026-01-04T10:13:00Z,102.95748092,False
2026-01-04T10:14:00Z,102.95025211,False
2026-01-04T10:15:00Z,101.33499531,False
2026-01-04T10:16:00Z,102.75488823,False
2026-01-04T10:17:00Z,103.14837877,False
2026-01-04T10:18:00Z,103.78258703,False
2026-01-04T10:19:00Z,102.22238991,False
2026-01-04T10:20:00Z,103.65700238,False
2026-01-04T10:21:00Z,102.85003895,False
2026-01-04T10:22:00Z,103.37992023,False
2026-01-04T10:23:00Z,102.58990515,False
2026-01-04T10:24:00Z,102.67917651,False
2026-01-04T10:25:00Z,101.87647894,False
2026-01-04T10:26:00Z,101.07528757,False
2026-01-04T10:27:00Z,104.06985798,False
2026-01-04T10:28:00Z,102.91664193,False
2026-01-04T10:29:00Z,102.09486722,False
2026-01-04T10:30:00Z,102.05576854,False
2026-01-04T10:31:00Z,103.20996689,False
2026-01-04T10:32:00Z,103.16342565,False
2026-01-04T10:33:00Z,103.77290693,False
2026-01-04T10:34:00Z,103.79300678,False
2026-01-04T10:35:00Z,103.57773483,False
2026-01-04T10:36:00Z,102.00032293,False
2026-01-04T10:37:00Z,103.71059573,False
2026-01-04T10:38:00Z,102.20704283,False
2026-01-04T10:39:00Z,101.91559488,False
2026-01-04T10:40:00Z,104.30148955,False
2026-01-04T10:41:00Z,102.65367449,False
2026-01-04T10:42:00Z,104.37711843,False
2026-01-04T10:43:00Z,101.78332777,False
2026-01-04T10:44:00Z,104.01193347,False
2026-01-04T10:45:00Z,104.47283585,False
2026-01-04T10:46:00Z,105.15700194,False
2026-01-04T10:47:00Z,102.14666924,False
2026-01-04T10:48:00Z,103.20109637,False
2026-01-04T10:49:00Z,103.87454301,False
2026-01-04T10:50:00Z,103.24986987,False
2026-01-04T10:51:00Z,102.56422838,False
2026-01-04T10:52:00Z,103.26080583,False
2026-01-04T10:53:00Z,101.89420439,False
2026-01-04T10:54:00Z,102.56036158,False
2026-01-04T10:55:00Z,103.77082038,False
2026-01-04T10:56:00Z,102.14560207,False
2026-01-04T10:57:00Z,103.59752439,False
2026-01-04T10:58:00Z,102.26003044,False
2026-01-04T10:59:00Z,104.11737857,False
2026-01-04T11:00:00Z,103.09716091,False
2026-01-04T11:01:00Z,102.81802854,False
2026-01-04T11:02:00Z,104.11728262,False
2026-01-04T11:03:00Z,102.71174658,False
2026-01-04T11:04:00Z,104.44842035,False
2026-01-04T11:05:00Z,102.37249592,False
2026-01-04T11:06:00Z,103.44299894,False
2026-01-04T11:07:00Z,104.12158073,False
2026-01-04T11:08:00Z,102.61520130,False
2026-01-04T11:09:00Z,102.74263898,False
2026-01-04T11:10:00Z,102.49020153,False
2026-01-04T11:11:00Z,102.52919559,False
2026-01-04T11:12:00Z,103.61297665,False
2026-01-04T11:13:00Z,103.74934163,False
2026-01-04T11:14:00Z,103.24426546,False
2026-01-04T11:15:00Z,104.79532478,False
2026-01-04T11:16:00Z,103.79411148,False
2026-01-04T11:17:00Z,103.82389221,False
2026-01-04T11:18:00Z,101.51281181,False
2026-01-04T11:19:00Z,103.57336981,False
2026-01-04T11:20:00Z,101.30798495,False
2026-01-04T11:21:00Z,104.62760962,False
2026-01-04T11:22:00Z,102.82655270,False
2026-01-04T11:23:00Z,102.50421646,False
2026-01-04T11:24:00Z,104.35307622,False
2026-01-04T11:25:00Z,102.88387431,False
2026-01-04T11:26:00Z,103.24308954,False
2026-01-04T11:27:00Z,102.67298772,False
2026-01-04T11:28:00Z,101.94977127,False
2026-01-04T11:29:00Z,104.54765138,False
2026-01-04T11:30:00Z,104.23590057,False
2026-01-04T11:31:00Z,102.61736858,False
2026-01-04T11:32:00Z,102.99692347,False
2026-01-04T11:33:00Z,102.62448537,False
2026-01-04T11:34:00Z,104.96088650,False
2026-01-04T11:35:00Z,103.61556376,False
2026-01-04T11:36:00Z,102.58835905,False
2026-01-04T11:37:00Z,103.10689159,False
2026-01-04T11:38:00Z,101.43593082,False
2026-01-04T11:39:00Z,102.44847425,False
2026-01-04T11:40:00Z,103.05246203,False
2026-01-04T11:41:00Z,103.40116854,False
2026-01-04T11:42:00Z,103.39712123,False
2026-01-04T11:43:00Z,102.70983197,False
2026-01-04T11:44:00Z,101.15466459,False
2026-01-04T11:45:00Z,103.20677465,False
2026-01-04T11:46:00Z,103.42357180,False
2026-01-04T11:47:00Z,102.84224453,False
2026-01-04T11:48:00Z,101.37967582,False
2026-01-04T11:49:00Z,103.31987590,False
2026-01-04T11:50:00Z,102.44964689,False
2026-01-04T11:51:00Z,103.67135110,False
2026-01-04T11:52:00Z,103.55229758,False
2026-01-04T11:53:00Z,103.16133957,False
2026-01-04T11:54:00Z,102.82810854,False
2026-01-04T11:55:00Z,102.08058301,False
2026-01-04T11:56:00Z,102.60489995,False
2026-01-04T11:57:00Z,103.61217271,False
2026-01-04T11:58:00Z,104.51250210,False
2026-01-04T11:59:00Z,100.91179615,False
2026-01-04T12:00:00Z,103.62939493,False
2026-01-04T12:01:00Z,103.97096543,False
2026-01-04T12:02:00Z,102.34684104,False
2026-01-04T12:03:00Z,103.55625483,False
2026-01-04T12:04:00Z,101.07365185,False
2026-01-04T12:05:00Z,104.09889047,False
2026-01-04T12:06:00Z,103.80815156,False
2026-01-04T12:07:00Z,103.02162899,False
2026-01-04T12:08:00Z,103.35984994,False
2026-01-04T12:09:00Z,104.41133246,False
2026-01-04T12:10:00Z,101.56106881,False
2026-01-04T12:11:00Z,101.09939041,False
2026-01-04T12:12:00Z,102.45882484,False
2026-01-04T12:13:00Z,102.42282847,False
2026-01-04T12:14:00Z,102.84182448,False
2026-01-04T12:15:00Z,102.89441952,False
2026-01-04T12:16:00Z,102.80626187,False
2026-01-04T12:17:00Z,101.74489093,False
2026-01-04T12:18:00Z,102.02803131,False
2026-01-04T12:19:00Z,102.00552576,False
2026-01-04T12:20:00Z,101.96359129,False
2026-01-04T12:21:00Z,103.93855620,False
2026-01-04T12:22:00Z,102.43522104,False
2026-01-04T12:23:00Z,103.24722115,False
2026-01-04T12:24:00Z,102.69327136,False
2026-01-04T12:25:00Z,102.80033810,False
2026-01-04T12:26:00Z,103.16512770,False
2026-01-04T12:27:00Z,104.06061602,False
2026-01-04T12:28:00Z,103.52947935,False
2026-01-04T12:29:00Z,103.69417019,False
2026-01-04T12:30:00Z,101.19571754,False
2026-01-04T12:31:00Z,103.89558034,False
2026-01-04T12:32:00Z,103.16856270,False
2026-01-04T12:33:00Z,102.64885976,False
2026-01-04T12:34:00Z,103.86857095,False
2026-01-04T12:35:00Z,103.29413094,False
2026-01-04T12:36:00Z,102.24444109,False
2026-01-04T12:37:00Z,103.14779871,False
2026-01-04T12:38:00Z,106.47224984,False
2026-01-04T12:39:00Z,99.66547954,False
2026-01-04T12:40:00Z,101.41982676,False
2026-01-04T12:41:00Z,102.69771354,False
2026-01-04T12:42:00Z,104.53688624,False
2026-01-04T12:43:00Z,103.09471579,False
2026-01-04T12:44:00Z,101.97230720,False
2026-01-04T12:45:00Z,101.77631698,False
2026-01-04T12:46:00Z,101.83981469,False
2026-01-04T12:47:00Z,101.92942260,False
2026-01-04T12:48:00Z,102.93804664,False
2026-01-04T12:49:00Z,101.87201100,False
2026-01-04T12:50:00Z,104.61683297,False
2026-01-04T12:51:00Z,103.46678754,False
2026-01-04T12:52:00Z,101.98629013,False
2026-01-04T12:53:00Z,101.69021255,False
2026-01-04T12:54:00Z,100.54138814,False
2026-01-04T12:55:00Z,100.97835409,False
2026-01-04T12:56:00Z,103.02943622,False
2026-01-04T12:57:00Z,102.77095311,False
2026-01-04T12:58:00Z,104.11818660,False
2026-01-04T12:59:00Z,102.36028900,False
2026-01-04T13:00:00Z,93.01726118,True
2026-01-04T13:01:00Z,103.40500863,False
2026-01-04T13:02:00Z,100.69759104,False
2026-01-04T13:03:00Z,102.71206779,False
2026-01-04T13:04:00Z,103.21405940,False
2026-01-04T13:05:00Z,103.10970817,False
2026-01-04T13:06:00Z,103.33232247,False
2026-01-04T13:07:00Z,103.03317831,False
2026-01-04T13:08:00Z,103.18895202,False
2026-01-04T13:09:00Z,103.17099722,False
2026-01-04T13:10:00Z,102.04658400,False
2026-01-04T13:11:00Z,103.22790123,False
2026-01-04T13:12:00Z,102.51505796,False
2026-01-04T13:13:00Z,102.04358054,False
2026-01-04T13:14:00Z,104.03983045,False
2026-01-04T13:15:00Z,101.85345104,False
2026-01-04T13:16:00Z,102.94812599,False
2026-01-04T13:17:00Z,102.94303122,False
2026-01-04T13:18:00Z,101.99136744,False
2026-01-04T13:19:00Z,102.53595855,False
2026-01-04T13:20:00Z,101.41202339,False
2026-01-04T13:21:00Z,101.83951067,False
2026-01-04T13:22:00Z,104.10004225,False
2026-01-04T13:23:00Z,102.29273646,False
2026-01-04T13:24:00Z,103.35690352,False
2026-01-04T13:25:00Z,104.91299202,False
2026-01-04T13:26:00Z,101.39444229,False
2026-01-04T13:27:00Z,103.87982808,False
2026-01-04T13:28:00Z,103.50585314,False
2026-01-04T13:29:00Z,104.30628829,False
2026-01-04T13:30:00Z,101.74254688,False
2026-01-04T13:31:00Z,105.16418480,False
2026-01-04T13:32:00Z,102.50208925,False
2026-01-04T13:33:00Z,100.23209321,False
2026-01-04T13:34:00Z,101.52699867,False
2026-01-04T13:35:00Z,102.75270137,False
2026-01-04T13:36:00Z,103.14708978,False
2026-01-04T13:37:00Z,104.32753325,False
2026-01-04T13:38:00Z,102.59427228,False
2026-01-04T13:39:00Z,101.88952006,False
2026-01-04T13:40:00Z,103.45841229,False
2026-01-04T13:41:00Z,100.74706326,False
2026-01-04T13:42:00Z,103.33153487,False
2026-01-04T13:43:00Z,102.71672408,False
2026-01-04T13:44:00Z,101.24759312,False
2026-01-04T13:45:00Z,101.91210458,False
2026-01-04T13:46:00Z,103.01004250,False
2026-01-04T13:47:00Z,102.51531147,False
2026-01-04T13:48:00Z,103.79199715,False
2026-01-04T13:49:00Z,103.10210152,False
2026-01-04T13:50:00Z,102.37053565,False
2026-01-04T13:51:00Z,102.72884196,False
2026-01-04T13:52:00Z,103.07614515,False
2026-01-04T13:53:00Z,102.24552242,False
2026-01-04T13:54:00Z,102.66444447,False
2026-01-04T13:55:00Z,104.76814568,False
2026-01-04T13:56:00Z,102.33236208,False
2026-01-04T13:57:00Z,103.37384474,False
2026-01-04T13:58:00Z,103.04228048,False
2026-01-04T13:59:00Z,104.69711240,False
2026-01-04T14:00:00Z,101.75501988,False
2026-01-04T14:01:00Z,101.18309971,False
2026-01-04T14:02:00Z,102.55739610,False
2026-01-04T14:03:00Z,102.86018829,False
2026-01-04T14:04:00Z,103.00751182,False
2026-01-04T14:05:00Z,105.18819861,False
2026-01-04T14:06:00Z,103.63390541,False
2026-01-04T14:07:00Z,104.93080900,False
2026-01-04T14:08:00Z,102.27740270,False
2026-01-04T14:09:00Z,104.19547251,False
2026-01-04T14:10:00Z,102.58837947,False
2026-01-04T14:11:00Z,100.51946174,False
2026-01-04T14:12:00Z,102.76483915,False
2026-01-04T14:13:00Z,103.76407120,False
2026-01-04T14:14:00Z,101.99022014,False
2026-01-04T14:15:00Z,102.87404621,False
2026-01-04T14:16:00Z,104.35547530,False
2026-01-04T14:17:00Z,101.21380208,False
2026-01-04T14:18:00Z,102.69972278,False
2026-01-04T14:19:00Z,101.91443105,False
2026-01-04T14:20:00Z,101.27700392,False
2026-01-04T14:21:00Z,101.77191091,False
2026-01-04T14:22:00Z,101.28747487,False
2026-01-04T14:23:00Z,102.21259199,False
2026-01-04T14:24:00Z,102.35037336,False
2026-01-04T14:25:00Z,104.52080239,False
2026-01-04T14:26:00Z,102.56516682,False
2026-01-04T14:27:00Z,102.13513223,False
2026-01-04T14:28:00Z,101.75231118,False
2026-01-04T14:29:00Z,104.35133682,False
2026-01-04T14:30:00Z,101.14851134,False
2026-01-04T14:31:00Z,102.04090677,False
2026-01-04T14:32:00Z,102.08014481,False
2026-01-04T14:33:00Z,102.52570430,False
2026-01-04T14:34:00Z,101.98761733,False
2026-01-04T14:35:00Z,101.72145328,False
2026-01-04T14:36:00Z,103.61382693,False
2026-01-04T14:37:00Z,101.57205857,False
2026-01-04T14:38:00Z,103.44815974,False
2026-01-04T14:39:00Z,100.63475113,False
2026-01-04T14:40:00Z,102.16007472,False
2026-01-04T14:41:00Z,101.47029567,False
2026-01-04T14:42:00Z,102.44057040,False
2026-01-04T14:43:00Z,102.01272367,False
2026-01-04T14:44:00Z,102.21650156,False
2026-01-04T14:45:00Z,101.87885885,False
2026-01-04T14:46:00Z,103.09543135,False
2026-01-04T14:47:00Z,103.42919687,False
2026-01-04T14:48:00Z,101.53193830,False
2026-01-04T14:49:00Z,102.18362223,False
2026-01-04T14:50:00Z,103.69024364,False
2026-01-04T14:51:00Z,102.03123105,False
2026-01-04T14:52:00Z,102.79269300,False
2026-01-04T14:53:00Z,102.08325488,False
2026-01-04T14:54:00Z,102.04865557,False
2026-01-04T14:55:00Z,101.32407056,False
2026-01-04T14:56:00Z,102.83995581,False
2026-01-04T14:57:00Z,103.32776698,False
2026-01-04T14:58:00Z,101.60479051,False
2026-01-04T14:59:00Z,102.78692272,False
2026-01-04T15:00:00Z,103.05227491,False
2026-01-04T15:01:00Z,103.62607651,False
2026-01-04T15:02:00Z,102.39900062,False
2026-01-04T15:03:00Z,102.01494726,False
2026-01-04T15:04:00Z,101.68604038,False
2026-01-04T15:05:00Z,104.86454535,False
2026-01-04T15:06:00Z,101.97590647,False
2026-01-04T15:07:00Z,102.96133247,False
2026-01-04T15:08:00Z,102.13669663,False
2026-01-04T15:09:00Z,102.19221785,False
2026-01-04T15:10:00Z,102.55871815,False
2026-01-04T15:11:00Z,102.08288907,False
2026-01-04T15:12:00Z,103.01375794,False
2026-01-04T15:13:00Z,102.17378332,False
2026-01-04T15:14:00Z,102.79988520,False
2026-01-04T15:15:00Z,101.03269223,False
2026-01-04T15:16:00Z,102.76684591,False
2026-01-04T15:17:00Z,103.02117982,False
2026-01-04T15:18:00Z,102.55848842,False
2026-01-04T15:19:00Z,103.99093580,False
2026-01-04T15:20:00Z,101.50711062,False
2026-01-04T15:21:00Z,101.77646794,False
2026-01-04T15:22:00Z,102.88797172,False
2026-01-04T15:23:00Z,102.06273803,False
2026-01-04T15:24:00Z,101.87352880,False
2026-01-04T15:25:00Z,103.28134743,False
2026-01-04T15:26:00Z,101.86635698,False
2026-01-04T15:27:00Z,101.10274505,False
2026-01-04T15:28:00Z,103.25007949,False
2026-01-04T15:29:00Z,101.31956743,False
2026-01-04T15:30:00Z,102.30121910,False
2026-01-04T15:31:00Z,101.84122914,False
2026-01-04T15:32:00Z,102.47890789,False
2026-01-04T15:33:00Z,104.48109626,False
2026-01-04T15:34:00Z,101.32852301,False
2026-01-04T15:35:00Z,101.37033206,False
2026-01-04T15:36:00Z,102.28209827,False
2026-01-04T15:37:00Z,101.36296107,False
2026-01-04T15:38:00Z,103.95489348,False
2026-01-04T15:39:00Z,100.11081286,False
2026-01-04T15:40:00Z,102.32931678,False
2026-01-04T15:41:00Z,101.34368845,False
2026-01-04T15:42:00Z,102.92935273,False
2026-01-04T15:43:00Z,101.11581956,False
2026-01-04T15:44:00Z,103.92716108,False
2026-01-04T15:45:00Z,102.50570812,False
2026-01-04T15:46:00Z,103.55834038,False
2026-01-04T15:47:00Z,101.22042703,False
2026-01-04T15:48:00Z,102.26905934,False
2026-01-04T15:49:00Z,103.36450301,False
2026-01-04T15:50:00Z,101.62621044,False
2026-01-04T15:51:00Z,101.30232704,False
2026-01-04T15:52:00Z,101.91140821,False
2026-01-04T15:53:00Z,103.34466298,False
2026-01-04T15:54:00Z,102.84913092,False
2026-01-04T15:55:00Z,101.68730842,False
2026-01-04T15:56:00Z,102.00013506,False
2026-01-04T15:57:00Z,100.78247756,False
2026-01-04T15:58:00Z,103.11551579,False
2026-01-04T15:59:00Z,102.20700920,False
2026-01-04T16:00:00Z,104.15979285,False
2026-01-04T16:01:00Z,101.73563860,False
2026-01-04T16:02:00Z,102.08144702,False
2026-01-04T16:03:00Z,101.70308481,False
2026-01-04T16:04:00Z,102.58253892,False
2026-01-04T16:05:00Z,103.07157319,False
2026-01-04T16:06:00Z,102.09730230,False
2026-01-04T16:07:00Z,102.71496607,False
2026-01-04T16:08:00Z,102.91965826,False
2026-01-04T16:09:00Z,100.26006863,False
2026-01-04T16:10:00Z,102.87537488,False
2026-01-04T16:11:00Z,101.31327230,False
2026-01-04T16:12:00Z,103.22651942,False
2026-01-04T16:13:00Z,101.76855318,False
2026-01-04T16:14:00Z,100.78910417,False
2026-01-04T16:15:00Z,101.13537654,False
2026-01-04T16:16:00Z,101.46909128,False
2026-01-04T16:17:00Z,100.84656738,False
2026-01-04T16:18:00Z,101.71548431,False
2026-01-04T16:19:00Z,103.28360421,False
2026-01-04T16:20:00Z,103.26222703,False
2026-01-04T16:21:00Z,102.95385512,False
2026-01-04T16:22:00Z,101.09854337,False
2026-01-04T16:23:00Z,103.32867908,False
2026-01-04T16:24:00Z,103.63648416,False
2026-01-04T16:25:00Z,104.19823213,False
2026-01-04T16:26:00Z,102.81963657,False
2026-01-04T16:27:00Z,101.60170890,False
2026-01-04T16:28:00Z,102.52918302,False
2026-01-04T16:29:00Z,101.58291423,False
2026-01-04T16:30:00Z,104.30032286,False
2026-01-04T16:31:00Z,101.11485323,False
2026-01-04T16:32:00Z,101.70326736,False
2026-01-04T16:33:00Z,101.37678883,False
2026-01-04T16:34:00Z,101.55038141,False
2026-01-04T16:35:00Z,102.17514043,False
2026-01-04T16:36:00Z,100.65139412,False
2026-01-04T16:37:00Z,101.18120298,False
2026-01-04T16:38:00Z,101.66463134,False
2026-01-04T16:39:00Z,102.10436478,False
2026-01-04T16:40:00Z,102.19534354,False
2026-01-04T16:41:00Z,104.16325494,False
2026-01-04T16:42:00Z,100.94422383,False
2026-01-04T16:43:00Z,101.28822907,False
2026-01-04T16:44:00Z,101.82259219,False
2026-01-04T16:45:00Z,101.23713185,False
2026-01-04T16:46:00Z,100.09873441,False
2026-01-04T16:47:00Z,101.87549017,False
2026-01-04T16:48:00Z,102.30236093,False
2026-01-04T16:49:00Z,102.00337251,False
2026-01-04T16:50:00Z,101.63468124,False
2026-01-04T16:51:00Z,103.35698330,False
2026-01-04T16:52:00Z,101.82794949,False
2026-01-04T16:53:00Z,101.48871397,False
2026-01-04T16:54:00Z,102.56136430,False
2026-01-04T16:55:00Z,102.82589197,False
2026-01-04T16:56:00Z,103.34548836,False
2026-01-04T16:57:00Z,102.10335949,False
2026-01-04T16:58:00Z,103.10733195,False
2026-01-04T16:59:00Z,103.07314720,False
2026-01-04T17:00:00Z,101.79142322,False
2026-01-04T17:01:00Z,101.72403364,False
2026-01-04T17:02:00Z,102.09854892,False
2026-01-04T17:03:00Z,102.36735108,False
2026-01-04T17:04:00Z,100.98940720,False
2026-01-04T17:05:00Z,102.61312778,False
2026-01-04T17:06:00Z,101.47599669,False
2026-01-04T17:07:00Z,103.49098092,False
2026-01-04T17:08:00Z,103.23879096,False
2026-01-04T17:09:00Z,103.02236322,False
2026-01-04T17:10:00Z,102.70697020,False
2026-01-04T17:11:00Z,101.27638226,False
2026-01-04T17:12:00Z,103.02618104,False
2026-01-04T17:13:00Z,101.21123063,False
2026-01-04T17:14:00Z,102.58162434,False
2026-01-04T17:15:00Z,102.74975422,False
2026-01-04T17:16:00Z,105.42897735,False
2026-01-04T17:17:00Z,100.86373243,False
2026-01-04T17:18:00Z,99.86226129,False
2026-01-04T17:19:00Z,102.64570767,False
2026-01-04T17:20:00Z,100.45000503,False
2026-01-04T17:21:00Z,103.44514402,False
2026-01-04T17:22:00Z,100.06820871,False
2026-01-04T17:23:00Z,101.73683740,False
2026-01-04T17:24:00Z,101.73490488,False
2026-01-04T17:25:00Z,100.14336460,False
2026-01-04T17:26:00Z,101.06523828,False
2026-01-04T17:27:00Z,101.20129243,False
2026-01-04T17:28:00Z,100.62248594,False
2026-01-04T17:29:00Z,102.51321019,False
2026-01-04T17:30:00Z,100.10723010,False
2026-01-04T17:31:00Z,101.44868037,False
2026-01-04T17:32:00Z,102.26882327,False
2026-01-04T17:33:00Z,100.90080579,False
2026-01-04T17:34:00Z,101.88549387,False
2026-01-04T17:35:00Z,102.56510276,False
2026-01-04T17:36:00Z,101.92317516,False
2026-01-04T17:37:00Z,102.22817995,False
2026-01-04T17:38:00Z,103.56306553,False
2026-01-04T17:39:00Z,101.05800554,False
2026-01-04T17:40:00Z,100.22814372,False
2026-01-04T17:41:00Z,102.59349643,False
2026-01-04T17:42:00Z,100.01008655,False
2026-01-04T17:43:00Z,99.69522122,False
2026-01-04T17:44:00Z,101.68188530,False
2026-01-04T17:45:00Z,103.41933060,False
2026-01-04T17:46:00Z,100.69233942,False
2026-01-04T17:47:00Z,101.56564224,False
2026-01-04T17:48:00Z,100.54709342,False
2026-01-04T17:49:00Z,100.81455013,False
2026-01-04T17:50:00Z,101.36586853,False
2026-01-04T17:51:00Z,101.86091123,False
2026-01-04T17:52:00Z,102.69474634,False
2026-01-04T17:53:00Z,100.24170390,False
2026-01-04T17:54:00Z,102.40058323,False
2026-01-04T17:55:00Z,100.89897357,False
2026-01-04T17:56:00Z,101.07461435,False
2026-01-04T17:57:00Z,102.13337663,False
2026-01-04T17:58:00Z,102.40157653,False
2026-01-04T17:59:00Z,101.33678802,False
2026-01-04T18:00:00Z,113.11353868,True
2026-01-04T18:01:00Z,101.56652682,False
2026-01-04T18:02:00Z,100.92837205,False
2026-01-04T18:03:00Z,101.87224922,False
2026-01-04T18:04:00Z,101.83044952,False
2026-01-04T18:05:00Z,102.79144739,False
2026-01-04T18:06:00Z,101.14861180,False
2026-01-04T18:07:00Z,102.71241997,False
2026-01-04T18:08:00Z,103.04117042,False
2026-01-04T18:09:00Z,101.67999772,False
2026-01-04T18:10:00Z,101.10895082,False
2026-01-04T18:11:00Z,101.80971021,False
2026-01-04T18:12:00Z,101.62228896,False
2026-01-04T18:13:00Z,101.36097678,False
2026-01-04T18:14:00Z,101.10840943,False
2026-01-04T18:15:00Z,101.87987543,False
2026-01-04T18:16:00Z,99.74472155,False
2026-01-04T18:17:00Z,101.15020854,False
2026-01-04T18:18:00Z,101.45918278,False
2026-01-04T18:19:00Z,102.35982796,False
2026-01-04T18:20:00Z,103.53868195,False
2026-01-04T18:21:00Z,102.13105056,False
2026-01-04T18:22:00Z,103.33099064,False
2026-01-04T18:23:00Z,101.79933424,False
2026-01-04T18:24:00Z,100.76363217,False
2026-01-04T18:25:00Z,100.34196284,False
2026-01-04T18:26:00Z,101.65227600,False
2026-01-04T18:27:00Z,103.13289152,False
2026-01-04T18:28:00Z,103.03359069,False
2026-01-04T18:29:00Z,101.13870960,False
2026-01-04T18:30:00Z,102.22706851,False
2026-01-04T18:31:00Z,100.10841938,False
2026-01-04T18:32:00Z,100.78525686,False
2026-01-04T18:33:00Z,101.76760388,False
2026-01-04T18:34:00Z,101.98865071,False
2026-01-04T18:35:00Z,104.09282650,False
2026-01-04T18:36:00Z,101.02534952,False
2026-01-04T18:37:00Z,100.75262964,False
2026-01-04T18:38:00Z,100.94316463,False
2026-01-04T18:39:00Z,101.75829249,False
2026-01-04T18:40:00Z,99.94071015,False
2026-01-04T18:41:00Z,102.18880200,False
2026-01-04T18:42:00Z,101.60243514,False
2026-01-04T18:43:00Z,101.35458100,False
2026-01-04T18:44:00Z,100.99638040,False
2026-01-04T18:45:00Z,100.50691541,False
2026-01-04T18:46:00Z,100.37930307,False
2026-01-04T18:47:00Z,100.53602704,False
2026-01-04T18:48:00Z,100.31978138,False
2026-01-04T18:49:00Z,102.54389982,False
2026-01-04T18:50:00Z,102.58543245,False
2026-01-04T18:51:00Z,101.14106843,False
2026-01-04T18:52:00Z,101.07387614,False
2026-01-04T18:53:00Z,101.32890066,False
2026-01-04T18:54:00Z,101.57274166,False
2026-01-04T18:55:00Z,101.36682117,False
2026-01-04T18:56:00Z,101.40388678,False
2026-01-04T18:57:00Z,101.99820948,False
2026-01-04T18:58:00Z,101.90943866,False
2026-01-04T18:59:00Z,100.91154702,False
2026-01-04T19:00:00Z,100.69600438,False
2026-01-04T19:01:00Z,100.91686032,False
2026-01-04T19:02:00Z,102.01415907,False
2026-01-04T19:03:00Z,102.06593590,False
2026-01-04T19:04:00Z,101.69099488,False
2026-01-04T19:05:00Z,101.60923550,False
2026-01-04T19:06:00Z,102.01592824,False
2026-01-04T19:07:00Z,100.94572099,False
2026-01-04T19:08:00Z,101.09319256,False
2026-01-04T19:09:00Z,100.23660090,False
2026-01-04T19:10:00Z,101.46288894,False
2026-01-04T19:11:00Z,101.39613650,False
2026-01-04T19:12:00Z,101.35799197,False
2026-01-04T19:13:00Z,101.53609590,False
2026-01-04T19:14:00Z,99.76978528,False
2026-01-04T19:15:00Z,102.16131181,False
2026-01-04T19:16:00Z,100.94123829,False
2026-01-04T19:17:00Z,100.94953847,False
2026-01-04T19:18:00Z,100.75448580,False
2026-01-04T19:19:00Z,101.64240680,False
2026-01-04T19:20:00Z,100.89274209,False
2026-01-04T19:21:00Z,99.13429918,False
2026-01-04T19:22:00Z,100.58693048,False
2026-01-04T19:23:00Z,101.97574587,False
2026-01-04T19:24:00Z,101.89380463,False
2026-01-04T19:25:00Z,101.24720779,False
2026-01-04T19:26:00Z,98.85826817,False
2026-01-04T19:27:00Z,99.88764626,False
2026-01-04T19:28:00Z,102.39434349,False
2026-01-04T19:29:00Z,102.29021045,False
2026-01-04T19:30:00Z,100.99960894,False
2026-01-04T19:31:00Z,100.94618832,False
2026-01-04T19:32:00Z,102.25744893,False
2026-01-04T19:33:00Z,101.64793628,False
2026-01-04T19:34:00Z,100.74400247,False
2026-01-04T19:35:00Z,98.99930025,False
2026-01-04T19:36:00Z,101.98171398,False
2026-01-04T19:37:00Z,101.51668962,False
2026-01-04T19:38:00Z,100.07338621,False
2026-01-04T19:39:00Z,101.12000427,False
2026-01-04T19:40:00Z,101.16945197,False
2026-01-04T19:41:00Z,100.98311100,False
2026-01-04T19:42:00Z,100.82520482,False
2026-01-04T19:43:00Z,100.41272658,False
2026-01-04T19:44:00Z,99.75769361,False
2026-01-04T19:45:00Z,102.15422191,False
2026-01-04T19:46:00Z,100.83642943,False
2026-01-04T19:47:00Z,101.16436404,False
2026-01-04T19:48:00Z,102.12929466,False
2026-01-04T19:49:00Z,101.17160902,False
2026-01-04T19:50:00Z,101.15083303,False
2026-01-04T19:51:00Z,101.84205935,False
2026-01-04T19:52:00Z,101.44506768,False
2026-01-04T19:53:00Z,101.35889738,False
2026-01-04T19:54:00Z,100.72828044,False
2026-01-04T19:55:00Z,101.51612721,False
2026-01-04T19:56:00Z,101.81016533,False
2026-01-04T19:57:00Z,101.60431552,False
2026-01-04T19:58:00Z,100.79398834,False
2026-01-04T19:59:00Z,102.72055759,False
2026-01-04T20:00:00Z,102.98297225,False
2026-01-04T20:01:00Z,101.02456468,False
2026-01-04T20:02:00Z,101.48094618,False
2026-01-04T20:03:00Z,101.51714299,False
2026-01-04T20:04:00Z,101.86407344,False
2026-01-04T20:05:00Z,99.68067495,False
2026-01-04T20:06:00Z,100.70301733,False
2026-01-04T20:07:00Z,99.40520648,False
2026-01-04T20:08:00Z,101.45451323,False
2026-01-04T20:09:00Z,100.65936766,False
2026-01-04T20:10:00Z,101.10378647,False
2026-01-04T20:11:00Z,102.44998304,False
2026-01-04T20:12:00Z,102.39871263,False
2026-01-04T20:13:00Z,100.55375065,False
2026-01-04T20:14:00Z,101.42568061,False
2026-01-04T20:15:00Z,102.21376611,False
2026-01-04T20:16:00Z,99.89156031,False
2026-01-04T20:17:00Z,100.34891433,False
2026-01-04T20:18:00Z,101.73313359,False
2026-01-04T20:19:00Z,101.52986679,False
2026-01-04T20:20:00Z,101.51379334,False
2026-01-04T20:21:00Z,101.99539995,False
2026-01-04T20:22:00Z,100.73593826,False
2026-01-04T20:23:00Z,102.18917092,False
2026-01-04T20:24:00Z,101.20587748,False
2026-01-04T20:25:00Z,101.93291140,False
2026-01-04T20:26:00Z,101.17599247,False
2026-01-04T20:27:00Z,100.33393339,False
2026-01-04T20:28:00Z,100.79425888,False
2026-01-04T20:29:00Z,100.53302236,False
2026-01-04T20:30:00Z,100.70823670,False
2026-01-04T20:31:00Z,100.45060300,False
2026-01-04T20:32:00Z,99.40087105,False
2026-01-04T20:33:00Z,101.61335427,False
2026-01-04T20:34:00Z,100.44986781,False
2026-01-04T20:35:00Z,100.25417694,False
2026-01-04T20:36:00Z,99.92959431,False
2026-01-04T20:37:00Z,100.73170941,False
2026-01-04T20:38:00Z,101.01262782,False
2026-01-04T20:39:00Z,98.83080522,False
2026-01-04T20:40:00Z,100.41518827,False
2026-01-04T20:41:00Z,100.70806268,False
2026-01-04T20:42:00Z,98.80238505,False
2026-01-04T20:43:00Z,101.05020749,False
2026-01-04T20:44:00Z,100.77681693,False
2026-01-04T20:45:00Z,101.85481495,False
2026-01-04T20:46:00Z,100.44298474,False
2026-01-04T20:47:00Z,101.13749203,False
2026-01-04T20:48:00Z,100.77996424,False
2026-01-04T20:49:00Z,99.03166252,False
2026-01-04T20:50:00Z,99.01739459,False
2026-01-04T20:51:00Z,101.36728861,False
2026-01-04T20:52:00Z,100.81027829,False
2026-01-04T20:53:00Z,101.34566965,False
2026-01-04T20:54:00Z,100.01348592,False
2026-01-04T20:55:00Z,100.70108804,False
2026-01-04T20:56:00Z,99.22126617,False
2026-01-04T20:57:00Z,100.93953011,False
2026-01-04T20:58:00Z,100.79011040,False
2026-01-04T20:59:00Z,100.99573446,False
2026-01-04T21:00:00Z,99.55983447,False
2026-01-04T21:01:00Z,100.47263280,False
2026-01-04T21:02:00Z,99.83146095,False
2026-01-04T21:03:00Z,101.59430770,False
2026-01-04T21:04:00Z,100.01371265,False
2026-01-04T21:05:00Z,97.87043209,False
2026-01-04T21:06:00Z,100.38052021,False
2026-01-04T21:07:00Z,101.92808989,False
2026-01-04T21:08:00Z,99.15567992,False
2026-01-04T21:09:00Z,101.51465858,False
2026-01-04T21:10:00Z,100.72997995,False
2026-01-04T21:11:00Z,100.09098435,False
2026-01-04T21:12:00Z,99.79439988,False
2026-01-04T21:13:00Z,100.89957652,False
2026-01-04T21:14:00Z,100.16478746,False
2026-01-04T21:15:00Z,100.51524515,False
2026-01-04T21:16:00Z,101.42368286,False
2026-01-04T21:17:00Z,101.33935766,False
2026-01-04T21:18:00Z,98.26969566,False
2026-01-04T21:19:00Z,99.94660416,False
2026-01-04T21:20:00Z,101.76422168,False
2026-01-04T21:21:00Z,98.50074027,False
2026-01-04T21:22:00Z,101.52671496,False
2026-01-04T21:23:00Z,99.82839640,False
2026-01-04T21:24:00Z,101.31787657,False
2026-01-04T21:25:00Z,99.44501500,False
2026-01-04T21:26:00Z,101.83508270,False
2026-01-04T21:27:00Z,100.14120974,False
2026-01-04T21:28:00Z,100.40366902,False
2026-01-04T21:29:00Z,101.02827399,False
2026-01-04T21:30:00Z,101.79903822,False
2026-01-04T21:31:00Z,101.26074467,False
2026-01-04T21:32:00Z,100.51663315,False
2026-01-04T21:33:00Z,100.85725572,False
2026-01-04T21:34:00Z,101.30759083,False
2026-01-04T21:35:00Z,99.31489039,False
2026-01-04T21:36:00Z,99.88236169,False
2026-01-04T21:37:00Z,101.34355063,False
2026-01-04T21:38:00Z,100.33821923,False
2026-01-04T21:39:00Z,99.41529576,False
2026-01-04T21:40:00Z,100.41992427,False
2026-01-04T21:41:00Z,101.12117785,False
2026-01-04T21:42:00Z,100.93996350,False
2026-01-04T21:43:00Z,101.23603742,False
2026-01-04T21:44:00Z,100.98091722,False
2026-01-04T21:45:00Z,99.23726381,False
2026-01-04T21:46:00Z,99.89977062,False
2026-01-04T21:47:00Z,99.75842039,False
2026-01-04T21:48:00Z,98.31696631,False
2026-01-04T21:49:00Z,99.64423290,False
2026-01-04T21:50:00Z,100.53097211,False
2026-01-04T21:51:00Z,101.90743792,False
2026-01-04T21:52:00Z,100.96606485,False
2026-01-04T21:53:00Z,99.66477347,False
2026-01-04T21:54:00Z,100.70956587,False
2026-01-04T21:55:00Z,100.59141799,False
2026-01-04T21:56:00Z,100.80159636,False
2026-01-04T21:57:00Z,100.08452564,False
2026-01-04T21:58:00Z,101.19937039,False
2026-01-04T21:59:00Z,99.20519862,False
2026-01-04T22:00:00Z,100.03521251,False
2026-01-04T22:01:00Z,99.68792795,False
2026-01-04T22:02:00Z,101.48502595,False
2026-01-04T22:03:00Z,100.99813370,False
2026-01-04T22:04:00Z,100.73443596,False
2026-01-04T22:05:00Z,99.63503279,False
2026-01-04T22:06:00Z,101.33207401,False
2026-01-04T22:07:00Z,99.45183699,False
2026-01-04T22:08:00Z,99.61519851,False
2026-01-04T22:09:00Z,100.45808923,False
2026-01-04T22:10:00Z,99.63898394,False
2026-01-04T22:11:00Z,101.18438487,False
2026-01-04T22:12:00Z,99.92219368,False
2026-01-04T22:13:00Z,98.96464145,False
2026-01-04T22:14:00Z,98.77943071,False
2026-01-04T22:15:00Z,99.25136307,False
2026-01-04T22:16:00Z,99.15347611,False
2026-01-04T22:17:00Z,101.37596549,False
2026-01-04T22:18:00Z,100.26419180,False
2026-01-04T22:19:00Z,100.84157203,False
2026-01-04T22:20:00Z,98.06795662,False
2026-01-04T22:21:00Z,101.09459937,False
2026-01-04T22:22:00Z,99.60961992,False
2026-01-04T22:23:00Z,97.23767065,False
2026-01-04T22:24:00Z,98.41429184,False
2026-01-04T22:25:00Z,100.47554884,False
2026-01-04T22:26:00Z,99.67255758,False
2026-01-04T22:27:00Z,100.14165269,False
2026-01-04T22:28:00Z,97.50690848,False
2026-01-04T22:29:00Z,100.63262999,False
2026-01-04T22:30:00Z,100.48862975,False
2026-01-04T22:31:00Z,99.64674699,False
2026-01-04T22:32:00Z,99.39091980,False
2026-01-04T22:33:00Z,100.54951083,False
2026-01-04T22:34:00Z,99.63196858,False
2026-01-04T22:35:00Z,99.30316406,False
2026-01-04T22:36:00Z,99.47367976,False
2026-01-04T22:37:00Z,99.19901215,False
2026-01-04T22:38:00Z,99.24161337,False
2026-01-04T22:39:00Z,101.28310274,False
2026-01-04T22:40:00Z,100.58027293,False
2026-01-04T22:41:00Z,99.08552489,False
2026-01-04T22:42:00Z,99.97924910,False
2026-01-04T22:43:00Z,100.30208465,False
2026-01-04T22:44:00Z,101.92101217,False
2026-01-04T22:45:00Z,100.78360435,False
2026-01-04T22:46:00Z,97.80423388,False
2026-01-04T22:47:00Z,100.80178929,False
2026-01-04T22:48:00Z,101.26332746,False
2026-01-04T22:49:00Z,99.42082484,False
2026-01-04T22:50:00Z,101.12887079,False
2026-01-04T22:51:00Z,99.73423391,False
2026-01-04T22:52:00Z,101.53779955,False
2026-01-04T22:53:00Z,100.01723890,False
2026-01-04T22:54:00Z,100.73232265,False
2026-01-04T22:55:00Z,101.68855576,False
2026-01-04T22:56:00Z,101.82619020,False
2026-01-04T22:57:00Z,99.28741181,False
2026-01-04T22:58:00Z,98.89971063,False
2026-01-04T22:59:00Z,98.80250538,False
2026-01-04T23:00:00Z,98.36949206,False
2026-01-04T23:01:00Z,100.67731604,False
2026-01-04T23:02:00Z,100.43261366,False
2026-01-04T23:03:00Z,101.47487849,False
2026-01-04T23:04:00Z,100.36040971,False
2026-01-04T23:05:00Z,98.61940645,False
2026-01-04T23:06:00Z,99.81503799,False
2026-01-04T23:07:00Z,99.74260689,False
2026-01-04T23:08:00Z,99.28416675,False
2026-01-04T23:09:00Z,98.68371072,False
2026-01-04T23:10:00Z,99.55775090,False
2026-01-04T23:11:00Z,100.57355881,False
2026-01-04T23:12:00Z,99.45967028,False
2026-01-04T23:13:00Z,100.18790815,False
2026-01-04T23:14:00Z,99.61572185,False
2026-01-04T23:15:00Z,98.30516793,False
2026-01-04T23:16:00Z,100.24850554,False
2026-01-04T23:17:00Z,98.72749621,False
2026-01-04T23:18:00Z,99.15621485,False
2026-01-04T23:19:00Z,100.51294015,False
2026-01-04T23:20:00Z,100.70446940,False
2026-01-04T23:21:00Z,100.50960532,False
2026-01-04T23:22:00Z,100.62939250,False
2026-01-04T23:23:00Z,98.71378524,False
2026-01-04T23:24:00Z,98.46386022,False
2026-01-04T23:25:00Z,99.40027823,False
2026-01-04T23:26:00Z,99.63764654,False
2026-01-04T23:27:00Z,99.75640520,False
2026-01-04T23:28:00Z,99.37047737,False
2026-01-04T23:29:00Z,101.52061264,False
2026-01-04T23:30:00Z,98.01080384,False
2026-01-04T23:31:00Z,99.27126331,False
2026-01-04T23:32:00Z,99.99347778,False
2026-01-04T23:33:00Z,100.58360615,False
2026-01-04T23:34:00Z,101.12577421,False
2026-01-04T23:35:00Z,99.25122081,False
2026-01-04T23:36:00Z,98.95412813,False
2026-01-04T23:37:00Z,100.12737387,False
2026-01-04T23:38:00Z,98.63146119,False
2026-01-04T23:39:00Z,98.54843609,False
2026-01-04T23:40:00Z,99.56294402,False
2026-01-04T23:41:00Z,98.99399816,False
2026-01-04T23:42:00Z,100.03042142,False
2026-01-04T23:43:00Z,99.24156195,False
2026-01-04T23:44:00Z,100.36361418,False
2026-01-04T23:45:00Z,98.98624048,False
2026-01-04T23:46:00Z,99.10334685,False
2026-01-04T23:47:00Z,100.56223302,False
2026-01-04T23:48:00Z,98.65557698,False
2026-01-04T23:49:00Z,100.72261878,False
2026-01-04T23:50:00Z,99.65268050,False
2026-01-04T23:51:00Z,101.26459594,False
2026-01-04T23:52:00Z,99.63568180,False
2026-01-04T23:53:00Z,100.92870343,False
2026-01-04T23:54:00Z,100.29021011,False
2026-01-04T23:55:00Z,99.37540487,False
2026-01-04T23:56:00Z,98.76113946,False
2026-01-04T23:57:00Z,100.04561399,False
2026-01-04T23:58:00Z,100.29618096,False
2026-01-04T23:59:00Z,101.39860419,False
2026-01-05T00:00:00Z,98.10102683,False
2026-01-05T00:01:00Z,99.09121480,False
2026-01-05T00:02:00Z,98.44542551,False
2026-01-05T00:03:00Z,99.96622493,False
2026-01-05T00:04:00Z,99.55105566,False
2026-01-05T00:05:00Z,98.72015481,False
2026-01-05T00:06:00Z,98.11948356,False
2026-01-05T00:07:00Z,100.78855903,False
2026-01-05T00:08:00Z,98.52819452,False
2026-01-05T00:09:00Z,99.26849470,False
2026-01-05T00:10:00Z,99.87497395,False
2026-01-05T00:11:00Z,99.15782959,False
2026-01-05T00:12:00Z,101.39803436,False
2026-01-05T00:13:00Z,99.16738135,False
2026-01-05T00:14:00Z,99.38125572,False
2026-01-05T00:15:00Z,101.68293355,False
2026-01-05T00:16:00Z,101.64172596,False
2026-01-05T00:17:00Z,100.37881652,False
2026-01-05T00:18:00Z,99.82723660,False
2026-01-05T00:19:00Z,99.14800597,False
2026-01-05T00:20:00Z,100.05727650,False
2026-01-05T00:21:00Z,100.11902102,False
2026-01-05T00:22:00Z,99.71965743,False
2026-01-05T00:23:00Z,99.38412172,False
2026-01-05T00:24:00Z,101.38090355,False
2026-01-05T00:25:00Z,99.56317584,False
2026-01-05T00:26:00Z,99.73665668,False
2026-01-05T00:27:00Z,99.86813106,False
2026-01-05T00:28:00Z,98.63759323,False
2026-01-05T00:29:00Z,99.29599985,False
2026-01-05T00:30:00Z,99.93542630,False
2026-01-05T00:31:00Z,100.24617827,False
2026-01-05T00:32:00Z,100.16355085,False
2026-01-05T00:33:00Z,101.07501570,False
2026-01-05T00:34:00Z,100.59482423,False
2026-01-05T00:35:00Z,98.19688930,False
2026-01-05T00:36:00Z,100.01708937,False
2026-01-05T00:37:00Z,100.18371771,False
2026-01-05T00:38:00Z,100.46310006,False
2026-01-05T00:39:00Z,100.71804648,False
2026-01-05T00:40:00Z,100.10175603,False
2026-01-05T00:41:00Z,100.72962800,False
2026-01-05T00:42:00Z,98.16861188,False
2026-01-05T00:43:00Z,99.25379789,False
2026-01-05T00:44:00Z,99.77733411,False
2026-01-05T00:45:00Z,100.53196611,False
2026-01-05T00:46:00Z,99.11267356,False
2026-01-05T00:47:00Z,99.26993845,False
2026-01-05T00:48:00Z,100.03181460,False
2026-01-05T00:49:00Z,100.45523075,False
2026-01-05T00:50:00Z,101.02667203,False
2026-01-05T00:51:00Z,98.46790338,False
2026-01-05T00:52:00Z,98.49761299,False
2026-01-05T00:53:00Z,99.10993321,False
2026-01-05T00:54:00Z,98.99479283,False
2026-01-05T00:55:00Z,99.58299751,False
2026-01-05T00:56:00Z,96.88966839,False
2026-01-05T00:57:00Z,99.23276063,False
2026-01-05T00:58:00Z,98.49070346,False
2026-01-05T00:59:00Z,101.29376949,False
2026-01-05T01:00:00Z,99.15493449,False
2026-01-05T01:01:00Z,99.36408450,False
2026-01-05T01:02:00Z,101.23798346,False
2026-01-05T01:03:00Z,99.24325126,False
2026-01-05T01:04:00Z,99.48088865,False
2026-01-05T01:05:00Z,100.43229920,False
2026-01-05T01:06:00Z,100.22491145,False
2026-01-05T01:07:00Z,98.91395018,False
2026-01-05T01:08:00Z,99.01867157,False
2026-01-05T01:09:00Z,100.04101031,False
2026-01-05T01:10:00Z,100.00815324,False
2026-01-05T01:11:00Z,98.87788462,False
2026-01-05T01:12:00Z,99.15825310,False
2026-01-05T01:13:00Z,98.90378196,False
2026-01-05T01:14:00Z,100.23363340,False
2026-01-05T01:15:00Z,98.93394197,False
2026-01-05T01:16:00Z,99.15814440,False
2026-01-05T01:17:00Z,99.84232286,False
2026-01-05T01:18:00Z,99.10376221,False
2026-01-05T01:19:00Z,97.33929068,False
2026-01-05T01:20:00Z,100.90940391,False
2026-01-05T01:21:00Z,98.30731085,False
2026-01-05T01:22:00Z,98.98431570,False
2026-01-05T01:23:00Z,98.75350742,False
2026-01-05T01:24:00Z,98.30824972,False
2026-01-05T01:25:00Z,100.50090538,False
2026-01-05T01:26:00Z,100.77340413,False
2026-01-05T01:27:00Z,99.76950628,False
2026-01-05T01:28:00Z,99.62454853,False
2026-01-05T01:29:00Z,100.04443834,False
2026-01-05T01:30:00Z,98.09948691,False
2026-01-05T01:31:00Z,100.04934388,False
2026-01-05T01:32:00Z,100.53079783,False
2026-01-05T01:33:00Z,98.22552764,False
2026-01-05T01:34:00Z,99.47765139,False
2026-01-05T01:35:00Z,100.13956020,False
2026-01-05T01:36:00Z,100.99934194,False
2026-01-05T01:37:00Z,101.06806954,False
2026-01-05T01:38:00Z,99.00655242,False
2026-01-05T01:39:00Z,98.96476987,False
2026-01-05T01:40:00Z,99.43059276,False
2026-01-05T01:41:00Z,99.69080240,False
2026-01-05T01:42:00Z,100.65254117,False
2026-01-05T01:43:00Z,100.46152705,False
2026-01-05T01:44:00Z,99.89511254,False
2026-01-05T01:45:00Z,100.22541931,False
2026-01-05T01:46:00Z,98.65087992,False
2026-01-05T01:47:00Z,100.95219482,False
2026-01-05T01:48:00Z,99.14318505,False
2026-01-05T01:49:00Z,100.05117201,False
2026-01-05T01:50:00Z,98.76803263,False
2026-01-05T01:51:00Z,100.44436294,False
2026-01-05T01:52:00Z,99.18445535,False
2026-01-05T01:53:00Z,99.86417728,False
2026-01-05T01:54:00Z,100.44175350,False
2026-01-05T01:55:00Z,99.06637101,False
2026-01-05T01:56:00Z,98.90647348,False
2026-01-05T01:57:00Z,100.25860262,False
2026-01-05T01:58:00Z,99.32615561,False
2026-01-05T01:59:00Z,99.15350266,False
2026-01-05T02:00:00Z,99.03698405,False
2026-01-05T02:01:00Z,97.66620514,False
2026-01-05T02:02:00Z,100.09931843,False
2026-01-05T02:03:00Z,99.96878317,False
2026-01-05T02:04:00Z,99.32942505,False
2026-01-05T02:05:00Z,100.06709142,False
2026-01-05T02:06:00Z,101.08284690,False
2026-01-05T02:07:00Z,98.86330763,False
2026-01-05T02:08:00Z,99.00959629,False
2026-01-05T02:09:00Z,100.62752128,False
2026-01-05T02:10:00Z,100.20955671,False
2026-01-05T02:11:00Z,97.10178715,False
2026-01-05T02:12:00Z,99.19637631,False
2026-01-05T02:13:00Z,99.65191118,False
2026-01-05T02:14:00Z,99.90294362,False
2026-01-05T02:15:00Z,99.92457585,False
2026-01-05T02:16:00Z,98.03279034,False
2026-01-05T02:17:00Z,100.19433737,False
2026-01-05T02:18:00Z,99.64550196,False
2026-01-05T02:19:00Z,100.81137084,False
2026-01-05T02:20:00Z,100.33620952,False
2026-01-05T02:21:00Z,99.53863307,False
2026-01-05T02:22:00Z,100.04325835,False
2026-01-05T02:23:00Z,98.78090413,False
2026-01-05T02:24:00Z,98.42206842,False
2026-01-05T02:25:00Z,100.42831217,False
2026-01-05T02:26:00Z,98.16400720,False
2026-01-05T02:27:00Z,99.56201152,False
2026-01-05T02:28:00Z,98.09357908,False
2026-01-05T02:29:00Z,97.15215594,False
2026-01-05T02:30:00Z,99.99148790,False
2026-01-05T02:31:00Z,100.81301765,False
2026-01-05T02:32:00Z,98.51502699,False
2026-01-05T02:33:00Z,99.07017761,False
2026-01-05T02:34:00Z,99.98885284,False
2026-01-05T02:35:00Z,100.06971978,False
2026-01-05T02:36:00Z,99.01103771,False
2026-01-05T02:37:00Z,100.97497700,False
2026-01-05T02:38:00Z,101.14141267,False
2026-01-05T02:39:00Z,98.17302474,False
2026-01-05T02:40:00Z,98.35894609,False
2026-01-05T02:41:00Z,99.12645802,False
2026-01-05T02:42:00Z,100.48617916,False
2026-01-05T02:43:00Z,98.39889771,False
2026-01-05T02:44:00Z,99.12824020,False
2026-01-05T02:45:00Z,98.84099142,False
2026-01-05T02:46:00Z,97.21946651,False
2026-01-05T02:47:00Z,99.56302451,False
2026-01-05T02:48:00Z,99.28720399,False
2026-01-05T02:49:00Z,97.84534845,False
2026-01-05T02:50:00Z,99.99362112,False
2026-01-05T02:51:00Z,99.78835662,False
2026-01-05T02:52:00Z,98.24193842,False
2026-01-05T02:53:00Z,99.09869165,False
2026-01-05T02:54:00Z,99.89490699,False
2026-01-05T02:55:00Z,100.24919398,False
2026-01-05T02:56:00Z,97.91186147,False
2026-01-05T02:57:00Z,97.68350994,False
2026-01-05T02:58:00Z,99.50686483,False
2026-01-05T02:59:00Z,100.34615793,False
2026-01-05T03:00:00Z,101.62975763,False
2026-01-05T03:01:00Z,99.47044924,False
2026-01-05T03:02:00Z,98.60080783,False
2026-01-05T03:03:00Z,101.13435625,False
2026-01-05T03:04:00Z,99.01685907,False
2026-01-05T03:05:00Z,100.55431975,False
2026-01-05T03:06:00Z,99.90650901,False
2026-01-05T03:07:00Z,100.23574296,False
2026-01-05T03:08:00Z,99.52366105,False
2026-01-05T03:09:00Z,98.01567846,False
2026-01-05T03:10:00Z,98.55059800,False
2026-01-05T03:11:00Z,98.96091029,False
2026-01-05T03:12:00Z,99.32603306,False
2026-01-05T03:13:00Z,100.91724013,False
2026-01-05T03:14:00Z,99.08891025,False
2026-01-05T03:15:00Z,97.03545265,False
2026-01-05T03:16:00Z,99.81679297,False
2026-01-05T03:17:00Z,99.93934850,False
2026-01-05T03:18:00Z,100.57160670,False
2026-01-05T03:19:00Z,98.22258375,False
2026-01-05T03:20:00Z,98.29409873,False
2026-01-05T03:21:00Z,98.68431850,False
2026-01-05T03:22:00Z,99.24977867,False
2026-01-05T03:23:00Z,99.81995779,False
2026-01-05T03:24:00Z,98.42298052,False
2026-01-05T03:25:00Z,99.02013221,False
2026-01-05T03:26:00Z,98.41915407,False
2026-01-05T03:27:00Z,98.54047652,False
2026-01-05T03:28:00Z,98.12274990,False
2026-01-05T03:29:00Z,97.97867586,False
2026-01-05T03:30:00Z,98.41021267,False
2026-01-05T03:31:00Z,98.35657056,False
2026-01-05T03:32:00Z,100.64405507,False
2026-01-05T03:33:00Z,100.70465525,False
2026-01-05T03:34:00Z,99.55561192,False
2026-01-05T03:35:00Z,98.97901747,False
2026-01-05T03:36:00Z,99.70583410,False
2026-01-05T03:37:00Z,97.04828715,False
2026-01-05T03:38:00Z,99.89137485,False
2026-01-05T03:39:00Z,98.00154318,False
2026-01-05T03:40:00Z,98.57320098,False
2026-01-05T03:41:00Z,99.25182180,False
2026-01-05T03:42:00Z,98.32896315,False
2026-01-05T03:43:00Z,98.10240246,False
2026-01-05T03:44:00Z,99.22378378,False
2026-01-05T03:45:00Z,100.83204617,False
2026-01-05T03:46:00Z,98.44026720,False
2026-01-05T03:47:00Z,98.24160369,False
2026-01-05T03:48:00Z,100.43231637,False
2026-01-05T03:49:00Z,99.72399700,False
2026-01-05T03:50:00Z,99.88185819,False
2026-01-05T03:51:00Z,99.14312600,False
2026-01-05T03:52:00Z,99.03526622,False
2026-01-05T03:53:00Z,102.17355045,False
2026-01-05T03:54:00Z,97.44446387,False
2026-01-05T03:55:00Z,98.64964187,False
2026-01-05T03:56:00Z,100.24139661,False
2026-01-05T03:57:00Z,98.88863745,False
2026-01-05T03:58:00Z,99.38988707,False
2026-01-05T03:59:00Z,98.38833646,False
2026-01-05T04:00:00Z,96.38999919,False
2026-01-05T04:01:00Z,98.41436422,False
2026-01-05T04:02:00Z,98.77296732,False
2026-01-05T04:03:00Z,101.03976579,False
2026-01-05T04:04:00Z,97.67373813,False
2026-01-05T04:05:00Z,102.54489484,False
2026-01-05T04:06:00Z,100.33747639,False
2026-01-05T04:07:00Z,97.11668003,False
2026-01-05T04:08:00Z,98.22875987,False
2026-01-05T04:09:00Z,99.84594240,False
2026-01-05T04:10:00Z,100.51618059,False
2026-01-05T04:11:00Z,100.05686582,False
2026-01-05T04:12:00Z,99.03162513,False
2026-01-05T04:13:00Z,99.88331988,False
2026-01-05T04:14:00Z,99.61553447,False
2026-01-05T04:15:00Z,99.74804153,False
2026-01-05T04:16:00Z,99.24325205,False
2026-01-05T04:17:00Z,99.79682884,False
2026-01-05T04:18:00Z,99.29027550,False
2026-01-05T04:19:00Z,99.45096309,False
2026-01-05T04:20:00Z,99.97561312,False
2026-01-05T04:21:00Z,100.15151224,False
2026-01-05T04:22:00Z,100.80600681,False
2026-01-05T04:23:00Z,99.67760855,False
2026-01-05T04:24:00Z,100.15848314,False
2026-01-05T04:25:00Z,98.85331560,False
2026-01-05T04:26:00Z,98.17035364,False
2026-01-05T04:27:00Z,98.15009022,False
2026-01-05T04:28:00Z,99.64229934,False
2026-01-05T04:29:00Z,98.23219393,False
2026-01-05T04:30:00Z,97.63794396,False
2026-01-05T04:31:00Z,99.43862993,False
2026-01-05T04:32:00Z,100.97763400,False
2026-01-05T04:33:00Z,100.17605091,False
2026-01-05T04:34:00Z,99.39777967,False
2026-01-05T04:35:00Z,98.93585789,False
2026-01-05T04:36:00Z,97.98845853,False
2026-01-05T04:37:00Z,100.34173208,False
2026-01-05T04:38:00Z,98.62744701,False
2026-01-05T04:39:00Z,98.48449262,False
2026-01-05T04:40:00Z,100.41938400,False
2026-01-05T04:41:00Z,99.07881748,False
2026-01-05T04:42:00Z,99.17697065,False
2026-01-05T04:43:00Z,99.86355894,False
2026-01-05T04:44:00Z,99.53619106,False
2026-01-05T04:45:00Z,100.95672115,False
2026-01-05T04:46:00Z,97.20763274,False
2026-01-05T04:47:00Z,97.82269805,False
2026-01-05T04:48:00Z,101.32092675,False
2026-01-05T04:49:00Z,99.68992018,False
2026-01-05T04:50:00Z,98.43285844,False
2026-01-05T04:51:00Z,98.36861672,False
2026-01-05T04:52:00Z,100.71384728,False
2026-01-05T04:53:00Z,99.84208989,False
2026-01-05T04:54:00Z,98.98655716,False
2026-01-05T04:55:00Z,98.81132356,False
2026-01-05T04:56:00Z,99.47712154,False
2026-01-05T04:57:00Z,99.91240287,False
2026-01-05T04:58:00Z,100.59017449,False
2026-01-05T04:59:00Z,98.35007140,False
2026-01-05T05:00:00Z,99.55354338,False
2026-01-05T05:01:00Z,98.92354640,False
2026-01-05T05:02:00Z,97.91075337,False
2026-01-05T05:03:00Z,99.05336126,False
2026-01-05T05:04:00Z,98.07539360,False
2026-01-05T05:05:00Z,99.85787331,False
2026-01-05T05:06:00Z,99.26143397,False
2026-01-05T05:07:00Z,100.01666386,False
2026-01-05T05:08:00Z,97.70230744,False
2026-01-05T05:09:00Z,99.78856660,False
2026-01-05T05:10:00Z,98.36002376,False
2026-01-05T05:11:00Z,100.84505909,False
2026-01-05T05:12:00Z,100.72668727,False
2026-01-05T05:13:00Z,98.91995962,False
2026-01-05T05:14:00Z,97.98848724,False
2026-01-05T05:15:00Z,99.47151672,False
2026-01-05T05:16:00Z,98.17621328,False
2026-01-05T05:17:00Z,99.24296064,False
2026-01-05T05:18:00Z,97.44626980,False
2026-01-05T05:19:00Z,100.65299871,False
2026-01-05T05:20:00Z,98.53255309,False
2026-01-05T05:21:00Z,100.87333562,False
2026-01-05T05:22:00Z,99.75779314,False
2026-01-05T05:23:00Z,99.34551204,False
2026-01-05T05:24:00Z,98.16551996,False
2026-01-05T05:25:00Z,99.02250542,False
2026-01-05T05:26:00Z,100.14865745,False
2026-01-05T05:27:00Z,100.40338271,False
2026-01-05T05:28:00Z,98.78313502,False
2026-01-05T05:29:00Z,100.86910977,False
2026-01-05T05:30:00Z,99.13070181,False
2026-01-05T05:31:00Z,98.55465214,False
2026-01-05T05:32:00Z,99.13201462,False
2026-01-05T05:33:00Z,100.41828082,False
2026-01-05T05:34:00Z,98.86525119,False
2026-01-05T05:35:00Z,99.91411886,False
2026-01-05T05:36:00Z,98.13235361,False
2026-01-05T05:37:00Z,98.09052932,False
2026-01-05T05:38:00Z,101.42461704,False
2026-01-05T05:39:00Z,98.25074908,False
2026-01-05T05:40:00Z,97.91510554,False
2026-01-05T05:41:00Z,99.38764457,False
2026-01-05T05:42:00Z,100.78206060,False
2026-01-05T05:43:00Z,98.70185054,False
2026-01-05T05:44:00Z,100.82199623,False
2026-01-05T05:45:00Z,97.67717771,False
2026-01-05T05:46:00Z,99.74562914,False
2026-01-05T05:47:00Z,99.80315090,False
2026-01-05T05:48:00Z,98.37343969,False
2026-01-05T05:49:00Z,99.83227133,False
2026-01-05T05:50:00Z,100.05147307,False
2026-01-05T05:51:00Z,100.01731165,False
2026-01-05T05:52:00Z,98.49800408,False
2026-01-05T05:53:00Z,98.88855165,False
2026-01-05T05:54:00Z,99.70409729,False
2026-01-05T05:55:00Z,100.08480509,False
2026-01-05T05:56:00Z,97.56262542,False
2026-01-05T05:57:00Z,99.04793391,False
2026-01-05T05:58:00Z,99.57586234,False
2026-01-05T05:59:00Z,100.47951026,False
2026-01-05T06:00:00Z,99.78837354,False
2026-01-05T06:01:00Z,99.10991085,False
2026-01-05T06:02:00Z,100.68646681,False
2026-01-05T06:03:00Z,100.85873780,False
2026-01-05T06:04:00Z,99.89963988,False
2026-01-05T06:05:00Z,98.96782441,False
2026-01-05T06:06:00Z,99.75959532,False
2026-01-05T06:07:00Z,99.19624510,False
2026-01-05T06:08:00Z,98.11326680,False
2026-01-05T06:09:00Z,98.59288505,False
2026-01-05T06:10:00Z,97.83970071,False
2026-01-05T06:11:00Z,101.19083436,False
2026-01-05T06:12:00Z,99.21874274,False
2026-01-05T06:13:00Z,99.71621307,False
2026-01-05T06:14:00Z,98.53098351,False
2026-01-05T06:15:00Z,99.55874283,False
2026-01-05T06:16:00Z,98.95014352,False
2026-01-05T06:17:00Z,100.57889807,False
2026-01-05T06:18:00Z,99.79712377,False
2026-01-05T06:19:00Z,98.32174202,False
2026-01-05T06:20:00Z,98.71458499,False
2026-01-05T06:21:00Z,98.22202497,False
2026-01-05T06:22:00Z,99.72120246,False
2026-01-05T06:23:00Z,100.05120350,False
2026-01-05T06:24:00Z,100.91814241,False
2026-01-05T06:25:00Z,100.14566379,False
2026-01-05T06:26:00Z,99.02702855,False
2026-01-05T06:27:00Z,100.28116277,False
2026-01-05T06:28:00Z,98.21453954,False
2026-01-05T06:29:00Z,97.81715509,False
2026-01-05T06:30:00Z,100.32175331,False
2026-01-05T06:31:00Z,100.67451034,False
2026-01-05T06:32:00Z,99.62480095,False
2026-01-05T06:33:00Z,98.49028320,False
2026-01-05T06:34:00Z,99.62522642,False
2026-01-05T06:35:00Z,100.11014289,False
2026-01-05T06:36:00Z,100.08848292,False
2026-01-05T06:37:00Z,101.08701239,False
2026-01-05T06:38:00Z,97.66547898,False
2026-01-05T06:39:00Z,100.59180663,False
2026-01-05T06:40:00Z,100.27147922,False
2026-01-05T06:41:00Z,99.96112387,False
2026-01-05T06:42:00Z,99.10043260,False
2026-01-05T06:43:00Z,101.35153566,False
2026-01-05T06:44:00Z,99.84802758,False
2026-01-05T06:45:00Z,99.24267382,False
2026-01-05T06:46:00Z,99.26627259,False
2026-01-05T06:47:00Z,97.75682241,False
2026-01-05T06:48:00Z,100.54692678,False
2026-01-05T06:49:00Z,99.13150178,False
2026-01-05T06:50:00Z,100.20281670,False
2026-01-05T06:51:00Z,98.73256173,False
2026-01-05T06:52:00Z,98.55054835,False
2026-01-05T06:53:00Z,100.72697665,False
2026-01-05T06:54:00Z,99.64669404,False
2026-01-05T06:55:00Z,98.38977652,False
2026-01-05T06:56:00Z,101.40954135,False
2026-01-05T06:57:00Z,99.28648825,False
2026-01-05T06:58:00Z,99.42685311,False
2026-01-05T06:59:00Z,98.21068943,False
2026-01-05T07:00:00Z,99.70139047,False
2026-01-05T07:01:00Z,98.93960169,False
2026-01-05T07:02:00Z,98.45663380,False
2026-01-05T07:03:00Z,99.54669589,False
2026-01-05T07:04:00Z,100.31434759,False
2026-01-05T07:05:00Z,101.21885646,False
2026-01-05T07:06:00Z,98.63015890,False
2026-01-05T07:07:00Z,99.42126777,False
2026-01-05T07:08:00Z,99.91856033,False
2026-01-05T07:09:00Z,98.87398304,False
2026-01-05T07:10:00Z,98.97083508,False
2026-01-05T07:11:00Z,98.71059680,False
2026-01-05T07:12:00Z,100.37842338,False
2026-01-05T07:13:00Z,98.50377445,False
2026-01-05T07:14:00Z,100.47379917,False
2026-01-05T07:15:00Z,100.68391106,False
2026-01-05T07:16:00Z,99.60861000,False
2026-01-05T07:17:00Z,99.17455512,False
2026-01-05T07:18:00Z,98.73465589,False
2026-01-05T07:19:00Z,99.26688933,False
2026-01-05T07:20:00Z,100.97183057,False
2026-01-05T07:21:00Z,99.89712466,False
2026-01-05T07:22:00Z,100.19531964,False
2026-01-05T07:23:00Z,99.23659438,False
2026-01-05T07:24:00Z,98.33626963,False
2026-01-05T07:25:00Z,99.07690800,False
2026-01-05T07:26:00Z,99.84230037,False
2026-01-05T07:27:00Z,97.98533994,False
2026-01-05T07:28:00Z,99.40896428,False
2026-01-05T07:29:00Z,99.69020351,False
2026-01-05T07:30:00Z,98.67120586,False
2026-01-05T07:31:00Z,99.80815780,False
2026-01-05T07:32:00Z,99.76040341,False
2026-01-05T07:33:00Z,99.22651803,False
2026-01-05T07:34:00Z,100.41897600,False
2026-01-05T07:35:00Z,97.97408576,False
2026-01-05T07:36:00Z,100.12647286,False
2026-01-05T07:37:00Z,102.34966195,False
2026-01-05T07:38:00Z,100.25414097,False
2026-01-05T07:39:00Z,99.44182867,False
2026-01-05T07:40:00Z,98.57569874,False
2026-01-05T07:41:00Z,100.71747019,False
2026-01-05T07:42:00Z,99.62399390,False
2026-01-05T07:43:00Z,99.91678683,False
2026-01-05T07:44:00Z,98.98057749,False
2026-01-05T07:45:00Z,97.79182030,False
2026-01-05T07:46:00Z,99.64389739,False
2026-01-05T07:47:00Z,100.36985603,False
2026-01-05T07:48:00Z,100.16186201,False
2026-01-05T07:49:00Z,101.12364032,False
2026-01-05T07:50:00Z,100.48425562,False
2026-01-05T07:51:00Z,98.96444739,False
2026-01-05T07:52:00Z,97.53969743,False
2026-01-05T07:53:00Z,98.59300838,False
2026-01-05T07:54:00Z,98.86181332,False
2026-01-05T07:55:00Z,98.79208732,False
2026-01-05T07:56:00Z,99.52237296,False
2026-01-05T07:57:00Z,98.64528692,False
2026-01-05T07:58:00Z,99.59753954,False
2026-01-05T07:59:00Z,98.99231479,False
2026-01-05T08:00:00Z,99.88177863,False
2026-01-05T08:01:00Z,98.58055304,False
2026-01-05T08:02:00Z,99.44077915,False
2026-01-05T08:03:00Z,100.93024180,False
2026-01-05T08:04:00Z,99.69760625,False
2026-01-05T08:05:00Z,96.81819117,False
2026-01-05T08:06:00Z,101.02491830,False
2026-01-05T08:07:00Z,102.72651975,False
2026-01-05T08:08:00Z,101.89120268,False
2026-01-05T08:09:00Z,99.75256048,False
2026-01-05T08:10:00Z,98.41581923,False
2026-01-05T08:11:00Z,99.95358822,False
2026-01-05T08:12:00Z,100.26705207,False
2026-01-05T08:13:00Z,99.28847459,False
2026-01-05T08:14:00Z,98.73537538,False
2026-01-05T08:15:00Z,99.39512125,False
2026-01-05T08:16:00Z,100.74544039,False
2026-01-05T08:17:00Z,100.49008836,False
2026-01-05T08:18:00Z,99.30043540,False
2026-01-05T08:19:00Z,99.25422831,False
2026-01-05T08:20:00Z,99.80895351,False
2026-01-05T08:21:00Z,99.82226489,False
2026-01-05T08:22:00Z,100.22923602,False
2026-01-05T08:23:00Z,99.90036421,False
2026-01-05T08:24:00Z,99.75758702,False
2026-01-05T08:25:00Z,99.17018635,False
2026-01-05T08:26:00Z,98.90807893,False
2026-01-05T08:27:00Z,98.44759757,False
2026-01-05T08:28:00Z,99.01353850,False
2026-01-05T08:29:00Z,100.87928937,False
2026-01-05T08:30:00Z,99.07999660,False
2026-01-05T08:31:00Z,96.90830010,False
2026-01-05T08:32:00Z,97.92003517,False
2026-01-05T08:33:00Z,99.35325903,False
2026-01-05T08:34:00Z,100.98379347,False
2026-01-05T08:35:00Z,99.53363667,False
2026-01-05T08:36:00Z,100.75453609,False
2026-01-05T08:37:00Z,101.12514954,False
2026-01-05T08:38:00Z,100.08175251,False
2026-01-05T08:39:00Z,100.25277450,False
2026-01-05T08:40:00Z,98.57221397,False
2026-01-05T08:41:00Z,99.01141406,False
2026-01-05T08:42:00Z,98.03311879,False
2026-01-05T08:43:00Z,99.78243927,False
2026-01-05T08:44:00Z,101.37529081,False
2026-01-05T08:45:00Z,100.99476839,False
2026-01-05T08:46:00Z,98.75489715,False
2026-01-05T08:47:00Z,100.34704247,False
2026-01-05T08:48:00Z,100.67320355,False
2026-01-05T08:49:00Z,98.96967900,False
2026-01-05T08:50:00Z,98.96949868,False
2026-01-05T08:51:00Z,98.47832836,False
2026-01-05T08:52:00Z,98.08924633,False
2026-01-05T08:53:00Z,100.44527070,False
2026-01-05T08:54:00Z,99.52974677,False
2026-01-05T08:55:00Z,100.07641932,False
2026-01-05T08:56:00Z,97.15247998,False
2026-01-05T08:57:00Z,102.06064893,False
2026-01-05T08:58:00Z,100.71624380,False
2026-01-05T08:59:00Z,99.26872656,False
2026-01-05T09:00:00Z,98.99405922,False
2026-01-05T09:01:00Z,100.31238037,False
2026-01-05T09:02:00Z,100.64684787,False
2026-01-05T09:03:00Z,98.02700462,False
2026-01-05T09:04:00Z,100.27077153,False
2026-01-05T09:05:00Z,98.83381265,False
2026-01-05T09:06:00Z,98.76177518,False
2026-01-05T09:07:00Z,97.92435598,False
2026-01-05T09:08:00Z,100.08351025,False
2026-01-05T09:09:00Z,101.55737860,False
2026-01-05T09:10:00Z,100.62962317,False
2026-01-05T09:11:00Z,100.44809414,False
2026-01-05T09:12:00Z,99.80235167,False
2026-01-05T09:13:00Z,101.02145364,False
2026-01-05T09:14:00Z,98.99670063,False
2026-01-05T09:15:00Z,99.93722628,False
2026-01-05T09:16:00Z,98.68120476,False
2026-01-05T09:17:00Z,100.10613282,False
2026-01-05T09:18:00Z,100.96539241,False
2026-01-05T09:19:00Z,99.96743877,False
2026-01-05T09:20:00Z,100.42585496,False
2026-01-05T09:21:00Z,99.52866672,False
2026-01-05T09:22:00Z,99.06648945,False
2026-01-05T09:23:00Z,97.80813120,False
2026-01-05T09:24:00Z,101.65621636,False
2026-01-05T09:25:00Z,100.89568502,False
2026-01-05T09:26:00Z,100.43275849,False
2026-01-05T09:27:00Z,98.49664614,False
2026-01-05T09:28:00Z,99.49925366,False
2026-01-05T09:29:00Z,98.38618780,False
2026-01-05T09:30:00Z,99.01666135,False
2026-01-05T09:31:00Z,98.53644435,False
2026-01-05T09:32:00Z,98.77641189,False
2026-01-05T09:33:00Z,100.70911461,False
2026-01-05T09:34:00Z,98.48938919,False
2026-01-05T09:35:00Z,99.52332814,False
2026-01-05T09:36:00Z,99.61012898,False
2026-01-05T09:37:00Z,101.19332468,False
2026-01-05T09:38:00Z,101.90867728,False
2026-01-05T09:39:00Z,98.16914879,False
2026-01-05T09:40:00Z,98.09604222,False
2026-01-05T09:41:00Z,99.20575447,False
2026-01-05T09:42:00Z,99.68065067,False
2026-01-05T09:43:00Z,100.68196787,False
2026-01-05T09:44:00Z,99.87913830,False
2026-01-05T09:45:00Z,99.31164522,False
2026-01-05T09:46:00Z,99.17734094,False
2026-01-05T09:47:00Z,100.23094594,False
2026-01-05T09:48:00Z,97.35952459,False
2026-01-05T09:49:00Z,99.66108907,False
2026-01-05T09:50:00Z,99.13397030,False
2026-01-05T09:51:00Z,101.45311731,False
2026-01-05T09:52:00Z,99.83668235,False
2026-01-05T09:53:00Z,100.74803170,False
2026-01-05T09:54:00Z,99.69450913,False
2026-01-05T09:55:00Z,100.25803841,False
2026-01-05T09:56:00Z,99.70040564,False
2026-01-05T09:57:00Z,101.63261817,False
2026-01-05T09:58:00Z,100.55972184,False
2026-01-05T09:59:00Z,100.98239984,False
2026-01-05T10:00:00Z,99.70998732,False
2026-01-05T10:01:00Z,99.92704327,False
2026-01-05T10:02:00Z,100.03826089,False
2026-01-05T10:03:00Z,99.07239385,False
2026-01-05T10:04:00Z,98.96394243,False
2026-01-05T10:05:00Z,99.59204773,False
2026-01-05T10:06:00Z,100.31970710,False
2026-01-05T10:07:00Z,99.53425525,False
2026-01-05T10:08:00Z,100.94967082,False
2026-01-05T10:09:00Z,99.85219273,False
2026-01-05T10:10:00Z,98.90348972,False
2026-01-05T10:11:00Z,100.17071753,False
2026-01-05T10:12:00Z,98.54383805,False
2026-01-05T10:13:00Z,100.27200033,False
2026-01-05T10:14:00Z,99.43651691,False
2026-01-05T10:15:00Z,100.97976365,False
2026-01-05T10:16:00Z,99.72407099,False
2026-01-05T10:17:00Z,98.99695810,False
2026-01-05T10:18:00Z,100.97081114,False
2026-01-05T10:19:00Z,100.47247678,False
2026-01-05T10:20:00Z,98.45920238,False
2026-01-05T10:21:00Z,99.43895330,False
2026-01-05T10:22:00Z,100.61242614,False
2026-01-05T10:23:00Z,99.75596502,False
2026-01-05T10:24:00Z,99.64297282,False
2026-01-05T10:25:00Z,99.48259057,False
2026-01-05T10:26:00Z,100.27478948,False
2026-01-05T10:27:00Z,99.66340750,False
2026-01-05T10:28:00Z,100.34963872,False
2026-01-05T10:29:00Z,101.42270246,False
2026-01-05T10:30:00Z,99.01705315,False
2026-01-05T10:31:00Z,99.37854167,False
2026-01-05T10:32:00Z,100.56129264,False
2026-01-05T10:33:00Z,99.17649408,False
2026-01-05T10:34:00Z,100.55976007,False
2026-01-05T10:35:00Z,100.56159289,False
2026-01-05T10:36:00Z,98.72278233,False
2026-01-05T10:37:00Z,103.19062214,False
2026-01-05T10:38:00Z,100.51055646,False
2026-01-05T10:39:00Z,100.11051321,False
2026-01-05T10:40:00Z,101.04358100,False
2026-01-05T10:41:00Z,101.86086529,False
2026-01-05T10:42:00Z,99.95994415,False
2026-01-05T10:43:00Z,99.34922781,False
2026-01-05T10:44:00Z,100.96254658,False
2026-01-05T10:45:00Z,101.86662305,False
2026-01-05T10:46:00Z,99.81648595,False
2026-01-05T10:47:00Z,100.30968316,False
2026-01-05T10:48:00Z,100.23443897,False
2026-01-05T10:49:00Z,101.12248497,False
2026-01-05T10:50:00Z,102.54110026,False
2026-01-05T10:51:00Z,100.04078569,False
2026-01-05T10:52:00Z,100.54280521,False
2026-01-05T10:53:00Z,98.37114413,False
2026-01-05T10:54:00Z,99.24925305,False
2026-01-05T10:55:00Z,99.64648884,False
2026-01-05T10:56:00Z,100.63464666,False
2026-01-05T10:57:00Z,101.33188460,False
2026-01-05T10:58:00Z,100.70680100,False
2026-01-05T10:59:00Z,99.59719103,False
2026-01-05T11:00:00Z,100.08707622,False
2026-01-05T11:01:00Z,101.48445421,False
2026-01-05T11:02:00Z,99.33530817,False
2026-01-05T11:03:00Z,99.47426633,False
2026-01-05T11:04:00Z,100.56106839,False
2026-01-05T11:05:00Z,99.97745838,False
2026-01-05T11:06:00Z,101.04070520,False
2026-01-05T11:07:00Z,99.62771623,False
2026-01-05T11:08:00Z,100.94494631,False
2026-01-05T11:09:00Z,98.98948058,False
2026-01-05T11:10:00Z,100.92020287,False
2026-01-05T11:11:00Z,102.57791030,False
2026-01-05T11:12:00Z,100.64063544,False
2026-01-05T11:13:00Z,98.97543339,False
2026-01-05T11:14:00Z,100.96484674,False
2026-01-05T11:15:00Z,101.42545914,False
2026-01-05T11:16:00Z,100.98595051,False
2026-01-05T11:17:00Z,100.60439393,False
2026-01-05T11:18:00Z,101.31221571,False
2026-01-05T11:19:00Z,101.44952478,False
2026-01-05T11:20:00Z,98.63151028,False
2026-01-05T11:21:00Z,100.08255309,False
2026-01-05T11:22:00Z,101.64006305,False
2026-01-05T11:23:00Z,98.13086340,False
2026-01-05T11:24:00Z,101.47744861,False
2026-01-05T11:25:00Z,98.27219312,False
2026-01-05T11:26:00Z,99.19279779,False
2026-01-05T11:27:00Z,100.98486858,False
2026-01-05T11:28:00Z,99.99941096,False
2026-01-05T11:29:00Z,101.32279802,False
2026-01-05T11:30:00Z,101.40240510,False
2026-01-05T11:31:00Z,101.14355289,False
2026-01-05T11:32:00Z,97.89432634,False
2026-01-05T11:33:00Z,100.40716849,False
2026-01-05T11:34:00Z,101.18376293,False
2026-01-05T11:35:00Z,100.25707138,False
2026-01-05T11:36:00Z,99.23906920,False
2026-01-05T11:37:00Z,101.83406181,False
2026-01-05T11:38:00Z,101.18414990,False
2026-01-05T11:39:00Z,101.69922490,False
2026-01-05T11:40:00Z,100.76505981,False
2026-01-05T11:41:00Z,100.09791969,False
2026-01-05T11:42:00Z,101.75229347,False
2026-01-05T11:43:00Z,99.23146270,False
2026-01-05T11:44:00Z,99.81657706,False
2026-01-05T11:45:00Z,101.26339192,False
2026-01-05T11:46:00Z,99.91726811,False
2026-01-05T11:47:00Z,99.79176756,False
2026-01-05T11:48:00Z,99.66303412,False
2026-01-05T11:49:00Z,101.74586454,False
2026-01-05T11:50:00Z,100.16821943,False
2026-01-05T11:51:00Z,101.31570052,False
2026-01-05T11:52:00Z,99.77701651,False
2026-01-05T11:53:00Z,99.80018719,False
2026-01-05T11:54:00Z,100.34695428,False
2026-01-05T11:55:00Z,100.77806046,False
2026-01-05T11:56:00Z,100.43178826,False
2026-01-05T11:57:00Z,100.52478256,False
2026-01-05T11:58:00Z,101.51217228,False
2026-01-05T11:59:00Z,100.29561665,False
2026-01-05T12:00:00Z,100.54767930,False
2026-01-05T12:01:00Z,101.75793878,False
2026-01-05T12:02:00Z,100.07202249,False
2026-01-05T12:03:00Z,98.46969546,False
2026-01-05T12:04:00Z,100.67006180,False
2026-01-05T12:05:00Z,100.58394685,False
2026-01-05T12:06:00Z,101.20211834,False
2026-01-05T12:07:00Z,99.94105948,False
2026-01-05T12:08:00Z,99.73741131,False
2026-01-05T12:09:00Z,102.13318853,False
2026-01-05T12:10:00Z,100.15856865,False
2026-01-05T12:11:00Z,97.32193923,False
2026-01-05T12:12:00Z,99.18145193,False
2026-01-05T12:13:00Z,101.96716998,False
2026-01-05T12:14:00Z,100.84496837,False
2026-01-05T12:15:00Z,101.41254926,False
2026-01-05T12:16:00Z,99.91488256,False
2026-01-05T12:17:00Z,101.34065818,False
2026-01-05T12:18:00Z,101.30787790,False
2026-01-05T12:19:00Z,100.22072979,False
2026-01-05T12:20:00Z,101.25738613,False
2026-01-05T12:21:00Z,102.17898492,False
2026-01-05T12:22:00Z,101.15140904,False
2026-01-05T12:23:00Z,99.67091410,False
2026-01-05T12:24:00Z,99.82873868,False
2026-01-05T12:25:00Z,99.14210143,False
2026-01-05T12:26:00Z,102.39407832,False
2026-01-05T12:27:00Z,100.75686211,False
2026-01-05T12:28:00Z,100.19570775,False
2026-01-05T12:29:00Z,102.66930478,False
2026-01-05T12:30:00Z,100.97258252,False
2026-01-05T12:31:00Z,100.58115987,False
2026-01-05T12:32:00Z,100.06044185,False
2026-01-05T12:33:00Z,99.80953246,False
2026-01-05T12:34:00Z,100.33838342,False
2026-01-05T12:35:00Z,101.78786601,False
2026-01-05T12:36:00Z,100.08204803,False
2026-01-05T12:37:00Z,99.48139140,False
2026-01-05T12:38:00Z,102.37410349,False
2026-01-05T12:39:00Z,101.31690116,False
2026-01-05T12:40:00Z,101.21692165,False
2026-01-05T12:41:00Z,102.15179340,False
2026-01-05T12:42:00Z,99.23189715,False
2026-01-05T12:43:00Z,101.74562860,False
2026-01-05T12:44:00Z,101.22154750,False
2026-01-05T12:45:00Z,100.95469241,False
2026-01-05T12:46:00Z,100.70197362,False
2026-01-05T12:47:00Z,101.12499329,False
2026-01-05T12:48:00Z,100.71976295,False
2026-01-05T12:49:00Z,99.94077212,False
2026-01-05T12:50:00Z,100.53225473,False
2026-01-05T12:51:00Z,101.13430601,False
2026-01-05T12:52:00Z,101.03625013,False
2026-01-05T12:53:00Z,98.53969029,False
2026-01-05T12:54:00Z,102.04055211,False
2026-01-05T12:55:00Z,99.88819018,False
2026-01-05T12:56:00Z,101.22788258,False
2026-01-05T12:57:00Z,101.12895184,False
2026-01-05T12:58:00Z,99.60924106,False
2026-01-05T12:59:00Z,102.21663648,False
2026-01-05T13:00:00Z,99.53502811,False
2026-01-05T13:01:00Z,100.51247570,False
2026-01-05T13:02:00Z,99.84732873,False
2026-01-05T13:03:00Z,102.09268819,False
2026-01-05T13:04:00Z,100.50483135,False
2026-01-05T13:05:00Z,100.88335291,False
2026-01-05T13:06:00Z,102.12473063,False
2026-01-05T13:07:00Z,101.65065137,False
2026-01-05T13:08:00Z,100.71152615,False
2026-01-05T13:09:00Z,101.22944384,False
2026-01-05T13:10:00Z,100.93966609,False
2026-01-05T13:11:00Z,99.50382433,False
2026-01-05T13:12:00Z,100.42964052,False
2026-01-05T13:13:00Z,101.33339033,False
2026-01-05T13:14:00Z,101.41343622,False
2026-01-05T13:15:00Z,100.60601862,False
2026-01-05T13:16:00Z,102.27905792,False
2026-01-05T13:17:00Z,101.56148226,False
2026-01-05T13:18:00Z,101.89833933,False
2026-01-05T13:19:00Z,101.34638878,False
2026-01-05T13:20:00Z,99.89339749,False
2026-01-05T13:21:00Z,100.91507925,False
2026-01-05T13:22:00Z,101.61790010,False
2026-01-05T13:23:00Z,100.89847017,False
2026-01-05T13:24:00Z,102.32134822,False
2026-01-05T13:25:00Z,102.18594125,False
2026-01-05T13:26:00Z,101.41379910,False
2026-01-05T13:27:00Z,101.44052744,False
2026-01-05T13:28:00Z,102.15789386,False
2026-01-05T13:29:00Z,100.80246555,False
2026-01-05T13:30:00Z,101.01527496,False
2026-01-05T13:31:00Z,102.12161451,False
2026-01-05T13:32:00Z,100.81490622,False
2026-01-05T13:33:00Z,99.80942529,False
2026-01-05T13:34:00Z,99.53794809,False
2026-01-05T13:35:00Z,101.30926258,False
2026-01-05T13:36:00Z,102.48346671,False
2026-01-05T13:37:00Z,101.32243446,False
2026-01-05T13:38:00Z,101.94042016,False
2026-01-05T13:39:00Z,101.58512352,False
2026-01-05T13:40:00Z,100.56014777,False
2026-01-05T13:41:00Z,101.15619863,False
2026-01-05T13:42:00Z,102.68934649,False
2026-01-05T13:43:00Z,102.32156161,False
2026-01-05T13:44:00Z,101.41431731,False
2026-01-05T13:45:00Z,101.49334190,False
2026-01-05T13:46:00Z,100.61855320,False
2026-01-05T13:47:00Z,101.99046786,False
2026-01-05T13:48:00Z,101.18294904,False
2026-01-05T13:49:00Z,101.39538616,False
2026-01-05T13:50:00Z,102.48609540,False
2026-01-05T13:51:00Z,100.31717413,False
2026-01-05T13:52:00Z,99.37429616,False
2026-01-05T13:53:00Z,101.89780208,False
2026-01-05T13:54:00Z,101.37111242,False
2026-01-05T13:55:00Z,101.45945828,False
2026-01-05T13:56:00Z,100.38031545,False
2026-01-05T13:57:00Z,101.63034562,False
2026-01-05T13:58:00Z,100.54546088,False
2026-01-05T13:59:00Z,100.25327692,False
2026-01-05T14:00:00Z,110.98219631,True
2026-01-05T14:01:00Z,101.76737419,False
2026-01-05T14:02:00Z,100.81131692,False
2026-01-05T14:03:00Z,100.91064993,False
2026-01-05T14:04:00Z,101.56469777,False
2026-01-05T14:05:00Z,104.02285110,False
2026-01-05T14:06:00Z,98.65884574,False
2026-01-05T14:07:00Z,101.79693784,False
2026-01-05T14:08:00Z,102.54269530,False
2026-01-05T14:09:00Z,103.05750990,False
2026-01-05T14:10:00Z,101.60295709,False
2026-01-05T14:11:00Z,100.93717019,False
2026-01-05T14:12:00Z,101.05901960,False
2026-01-05T14:13:00Z,99.24667295,False
2026-01-05T14:14:00Z,102.12046466,False
2026-01-05T14:15:00Z,102.64663358,False
2026-01-05T14:16:00Z,102.93455926,False
2026-01-05T14:17:00Z,100.96467804,False
2026-01-05T14:18:00Z,102.05575492,False
2026-01-05T14:19:00Z,101.87940138,False
2026-01-05T14:20:00Z,101.14160403,False
2026-01-05T14:21:00Z,100.67681026,False
2026-01-05T14:22:00Z,103.13079159,False
2026-01-05T14:23:00Z,100.23243002,False
2026-01-05T14:24:00Z,102.22166581,False
2026-01-05T14:25:00Z,101.85490978,False
2026-01-05T14:26:00Z,102.58003540,False
2026-01-05T14:27:00Z,101.25953711,False
2026-01-05T14:28:00Z,103.58929933,False
2026-01-05T14:29:00Z,101.32944789,False
2026-01-05T14:30:00Z,102.30303422,False
2026-01-05T14:31:00Z,102.98019503,False
2026-01-05T14:32:00Z,102.83635980,False
2026-01-05T14:33:00Z,99.93749361,False
2026-01-05T14:34:00Z,102.00951993,False
2026-01-05T14:35:00Z,102.98118169,False
2026-01-05T14:36:00Z,101.65550507,False
2026-01-05T14:37:00Z,101.21732016,False
2026-01-05T14:38:00Z,100.93844244,False
2026-01-05T14:39:00Z,102.11012462,False
2026-01-05T14:40:00Z,100.32833686,False
2026-01-05T14:41:00Z,100.44327399,False
2026-01-05T14:42:00Z,102.92251165,False
2026-01-05T14:43:00Z,100.32269126,False
2026-01-05T14:44:00Z,101.05674404,False
2026-01-05T14:45:00Z,103.48601161,False
2026-01-05T14:46:00Z,101.71096316,False
2026-01-05T14:47:00Z,102.47558427,False
2026-01-05T14:48:00Z,102.99755644,False
2026-01-05T14:49:00Z,101.16006877,False
2026-01-05T14:50:00Z,99.14642574,False
2026-01-05T14:51:00Z,102.40378012,False
2026-01-05T14:52:00Z,101.90705398,False
2026-01-05T14:53:00Z,100.95342515,False
2026-01-05T14:54:00Z,100.71626126,False
2026-01-05T14:55:00Z,101.59807681,False
2026-01-05T14:56:00Z,101.69765028,False
2026-01-05T14:57:00Z,100.95178200,False
2026-01-05T14:58:00Z,102.45894955,False
2026-01-05T14:59:00Z,102.47457964,False
2026-01-05T15:00:00Z,101.17574441,False
2026-01-05T15:01:00Z,102.26239435,False
2026-01-05T15:02:00Z,100.32393393,False
2026-01-05T15:03:00Z,102.47928562,False
2026-01-05T15:04:00Z,101.60199810,False
2026-01-05T15:05:00Z,102.70262854,False
2026-01-05T15:06:00Z,102.63301040,False
2026-01-05T15:07:00Z,101.45100398,False
2026-01-05T15:08:00Z,103.00768989,False
2026-01-05T15:09:00Z,102.42856183,False
2026-01-05T15:10:00Z,100.24909144,False
2026-01-05T15:11:00Z,102.86741609,False
2026-01-05T15:12:00Z,103.04059158,False
2026-01-05T15:13:00Z,103.73531393,False
2026-01-05T15:14:00Z,101.91723030,False
2026-01-05T15:15:00Z,101.94718570,False
2026-01-05T15:16:00Z,99.97440705,False
2026-01-05T15:17:00Z,103.10770947,False
2026-01-05T15:18:00Z,102.21560681,False
2026-01-05T15:19:00Z,103.47700820,False
2026-01-05T15:20:00Z,101.48092357,False
2026-01-05T15:21:00Z,103.08987590,False
2026-01-05T15:22:00Z,100.58924403,False
2026-01-05T15:23:00Z,101.17599411,False
2026-01-05T15:24:00Z,101.62039903,False
2026-01-05T15:25:00Z,101.72758834,False
2026-01-05T15:26:00Z,100.61156319,False
2026-01-05T15:27:00Z,102.31747652,False
2026-01-05T15:28:00Z,102.72194806,False
2026-01-05T15:29:00Z,102.80799081,False
2026-01-05T15:30:00Z,99.34620430,False
2026-01-05T15:31:00Z,102.00402979,False
2026-01-05T15:32:00Z,101.00403295,False
2026-01-05T15:33:00Z,102.10882941,False
2026-01-05T15:34:00Z,101.12427048,False
2026-01-05T15:35:00Z,102.53276730,False
2026-01-05T15:36:00Z,101.89798031,False
2026-01-05T15:37:00Z,101.66681250,False
2026-01-05T15:38:00Z,102.42851381,False
2026-01-05T15:39:00Z,103.41685551,False
2026-01-05T15:40:00Z,102.59830436,False
2026-01-05T15:41:00Z,100.44808686,False
2026-01-05T15:42:00Z,100.99847649,False
2026-01-05T15:43:00Z,101.32061547,False
2026-01-05T15:44:00Z,102.60069567,False
2026-01-05T15:45:00Z,102.44596884,False
2026-01-05T15:46:00Z,101.48621692,False
2026-01-05T15:47:00Z,102.61663447,False
2026-01-05T15:48:00Z,102.43063225,False
2026-01-05T15:49:00Z,103.09588731,False
2026-01-05T15:50:00Z,102.37164927,False
2026-01-05T15:51:00Z,100.43393471,False
2026-01-05T15:52:00Z,101.81443372,False
2026-01-05T15:53:00Z,103.69724060,False
2026-01-05T15:54:00Z,102.73737528,False
2026-01-05T15:55:00Z,100.67682950,False
2026-01-05T15:56:00Z,101.86072711,False
2026-01-05T15:57:00Z,100.47003480,False
2026-01-05T15:58:00Z,102.18926772,False
2026-01-05T15:59:00Z,101.44039640,False
2026-01-05T16:00:00Z,102.40022608,False
2026-01-05T16:01:00Z,101.14229137,False
2026-01-05T16:02:00Z,102.46340128,False
2026-01-05T16:03:00Z,101.54976356,False
2026-01-05T16:04:00Z,102.16149279,False
2026-01-05T16:05:00Z,101.10280273,False
2026-01-05T16:06:00Z,101.66954057,False
2026-01-05T16:07:00Z,102.86009227,False
2026-01-05T16:08:00Z,103.19945425,False
2026-01-05T16:09:00Z,101.03648714,False
2026-01-05T16:10:00Z,100.82846453,False
2026-01-05T16:11:00Z,102.81953902,False
2026-01-05T16:12:00Z,100.54694470,False
2026-01-05T16:13:00Z,100.58823771,False
2026-01-05T16:14:00Z,102.92472181,False
2026-01-05T16:15:00Z,102.24688767,False
2026-01-05T16:16:00Z,102.30733958,False
2026-01-05T16:17:00Z,104.04920563,False
2026-01-05T16:18:00Z,100.80681023,False
2026-01-05T16:19:00Z,104.78511469,False
2026-01-05T16:20:00Z,101.80643237,False
2026-01-05T16:21:00Z,101.63915261,False
2026-01-05T16:22:00Z,101.93434300,False
2026-01-05T16:23:00Z,102.08062988,False
2026-01-05T16:24:00Z,103.51653391,False
2026-01-05T16:25:00Z,101.32727364,False
2026-01-05T16:26:00Z,101.75474001,False
2026-01-05T16:27:00Z,100.27949804,False
2026-01-05T16:28:00Z,101.52890006,False
2026-01-05T16:29:00Z,101.68388919,False
2026-01-05T16:30:00Z,102.82761254,False
2026-01-05T16:31:00Z,102.32257130,False
2026-01-05T16:32:00Z,100.17740270,False
2026-01-05T16:33:00Z,102.70583016,False
2026-01-05T16:34:00Z,102.03510224,False
2026-01-05T16:35:00Z,103.48737304,False
2026-01-05T16:36:00Z,102.23536262,False
2026-01-05T16:37:00Z,101.68695035,False
2026-01-05T16:38:00Z,103.49740566,False
2026-01-05T16:39:00Z,101.18758019,False
2026-01-05T16:40:00Z,102.90447613,False
2026-01-05T16:41:00Z,102.22085841,False
2026-01-05T16:42:00Z,103.40979588,False
2026-01-05T16:43:00Z,101.64702195,False
2026-01-05T16:44:00Z,104.40787986,False
2026-01-05T16:45:00Z,103.52842210,False
2026-01-05T16:46:00Z,102.87686170,False
2026-01-05T16:47:00Z,102.47284847,False
2026-01-05T16:48:00Z,102.42855704,False
2026-01-05T16:49:00Z,102.44322879,False
2026-01-05T16:50:00Z,101.21709429,False
2026-01-05T16:51:00Z,103.06954348,False
2026-01-05T16:52:00Z,102.89583780,False
2026-01-05T16:53:00Z,102.91188938,False
2026-01-05T16:54:00Z,103.75711349,False
2026-01-05T16:55:00Z,102.39206818,False
2026-01-05T16:56:00Z,102.56377340,False
2026-01-05T16:57:00Z,101.78605358,False
2026-01-05T16:58:00Z,102.66715121,False
2026-01-05T16:59:00Z,102.44819735,False
2026-01-05T17:00:00Z,102.17283854,False
2026-01-05T17:01:00Z,102.48098519,False
2026-01-05T17:02:00Z,101.35590395,False
2026-01-05T17:03:00Z,100.75804797,False
2026-01-05T17:04:00Z,102.12880000,False
2026-01-05T17:05:00Z,101.81874039,False
2026-01-05T17:06:00Z,103.23989866,False
2026-01-05T17:07:00Z,100.51067025,False
2026-01-05T17:08:00Z,102.09966838,False
2026-01-05T17:09:00Z,101.17979104,False
2026-01-05T17:10:00Z,102.25786031,False
2026-01-05T17:11:00Z,103.46570169,False
2026-01-05T17:12:00Z,103.05677468,False
2026-01-05T17:13:00Z,101.57413267,False
2026-01-05T17:14:00Z,104.24680133,False
2026-01-05T17:15:00Z,101.89254260,False
2026-01-05T17:16:00Z,102.43493973,False
2026-01-05T17:17:00Z,102.84239262,False
2026-01-05T17:18:00Z,101.23232426,False
2026-01-05T17:19:00Z,102.31519202,False
2026-01-05T17:20:00Z,103.21190425,False
2026-01-05T17:21:00Z,102.83867878,False
2026-01-05T17:22:00Z,102.68636011,False
2026-01-05T17:23:00Z,102.84994899,False
2026-01-05T17:24:00Z,101.69984531,False
2026-01-05T17:25:00Z,101.00530515,False
2026-01-05T17:26:00Z,103.37208276,False
2026-01-05T17:27:00Z,100.96008952,False
2026-01-05T17:28:00Z,101.61271953,False
2026-01-05T17:29:00Z,103.66228247,False
2026-01-05T17:30:00Z,101.57597329,False
2026-01-05T17:31:00Z,102.59247929,False
2026-01-05T17:32:00Z,103.69502413,False
2026-01-05T17:33:00Z,103.05890724,False
2026-01-05T17:34:00Z,103.02758619,False
2026-01-05T17:35:00Z,101.46354346,False
2026-01-05T17:36:00Z,103.01836189,False
2026-01-05T17:37:00Z,104.70419263,False
2026-01-05T17:38:00Z,101.84008024,False
2026-01-05T17:39:00Z,102.61250881,False
2026-01-05T17:40:00Z,102.18910499,False
2026-01-05T17:41:00Z,102.56653342,False
2026-01-05T17:42:00Z,102.48677472,False
2026-01-05T17:43:00Z,99.92958384,False
2026-01-05T17:44:00Z,103.21648445,False
2026-01-05T17:45:00Z,100.51613226,False
2026-01-05T17:46:00Z,101.73231816,False
2026-01-05T17:47:00Z,103.82756556,False
2026-01-05T17:48:00Z,102.28960803,False
2026-01-05T17:49:00Z,102.03516318,False
2026-01-05T17:50:00Z,103.69397548,False
2026-01-05T17:51:00Z,102.66981878,False
2026-01-05T17:52:00Z,101.91949991,False
2026-01-05T17:53:00Z,102.37441828,False
2026-01-05T17:54:00Z,104.22999319,False
2026-01-05T17:55:00Z,102.71994965,False
2026-01-05T17:56:00Z,103.50906965,False
2026-01-05T17:57:00Z,103.09398559,False
2026-01-05T17:58:00Z,102.89791096,False
2026-01-05T17:59:00Z,103.48932000,False
2026-01-05T18:00:00Z,101.39027878,False
2026-01-05T18:01:00Z,101.41357161,False
2026-01-05T18:02:00Z,103.82921476,False
2026-01-05T18:03:00Z,102.41683085,False
2026-01-05T18:04:00Z,103.71038705,False
2026-01-05T18:05:00Z,103.43491229,False
2026-01-05T18:06:00Z,101.99423514,False
2026-01-05T18:07:00Z,103.42344358,False
2026-01-05T18:08:00Z,103.01878162,False
2026-01-05T18:09:00Z,103.55696887,False
2026-01-05T18:10:00Z,103.28492683,False
2026-01-05T18:11:00Z,103.55339552,False
2026-01-05T18:12:00Z,103.61551826,False
2026-01-05T18:13:00Z,103.26859014,False
2026-01-05T18:14:00Z,100.87907511,False
2026-01-05T18:15:00Z,103.18049245,False
2026-01-05T18:16:00Z,102.66232760,False
2026-01-05T18:17:00Z,102.70793218,False
2026-01-05T18:18:00Z,102.58134339,False
2026-01-05T18:19:00Z,102.40119231,False
2026-01-05T18:20:00Z,104.52631993,False
2026-01-05T18:21:00Z,102.27575566,False
2026-01-05T18:22:00Z,104.94217962,False
2026-01-05T18:23:00Z,104.92479317,False
2026-01-05T18:24:00Z,102.23128039,False
2026-01-05T18:25:00Z,102.19542496,False
2026-01-05T18:26:00Z,102.22122237,False
2026-01-05T18:27:00Z,101.97457098,False
2026-01-05T18:28:00Z,101.04652633,False
2026-01-05T18:29:00Z,103.54527156,False
2026-01-05T18:30:00Z,104.37161714,False
2026-01-05T18:31:00Z,102.95690581,False
2026-01-05T18:32:00Z,101.18643191,False
2026-01-05T18:33:00Z,102.71120946,False
2026-01-05T18:34:00Z,102.21507309,False
2026-01-05T18:35:00Z,102.35646726,False
2026-01-05T18:36:00Z,104.40262457,False
2026-01-05T18:37:00Z,101.75523645,False
2026-01-05T18:38:00Z,102.76240428,False
2026-01-05T18:39:00Z,101.66256580,False
2026-01-05T18:40:00Z,101.78575796,False
2026-01-05T18:41:00Z,102.03189940,False
2026-01-05T18:42:00Z,102.23418800,False
2026-01-05T18:43:00Z,103.62881528,False
2026-01-05T18:44:00Z,101.82739814,False
2026-01-05T18:45:00Z,101.57154631,False
2026-01-05T18:46:00Z,102.29613787,False
2026-01-05T18:47:00Z,104.37334717,False
2026-01-05T18:48:00Z,102.49061460,False
2026-01-05T18:49:00Z,104.14443138,False
2026-01-05T18:50:00Z,101.53555602,False
2026-01-05T18:51:00Z,105.14487105,False
2026-01-05T18:52:00Z,103.46456140,False
2026-01-05T18:53:00Z,100.87873209,False
2026-01-05T18:54:00Z,102.15486781,False
2026-01-05T18:55:00Z,101.86091450,False
2026-01-05T18:56:00Z,103.11802215,False
2026-01-05T18:57:00Z,101.87362248,False
2026-01-05T18:58:00Z,102.76254456,False
2026-01-05T18:59:00Z,103.34263530,False
2026-01-05T19:00:00Z,92.67040381,True
2026-01-05T19:01:00Z,102.07944276,False
2026-01-05T19:02:00Z,103.96124506,False
2026-01-05T19:03:00Z,102.26530735,False
2026-01-05T19:04:00Z,103.45996311,False
2026-01-05T19:05:00Z,102.08926652,False
2026-01-05T19:06:00Z,102.06273230,False
2026-01-05T19:07:00Z,100.40080455,False
2026-01-05T19:08:00Z,102.55702140,False
2026-01-05T19:09:00Z,103.34851899,False
2026-01-05T19:10:00Z,102.57487214,False
2026-01-05T19:11:00Z,101.74964356,False
2026-01-05T19:12:00Z,104.55997504,False
2026-01-05T19:13:00Z,101.84728931,False
2026-01-05T19:14:00Z,102.83917504,False
2026-01-05T19:15:00Z,102.11227843,False
2026-01-05T19:16:00Z,102.46815532,False
2026-01-05T19:17:00Z,102.69630580,False
2026-01-05T19:18:00Z,103.08559377,False
2026-01-05T19:19:00Z,102.72541285,False
2026-01-05T19:20:00Z,102.18709886,False
2026-01-05T19:21:00Z,101.89780391,False
2026-01-05T19:22:00Z,103.01848030,False
2026-01-05T19:23:00Z,103.87965806,False
2026-01-05T19:24:00Z,103.81260240,False
2026-01-05T19:25:00Z,102.48269613,False
2026-01-05T19:26:00Z,103.04537133,False
2026-01-05T19:27:00Z,102.06854289,False
2026-01-05T19:28:00Z,103.29852301,False
2026-01-05T19:29:00Z,103.00272512,False
2026-01-05T19:30:00Z,103.74289990,False
2026-01-05T19:31:00Z,103.71322019,False
2026-01-05T19:32:00Z,104.30930896,False
2026-01-05T19:33:00Z,101.50159490,False
2026-01-05T19:34:00Z,104.93948091,False
2026-01-05T19:35:00Z,104.20344662,False
2026-01-05T19:36:00Z,103.47314721,False
2026-01-05T19:37:00Z,103.05796128,False
2026-01-05T19:38:00Z,103.81550936,False
2026-01-05T19:39:00Z,101.73832953,False
2026-01-05T19:40:00Z,103.23457388,False
2026-01-05T19:41:00Z,104.58418936,False
2026-01-05T19:42:00Z,103.21712930,False
2026-01-05T19:43:00Z,102.62148118,False
2026-01-05T19:44:00Z,103.58931673,False
2026-01-05T19:45:00Z,105.18057067,False
2026-01-05T19:46:00Z,101.15598758,False
2026-01-05T19:47:00Z,103.17683235,False
2026-01-05T19:48:00Z,103.41668992,False
2026-01-05T19:49:00Z,102.75839387,False
2026-01-05T19:50:00Z,104.09141968,False
2026-01-05T19:51:00Z,103.65425842,False
2026-01-05T19:52:00Z,102.47388147,False
2026-01-05T19:53:00Z,100.62906974,False
2026-01-05T19:54:00Z,102.71747469,False
2026-01-05T19:55:00Z,102.85699482,False
2026-01-05T19:56:00Z,102.35928014,False
2026-01-05T19:57:00Z,102.66646933,False
2026-01-05T19:58:00Z,102.69374139,False
2026-01-05T19:59:00Z,104.35514395,False
2026-01-05T20:00:00Z,103.86016094,False
2026-01-05T20:01:00Z,102.75631601,False
2026-01-05T20:02:00Z,104.65627264,False
2026-01-05T20:03:00Z,103.06762158,False
2026-01-05T20:04:00Z,103.38657165,False
2026-01-05T20:05:00Z,101.72348340,False
2026-01-05T20:06:00Z,102.33262846,False
2026-01-05T20:07:00Z,102.87306163,False
2026-01-05T20:08:00Z,104.27769549,False
2026-01-05T20:09:00Z,103.12392462,False
2026-01-05T20:10:00Z,104.53665978,False
2026-01-05T20:11:00Z,102.11680293,False
2026-01-05T20:12:00Z,105.01765018,False
2026-01-05T20:13:00Z,102.49704615,False
2026-01-05T20:14:00Z,103.49655472,False
2026-01-05T20:15:00Z,102.62209441,False
2026-01-05T20:16:00Z,102.03925838,False
2026-01-05T20:17:00Z,104.38791924,False
2026-01-05T20:18:00Z,103.49481590,False
2026-01-05T20:19:00Z,102.98918867,False
2026-01-05T20:20:00Z,103.08271558,False
2026-01-05T20:21:00Z,103.35620963,False
2026-01-05T20:22:00Z,102.94396607,False
2026-01-05T20:23:00Z,102.84670194,False
2026-01-05T20:24:00Z,103.40737519,False
2026-01-05T20:25:00Z,104.08980603,False
2026-01-05T20:26:00Z,103.01083135,False
2026-01-05T20:27:00Z,103.17873852,False
2026-01-05T20:28:00Z,102.53534411,False
2026-01-05T20:29:00Z,102.97866092,False
2026-01-05T20:30:00Z,104.92446657,False
2026-01-05T20:31:00Z,102.76982231,False
2026-01-05T20:32:00Z,105.58906787,False
2026-01-05T20:33:00Z,103.02436472,False
2026-01-05T20:34:00Z,102.25445653,False
2026-01-05T20:35:00Z,103.13654928,False
2026-01-05T20:36:00Z,103.32111615,False
2026-01-05T20:37:00Z,102.68667870,False
2026-01-05T20:38:00Z,104.59151582,False
2026-01-05T20:39:00Z,104.09333238,False
2026-01-05T20:40:00Z,102.24560292,False
2026-01-05T20:41:00Z,104.12307349,False
2026-01-05T20:42:00Z,103.12643183,False
2026-01-05T20:43:00Z,102.47690620,False
2026-01-05T20:44:00Z,104.31400622,False
2026-01-05T20:45:00Z,102.29652255,False
2026-01-05T20:46:00Z,104.23360822,False
2026-01-05T20:47:00Z,103.05661527,False
2026-01-05T20:48:00Z,105.13345042,False
2026-01-05T20:49:00Z,103.81823715,False
2026-01-05T20:50:00Z,102.08980971,False
2026-01-05T20:51:00Z,103.68243490,False
2026-01-05T20:52:00Z,102.39280540,False
2026-01-05T20:53:00Z,103.26819712,False
2026-01-05T20:54:00Z,103.07083923,False
2026-01-05T20:55:00Z,104.42894988,False
2026-01-05T20:56:00Z,103.01139782,False
2026-01-05T20:57:00Z,104.83786683,False
2026-01-05T20:58:00Z,102.78085834,False
2026-01-05T20:59:00Z,105.47483965,False
2026-01-05T21:00:00Z,103.06957625,False
2026-01-05T21:01:00Z,104.43401170,False
2026-01-05T21:02:00Z,104.95587876,False
2026-01-05T21:03:00Z,103.50472754,False
2026-01-05T21:04:00Z,103.77130092,False
2026-01-05T21:05:00Z,103.22417489,False
2026-01-05T21:06:00Z,101.66355788,False
2026-01-05T21:07:00Z,103.18284957,False
2026-01-05T21:08:00Z,102.68176443,False
2026-01-05T21:09:00Z,103.19445557,False
2026-01-05T21:10:00Z,104.18601732,False
2026-01-05T21:11:00Z,104.67692649,False
2026-01-05T21:12:00Z,102.65848493,False
2026-01-05T21:13:00Z,104.16968270,False
2026-01-05T21:14:00Z,105.78765339,False
2026-01-05T21:15:00Z,102.97648404,False
2026-01-05T21:16:00Z,102.97318481,False
2026-01-05T21:17:00Z,105.30212012,False
2026-01-05T21:18:00Z,103.52665095,False
2026-01-05T21:19:00Z,103.74682306,False
2026-01-05T21:20:00Z,103.52454406,False
2026-01-05T21:21:00Z,102.99952756,False
2026-01-05T21:22:00Z,105.05456229,False
2026-01-05T21:23:00Z,103.07169093,False
2026-01-05T21:24:00Z,103.09659516,False
2026-01-05T21:25:00Z,102.30140447,False
2026-01-05T21:26:00Z,102.92907348,False
2026-01-05T21:27:00Z,102.03549425,False
2026-01-05T21:28:00Z,105.65814450,False
2026-01-05T21:29:00Z,103.87064985,False
2026-01-05T21:30:00Z,103.94228142,False
2026-01-05T21:31:00Z,104.47787770,False
2026-01-05T21:32:00Z,103.42241848,False
2026-01-05T21:33:00Z,103.67755772,False
2026-01-05T21:34:00Z,102.13518198,False
2026-01-05T21:35:00Z,104.87871664,False
2026-01-05T21:36:00Z,103.27827996,False
2026-01-05T21:37:00Z,102.92277304,False
2026-01-05T21:38:00Z,103.07952934,False
2026-01-05T21:39:00Z,104.48635410,False
2026-01-05T21:40:00Z,103.26139818,False
2026-01-05T21:41:00Z,104.67460746,False
2026-01-05T21:42:00Z,103.76004091,False
2026-01-05T21:43:00Z,103.63749375,False
2026-01-05T21:44:00Z,102.71585739,False
2026-01-05T21:45:00Z,104.82777589,False
2026-01-05T21:46:00Z,103.01137155,False
2026-01-05T21:47:00Z,103.82421197,False
2026-01-05T21:48:00Z,104.09643633,False
2026-01-05T21:49:00Z,100.96534866,False
2026-01-05T21:50:00Z,103.45501086,False
2026-01-05T21:51:00Z,102.37958408,False
2026-01-05T21:52:00Z,101.68848546,False
2026-01-05T21:53:00Z,103.20455203,False
2026-01-05T21:54:00Z,103.66155092,False
2026-01-05T21:55:00Z,101.67771837,False
2026-01-05T21:56:00Z,102.18241253,False
2026-01-05T21:57:00Z,101.24691968,False
2026-01-05T21:58:00Z,105.62515978,False
2026-01-05T21:59:00Z,101.94513364,False
2026-01-05T22:00:00Z,102.54854852,False
2026-01-05T22:01:00Z,103.15245270,False
2026-01-05T22:02:00Z,102.18150516,False
2026-01-05T22:03:00Z,102.35380947,False
2026-01-05T22:04:00Z,102.92996920,False
2026-01-05T22:05:00Z,102.37125424,False
2026-01-05T22:06:00Z,103.58626882,False
2026-01-05T22:07:00Z,102.59624694,False
2026-01-05T22:08:00Z,104.66945421,False
2026-01-05T22:09:00Z,105.14416020,False
2026-01-05T22:10:00Z,103.28298750,False
2026-01-05T22:11:00Z,102.60827475,False
2026-01-05T22:12:00Z,102.39202050,False
2026-01-05T22:13:00Z,103.52958355,False
2026-01-05T22:14:00Z,105.10934250,False
2026-01-05T22:15:00Z,104.59987901,False
2026-01-05T22:16:00Z,103.11736935,False
2026-01-05T22:17:00Z,102.93501405,False
2026-01-05T22:18:00Z,103.70316486,False
2026-01-05T22:19:00Z,103.03535422,False
2026-01-05T22:20:00Z,106.47607461,False
2026-01-05T22:21:00Z,102.77612653,False
2026-01-05T22:22:00Z,103.23442641,False
2026-01-05T22:23:00Z,104.41135605,False
2026-01-05T22:24:00Z,105.92699166,False
2026-01-05T22:25:00Z,103.94392262,False
2026-01-05T22:26:00Z,102.14886541,False
2026-01-05T22:27:00Z,104.01630056,False
2026-01-05T22:28:00Z,103.89606608,False
2026-01-05T22:29:00Z,103.03208589,False
2026-01-05T22:30:00Z,102.00694508,False
2026-01-05T22:31:00Z,101.71515236,False
2026-01-05T22:32:00Z,101.96247987,False
2026-01-05T22:33:00Z,103.97352127,False
2026-01-05T22:34:00Z,104.09625579,False
2026-01-05T22:35:00Z,103.73301712,False
2026-01-05T22:36:00Z,102.84716403,False
2026-01-05T22:37:00Z,103.30142847,False
2026-01-05T22:38:00Z,104.25231151,False
2026-01-05T22:39:00Z,103.69222502,False
2026-01-05T22:40:00Z,103.24599890,False
2026-01-05T22:41:00Z,102.87485880,False
2026-01-05T22:42:00Z,102.96945347,False
2026-01-05T22:43:00Z,103.46311516,False
2026-01-05T22:44:00Z,104.46232736,False
2026-01-05T22:45:00Z,102.56573300,False
2026-01-05T22:46:00Z,105.43683922,False
2026-01-05T22:47:00Z,104.56535799,False
2026-01-05T22:48:00Z,101.44746512,False
2026-01-05T22:49:00Z,103.88225588,False
2026-01-05T22:50:00Z,104.24370257,False
2026-01-05T22:51:00Z,101.95445800,False
2026-01-05T22:52:00Z,104.88784548,False
2026-01-05T22:53:00Z,103.72824850,False
2026-01-05T22:54:00Z,101.66443575,False
2026-01-05T22:55:00Z,105.13666531,False
2026-01-05T22:56:00Z,102.09617120,False
2026-01-05T22:57:00Z,102.93434613,False
2026-01-05T22:58:00Z,103.79988408,False
2026-01-05T22:59:00Z,101.49457908,False
2026-01-05T23:00:00Z,104.13460118,False
2026-01-05T23:01:00Z,104.40643702,False
2026-01-05T23:02:00Z,101.14787867,False
2026-01-05T23:03:00Z,104.67869365,False
2026-01-05T23:04:00Z,103.82927717,False
2026-01-05T23:05:00Z,104.85419552,False
2026-01-05T23:06:00Z,104.48655606,False
2026-01-05T23:07:00Z,103.68154966,False
2026-01-05T23:08:00Z,102.33332064,False
2026-01-05T23:09:00Z,102.92857753,False
2026-01-05T23:10:00Z,103.93106168,False
2026-01-05T23:11:00Z,102.63109189,False
2026-01-05T23:12:00Z,105.48396284,False
2026-01-05T23:13:00Z,101.09084464,False
2026-01-05T23:14:00Z,102.58272002,False
2026-01-05T23:15:00Z,102.95462816,False
2026-01-05T23:16:00Z,102.73210266,False
2026-01-05T23:17:00Z,102.80390151,False
2026-01-05T23:18:00Z,103.14565050,False
2026-01-05T23:19:00Z,103.01146825,False
2026-01-05T23:20:00Z,101.31859675,False
2026-01-05T23:21:00Z,103.58106528,False
2026-01-05T23:22:00Z,105.49912675,False
2026-01-05T23:23:00Z,101.59646689,False
2026-01-05T23:24:00Z,102.80455394,False
2026-01-05T23:25:00Z,104.13631004,False
2026-01-05T23:26:00Z,105.02552618,False
2026-01-05T23:27:00Z,102.85708237,False
2026-01-05T23:28:00Z,103.44957712,False
2026-01-05T23:29:00Z,104.58802224,False
2026-01-05T23:30:00Z,104.04512239,False
2026-01-05T23:31:00Z,103.24338617,False
2026-01-05T23:32:00Z,102.93624024,False
2026-01-05T23:33:00Z,104.99116541,False
2026-01-05T23:34:00Z,102.63153533,False
2026-01-05T23:35:00Z,103.83382261,False
2026-01-05T23:36:00Z,104.93018531,False
2026-01-05T23:37:00Z,104.56904404,False
2026-01-05T23:38:00Z,101.22487916,False
2026-01-05T23:39:00Z,102.55441393,False
2026-01-05T23:40:00Z,105.91797163,False
2026-01-05T23:41:00Z,103.31950465,False
2026-01-05T23:42:00Z,102.23215667,False
2026-01-05T23:43:00Z,101.66488524,False
2026-01-05T23:44:00Z,104.39310519,False
2026-01-05T23:45:00Z,103.50848114,False
2026-01-05T23:46:00Z,104.12334082,False
2026-01-05T23:47:00Z,103.12211147,False
2026-01-05T23:48:00Z,103.97895963,False
2026-01-05T23:49:00Z,102.40398076,False
2026-01-05T23:50:00Z,101.17308330,False
2026-01-05T23:51:00Z,104.60056157,False
2026-01-05T23:52:00Z,104.45850971,False
2026-01-05T23:53:00Z,104.03463620,False
2026-01-05T23:54:00Z,102.63508599,False
2026-01-05T23:55:00Z,102.87805791,False
2026-01-05T23:56:00Z,103.38468322,False
2026-01-05T23:57:00Z,102.71860540,False
2026-01-05T23:58:00Z,102.71086579,False
2026-01-05T23:59:00Z,102.87989709,False
2026-01-06T00:00:00Z,101.77922055,False
2026-01-06T00:01:00Z,103.18164550,False
2026-01-06T00:02:00Z,103.77516836,False
2026-01-06T00:03:00Z,104.08086337,False
2026-01-06T00:04:00Z,104.36472464,False
2026-01-06T00:05:00Z,102.35769796,False
2026-01-06T00:06:00Z,104.75054977,False
2026-01-06T00:07:00Z,103.39583671,False
2026-01-06T00:08:00Z,102.70895675,False
2026-01-06T00:09:00Z,102.51965286,False
2026-01-06T00:10:00Z,104.05901349,False
2026-01-06T00:11:00Z,105.13978162,False
2026-01-06T00:12:00Z,102.59955737,False
2026-01-06T00:13:00Z,103.83334494,False
2026-01-06T00:14:00Z,103.98227988,False
2026-01-06T00:15:00Z,104.00108935,False
2026-01-06T00:16:00Z,104.72831669,False
2026-01-06T00:17:00Z,103.58570384,False
2026-01-06T00:18:00Z,102.70542544,False
2026-01-06T00:19:00Z,104.88483555,False
2026-01-06T00:20:00Z,102.81559003,False
2026-01-06T00:21:00Z,102.53043263,False
2026-01-06T00:22:00Z,104.04640028,False
2026-01-06T00:23:00Z,102.53281835,False
2026-01-06T00:24:00Z,102.97450774,False
2026-01-06T00:25:00Z,101.62392588,False
2026-01-06T00:26:00Z,102.40826885,False
2026-01-06T00:27:00Z,103.68637003,False
2026-01-06T00:28:00Z,103.66047669,False
2026-01-06T00:29:00Z,103.15105368,False
2026-01-06T00:30:00Z,103.94879777,False
2026-01-06T00:31:00Z,102.15826862,False
2026-01-06T00:32:00Z,103.42531944,False
2026-01-06T00:33:00Z,103.67599141,False
2026-01-06T00:34:00Z,103.57430700,False
2026-01-06T00:35:00Z,101.61938051,False
2026-01-06T00:36:00Z,102.98299594,False
2026-01-06T00:37:00Z,104.91451854,False
2026-01-06T00:38:00Z,105.14785869,False
2026-01-06T00:39:00Z,103.02144956,False
2026-01-06T00:40:00Z,104.07934903,False
2026-01-06T00:41:00Z,103.39334862,False
2026-01-06T00:42:00Z,104.09691511,False
2026-01-06T00:43:00Z,103.52647620,False
2026-01-06T00:44:00Z,105.06612477,False
2026-01-06T00:45:00Z,102.55466584,False
2026-01-06T00:46:00Z,103.93181474,False
2026-01-06T00:47:00Z,103.68957103,False
2026-01-06T00:48:00Z,103.35910950,False
2026-01-06T00:49:00Z,104.53741478,False
2026-01-06T00:50:00Z,105.03098208,False
2026-01-06T00:51:00Z,104.16200793,False
2026-01-06T00:52:00Z,102.84174299,False
2026-01-06T00:53:00Z,103.25748634,False
2026-01-06T00:54:00Z,102.39372478,False
2026-01-06T00:55:00Z,102.40917026,False
2026-01-06T00:56:00Z,104.81900732,False
2026-01-06T00:57:00Z,104.09370467,False
2026-01-06T00:58:00Z,103.93207905,False
2026-01-06T00:59:00Z,102.99917736,False
2026-01-06T01:00:00Z,104.40440366,False
2026-01-06T01:01:00Z,101.71295914,False
2026-01-06T01:02:00Z,103.29313528,False
2026-01-06T01:03:00Z,101.45873056,False
2026-01-06T01:04:00Z,102.85036472,False
2026-01-06T01:05:00Z,102.14945360,False
2026-01-06T01:06:00Z,103.02505626,False
2026-01-06T01:07:00Z,104.16854994,False
2026-01-06T01:08:00Z,103.82834206,False
2026-01-06T01:09:00Z,105.09521269,False
2026-01-06T01:10:00Z,103.41575170,False
2026-01-06T01:11:00Z,103.03524285,False
2026-01-06T01:12:00Z,103.45171190,False
2026-01-06T01:13:00Z,102.18317085,False
2026-01-06T01:14:00Z,104.01920605,False
2026-01-06T01:15:00Z,104.06870062,False
2026-01-06T01:16:00Z,104.32539059,False
2026-01-06T01:17:00Z,102.99263124,False
2026-01-06T01:18:00Z,102.63739217,False
2026-01-06T01:19:00Z,103.95388686,False
2026-01-06T01:20:00Z,104.38593411,False
2026-01-06T01:21:00Z,104.49746638,False
2026-01-06T01:22:00Z,104.97230226,False
2026-01-06T01:23:00Z,102.81149941,False
2026-01-06T01:24:00Z,104.32714196,False
2026-01-06T01:25:00Z,102.35501709,False
2026-01-06T01:26:00Z,103.92738182,False
2026-01-06T01:27:00Z,103.60231499,False
2026-01-06T01:28:00Z,102.72326495,False
2026-01-06T01:29:00Z,103.25215529,False
2026-01-06T01:30:00Z,103.22393999,False
2026-01-06T01:31:00Z,103.28951691,False
2026-01-06T01:32:00Z,104.13806578,False
2026-01-06T01:33:00Z,105.00400163,False
2026-01-06T01:34:00Z,103.93456363,False
2026-01-06T01:35:00Z,103.56773715,False
2026-01-06T01:36:00Z,102.81750644,False
2026-01-06T01:37:00Z,102.89890895,False
2026-01-06T01:38:00Z,103.55000705,False
2026-01-06T01:39:00Z,105.17052902,False
2026-01-06T01:40:00Z,103.88405404,False
2026-01-06T01:41:00Z,102.63544783,False
2026-01-06T01:42:00Z,105.27735057,False
2026-01-06T01:43:00Z,104.53855065,False
2026-01-06T01:44:00Z,102.95404779,False
2026-01-06T01:45:00Z,101.83789911,False
2026-01-06T01:46:00Z,103.26524429,False
2026-01-06T01:47:00Z,103.61469397,False
2026-01-06T01:48:00Z,102.75475145,False
2026-01-06T01:49:00Z,102.91899150,False
2026-01-06T01:50:00Z,102.85491757,False
2026-01-06T01:51:00Z,102.95777095,False
2026-01-06T01:52:00Z,102.95728455,False
2026-01-06T01:53:00Z,103.31183746,False
2026-01-06T01:54:00Z,101.30137838,False
2026-01-06T01:55:00Z,104.32529961,False
2026-01-06T01:56:00Z,102.03536519,False
2026-01-06T01:57:00Z,105.30800536,False
2026-01-06T01:58:00Z,103.98301529,False
2026-01-06T01:59:00Z,104.73448716,False
2026-01-06T02:00:00Z,103.04511440,False
2026-01-06T02:01:00Z,103.70921232,False
2026-01-06T02:02:00Z,103.73992652,False
2026-01-06T02:03:00Z,102.03708489,False
2026-01-06T02:04:00Z,103.18091221,False
2026-01-06T02:05:00Z,101.52519424,False
2026-01-06T02:06:00Z,103.70646521,False
2026-01-06T02:07:00Z,103.56430138,False
2026-01-06T02:08:00Z,103.41886435,False
2026-01-06T02:09:00Z,101.67906110,False
2026-01-06T02:10:00Z,104.01074800,False
2026-01-06T02:11:00Z,104.23932701,False
2026-01-06T02:12:00Z,103.11708278,False
2026-01-06T02:13:00Z,102.78674316,False
2026-01-06T02:14:00Z,102.63845944,False
2026-01-06T02:15:00Z,103.08816117,False
2026-01-06T02:16:00Z,103.81787323,False
2026-01-06T02:17:00Z,102.73763147,False
2026-01-06T02:18:00Z,102.10319026,False
2026-01-06T02:19:00Z,104.55037600,False
2026-01-06T02:20:00Z,102.76549523,False
2026-01-06T02:21:00Z,101.97359725,False
2026-01-06T02:22:00Z,103.59182809,False
2026-01-06T02:23:00Z,104.28916071,False
2026-01-06T02:24:00Z,103.27104098,False
2026-01-06T02:25:00Z,101.03770471,False
2026-01-06T02:26:00Z,103.29986488,False
2026-01-06T02:27:00Z,103.66502437,False
2026-01-06T02:28:00Z,103.03888459,False
2026-01-06T02:29:00Z,102.63972644,False
2026-01-06T02:30:00Z,104.06134466,False
2026-01-06T02:31:00Z,102.31318465,False
2026-01-06T02:32:00Z,102.16205671,False
2026-01-06T02:33:00Z,102.00133875,False
2026-01-06T02:34:00Z,103.26426184,False
2026-01-06T02:35:00Z,103.53408740,False
2026-01-06T02:36:00Z,103.70325708,False
2026-01-06T02:37:00Z,102.62194975,False
2026-01-06T02:38:00Z,103.20675564,False
2026-01-06T02:39:00Z,103.59611964,False
2026-01-06T02:40:00Z,104.39679421,False
2026-01-06T02:41:00Z,105.05578110,False
2026-01-06T02:42:00Z,102.26010666,False
2026-01-06T02:43:00Z,104.49895697,False
2026-01-06T02:44:00Z,101.32188327,False
2026-01-06T02:45:00Z,102.74414810,False
2026-01-06T02:46:00Z,102.43196485,False
2026-01-06T02:47:00Z,102.09849763,False
2026-01-06T02:48:00Z,102.49901395,False
2026-01-06T02:49:00Z,104.90992049,False
2026-01-06T02:50:00Z,103.96360366,False
2026-01-06T02:51:00Z,103.65241760,False
2026-01-06T02:52:00Z,103.33376315,False
2026-01-06T02:53:00Z,103.32488417,False
2026-01-06T02:54:00Z,104.35207468,False
2026-01-06T02:55:00Z,104.24308461,False
2026-01-06T02:56:00Z,102.81633713,False
2026-01-06T02:57:00Z,104.34135916,False
2026-01-06T02:58:00Z,103.12011036,False
2026-01-06T02:59:00Z,103.56365527,False
2026-01-06T03:00:00Z,102.19102435,False
2026-01-06T03:01:00Z,102.42893705,False
2026-01-06T03:02:00Z,103.32801510,False
2026-01-06T03:03:00Z,103.28735633,False
2026-01-06T03:04:00Z,103.82361163,False
2026-01-06T03:05:00Z,103.07404441,False
2026-01-06T03:06:00Z,101.86761872,False
2026-01-06T03:07:00Z,103.67979001,False
2026-01-06T03:08:00Z,103.00741254,False
2026-01-06T03:09:00Z,103.15569708,False
2026-01-06T03:10:00Z,101.55894293,False
2026-01-06T03:11:00Z,102.92247967,False
2026-01-06T03:12:00Z,103.01233572,False
2026-01-06T03:13:00Z,104.57922853,False
2026-01-06T03:14:00Z,101.48013813,False
2026-01-06T03:15:00Z,103.18373508,False
2026-01-06T03:16:00Z,103.77943638,False
2026-01-06T03:17:00Z,103.62979338,False
2026-01-06T03:18:00Z,103.21286740,False
2026-01-06T03:19:00Z,103.86015439,False
2026-01-06T03:20:00Z,104.12773703,False
2026-01-06T03:21:00Z,102.64815764,False
2026-01-06T03:22:00Z,101.92414658,False
2026-01-06T03:23:00Z,103.76939918,False
2026-01-06T03:24:00Z,103.30460440,False
2026-01-06T03:25:00Z,103.21555019,False
2026-01-06T03:26:00Z,101.87430274,False
2026-01-06T03:27:00Z,104.06550669,False
2026-01-06T03:28:00Z,104.22743706,False
2026-01-06T03:29:00Z,103.56672136,False
2026-01-06T03:30:00Z,103.64465417,False
2026-01-06T03:31:00Z,100.71583320,False
2026-01-06T03:32:00Z,103.35521705,False
2026-01-06T03:33:00Z,103.44193885,False
2026-01-06T03:34:00Z,101.13420314,False
2026-01-06T03:35:00Z,102.20487192,False
2026-01-06T03:36:00Z,104.38304413,False
2026-01-06T03:37:00Z,102.71935300,False
2026-01-06T03:38:00Z,103.91825698,False
2026-01-06T03:39:00Z,102.01356651,False
2026-01-06T03:40:00Z,103.21870911,False
2026-01-06T03:41:00Z,105.54083520,False
2026-01-06T03:42:00Z,104.13708202,False
2026-01-06T03:43:00Z,100.43529161,False
2026-01-06T03:44:00Z,103.18809517,False
2026-01-06T03:45:00Z,101.92614396,False
2026-01-06T03:46:00Z,103.31423868,False
2026-01-06T03:47:00Z,105.03707282,False
2026-01-06T03:48:00Z,101.75183280,False
2026-01-06T03:49:00Z,102.16126131,False
2026-01-06T03:50:00Z,103.36353097,False
2026-01-06T03:51:00Z,102.67261181,False
2026-01-06T03:52:00Z,100.93099630,False
2026-01-06T03:53:00Z,102.13663703,False
2026-01-06T03:54:00Z,101.30606486,False
2026-01-06T03:55:00Z,104.08851558,False
2026-01-06T03:56:00Z,103.94231456,False
2026-01-06T03:57:00Z,103.60960435,False
2026-01-06T03:58:00Z,103.91848683,False
2026-01-06T03:59:00Z,102.54949974,False
2026-01-06T04:00:00Z,101.98385256,False
2026-01-06T04:01:00Z,102.73312198,False
2026-01-06T04:02:00Z,103.78743263,False
2026-01-06T04:03:00Z,102.95158386,False
2026-01-06T04:04:00Z,102.57279535,False
2026-01-06T04:05:00Z,104.03244398,False
2026-01-06T04:06:00Z,101.95748130,False
2026-01-06T04:07:00Z,102.98401119,False
2026-01-06T04:08:00Z,101.76051545,False
2026-01-06T04:09:00Z,102.23970260,False
2026-01-06T04:10:00Z,102.76975378,False
2026-01-06T04:11:00Z,102.11768378,False
2026-01-06T04:12:00Z,102.69283251,False
2026-01-06T04:13:00Z,102.37165912,False
2026-01-06T04:14:00Z,102.78996046,False
2026-01-06T04:15:00Z,102.78998541,False
2026-01-06T04:16:00Z,103.86412023,False
2026-01-06T04:17:00Z,102.90085840,False
2026-01-06T04:18:00Z,103.52107337,False
2026-01-06T04:19:00Z,102.15254164,False
2026-01-06T04:20:00Z,101.31660533,False
2026-01-06T04:21:00Z,102.08031662,False
2026-01-06T04:22:00Z,101.30562954,False
2026-01-06T04:23:00Z,104.10548447,False
2026-01-06T04:24:00Z,101.80088958,False
2026-01-06T04:25:00Z,102.43633706,False
2026-01-06T04:26:00Z,104.02623293,False
2026-01-06T04:27:00Z,101.31924021,False
2026-01-06T04:28:00Z,101.77891895,False
2026-01-06T04:29:00Z,101.29880175,False
2026-01-06T04:30:00Z,103.25561830,False
2026-01-06T04:31:00Z,101.02408964,False
2026-01-06T04:32:00Z,103.35700179,False
2026-01-06T04:33:00Z,103.17199329,False
2026-01-06T04:34:00Z,103.80547907,False
2026-01-06T04:35:00Z,101.94535183,False
2026-01-06T04:36:00Z,101.94926425,False
2026-01-06T04:37:00Z,102.94326982,False
2026-01-06T04:38:00Z,102.66836630,False
2026-01-06T04:39:00Z,104.03036234,False
2026-01-06T04:40:00Z,103.24510990,False
2026-01-06T04:41:00Z,103.54304506,False
2026-01-06T04:42:00Z,103.33650651,False
2026-01-06T04:43:00Z,102.39452370,False
2026-01-06T04:44:00Z,103.05995748,False
2026-01-06T04:45:00Z,103.13295347,False
2026-01-06T04:46:00Z,102.54647407,False
2026-01-06T04:47:00Z,100.84128086,False
2026-01-06T04:48:00Z,103.64060824,False
2026-01-06T04:49:00Z,103.15536331,False
2026-01-06T04:50:00Z,102.12985906,False
2026-01-06T04:51:00Z,105.35945307,False
2026-01-06T04:52:00Z,101.72390117,False
2026-01-06T04:53:00Z,103.41571115,False
2026-01-06T04:54:00Z,100.21449218,False
2026-01-06T04:55:00Z,103.40770610,False
2026-01-06T04:56:00Z,102.19116104,False
2026-01-06T04:57:00Z,100.43631915,False
2026-01-06T04:58:00Z,102.56243804,False
2026-01-06T04:59:00Z,102.81503397,False
2026-01-06T05:00:00Z,104.40687244,False
2026-01-06T05:01:00Z,102.24982754,False
2026-01-06T05:02:00Z,102.04354921,False
2026-01-06T05:03:00Z,102.43148131,False
2026-01-06T05:04:00Z,101.73877702,False
2026-01-06T05:05:00Z,101.94653383,False
2026-01-06T05:06:00Z,103.14778124,False
2026-01-06T05:07:00Z,102.18561515,False
2026-01-06T05:08:00Z,101.07278870,False
2026-01-06T05:09:00Z,101.90812437,False
2026-01-06T05:10:00Z,103.44231341,False
2026-01-06T05:11:00Z,103.51068669,False
2026-01-06T05:12:00Z,101.77916576,False
2026-01-06T05:13:00Z,103.00332113,False
2026-01-06T05:14:00Z,101.88513692,False
2026-01-06T05:15:00Z,100.99174758,False
2026-01-06T05:16:00Z,103.46717001,False
2026-01-06T05:17:00Z,103.46596091,False
2026-01-06T05:18:00Z,103.76526601,False
2026-01-06T05:19:00Z,102.66295388,False
2026-01-06T05:20:00Z,101.45511003,False
2026-01-06T05:21:00Z,101.62691305,False
2026-01-06T05:22:00Z,105.26097932,False
2026-01-06T05:23:00Z,102.04060568,False
2026-01-06T05:24:00Z,102.30548129,False
2026-01-06T05:25:00Z,102.26357544,False
2026-01-06T05:26:00Z,101.64989111,False
2026-01-06T05:27:00Z,101.13705803,False
2026-01-06T05:28:00Z,102.35436973,False
2026-01-06T05:29:00Z,102.62333702,False
2026-01-06T05:30:00Z,102.20545391,False
2026-01-06T05:31:00Z,101.37728721,False
2026-01-06T05:32:00Z,101.82544241,False
2026-01-06T05:33:00Z,106.63666760,False
2026-01-06T05:34:00Z,103.07157611,False
2026-01-06T05:35:00Z,104.18886515,False
2026-01-06T05:36:00Z,103.27502106,False
2026-01-06T05:37:00Z,102.85637481,False
2026-01-06T05:38:00Z,101.57630598,False
2026-01-06T05:39:00Z,101.75406684,False
2026-01-06T05:40:00Z,102.14281299,False
2026-01-06T05:41:00Z,103.34174062,False
2026-01-06T05:42:00Z,102.78397113,False
2026-01-06T05:43:00Z,102.39388023,False
2026-01-06T05:44:00Z,102.65978116,False
2026-01-06T05:45:00Z,101.90821925,False
2026-01-06T05:46:00Z,102.04775264,False
2026-01-06T05:47:00Z,103.52336310,False
2026-01-06T05:48:00Z,103.21982367,False
2026-01-06T05:49:00Z,100.92834007,False
2026-01-06T05:50:00Z,103.78786364,False
2026-01-06T05:51:00Z,101.84624819,False
2026-01-06T05:52:00Z,103.55707922,False
2026-01-06T05:53:00Z,101.77924906,False
2026-01-06T05:54:00Z,100.85255434,False
2026-01-06T05:55:00Z,100.99773351,False
2026-01-06T05:56:00Z,100.34761408,False
2026-01-06T05:57:00Z,101.80419696,False
2026-01-06T05:58:00Z,102.27481809,False
2026-01-06T05:59:00Z,102.08525679,False
2026-01-06T06:00:00Z,101.63180945,False
2026-01-06T06:01:00Z,101.45976742,False
2026-01-06T06:02:00Z,100.37361902,False
2026-01-06T06:03:00Z,101.98931277,False
2026-01-06T06:04:00Z,102.83400747,False
2026-01-06T06:05:00Z,100.76307103,False
2026-01-06T06:06:00Z,102.93026501,False
2026-01-06T06:07:00Z,101.89268466,False
2026-01-06T06:08:00Z,102.46023635,False
2026-01-06T06:09:00Z,102.13033682,False
2026-01-06T06:10:00Z,101.69486183,False
2026-01-06T06:11:00Z,101.63395320,False
2026-01-06T06:12:00Z,102.43704742,False
2026-01-06T06:13:00Z,102.02600703,False
2026-01-06T06:14:00Z,102.85070743,False
2026-01-06T06:15:00Z,102.20118957,False
2026-01-06T06:16:00Z,102.78342552,False
2026-01-06T06:17:00Z,101.59912875,False
2026-01-06T06:18:00Z,102.00199431,False
2026-01-06T06:19:00Z,100.80218493,False
2026-01-06T06:20:00Z,103.74923253,False
2026-01-06T06:21:00Z,101.60138122,False
2026-01-06T06:22:00Z,101.03590501,False
2026-01-06T06:23:00Z,101.98149920,False
2026-01-06T06:24:00Z,102.03698059,False
2026-01-06T06:25:00Z,101.58461779,False
2026-01-06T06:26:00Z,102.11582795,False
2026-01-06T06:27:00Z,103.50486913,False
2026-01-06T06:28:00Z,102.02240368,False
2026-01-06T06:29:00Z,102.16859458,False
2026-01-06T06:30:00Z,101.92099853,False
2026-01-06T06:31:00Z,102.09910816,False
2026-01-06T06:32:00Z,101.07364668,False
2026-01-06T06:33:00Z,103.34703284,False
2026-01-06T06:34:00Z,101.90042089,False
2026-01-06T06:35:00Z,102.33852793,False
2026-01-06T06:36:00Z,102.66935321,False
2026-01-06T06:37:00Z,100.83603871,False
2026-01-06T06:38:00Z,101.19554073,False
2026-01-06T06:39:00Z,103.35280768,False
2026-01-06T06:40:00Z,101.74031797,False
2026-01-06T06:41:00Z,103.43471919,False
2026-01-06T06:42:00Z,101.94890442,False
2026-01-06T06:43:00Z,101.67208192,False
2026-01-06T06:44:00Z,102.87969000,False
2026-01-06T06:45:00Z,102.87043829,False
2026-01-06T06:46:00Z,100.06989178,False
2026-01-06T06:47:00Z,102.00569076,False
2026-01-06T06:48:00Z,103.19321710,False
2026-01-06T06:49:00Z,102.81841463,False
2026-01-06T06:50:00Z,100.97046630,False
2026-01-06T06:51:00Z,101.74037148,False
2026-01-06T06:52:00Z,100.83904890,False
2026-01-06T06:53:00Z,102.27392884,False
2026-01-06T06:54:00Z,101.72530096,False
2026-01-06T06:55:00Z,100.63990386,False
2026-01-06T06:56:00Z,102.67367522,False
2026-01-06T06:57:00Z,103.29194992,False
2026-01-06T06:58:00Z,102.22716665,False
2026-01-06T06:59:00Z,102.07077878,False
2026-01-06T07:00:00Z,103.20471228,False
2026-01-06T07:01:00Z,102.10595140,False
2026-01-06T07:02:00Z,103.02065214,False
2026-01-06T07:03:00Z,101.67052381,False
2026-01-06T07:04:00Z,103.21697016,False
2026-01-06T07:05:00Z,102.27942053,False
2026-01-06T07:06:00Z,100.80655845,False
2026-01-06T07:07:00Z,101.90168209,False
2026-01-06T07:08:00Z,101.66893874,False
2026-01-06T07:09:00Z,101.98175867,False
2026-01-06T07:10:00Z,100.86266408,False
2026-01-06T07:11:00Z,100.95406749,False
2026-01-06T07:12:00Z,102.32784037,False
2026-01-06T07:13:00Z,100.70014304,False
2026-01-06T07:14:00Z,102.18694397,False
2026-01-06T07:15:00Z,102.86527268,False
2026-01-06T07:16:00Z,102.07754391,False
2026-01-06T07:17:00Z,101.51137865,False
2026-01-06T07:18:00Z,100.57744178,False
2026-01-06T07:19:00Z,100.46028923,False
2026-01-06T07:20:00Z,100.84555862,False
2026-01-06T07:21:00Z,103.34457599,False
2026-01-06T07:22:00Z,101.71088344,False
2026-01-06T07:23:00Z,98.64613189,False
2026-01-06T07:24:00Z,101.11732125,False
2026-01-06T07:25:00Z,103.10362481,False
2026-01-06T07:26:00Z,101.68149645,False
2026-01-06T07:27:00Z,100.76412542,False
2026-01-06T07:28:00Z,101.68962127,False
2026-01-06T07:29:00Z,101.51678070,False
2026-01-06T07:30:00Z,102.33883310,False
2026-01-06T07:31:00Z,101.31158966,False
2026-01-06T07:32:00Z,102.38095727,False
2026-01-06T07:33:00Z,103.57704113,False
2026-01-06T07:34:00Z,100.51187095,False
2026-01-06T07:35:00Z,102.84443070,False
2026-01-06T07:36:00Z,102.83945775,False
2026-01-06T07:37:00Z,101.25890703,False
2026-01-06T07:38:00Z,103.08425118,False
2026-01-06T07:39:00Z,101.50686168,False
2026-01-06T07:40:00Z,101.64539425,False
2026-01-06T07:41:00Z,100.59028357,False
2026-01-06T07:42:00Z,103.72305558,False
2026-01-06T07:43:00Z,101.80690541,False
2026-01-06T07:44:00Z,100.54356747,False
2026-01-06T07:45:00Z,101.96676090,False
2026-01-06T07:46:00Z,101.32060192,False
2026-01-06T07:47:00Z,102.90568784,False
2026-01-06T07:48:00Z,101.01741457,False
2026-01-06T07:49:00Z,102.03873393,False
2026-01-06T07:50:00Z,101.35569537,False
2026-01-06T07:51:00Z,102.23718541,False
2026-01-06T07:52:00Z,100.90989321,False
2026-01-06T07:53:00Z,100.38478559,False
2026-01-06T07:54:00Z,99.12181165,False
2026-01-06T07:55:00Z,102.04129624,False
2026-01-06T07:56:00Z,100.81847314,False
2026-01-06T07:57:00Z,101.80530938,False
2026-01-06T07:58:00Z,101.30350875,False
2026-01-06T07:59:00Z,102.24112803,False
2026-01-06T08:00:00Z,99.74816912,False
2026-01-06T08:01:00Z,101.61852385,False
2026-01-06T08:02:00Z,103.10852778,False
2026-01-06T08:03:00Z,99.22764325,False
2026-01-06T08:04:00Z,99.13632410,False
2026-01-06T08:05:00Z,102.13312958,False
2026-01-06T08:06:00Z,101.63013036,False
2026-01-06T08:07:00Z,101.35950312,False
2026-01-06T08:08:00Z,102.13962932,False
2026-01-06T08:09:00Z,102.32195459,False
2026-01-06T08:10:00Z,100.23744023,False
2026-01-06T08:11:00Z,102.11045992,False
2026-01-06T08:12:00Z,99.97645745,False
2026-01-06T08:13:00Z,99.97135158,False
2026-01-06T08:14:00Z,102.04467929,False
2026-01-06T08:15:00Z,102.30130014,False
2026-01-06T08:16:00Z,102.03884352,False
2026-01-06T08:17:00Z,102.40168250,False
2026-01-06T08:18:00Z,100.01128503,False
2026-01-06T08:19:00Z,101.67889703,False
2026-01-06T08:20:00Z,102.37444518,False
2026-01-06T08:21:00Z,99.87445490,False
2026-01-06T08:22:00Z,101.45953185,False
2026-01-06T08:23:00Z,100.92773214,False
2026-01-06T08:24:00Z,101.55632680,False
2026-01-06T08:25:00Z,102.20213691,False
2026-01-06T08:26:00Z,101.62224636,False
2026-01-06T08:27:00Z,102.56849130,False
2026-01-06T08:28:00Z,99.95631692,False
2026-01-06T08:29:00Z,102.90133118,False
2026-01-06T08:30:00Z,101.82452708,False
2026-01-06T08:31:00Z,101.19440336,False
2026-01-06T08:32:00Z,103.06736227,False
2026-01-06T08:33:00Z,101.84441186,False
2026-01-06T08:34:00Z,102.38296220,False
2026-01-06T08:35:00Z,100.65030092,False
2026-01-06T08:36:00Z,100.34747939,False
2026-01-06T08:37:00Z,99.33335404,False
2026-01-06T08:38:00Z,99.47800990,False
2026-01-06T08:39:00Z,100.15332708,False
2026-01-06T08:40:00Z,101.94041462,False
2026-01-06T08:41:00Z,102.58556832,False
2026-01-06T08:42:00Z,101.73113088,False
2026-01-06T08:43:00Z,102.12992832,False
2026-01-06T08:44:00Z,99.98180439,False
2026-01-06T08:45:00Z,99.49912894,False
2026-01-06T08:46:00Z,101.34143629,False
2026-01-06T08:47:00Z,101.48881338,False
2026-01-06T08:48:00Z,100.53034261,False
2026-01-06T08:49:00Z,100.63445564,False
2026-01-06T08:50:00Z,103.40816805,False
2026-01-06T08:51:00Z,102.34783251,False
2026-01-06T08:52:00Z,100.48123673,False
2026-01-06T08:53:00Z,100.59091264,False
2026-01-06T08:54:00Z,100.95362084,False
2026-01-06T08:55:00Z,100.99462194,False
2026-01-06T08:56:00Z,100.42415260,False
2026-01-06T08:57:00Z,101.16447197,False
2026-01-06T08:58:00Z,100.29891671,False
2026-01-06T08:59:00Z,100.55620949,False
2026-01-06T09:00:00Z,100.35904058,False
2026-01-06T09:01:00Z,101.93998620,False
2026-01-06T09:02:00Z,99.52570867,False
2026-01-06T09:03:00Z,100.72739121,False
2026-01-06T09:04:00Z,100.79838536,False
2026-01-06T09:05:00Z,101.50936298,False
2026-01-06T09:06:00Z,102.61438327,False
2026-01-06T09:07:00Z,98.63673355,False
2026-01-06T09:08:00Z,99.83149071,False
2026-01-06T09:09:00Z,101.05158790,False
2026-01-06T09:10:00Z,101.34898284,False
2026-01-06T09:11:00Z,102.57526056,False
2026-01-06T09:12:00Z,102.19864805,False
2026-01-06T09:13:00Z,101.13910148,False
2026-01-06T09:14:00Z,99.65284801,False
2026-01-06T09:15:00Z,101.99969442,False
2026-01-06T09:16:00Z,101.77840175,False
2026-01-06T09:17:00Z,101.09866128,False
2026-01-06T09:18:00Z,101.90609252,False
2026-01-06T09:19:00Z,101.99143002,False
2026-01-06T09:20:00Z,100.20081085,False
2026-01-06T09:21:00Z,101.91550273,False
2026-01-06T09:22:00Z,99.29209415,False
2026-01-06T09:23:00Z,101.17644255,False
2026-01-06T09:24:00Z,101.30122077,False
2026-01-06T09:25:00Z,99.96857709,False
2026-01-06T09:26:00Z,101.02940527,False
2026-01-06T09:27:00Z,100.46946210,False
2026-01-06T09:28:00Z,102.48729488,False
2026-01-06T09:29:00Z,102.08547753,False
2026-01-06T09:30:00Z,100.55373336,False
2026-01-06T09:31:00Z,100.73359166,False
2026-01-06T09:32:00Z,103.40372150,False
2026-01-06T09:33:00Z,100.83758695,False
2026-01-06T09:34:00Z,101.14613027,False
2026-01-06T09:35:00Z,101.42671657,False
2026-01-06T09:36:00Z,100.33925601,False
2026-01-06T09:37:00Z,100.85473815,False
2026-01-06T09:38:00Z,102.12832130,False
2026-01-06T09:39:00Z,102.64009487,False
2026-01-06T09:40:00Z,103.15668556,False
2026-01-06T09:41:00Z,100.28803724,False
2026-01-06T09:42:00Z,100.77716305,False
2026-01-06T09:43:00Z,101.28785048,False
2026-01-06T09:44:00Z,100.40455480,False
2026-01-06T09:45:00Z,100.44442243,False
2026-01-06T09:46:00Z,102.37457975,False
2026-01-06T09:47:00Z,100.55507799,False
2026-01-06T09:48:00Z,100.02365122,False
2026-01-06T09:49:00Z,101.98922392,False
2026-01-06T09:50:00Z,99.63647064,False
2026-01-06T09:51:00Z,101.92537627,False
2026-01-06T09:52:00Z,102.26318852,False
2026-01-06T09:53:00Z,100.10272842,False
2026-01-06T09:54:00Z,100.98765465,False
2026-01-06T09:55:00Z,99.80485762,False
2026-01-06T09:56:00Z,101.23619099,False
2026-01-06T09:57:00Z,101.28090778,False
2026-01-06T09:58:00Z,99.42856080,False
2026-01-06T09:59:00Z,100.17971730,False
2026-01-06T10:00:00Z,100.02650266,False
2026-01-06T10:01:00Z,102.22712952,False
2026-01-06T10:02:00Z,100.81117649,False
2026-01-06T10:03:00Z,102.30346213,False
2026-01-06T10:04:00Z,101.16175124,False
2026-01-06T10:05:00Z,100.46213653,False
2026-01-06T10:06:00Z,100.62199213,False
2026-01-06T10:07:00Z,100.75013138,False
2026-01-06T10:08:00Z,99.29948624,False
2026-01-06T10:09:00Z,103.08734777,False
2026-01-06T10:10:00Z,102.20629065,False
2026-01-06T10:11:00Z,101.74839669,False
2026-01-06T10:12:00Z,99.93497551,False
2026-01-06T10:13:00Z,98.74451159,False
2026-01-06T10:14:00Z,100.73573286,False
2026-01-06T10:15:00Z,101.13791780,False
2026-01-06T10:16:00Z,101.46250629,False
2026-01-06T10:17:00Z,101.11740946,False
2026-01-06T10:18:00Z,100.01593218,False
2026-01-06T10:19:00Z,101.92692654,False
2026-01-06T10:20:00Z,100.08984405,False
2026-01-06T10:21:00Z,101.12236704,False
2026-01-06T10:22:00Z,101.01675891,False
2026-01-06T10:23:00Z,102.85337911,False
2026-01-06T10:24:00Z,101.92592961,False
2026-01-06T10:25:00Z,101.08311861,False
2026-01-06T10:26:00Z,99.47834721,False
2026-01-06T10:27:00Z,101.75730549,False
2026-01-06T10:28:00Z,100.98667038,False
2026-01-06T10:29:00Z,100.69872433,False
2026-01-06T10:30:00Z,101.73416880,False
2026-01-06T10:31:00Z,100.98973861,False
2026-01-06T10:32:00Z,101.42874523,False
2026-01-06T10:33:00Z,99.79436629,False
2026-01-06T10:34:00Z,101.72685390,False
2026-01-06T10:35:00Z,99.71328289,False
2026-01-06T10:36:00Z,99.80945118,False
2026-01-06T10:37:00Z,100.81162707,False
2026-01-06T10:38:00Z,100.76047067,False
2026-01-06T10:39:00Z,99.01357173,False
2026-01-06T10:40:00Z,100.59070552,False
2026-01-06T10:41:00Z,101.35976294,False
2026-01-06T10:42:00Z,101.88804775,False
2026-01-06T10:43:00Z,101.90635864,False
2026-01-06T10:44:00Z,100.67619613,False
2026-01-06T10:45:00Z,101.61824375,False
2026-01-06T10:46:00Z,100.83169624,False
2026-01-06T10:47:00Z,101.51066972,False
2026-01-06T10:48:00Z,99.81353377,False
2026-01-06T10:49:00Z,99.45854855,False
2026-01-06T10:50:00Z,100.72297783,False
2026-01-06T10:51:00Z,100.95434270,False
2026-01-06T10:52:00Z,100.22708983,False
2026-01-06T10:53:00Z,100.66712045,False
2026-01-06T10:54:00Z,98.85741204,False
2026-01-06T10:55:00Z,102.83472502,False
2026-01-06T10:56:00Z,101.57678190,False
2026-01-06T10:57:00Z,102.08155716,False
2026-01-06T10:58:00Z,100.81330680,False
2026-01-06T10:59:00Z,99.83245193,False
2026-01-06T11:00:00Z,101.26148238,False
2026-01-06T11:01:00Z,99.03079170,False
2026-01-06T11:02:00Z,99.69939957,False
2026-01-06T11:03:00Z,99.08967327,False
2026-01-06T11:04:00Z,101.94758217,False
2026-01-06T11:05:00Z,99.49962841,False
2026-01-06T11:06:00Z,101.26743626,False
2026-01-06T11:07:00Z,101.87389425,False
2026-01-06T11:08:00Z,99.28986844,False
2026-01-06T11:09:00Z,99.76750485,False
2026-01-06T11:10:00Z,99.53500665,False
2026-01-06T11:11:00Z,102.76098759,False
2026-01-06T11:12:00Z,99.94484040,False
2026-01-06T11:13:00Z,99.82967520,False
2026-01-06T11:14:00Z,101.04078611,False
2026-01-06T11:15:00Z,100.20587213,False
2026-01-06T11:16:00Z,100.43601385,False
2026-01-06T11:17:00Z,100.06651946,False
2026-01-06T11:18:00Z,100.10833548,False
2026-01-06T11:19:00Z,100.10325017,False
2026-01-06T11:20:00Z,98.82383149,False
2026-01-06T11:21:00Z,100.50333173,False
2026-01-06T11:22:00Z,100.33676455,False
2026-01-06T11:23:00Z,100.59552635,False
2026-01-06T11:24:00Z,100.45960131,False
2026-01-06T11:25:00Z,100.05019963,False
2026-01-06T11:26:00Z,99.69527378,False
2026-01-06T11:27:00Z,99.52482910,False
2026-01-06T11:28:00Z,101.57640337,False
2026-01-06T11:29:00Z,101.88142247,False
2026-01-06T11:30:00Z,100.10311310,False
2026-01-06T11:31:00Z,102.02931373,False
2026-01-06T11:32:00Z,101.40325086,False
2026-01-06T11:33:00Z,100.66752247,False
2026-01-06T11:34:00Z,101.79573202,False
2026-01-06T11:35:00Z,100.50211774,False
2026-01-06T11:36:00Z,100.43731993,False
2026-01-06T11:37:00Z,99.93899729,False
2026-01-06T11:38:00Z,101.29496709,False
2026-01-06T11:39:00Z,99.78436847,False
2026-01-06T11:40:00Z,99.96455516,False
2026-01-06T11:41:00Z,100.95246549,False
2026-01-06T11:42:00Z,100.02171590,False
2026-01-06T11:43:00Z,100.19072926,False
2026-01-06T11:44:00Z,100.62298739,False
2026-01-06T11:45:00Z,101.48443959,False
2026-01-06T11:46:00Z,100.07205888,False
2026-01-06T11:47:00Z,100.59687930,False
2026-01-06T11:48:00Z,99.02215524,False
2026-01-06T11:49:00Z,101.03316127,False
2026-01-06T11:50:00Z,100.54461260,False
2026-01-06T11:51:00Z,99.38177543,False
2026-01-06T11:52:00Z,101.23880972,False
2026-01-06T11:53:00Z,100.78959387,False
2026-01-06T11:54:00Z,99.07512357,False
2026-01-06T11:55:00Z,97.12865870,False
2026-01-06T11:56:00Z,100.89821378,False
2026-01-06T11:57:00Z,99.43653403,False
2026-01-06T11:58:00Z,98.83964319,False
2026-01-06T11:59:00Z,99.10377533,False
2026-01-06T12:00:00Z,101.70675081,False
2026-01-06T12:01:00Z,99.95773097,False
2026-01-06T12:02:00Z,98.98184416,False
2026-01-06T12:03:00Z,99.71759827,False
2026-01-06T12:04:00Z,99.65534913,False
2026-01-06T12:05:00Z,101.05607264,False
2026-01-06T12:06:00Z,100.22868295,False
2026-01-06T12:07:00Z,100.10446875,False
2026-01-06T12:08:00Z,99.87684805,False
2026-01-06T12:09:00Z,99.54194489,False
2026-01-06T12:10:00Z,99.71824625,False
2026-01-06T12:11:00Z,101.35011337,False
2026-01-06T12:12:00Z,98.40663073,False
2026-01-06T12:13:00Z,99.85095330,False
2026-01-06T12:14:00Z,100.67564898,False
2026-01-06T12:15:00Z,99.58068770,False
2026-01-06T12:16:00Z,101.19463597,False
2026-01-06T12:17:00Z,99.76509239,False
2026-01-06T12:18:00Z,101.24539194,False
2026-01-06T12:19:00Z,100.76959251,False
2026-01-06T12:20:00Z,102.69208973,False
2026-01-06T12:21:00Z,100.73257883,False
2026-01-06T12:22:00Z,100.22916740,False
2026-01-06T12:23:00Z,99.47029025,False
2026-01-06T12:24:00Z,99.92660337,False
2026-01-06T12:25:00Z,100.29398951,False
2026-01-06T12:26:00Z,100.66753877,False
2026-01-06T12:27:00Z,99.67475341,False
2026-01-06T12:28:00Z,100.06138592,False
2026-01-06T12:29:00Z,99.51528799,False
2026-01-06T12:30:00Z,100.55048602,False
2026-01-06T12:31:00Z,100.24570603,False
2026-01-06T12:32:00Z,100.34573099,False
2026-01-06T12:33:00Z,99.82923523,False
2026-01-06T12:34:00Z,100.68867957,False
2026-01-06T12:35:00Z,100.18456280,False
2026-01-06T12:36:00Z,100.52428569,False
2026-01-06T12:37:00Z,99.84309598,False
2026-01-06T12:38:00Z,101.18850479,False
2026-01-06T12:39:00Z,100.08666767,False
2026-01-06T12:40:00Z,100.29547474,False
2026-01-06T12:41:00Z,102.56784825,False
2026-01-06T12:42:00Z,100.99492160,False
2026-01-06T12:43:00Z,98.96343162,False
2026-01-06T12:44:00Z,99.38129683,False
2026-01-06T12:45:00Z,100.05098534,False
2026-01-06T12:46:00Z,99.97957055,False
2026-01-06T12:47:00Z,102.45827513,False
2026-01-06T12:48:00Z,98.57537434,False
2026-01-06T12:49:00Z,101.36278472,False
2026-01-06T12:50:00Z,100.87540944,False
2026-01-06T12:51:00Z,99.39123444,False
2026-01-06T12:52:00Z,101.88589375,False
2026-01-06T12:53:00Z,99.08285004,False
2026-01-06T12:54:00Z,99.90193479,False
2026-01-06T12:55:00Z,100.55623260,False
2026-01-06T12:56:00Z,99.41228547,False
2026-01-06T12:57:00Z,101.34153311,False
2026-01-06T12:58:00Z,100.03982732,False
2026-01-06T12:59:00Z,101.37850896,False
2026-01-06T13:00:00Z,100.34797913,False
2026-01-06T13:01:00Z,99.72621161,False
2026-01-06T13:02:00Z,99.88578811,False
2026-01-06T13:03:00Z,100.09942375,False
2026-01-06T13:04:00Z,100.80466771,False
2026-01-06T13:05:00Z,100.16954928,False
2026-01-06T13:06:00Z,99.94564713,False
2026-01-06T13:07:00Z,101.50201899,False
2026-01-06T13:08:00Z,100.09759282,False
2026-01-06T13:09:00Z,101.05302100,False
2026-01-06T13:10:00Z,100.91400297,False
2026-01-06T13:11:00Z,98.64606618,False
2026-01-06T13:12:00Z,99.62528867,False
2026-01-06T13:13:00Z,101.30045093,False
2026-01-06T13:14:00Z,99.23985594,False
2026-01-06T13:15:00Z,99.70141431,False
2026-01-06T13:16:00Z,101.34605799,False
2026-01-06T13:17:00Z,100.91199431,False
2026-01-06T13:18:00Z,101.35096040,False
2026-01-06T13:19:00Z,100.44565524,False
2026-01-06T13:20:00Z,101.19420532,False
2026-01-06T13:21:00Z,100.12720096,False
2026-01-06T13:22:00Z,100.17787363,False
2026-01-06T13:23:00Z,100.29390390,False
2026-01-06T13:24:00Z,99.17925374,False
2026-01-06T13:25:00Z,100.13528966,False
2026-01-06T13:26:00Z,100.38227077,False
2026-01-06T13:27:00Z,101.08091386,False
2026-01-06T13:28:00Z,101.14244987,False
2026-01-06T13:29:00Z,99.70350857,False
2026-01-06T13:30:00Z,98.08656955,False
2026-01-06T13:31:00Z,100.65423704,False
2026-01-06T13:32:00Z,99.47220491,False
2026-01-06T13:33:00Z,100.93586818,False
2026-01-06T13:34:00Z,99.36665260,False
2026-01-06T13:35:00Z,99.27287605,False
2026-01-06T13:36:00Z,100.46181902,False
2026-01-06T13:37:00Z,100.07639440,False
2026-01-06T13:38:00Z,99.76279034,False
2026-01-06T13:39:00Z,101.80988788,False
2026-01-06T13:40:00Z,100.13071129,False
2026-01-06T13:41:00Z,101.41013507,False
2026-01-06T13:42:00Z,100.46062474,False
2026-01-06T13:43:00Z,101.34733707,False
2026-01-06T13:44:00Z,98.79853869,False
2026-01-06T13:45:00Z,100.58063857,False
2026-01-06T13:46:00Z,99.76872252,False
2026-01-06T13:47:00Z,100.63479877,False
2026-01-06T13:48:00Z,98.73344551,False
2026-01-06T13:49:00Z,99.95431588,False
2026-01-06T13:50:00Z,99.72369739,False
2026-01-06T13:51:00Z,99.52559242,False
2026-01-06T13:52:00Z,99.62094351,False
2026-01-06T13:53:00Z,101.78368317,False
2026-01-06T13:54:00Z,100.51182471,False
2026-01-06T13:55:00Z,98.52523682,False
2026-01-06T13:56:00Z,99.96543165,False
2026-01-06T13:57:00Z,100.63408138,False
2026-01-06T13:58:00Z,99.76946211,False
2026-01-06T13:59:00Z,101.09727060,False
2026-01-06T14:00:00Z,100.30448061,False
2026-01-06T14:01:00Z,100.01766182,False
2026-01-06T14:02:00Z,98.02483127,False
2026-01-06T14:03:00Z,102.08753897,False
2026-01-06T14:04:00Z,99.26073393,False
2026-01-06T14:05:00Z,98.25523259,False
2026-01-06T14:06:00Z,98.87185729,False
2026-01-06T14:07:00Z,100.94081459,False
2026-01-06T14:08:00Z,100.19254208,False
2026-01-06T14:09:00Z,99.73109282,False
2026-01-06T14:10:00Z,99.03223748,False
2026-01-06T14:11:00Z,100.01243770,False
2026-01-06T14:12:00Z,99.48397665,False
2026-01-06T14:13:00Z,100.34967724,False
2026-01-06T14:14:00Z,101.42138345,False
2026-01-06T14:15:00Z,99.43968535,False
2026-01-06T14:16:00Z,99.76294144,False
2026-01-06T14:17:00Z,101.04129948,False
2026-01-06T14:18:00Z,101.03249033,False
2026-01-06T14:19:00Z,100.89687646,False
2026-01-06T14:20:00Z,97.14311355,False
2026-01-06T14:21:00Z,99.99864496,False
2026-01-06T14:22:00Z,99.76889305,False
2026-01-06T14:23:00Z,99.28528353,False
2026-01-06T14:24:00Z,98.38105447,False
2026-01-06T14:25:00Z,100.94783276,False
2026-01-06T14:26:00Z,98.76517166,False
2026-01-06T14:27:00Z,99.41669793,False
2026-01-06T14:28:00Z,100.38762010,False
2026-01-06T14:29:00Z,101.45023183,False
2026-01-06T14:30:00Z,98.67097825,False
2026-01-06T14:31:00Z,100.69889417,False
2026-01-06T14:32:00Z,99.53347422,False
2026-01-06T14:33:00Z,99.34097852,False
2026-01-06T14:34:00Z,99.93905803,False
2026-01-06T14:35:00Z,99.59797957,False
2026-01-06T14:36:00Z,99.25505000,False
2026-01-06T14:37:00Z,99.73303897,False
2026-01-06T14:38:00Z,100.56543239,False
2026-01-06T14:39:00Z,100.45184780,False
2026-01-06T14:40:00Z,100.41914923,False
2026-01-06T14:41:00Z,98.68686468,False
2026-01-06T14:42:00Z,98.28860445,False
2026-01-06T14:43:00Z,100.28099001,False
2026-01-06T14:44:00Z,99.63650077,False
2026-01-06T14:45:00Z,99.35294575,False
2026-01-06T14:46:00Z,101.17389054,False
2026-01-06T14:47:00Z,101.18022886,False
2026-01-06T14:48:00Z,100.27458153,False
2026-01-06T14:49:00Z,98.90509098,False
2026-01-06T14:50:00Z,97.39246670,False
2026-01-06T14:51:00Z,99.52114679,False
2026-01-06T14:52:00Z,100.18254089,False
2026-01-06T14:53:00Z,100.16544379,False
2026-01-06T14:54:00Z,100.83941658,False
2026-01-06T14:55:00Z,98.55363347,False
2026-01-06T14:56:00Z,99.80944915,False
2026-01-06T14:57:00Z,100.27161133,False
2026-01-06T14:58:00Z,100.06984643,False
2026-01-06T14:59:00Z,101.00430257,False
2026-01-06T15:00:00Z,99.45547130,False
2026-01-06T15:01:00Z,99.11566542,False
2026-01-06T15:02:00Z,98.69158101,False
2026-01-06T15:03:00Z,99.02617527,False
2026-01-06T15:04:00Z,98.62844594,False
2026-01-06T15:05:00Z,99.04852661,False
2026-01-06T15:06:00Z,98.77230300,False
2026-01-06T15:07:00Z,98.99218108,False
2026-01-06T15:08:00Z,101.23813971,False
2026-01-06T15:09:00Z,100.17399370,False
2026-01-06T15:10:00Z,99.67266955,False
2026-01-06T15:11:00Z,99.30646043,False
2026-01-06T15:12:00Z,99.43675697,False
2026-01-06T15:13:00Z,98.56609398,False
2026-01-06T15:14:00Z,99.21980365,False
2026-01-06T15:15:00Z,99.84471324,False
2026-01-06T15:16:00Z,98.92931179,False
2026-01-06T15:17:00Z,99.05229193,False
2026-01-06T15:18:00Z,98.31199276,False
2026-01-06T15:19:00Z,99.94845898,False
2026-01-06T15:20:00Z,100.60167075,False
2026-01-06T15:21:00Z,101.48352058,False
2026-01-06T15:22:00Z,100.13006822,False
2026-01-06T15:23:00Z,99.77536186,False
2026-01-06T15:24:00Z,99.56258623,False
2026-01-06T15:25:00Z,99.92274253,False
2026-01-06T15:26:00Z,99.25394621,False
2026-01-06T15:27:00Z,100.64776496,False
2026-01-06T15:28:00Z,99.73949846,False
2026-01-06T15:29:00Z,98.67032969,False
2026-01-06T15:30:00Z,100.02189254,False
2026-01-06T15:31:00Z,100.01847868,False
2026-01-06T15:32:00Z,98.27241987,False
2026-01-06T15:33:00Z,98.08869034,False
2026-01-06T15:34:00Z,99.91827798,False
2026-01-06T15:35:00Z,101.48533354,False
2026-01-06T15:36:00Z,98.53029918,False
2026-01-06T15:37:00Z,100.51326518,False
2026-01-06T15:38:00Z,99.60724146,False
2026-01-06T15:39:00Z,98.57899990,False
2026-01-06T15:40:00Z,98.81633237,False
2026-01-06T15:41:00Z,101.41884228,False
2026-01-06T15:42:00Z,101.16621617,False
2026-01-06T15:43:00Z,99.83876680,False
2026-01-06T15:44:00Z,99.07479583,False
2026-01-06T15:45:00Z,99.09343947,False
2026-01-06T15:46:00Z,99.61698190,False
2026-01-06T15:47:00Z,99.98991178,False
2026-01-06T15:48:00Z,100.61513180,False
2026-01-06T15:49:00Z,99.58519963,False
2026-01-06T15:50:00Z,99.59908341,False
2026-01-06T15:51:00Z,100.37594112,False
2026-01-06T15:52:00Z,100.96482669,False
2026-01-06T15:53:00Z,99.77675452,False
2026-01-06T15:54:00Z,98.81999662,False
2026-01-06T15:55:00Z,97.68218694,False
2026-01-06T15:56:00Z,98.20112864,False
2026-01-06T15:57:00Z,99.03288612,False
2026-01-06T15:58:00Z,98.25265145,False
2026-01-06T15:59:00Z,100.39258933,False
2026-01-06T16:00:00Z,99.16235904,False
2026-01-06T16:01:00Z,97.51535802,False
2026-01-06T16:02:00Z,100.62258749,False
2026-01-06T16:03:00Z,100.20680051,False
2026-01-06T16:04:00Z,100.16751581,False
2026-01-06T16:05:00Z,99.53364878,False
2026-01-06T16:06:00Z,98.79562754,False
2026-01-06T16:07:00Z,99.47250122,False
2026-01-06T16:08:00Z,98.69685091,False
2026-01-06T16:09:00Z,99.24926800,False
2026-01-06T16:10:00Z,99.04940647,False
2026-01-06T16:11:00Z,99.05052200,False
2026-01-06T16:12:00Z,99.72100547,False
2026-01-06T16:13:00Z,100.76775588,False
2026-01-06T16:14:00Z,100.36960759,False
2026-01-06T16:15:00Z,98.89299567,False
2026-01-06T16:16:00Z,98.06126843,False
2026-01-06T16:17:00Z,100.73710901,False
2026-01-06T16:18:00Z,99.19986828,False
2026-01-06T16:19:00Z,99.94861966,False
2026-01-06T16:20:00Z,99.79949115,False
2026-01-06T16:21:00Z,97.95404081,False
2026-01-06T16:22:00Z,101.41486352,False
2026-01-06T16:23:00Z,98.12880406,False
2026-01-06T16:24:00Z,99.88909833,False
2026-01-06T16:25:00Z,101.93041577,False
2026-01-06T16:26:00Z,102.20872779,False
2026-01-06T16:27:00Z,100.07955198,False
2026-01-06T16:28:00Z,98.51387922,False
2026-01-06T16:29:00Z,100.28961967,False
2026-01-06T16:30:00Z,99.21063738,False
2026-01-06T16:31:00Z,99.77423418,False
2026-01-06T16:32:00Z,101.20975582,False
2026-01-06T16:33:00Z,100.71277996,False
2026-01-06T16:34:00Z,100.94254267,False
2026-01-06T16:35:00Z,100.01168212,False
2026-01-06T16:36:00Z,100.76720153,False
2026-01-06T16:37:00Z,99.73694734,False
2026-01-06T16:38:00Z,99.45540746,False
2026-01-06T16:39:00Z,99.06522658,False
2026-01-06T16:40:00Z,100.43748992,False
2026-01-06T16:41:00Z,99.25633392,False
2026-01-06T16:42:00Z,99.70288615,False
2026-01-06T16:43:00Z,98.82921721,False
2026-01-06T16:44:00Z,100.66585908,False
2026-01-06T16:45:00Z,98.56613365,False
2026-01-06T16:46:00Z,98.69778007,False
2026-01-06T16:47:00Z,98.72744772,False
2026-01-06T16:48:00Z,98.62019143,False
2026-01-06T16:49:00Z,99.79266692,False
2026-01-06T16:50:00Z,99.31614965,False
2026-01-06T16:51:00Z,99.43237067,False
2026-01-06T16:52:00Z,98.05952738,False
2026-01-06T16:53:00Z,99.87665513,False
2026-01-06T16:54:00Z,99.52488247,False
2026-01-06T16:55:00Z,99.47516540,False
2026-01-06T16:56:00Z,99.12903243,False
2026-01-06T16:57:00Z,98.98943144,False
2026-01-06T16:58:00Z,100.45288936,False
2026-01-06T16:59:00Z,98.66432664,False
2026-01-06T17:00:00Z,100.46316675,False
2026-01-06T17:01:00Z,100.46755580,False
2026-01-06T17:02:00Z,99.42526186,False
2026-01-06T17:03:00Z,100.13537615,False
2026-01-06T17:04:00Z,99.31267575,False
2026-01-06T17:05:00Z,99.49333240,False
2026-01-06T17:06:00Z,99.51648118,False
2026-01-06T17:07:00Z,99.24861858,False
2026-01-06T17:08:00Z,99.54110752,False
2026-01-06T17:09:00Z,100.29783303,False
2026-01-06T17:10:00Z,99.19245064,False
2026-01-06T17:11:00Z,98.99258692,False
2026-01-06T17:12:00Z,99.70033299,False
2026-01-06T17:13:00Z,98.34632845,False
2026-01-06T17:14:00Z,99.90082235,False
2026-01-06T17:15:00Z,100.29410258,False
2026-01-06T17:16:00Z,99.22990969,False
2026-01-06T17:17:00Z,98.18246915,False
2026-01-06T17:18:00Z,100.26408623,False
2026-01-06T17:19:00Z,99.80670692,False
2026-01-06T17:20:00Z,99.43638653,False
2026-01-06T17:21:00Z,98.47862782,False
2026-01-06T17:22:00Z,98.82091545,False
2026-01-06T17:23:00Z,100.41369792,False
2026-01-06T17:24:00Z,99.47966492,False
2026-01-06T17:25:00Z,99.11743321,False
2026-01-06T17:26:00Z,99.30157304,False
2026-01-06T17:27:00Z,100.40938482,False
2026-01-06T17:28:00Z,98.90781335,False
2026-01-06T17:29:00Z,100.96130694,False
2026-01-06T17:30:00Z,100.32504613,False
2026-01-06T17:31:00Z,99.63365887,False
2026-01-06T17:32:00Z,99.52280570,False
2026-01-06T17:33:00Z,98.14827709,False
2026-01-06T17:34:00Z,99.23535159,False
2026-01-06T17:35:00Z,100.75886469,False
2026-01-06T17:36:00Z,101.90938791,False
2026-01-06T17:37:00Z,99.25932755,False
2026-01-06T17:38:00Z,98.81701459,False
2026-01-06T17:39:00Z,100.48079406,False
2026-01-06T17:40:00Z,99.97722532,False
2026-01-06T17:41:00Z,99.85858635,False
2026-01-06T17:42:00Z,100.16495732,False
2026-01-06T17:43:00Z,99.99875675,False
2026-01-06T17:44:00Z,101.37822785,False
2026-01-06T17:45:00Z,99.97542260,False
2026-01-06T17:46:00Z,99.20107270,False
2026-01-06T17:47:00Z,99.18502377,False
2026-01-06T17:48:00Z,100.56992572,False
2026-01-06T17:49:00Z,99.06935999,False
2026-01-06T17:50:00Z,99.02067021,False
2026-01-06T17:51:00Z,99.84274411,False
2026-01-06T17:52:00Z,99.95301623,False
2026-01-06T17:53:00Z,99.49845665,False
2026-01-06T17:54:00Z,99.79020548,False
2026-01-06T17:55:00Z,100.43471118,False
2026-01-06T17:56:00Z,98.75029607,False
2026-01-06T17:57:00Z,99.88217650,False
2026-01-06T17:58:00Z,99.95287884,False
2026-01-06T17:59:00Z,99.48670312,False
2026-01-06T18:00:00Z,97.15277273,False
2026-01-06T18:01:00Z,100.69170897,False
2026-01-06T18:02:00Z,99.42890347,False
2026-01-06T18:03:00Z,99.18597718,False
2026-01-06T18:04:00Z,101.36890034,False
2026-01-06T18:05:00Z,100.45985024,False
2026-01-06T18:06:00Z,99.61144016,False
2026-01-06T18:07:00Z,100.23331446,False
2026-01-06T18:08:00Z,99.43031567,False
2026-01-06T18:09:00Z,100.78920757,False
2026-01-06T18:10:00Z,98.82098447,False
2026-01-06T18:11:00Z,100.23233929,False
2026-01-06T18:12:00Z,100.08848160,False
2026-01-06T18:13:00Z,101.12194312,False
2026-01-06T18:14:00Z,99.33701847,False
2026-01-06T18:15:00Z,98.06725963,False
2026-01-06T18:16:00Z,97.50070026,False
2026-01-06T18:17:00Z,102.71500452,False
2026-01-06T18:18:00Z,100.33462714,False
2026-01-06T18:19:00Z,98.22574696,False
2026-01-06T18:20:00Z,100.28324027,False
2026-01-06T18:21:00Z,101.11162502,False
2026-01-06T18:22:00Z,100.38762071,False
2026-01-06T18:23:00Z,99.84885539,False
2026-01-06T18:24:00Z,99.48118865,False
2026-01-06T18:25:00Z,98.88721025,False
2026-01-06T18:26:00Z,100.57879054,False
2026-01-06T18:27:00Z,99.28817590,False
2026-01-06T18:28:00Z,100.23754858,False
2026-01-06T18:29:00Z,99.10799084,False
2026-01-06T18:30:00Z,99.58370225,False
2026-01-06T18:31:00Z,100.27131867,False
2026-01-06T18:32:00Z,100.76986067,False
2026-01-06T18:33:00Z,98.57726378,False
2026-01-06T18:34:00Z,99.30163173,False
2026-01-06T18:35:00Z,101.19678817,False
2026-01-06T18:36:00Z,99.28948565,False
2026-01-06T18:37:00Z,100.71893411,False
2026-01-06T18:38:00Z,98.40834484,False
2026-01-06T18:39:00Z,101.14184710,False
2026-01-06T18:40:00Z,100.11786373,False
2026-01-06T18:41:00Z,99.15723401,False
2026-01-06T18:42:00Z,101.09719367,False
2026-01-06T18:43:00Z,100.31705982,False
2026-01-06T18:44:00Z,99.83048886,False
2026-01-06T18:45:00Z,99.60590986,False
2026-01-06T18:46:00Z,99.63018175,False
2026-01-06T18:47:00Z,98.63905340,False
2026-01-06T18:48:00Z,98.86522715,False
2026-01-06T18:49:00Z,98.82483406,False
2026-01-06T18:50:00Z,98.41080597,False
2026-01-06T18:51:00Z,99.98055922,False
2026-01-06T18:52:00Z,99.56393004,False
2026-01-06T18:53:00Z,98.38708683,False
2026-01-06T18:54:00Z,98.63979815,False
2026-01-06T18:55:00Z,98.59877541,False
2026-01-06T18:56:00Z,98.95246079,False
2026-01-06T18:57:00Z,99.00056891,False
2026-01-06T18:58:00Z,99.45544492,False
2026-01-06T18:59:00Z,101.38301113,False
2026-01-06T19:00:00Z,100.60412958,False
2026-01-06T19:01:00Z,100.79500198,False
2026-01-06T19:02:00Z,97.73212922,False
2026-01-06T19:03:00Z,99.06922639,False
2026-01-06T19:04:00Z,98.98875294,False
2026-01-06T19:05:00Z,99.34534228,False
2026-01-06T19:06:00Z,98.23890674,False
2026-01-06T19:07:00Z,100.54628618,False
2026-01-06T19:08:00Z,98.91282020,False
2026-01-06T19:09:00Z,100.02736155,False
2026-01-06T19:10:00Z,100.11026191,False
2026-01-06T19:11:00Z,99.78491802,False
2026-01-06T19:12:00Z,100.50971467,False
2026-01-06T19:13:00Z,100.03360994,False
2026-01-06T19:14:00Z,98.29102912,False
2026-01-06T19:15:00Z,100.61985206,False
2026-01-06T19:16:00Z,98.63799556,False
2026-01-06T19:17:00Z,100.45796369,False
2026-01-06T19:18:00Z,99.36353060,False
2026-01-06T19:19:00Z,99.10435433,False
2026-01-06T19:20:00Z,98.46784239,False
2026-01-06T19:21:00Z,99.40991137,False
2026-01-06T19:22:00Z,99.51275405,False
2026-01-06T19:23:00Z,98.89421582,False
2026-01-06T19:24:00Z,98.45192871,False
2026-01-06T19:25:00Z,98.91521581,False
2026-01-06T19:26:00Z,98.51453177,False
2026-01-06T19:27:00Z,102.32123369,False
2026-01-06T19:28:00Z,98.62090738,False
2026-01-06T19:29:00Z,99.73138104,False
2026-01-06T19:30:00Z,99.37275223,False
2026-01-06T19:31:00Z,100.41000951,False
2026-01-06T19:32:00Z,99.24953090,False
2026-01-06T19:33:00Z,100.79354295,False
2026-01-06T19:34:00Z,99.33468303,False
2026-01-06T19:35:00Z,99.51841264,False
2026-01-06T19:36:00Z,99.87108771,False
2026-01-06T19:37:00Z,99.96956116,False
2026-01-06T19:38:00Z,99.76983976,False
2026-01-06T19:39:00Z,99.30534429,False
2026-01-06T19:40:00Z,100.53426691,False
2026-01-06T19:41:00Z,96.97642240,False
2026-01-06T19:42:00Z,98.27394915,False
2026-01-06T19:43:00Z,99.25604079,False
2026-01-06T19:44:00Z,100.94419458,False
2026-01-06T19:45:00Z,99.25746575,False
2026-01-06T19:46:00Z,100.91375922,False
2026-01-06T19:47:00Z,101.82799173,False
2026-01-06T19:48:00Z,98.07143940,False
2026-01-06T19:49:00Z,99.94229135,False
2026-01-06T19:50:00Z,98.16659314,False
2026-01-06T19:51:00Z,98.74381324,False
2026-01-06T19:52:00Z,99.90060505,False
2026-01-06T19:53:00Z,97.88081499,False
2026-01-06T19:54:00Z,98.35524132,False
2026-01-06T19:55:00Z,99.95549410,False
2026-01-06T19:56:00Z,98.95375241,False
2026-01-06T19:57:00Z,100.36772977,False
2026-01-06T19:58:00Z,98.45294700,False
2026-01-06T19:59:00Z,101.41387852,False
2026-01-06T20:00:00Z,108.50098694,True
2026-01-06T20:01:00Z,100.47396695,False
2026-01-06T20:02:00Z,100.72786795,False
2026-01-06T20:03:00Z,98.61207270,False
2026-01-06T20:04:00Z,100.79672950,False
2026-01-06T20:05:00Z,99.59546720,False
2026-01-06T20:06:00Z,100.64019141,False
2026-01-06T20:07:00Z,100.05365108,False
2026-01-06T20:08:00Z,100.88837759,False
2026-01-06T20:09:00Z,98.97002992,False
2026-01-06T20:10:00Z,99.16833675,False
2026-01-06T20:11:00Z,99.90529842,False
2026-01-06T20:12:00Z,99.75550632,False
2026-01-06T20:13:00Z,100.35154112,False
2026-01-06T20:14:00Z,99.65094811,False
2026-01-06T20:15:00Z,99.66914385,False
2026-01-06T20:16:00Z,101.87579649,False
2026-01-06T20:17:00Z,100.60938876,False
2026-01-06T20:18:00Z,99.45393333,False
2026-01-06T20:19:00Z,99.20450197,False
2026-01-06T20:20:00Z,99.87130725,False
2026-01-06T20:21:00Z,100.19830555,False
2026-01-06T20:22:00Z,99.36126920,False
2026-01-06T20:23:00Z,100.21457105,False
2026-01-06T20:24:00Z,99.31390835,False
2026-01-06T20:25:00Z,99.51892694,False
2026-01-06T20:26:00Z,100.96019896,False
2026-01-06T20:27:00Z,98.13434167,False
2026-01-06T20:28:00Z,98.05533865,False
2026-01-06T20:29:00Z,98.95898284,False
2026-01-06T20:30:00Z,98.45430234,False
2026-01-06T20:31:00Z,99.80338377,False
2026-01-06T20:32:00Z,99.46418586,False
2026-01-06T20:33:00Z,100.11994519,False
2026-01-06T20:34:00Z,99.90642529,False
2026-01-06T20:35:00Z,101.33177890,False
2026-01-06T20:36:00Z,99.65959529,False
2026-01-06T20:37:00Z,100.37135718,False
2026-01-06T20:38:00Z,98.76838666,False
2026-01-06T20:39:00Z,99.95632913,False
2026-01-06T20:40:00Z,101.44768235,False
2026-01-06T20:41:00Z,100.81576139,False
2026-01-06T20:42:00Z,99.20462669,False
2026-01-06T20:43:00Z,99.49129512,False
2026-01-06T20:44:00Z,98.82455126,False
2026-01-06T20:45:00Z,100.30420962,False
2026-01-06T20:46:00Z,99.14787540,False
2026-01-06T20:47:00Z,98.49107592,False
2026-01-06T20:48:00Z,101.16207590,False
2026-01-06T20:49:00Z,99.15054880,False
2026-01-06T20:50:00Z,100.98456104,False
2026-01-06T20:51:00Z,100.46288522,False
2026-01-06T20:52:00Z,99.80759582,False
2026-01-06T20:53:00Z,101.95654994,False
2026-01-06T20:54:00Z,98.80748285,False
2026-01-06T20:55:00Z,99.50051824,False
2026-01-06T20:56:00Z,101.19013810,False
2026-01-06T20:57:00Z,100.56346007,False
2026-01-06T20:58:00Z,98.02564362,False
2026-01-06T20:59:00Z,101.03836127,False
2026-01-06T21:00:00Z,100.42870373,False
2026-01-06T21:01:00Z,100.50242889,False
2026-01-06T21:02:00Z,99.40185992,False
2026-01-06T21:03:00Z,99.66567260,False
2026-01-06T21:04:00Z,100.93959338,False
2026-01-06T21:05:00Z,100.15635851,False
2026-01-06T21:06:00Z,98.36369065,False
2026-01-06T21:07:00Z,101.19199627,False
2026-01-06T21:08:00Z,99.84240981,False
2026-01-06T21:09:00Z,100.09798653,False
2026-01-06T21:10:00Z,101.29351396,False
2026-01-06T21:11:00Z,100.20324170,False
2026-01-06T21:12:00Z,100.73123587,False
2026-01-06T21:13:00Z,99.47132074,False
2026-01-06T21:14:00Z,99.91365674,False
2026-01-06T21:15:00Z,99.33731342,False
2026-01-06T21:16:00Z,98.96771960,False
2026-01-06T21:17:00Z,100.38027187,False
2026-01-06T21:18:00Z,100.38102086,False
2026-01-06T21:19:00Z,100.79498737,False
2026-01-06T21:20:00Z,100.84562597,False
2026-01-06T21:21:00Z,99.81107221,False
2026-01-06T21:22:00Z,100.19389252,False
2026-01-06T21:23:00Z,100.07664982,False
2026-01-06T21:24:00Z,100.89815794,False
2026-01-06T21:25:00Z,99.11945118,False
2026-01-06T21:26:00Z,101.31494163,False
2026-01-06T21:27:00Z,99.53079510,False
2026-01-06T21:28:00Z,99.37059889,False
2026-01-06T21:29:00Z,100.00039308,False
2026-01-06T21:30:00Z,99.97007079,False
2026-01-06T21:31:00Z,101.52366929,False
2026-01-06T21:32:00Z,98.77847375,False
2026-01-06T21:33:00Z,100.59240160,False
2026-01-06T21:34:00Z,99.06941394,False
2026-01-06T21:35:00Z,100.19594734,False
2026-01-06T21:36:00Z,100.00628446,False
2026-01-06T21:37:00Z,101.93140239,False
2026-01-06T21:38:00Z,99.02909655,False
2026-01-06T21:39:00Z,99.74275324,False
2026-01-06T21:40:00Z,99.70199957,False
2026-01-06T21:41:00Z,99.58939365,False
2026-01-06T21:42:00Z,100.62320356,False
2026-01-06T21:43:00Z,98.55677833,False
2026-01-06T21:44:00Z,98.92569898,False
2026-01-06T21:45:00Z,100.24820222,False
2026-01-06T21:46:00Z,100.26058116,False
2026-01-06T21:47:00Z,100.31980043,False
2026-01-06T21:48:00Z,100.51631584,False
2026-01-06T21:49:00Z,100.82676534,False
2026-01-06T21:50:00Z,99.92940891,False
2026-01-06T21:51:00Z,99.71768168,False
2026-01-06T21:52:00Z,100.08827729,False
2026-01-06T21:53:00Z,99.87611681,False
2026-01-06T21:54:00Z,101.07965748,False
2026-01-06T21:55:00Z,99.84926499,False
2026-01-06T21:56:00Z,99.55690481,False
2026-01-06T21:57:00Z,100.65634473,False
2026-01-06T21:58:00Z,99.89684430,False
2026-01-06T21:59:00Z,100.90796958,False
2026-01-06T22:00:00Z,99.29506226,False
2026-01-06T22:01:00Z,100.20686446,False
2026-01-06T22:02:00Z,102.90395842,False
2026-01-06T22:03:00Z,99.81984892,False
2026-01-06T22:04:00Z,100.33510824,False
2026-01-06T22:05:00Z,99.60606454,False
2026-01-06T22:06:00Z,99.30753753,False
2026-01-06T22:07:00Z,97.80123530,False
2026-01-06T22:08:00Z,100.02117302,False
2026-01-06T22:09:00Z,99.44936690,False
2026-01-06T22:10:00Z,99.29826078,False
2026-01-06T22:11:00Z,99.88456568,False
2026-01-06T22:12:00Z,98.22859889,False
2026-01-06T22:13:00Z,100.29423541,False
2026-01-06T22:14:00Z,100.30571005,False
2026-01-06T22:15:00Z,99.39597330,False
2026-01-06T22:16:00Z,99.45403842,False
2026-01-06T22:17:00Z,100.57352096,False
2026-01-06T22:18:00Z,100.28462937,False
2026-01-06T22:19:00Z,101.03550466,False
2026-01-06T22:20:00Z,100.34911110,False
2026-01-06T22:21:00Z,100.54775514,False
2026-01-06T22:22:00Z,98.24667125,False
2026-01-06T22:23:00Z,99.47833506,False
2026-01-06T22:24:00Z,100.35498502,False
2026-01-06T22:25:00Z,102.59279226,False
2026-01-06T22:26:00Z,100.97393107,False
2026-01-06T22:27:00Z,99.63324478,False
2026-01-06T22:28:00Z,100.58593288,False
2026-01-06T22:29:00Z,100.95992952,False
2026-01-06T22:30:00Z,100.88626257,False
2026-01-06T22:31:00Z,101.35993210,False
2026-01-06T22:32:00Z,100.31441347,False
2026-01-06T22:33:00Z,99.34234778,False
2026-01-06T22:34:00Z,101.18963187,False
2026-01-06T22:35:00Z,100.56135968,False
2026-01-06T22:36:00Z,98.80715937,False
2026-01-06T22:37:00Z,99.23208274,False
2026-01-06T22:38:00Z,102.55316773,False
2026-01-06T22:39:00Z,100.17871950,False
2026-01-06T22:40:00Z,100.16416836,False
2026-01-06T22:41:00Z,102.05233490,False
2026-01-06T22:42:00Z,101.91429907,False
2026-01-06T22:43:00Z,101.31152082,False
2026-01-06T22:44:00Z,100.34575699,False
2026-01-06T22:45:00Z,100.37453348,False
2026-01-06T22:46:00Z,99.88545015,False
2026-01-06T22:47:00Z,100.50154063,False
2026-01-06T22:48:00Z,99.92456920,False
2026-01-06T22:49:00Z,100.13228055,False
2026-01-06T22:50:00Z,100.41588827,False
2026-01-06T22:51:00Z,98.33665318,False
2026-01-06T22:52:00Z,99.89637754,False
2026-01-06T22:53:00Z,100.55160824,False
2026-01-06T22:54:00Z,100.18205550,False
2026-01-06T22:55:00Z,99.58732330,False
2026-01-06T22:56:00Z,99.13530836,False
2026-01-06T22:57:00Z,101.52311929,False
2026-01-06T22:58:00Z,100.92539287,False
2026-01-06T22:59:00Z,100.98957034,False
2026-01-06T23:00:00Z,100.65211512,False
2026-01-06T23:01:00Z,99.44197736,False
2026-01-06T23:02:00Z,102.05201196,False
2026-01-06T23:03:00Z,99.63844721,False
2026-01-06T23:04:00Z,101.72580215,False
2026-01-06T23:05:00Z,101.86932047,False
2026-01-06T23:06:00Z,100.87409976,False
2026-01-06T23:07:00Z,99.63076255,False
2026-01-06T23:08:00Z,99.57093001,False
2026-01-06T23:09:00Z,100.86174675,False
2026-01-06T23:10:00Z,98.60984633,False
2026-01-06T23:11:00Z,100.96374126,False
2026-01-06T23:12:00Z,99.78168917,False
2026-01-06T23:13:00Z,101.14822079,False
2026-01-06T23:14:00Z,100.65020503,False
2026-01-06T23:15:00Z,100.54619257,False
2026-01-06T23:16:00Z,99.36096338,False
2026-01-06T23:17:00Z,100.80340733,False
2026-01-06T23:18:00Z,101.31860211,False
2026-01-06T23:19:00Z,101.43913887,False
2026-01-06T23:20:00Z,100.97368994,False
2026-01-06T23:21:00Z,99.72663771,False
2026-01-06T23:22:00Z,101.09808999,False
2026-01-06T23:23:00Z,101.05675170,False
2026-01-06T23:24:00Z,100.74226504,False
2026-01-06T23:25:00Z,100.08826612,False
2026-01-06T23:26:00Z,99.83414718,False
2026-01-06T23:27:00Z,101.10270246,False
2026-01-06T23:28:00Z,100.51347443,False
2026-01-06T23:29:00Z,101.24494009,False
2026-01-06T23:30:00Z,100.88123776,False
2026-01-06T23:31:00Z,100.51360412,False
2026-01-06T23:32:00Z,100.74533309,False
2026-01-06T23:33:00Z,99.98263592,False
2026-01-06T23:34:00Z,100.27184243,False
2026-01-06T23:35:00Z,101.06986102,False
2026-01-06T23:36:00Z,99.91570006,False
2026-01-06T23:37:00Z,101.09946932,False
2026-01-06T23:38:00Z,100.48272607,False
2026-01-06T23:39:00Z,99.67444077,False
2026-01-06T23:40:00Z,101.96207374,False
2026-01-06T23:41:00Z,102.60422216,False
2026-01-06T23:42:00Z,99.78796674,False
2026-01-06T23:43:00Z,100.47333927,False
2026-01-06T23:44:00Z,100.51399570,False
2026-01-06T23:45:00Z,100.79041470,False
2026-01-06T23:46:00Z,101.42349232,False
2026-01-06T23:47:00Z,99.82572040,False
2026-01-06T23:48:00Z,100.37967331,False
2026-01-06T23:49:00Z,99.82573443,False
2026-01-06T23:50:00Z,99.17265995,False
2026-01-06T23:51:00Z,100.41855014,False
2026-01-06T23:52:00Z,100.84320453,False
2026-01-06T23:53:00Z,100.19120592,False
2026-01-06T23:54:00Z,100.65963148,False
2026-01-06T23:55:00Z,99.41726538,False
2026-01-06T23:56:00Z,98.51123331,False
2026-01-06T23:57:00Z,101.11666379,False
2026-01-06T23:58:00Z,100.07400321,False
2026-01-06T23:59:00Z,98.92980411,False
2026-01-07T00:00:00Z,99.98807681,False
2026-01-07T00:01:00Z,101.78998880,False
2026-01-07T00:02:00Z,98.11072719,False
2026-01-07T00:03:00Z,98.53583498,False
2026-01-07T00:04:00Z,102.24140355,False
2026-01-07T00:05:00Z,99.54269357,False
2026-01-07T00:06:00Z,102.36029302,False
2026-01-07T00:07:00Z,101.59041144,False
2026-01-07T00:08:00Z,99.95501059,False
2026-01-07T00:09:00Z,102.40959255,False
2026-01-07T00:10:00Z,100.43223915,False
2026-01-07T00:11:00Z,102.61702523,False
2026-01-07T00:12:00Z,101.73503723,False
2026-01-07T00:13:00Z,101.82231617,False
2026-01-07T00:14:00Z,98.21805855,False
2026-01-07T00:15:00Z,100.03639156,False
2026-01-07T00:16:00Z,99.96257219,False
2026-01-07T00:17:00Z,99.60620147,False
2026-01-07T00:18:00Z,100.27346509,False
2026-01-07T00:19:00Z,100.09815577,False
2026-01-07T00:20:00Z,100.46954562,False
2026-01-07T00:21:00Z,101.80309712,False
2026-01-07T00:22:00Z,100.87290292,False
2026-01-07T00:23:00Z,101.11138114,False
2026-01-07T00:24:00Z,100.17588601,False
2026-01-07T00:25:00Z,100.80821832,False
2026-01-07T00:26:00Z,101.86325113,False
2026-01-07T00:27:00Z,103.25137105,False
2026-01-07T00:28:00Z,99.95848453,False
2026-01-07T00:29:00Z,100.38650930,False
2026-01-07T00:30:00Z,102.70606511,False
2026-01-07T00:31:00Z,101.09291779,False
2026-01-07T00:32:00Z,100.95631148,False
2026-01-07T00:33:00Z,101.03624570,False
2026-01-07T00:34:00Z,99.40804088,False
2026-01-07T00:35:00Z,100.18325749,False
2026-01-07T00:36:00Z,100.11734813,False
2026-01-07T00:37:00Z,102.32977709,False
2026-01-07T00:38:00Z,100.92168340,False
2026-01-07T00:39:00Z,100.46628994,False
2026-01-07T00:40:00Z,101.94491160,False
2026-01-07T00:41:00Z,101.41272459,False
2026-01-07T00:42:00Z,101.76425798,False
2026-01-07T00:43:00Z,100.05543556,False
2026-01-07T00:44:00Z,100.12675921,False
2026-01-07T00:45:00Z,100.84408122,False
2026-01-07T00:46:00Z,100.62497986,False
2026-01-07T00:47:00Z,101.45938075,False
2026-01-07T00:48:00Z,101.32337390,False
2026-01-07T00:49:00Z,99.91153386,False
2026-01-07T00:50:00Z,100.10675827,False
2026-01-07T00:51:00Z,100.67072661,False
2026-01-07T00:52:00Z,101.21991920,False
2026-01-07T00:53:00Z,102.12538271,False
2026-01-07T00:54:00Z,99.89308777,False
2026-01-07T00:55:00Z,101.79239803,False
2026-01-07T00:56:00Z,101.71272775,False
2026-01-07T00:57:00Z,102.73631577,False
2026-01-07T00:58:00Z,100.70174465,False
2026-01-07T00:59:00Z,100.08253051,False
2026-01-07T01:00:00Z,100.39245341,False
2026-01-07T01:01:00Z,101.79290185,False
2026-01-07T01:02:00Z,99.25379202,False
2026-01-07T01:03:00Z,102.29619285,False
2026-01-07T01:04:00Z,101.87824431,False
2026-01-07T01:05:00Z,101.95323272,False
2026-01-07T01:06:00Z,100.76370379,False
2026-01-07T01:07:00Z,102.08416378,False
2026-01-07T01:08:00Z,100.91723618,False
2026-01-07T01:09:00Z,98.86490905,False
2026-01-07T01:10:00Z,101.62293027,False
2026-01-07T01:11:00Z,100.59736527,False
2026-01-07T01:12:00Z,102.27934252,False
2026-01-07T01:13:00Z,99.99943307,False
2026-01-07T01:14:00Z,102.09829489,False
2026-01-07T01:15:00Z,100.30574235,False
2026-01-07T01:16:00Z,100.85803353,False
2026-01-07T01:17:00Z,100.94837431,False
2026-01-07T01:18:00Z,100.97274916,False
2026-01-07T01:19:00Z,102.90351774,False
2026-01-07T01:20:00Z,100.97218329,False
2026-01-07T01:21:00Z,102.83560671,False
2026-01-07T01:22:00Z,101.71733738,False
2026-01-07T01:23:00Z,99.74440969,False
2026-01-07T01:24:00Z,101.35045295,False
2026-01-07T01:25:00Z,100.27087815,False
2026-01-07T01:26:00Z,101.25158431,False
2026-01-07T01:27:00Z,101.01012417,False
2026-01-07T01:28:00Z,100.79451840,False
2026-01-07T01:29:00Z,101.12106871,False
2026-01-07T01:30:00Z,102.64950637,False
2026-01-07T01:31:00Z,102.54045137,False
2026-01-07T01:32:00Z,100.27541177,False
2026-01-07T01:33:00Z,101.09740467,False
2026-01-07T01:34:00Z,99.79047698,False
2026-01-07T01:35:00Z,100.16705876,False
2026-01-07T01:36:00Z,102.67946846,False
2026-01-07T01:37:00Z,101.03968207,False
2026-01-07T01:38:00Z,102.82582173,False
2026-01-07T01:39:00Z,102.50628638,False
2026-01-07T01:40:00Z,102.16989917,False
2026-01-07T01:41:00Z,102.20265952,False
2026-01-07T01:42:00Z,102.31855813,False
2026-01-07T01:43:00Z,101.76882264,False
2026-01-07T01:44:00Z,100.23682554,False
2026-01-07T01:45:00Z,102.12957339,False
2026-01-07T01:46:00Z,102.56438186,False
2026-01-07T01:47:00Z,102.11968233,False
2026-01-07T01:48:00Z,100.42219876,False
2026-01-07T01:49:00Z,101.74375361,False
2026-01-07T01:50:00Z,102.24137277,False
2026-01-07T01:51:00Z,100.66008168,False
2026-01-07T01:52:00Z,101.48965457,False
2026-01-07T01:53:00Z,102.48946383,False
2026-01-07T01:54:00Z,102.23964827,False
2026-01-07T01:55:00Z,100.71206384,False
2026-01-07T01:56:00Z,100.79897140,False
2026-01-07T01:57:00Z,100.82649995,False
2026-01-07T01:58:00Z,102.59850650,False
2026-01-07T01:59:00Z,103.29059660,False
2026-01-07T02:00:00Z,101.91516090,False
2026-01-07T02:01:00Z,102.82334230,False
2026-01-07T02:02:00Z,102.46283373,False
2026-01-07T02:03:00Z,100.11601983,False
2026-01-07T02:04:00Z,102.18897130,False
2026-01-07T02:05:00Z,101.78476362,False
2026-01-07T02:06:00Z,102.12687568,False
2026-01-07T02:07:00Z,102.24171769,False
2026-01-07T02:08:00Z,102.20194977,False
2026-01-07T02:09:00Z,101.54155566,False
2026-01-07T02:10:00Z,101.89198678,False
2026-01-07T02:11:00Z,103.73646953,False
2026-01-07T02:12:00Z,100.40892131,False
2026-01-07T02:13:00Z,102.75788006,False
2026-01-07T02:14:00Z,101.20021381,False
2026-01-07T02:15:00Z,102.59599964,False
2026-01-07T02:16:00Z,102.73851505,False
2026-01-07T02:17:00Z,103.15303809,False
2026-01-07T02:18:00Z,103.51964642,False
2026-01-07T02:19:00Z,100.68476363,False
2026-01-07T02:20:00Z,101.57290364,False
2026-01-07T02:21:00Z,101.80069142,False
2026-01-07T02:22:00Z,102.04362779,False
2026-01-07T02:23:00Z,102.91514327,False
2026-01-07T02:24:00Z,103.41426853,False
2026-01-07T02:25:00Z,100.82331695,False
2026-01-07T02:26:00Z,101.63408879,False
2026-01-07T02:27:00Z,101.46704963,False
2026-01-07T02:28:00Z,100.50666188,False
2026-01-07T02:29:00Z,101.70938086,False
2026-01-07T02:30:00Z,101.79546356,False
2026-01-07T02:31:00Z,101.46533012,False
2026-01-07T02:32:00Z,101.90275711,False
2026-01-07T02:33:00Z,103.24478248,False
2026-01-07T02:34:00Z,103.56115604,False
2026-01-07T02:35:00Z,101.33207406,False
2026-01-07T02:36:00Z,101.79793604,False
2026-01-07T02:37:00Z,101.66224611,False
2026-01-07T02:38:00Z,101.39333639,False
2026-01-07T02:39:00Z,102.11991541,False
2026-01-07T02:40:00Z,100.30426138,False
2026-01-07T02:41:00Z,101.68141886,False
2026-01-07T02:42:00Z,101.01099958,False
2026-01-07T02:43:00Z,102.69986455,False
2026-01-07T02:44:00Z,101.03804742,False
2026-01-07T02:45:00Z,101.63755153,False
2026-01-07T02:46:00Z,101.62692081,False
2026-01-07T02:47:00Z,101.54878010,False
2026-01-07T02:48:00Z,101.96215779,False
2026-01-07T02:49:00Z,100.80517068,False
2026-01-07T02:50:00Z,103.82437483,False
2026-01-07T02:51:00Z,99.53708965,False
2026-01-07T02:52:00Z,102.43468952,False
2026-01-07T02:53:00Z,101.03890421,False
2026-01-07T02:54:00Z,103.07325961,False
2026-01-07T02:55:00Z,102.28274080,False
2026-01-07T02:56:00Z,102.17707053,False
2026-01-07T02:57:00Z,101.43529245,False
2026-01-07T02:58:00Z,103.10344883,False
2026-01-07T02:59:00Z,102.82605996,False
2026-01-07T03:00:00Z,101.44050867,False
2026-01-07T03:01:00Z,101.37170098,False
2026-01-07T03:02:00Z,102.91325241,False
2026-01-07T03:03:00Z,102.42647916,False
2026-01-07T03:04:00Z,103.01166696,False
2026-01-07T03:05:00Z,99.06585078,False
2026-01-07T03:06:00Z,99.99607552,False
2026-01-07T03:07:00Z,102.15652922,False
2026-01-07T03:08:00Z,100.08173601,False
2026-01-07T03:09:00Z,102.29548364,False
2026-01-07T03:10:00Z,102.32448721,False
2026-01-07T03:11:00Z,103.20302473,False
2026-01-07T03:12:00Z,101.01461740,False
2026-01-07T03:13:00Z,99.80164589,False
2026-01-07T03:14:00Z,101.08365769,False
2026-01-07T03:15:00Z,102.47987993,False
2026-01-07T03:16:00Z,102.46585361,False
2026-01-07T03:17:00Z,103.24944999,False
2026-01-07T03:18:00Z,103.06804200,False
2026-01-07T03:19:00Z,103.68556884,False
2026-01-07T03:20:00Z,102.41837271,False
2026-01-07T03:21:00Z,100.84871000,False
2026-01-07T03:22:00Z,101.80616174,False
2026-01-07T03:23:00Z,102.18853755,False
2026-01-07T03:24:00Z,103.12425591,False
2026-01-07T03:25:00Z,103.01779516,False
2026-01-07T03:26:00Z,101.26918597,False
2026-01-07T03:27:00Z,103.01129316,False
2026-01-07T03:28:00Z,103.62661591,False
2026-01-07T03:29:00Z,103.48054762,False
2026-01-07T03:30:00Z,101.77858941,False
2026-01-07T03:31:00Z,100.70934482,False
2026-01-07T03:32:00Z,100.82360750,False
2026-01-07T03:33:00Z,99.96616975,False
2026-01-07T03:34:00Z,103.23327405,False
2026-01-07T03:35:00Z,103.59499021,False
2026-01-07T03:36:00Z,102.39017133,False
2026-01-07T03:37:00Z,102.72710059,False
2026-01-07T03:38:00Z,101.51691843,False
2026-01-07T03:39:00Z,103.23175975,False
2026-01-07T03:40:00Z,101.72523622,False
2026-01-07T03:41:00Z,104.91775754,False
2026-01-07T03:42:00Z,101.38381742,False
2026-01-07T03:43:00Z,101.81733439,False
2026-01-07T03:44:00Z,102.83582899,False
2026-01-07T03:45:00Z,103.01321346,False
2026-01-07T03:46:00Z,102.03516075,False
2026-01-07T03:47:00Z,103.28652123,False
2026-01-07T03:48:00Z,103.08678435,False
2026-01-07T03:49:00Z,102.87413410,False
2026-01-07T03:50:00Z,103.39128612,False
2026-01-07T03:51:00Z,101.37695017,False
2026-01-07T03:52:00Z,100.10915184,False
2026-01-07T03:53:00Z,101.94764094,False
2026-01-07T03:54:00Z,101.45100655,False
2026-01-07T03:55:00Z,100.94727273,False
2026-01-07T03:56:00Z,101.17780645,False
2026-01-07T03:57:00Z,102.91004036,False
2026-01-07T03:58:00Z,103.15735113,False
2026-01-07T03:59:00Z,102.50461621,False
2026-01-07T04:00:00Z,101.02467934,False
2026-01-07T04:01:00Z,101.80065175,False
2026-01-07T04:02:00Z,101.24868562,False
2026-01-07T04:03:00Z,101.56330976,False
2026-01-07T04:04:00Z,100.81457059,False
2026-01-07T04:05:00Z,101.14672530,False
2026-01-07T04:06:00Z,101.53159399,False
2026-01-07T04:07:00Z,102.43314383,False
2026-01-07T04:08:00Z,101.46730355,False
2026-01-07T04:09:00Z,102.50651765,False
2026-01-07T04:10:00Z,102.02284285,False
2026-01-07T04:11:00Z,102.36232716,False
2026-01-07T04:12:00Z,101.44851421,False
2026-01-07T04:13:00Z,102.69876845,False
2026-01-07T04:14:00Z,100.82669561,False
2026-01-07T04:15:00Z,103.95197066,False
2026-01-07T04:16:00Z,101.45256609,False
2026-01-07T04:17:00Z,101.18776094,False
2026-01-07T04:18:00Z,100.89730556,False
2026-01-07T04:19:00Z,103.05299981,False
2026-01-07T04:20:00Z,101.27045906,False
2026-01-07T04:21:00Z,102.69987656,False
2026-01-07T04:22:00Z,104.50920580,False
2026-01-07T04:23:00Z,102.22098823,False
2026-01-07T04:24:00Z,102.74177214,False
2026-01-07T04:25:00Z,101.32507432,False
2026-01-07T04:26:00Z,102.50481159,False
2026-01-07T04:27:00Z,103.42795812,False
2026-01-07T04:28:00Z,102.36416857,False
2026-01-07T04:29:00Z,102.18768605,False
2026-01-07T04:30:00Z,103.04229067,False
2026-01-07T04:31:00Z,102.01961498,False
2026-01-07T04:32:00Z,101.68385732,False
2026-01-07T04:33:00Z,102.89519656,False
2026-01-07T04:34:00Z,102.36821986,False
2026-01-07T04:35:00Z,103.23332070,False
2026-01-07T04:36:00Z,102.58788565,False
2026-01-07T04:37:00Z,102.08558925,False
2026-01-07T04:38:00Z,102.33629604,False
2026-01-07T04:39:00Z,102.81759349,False
2026-01-07T04:40:00Z,102.81558855,False
2026-01-07T04:41:00Z,102.08246551,False
2026-01-07T04:42:00Z,103.08151613,False
2026-01-07T04:43:00Z,102.92425843,False
2026-01-07T04:44:00Z,101.72176433,False
2026-01-07T04:45:00Z,102.02740937,False
2026-01-07T04:46:00Z,104.00974470,False
2026-01-07T04:47:00Z,100.11648948,False
2026-01-07T04:48:00Z,103.30149010,False
2026-01-07T04:49:00Z,100.76364365,False
2026-01-07T04:50:00Z,103.21739564,False
2026-01-07T04:51:00Z,104.85694454,False
2026-01-07T04:52:00Z,103.17610420,False
2026-01-07T04:53:00Z,103.80889906,False
2026-01-07T04:54:00Z,101.56482264,False
2026-01-07T04:55:00Z,103.95728131,False
2026-01-07T04:56:00Z,101.87845519,False
2026-01-07T04:57:00Z,103.19347608,False
2026-01-07T04:58:00Z,101.34672220,False
2026-01-07T04:59:00Z,103.61375436,False
2026-01-07T05:00:00Z,103.91292356,False
2026-01-07T05:01:00Z,102.25807010,False
2026-01-07T05:02:00Z,103.91734890,False
2026-01-07T05:03:00Z,102.40549970,False
2026-01-07T05:04:00Z,102.60041727,False
2026-01-07T05:05:00Z,101.91532100,False
2026-01-07T05:06:00Z,103.86074583,False
2026-01-07T05:07:00Z,102.65822965,False
2026-01-07T05:08:00Z,101.83179402,False
2026-01-07T05:09:00Z,102.69242862,False
2026-01-07T05:10:00Z,103.93335341,False
2026-01-07T05:11:00Z,102.39492465,False
2026-01-07T05:12:00Z,101.45971853,False
2026-01-07T05:13:00Z,102.07347456,False
2026-01-07T05:14:00Z,102.53884583,False
2026-01-07T05:15:00Z,102.42080206,False
2026-01-07T05:16:00Z,102.30585473,False
2026-01-07T05:17:00Z,103.74837384,False
2026-01-07T05:18:00Z,102.02584606,False
2026-01-07T05:19:00Z,101.63925271,False
2026-01-07T05:20:00Z,102.81486136,False
2026-01-07T05:21:00Z,102.15145328,False
2026-01-07T05:22:00Z,103.30618176,False
2026-01-07T05:23:00Z,103.18077053,False
2026-01-07T05:24:00Z,101.48035731,False
2026-01-07T05:25:00Z,105.13350720,False
2026-01-07T05:26:00Z,102.19521448,False
2026-01-07T05:27:00Z,102.02344800,False
2026-01-07T05:28:00Z,103.81891178,False
2026-01-07T05:29:00Z,100.72559883,False
2026-01-07T05:30:00Z,102.30550765,False
2026-01-07T05:31:00Z,102.19076848,False
2026-01-07T05:32:00Z,101.91196221,False
2026-01-07T05:33:00Z,102.52696109,False
2026-01-07T05:34:00Z,101.23296301,False
2026-01-07T05:35:00Z,100.90334965,False
2026-01-07T05:36:00Z,104.21431190,False
2026-01-07T05:37:00Z,100.12711003,False
2026-01-07T05:38:00Z,103.41349664,False
2026-01-07T05:39:00Z,102.18946459,False
2026-01-07T05:40:00Z,105.68985639,False
2026-01-07T05:41:00Z,103.99514481,False
2026-01-07T05:42:00Z,102.46926060,False
2026-01-07T05:43:00Z,102.26944011,False
2026-01-07T05:44:00Z,102.39299431,False
2026-01-07T05:45:00Z,103.54847335,False
2026-01-07T05:46:00Z,101.68397785,False
2026-01-07T05:47:00Z,101.66049265,False
2026-01-07T05:48:00Z,100.00375445,False
2026-01-07T05:49:00Z,103.36529987,False
2026-01-07T05:50:00Z,101.96957039,False
2026-01-07T05:51:00Z,102.14088043,False
2026-01-07T05:52:00Z,103.34928153,False
2026-01-07T05:53:00Z,101.21627176,False
2026-01-07T05:54:00Z,102.65512025,False
2026-01-07T05:55:00Z,102.88886630,False
2026-01-07T05:56:00Z,103.12738732,False
2026-01-07T05:57:00Z,103.60372092,False
2026-01-07T05:58:00Z,103.62277507,False
2026-01-07T05:59:00Z,102.54261045,False
2026-01-07T06:00:00Z,115.39228858,True
2026-01-07T06:01:00Z,101.73978779,False
2026-01-07T06:02:00Z,104.81131257,False
2026-01-07T06:03:00Z,102.61089293,False
2026-01-07T06:04:00Z,102.93783192,False
2026-01-07T06:05:00Z,101.98352948,False
2026-01-07T06:06:00Z,103.40926145,False
2026-01-07T06:07:00Z,103.26293233,False
2026-01-07T06:08:00Z,102.31032379,False
2026-01-07T06:09:00Z,103.75033876,False
2026-01-07T06:10:00Z,102.67545151,False
2026-01-07T06:11:00Z,103.36129054,False
2026-01-07T06:12:00Z,103.19026243,False
2026-01-07T06:13:00Z,103.55404899,False
2026-01-07T06:14:00Z,101.77011419,False
2026-01-07T06:15:00Z,103.56047634,False
2026-01-07T06:16:00Z,103.32798001,False
2026-01-07T06:17:00Z,101.74174429,False
2026-01-07T06:18:00Z,103.84194219,False
2026-01-07T06:19:00Z,104.49613818,False
2026-01-07T06:20:00Z,102.42689692,False
2026-01-07T06:21:00Z,103.76747768,False
2026-01-07T06:22:00Z,101.62639508,False
2026-01-07T06:23:00Z,103.53235121,False
2026-01-07T06:24:00Z,102.51077792,False
2026-01-07T06:25:00Z,102.32451760,False
2026-01-07T06:26:00Z,104.94322352,False
2026-01-07T06:27:00Z,104.09033682,False
2026-01-07T06:28:00Z,104.85989345,False
2026-01-07T06:29:00Z,102.44374697,False
2026-01-07T06:30:00Z,104.08795532,False
2026-01-07T06:31:00Z,101.22445890,False
2026-01-07T06:32:00Z,102.38980638,False
2026-01-07T06:33:00Z,102.41944009,False
2026-01-07T06:34:00Z,103.35303773,False
2026-01-07T06:35:00Z,104.21571691,False
2026-01-07T06:36:00Z,103.41952749,False
2026-01-07T06:37:00Z,102.39262872,False
2026-01-07T06:38:00Z,103.86226824,False
2026-01-07T06:39:00Z,103.48243384,False
2026-01-07T06:40:00Z,104.18696847,False
2026-01-07T06:41:00Z,102.49397621,False
2026-01-07T06:42:00Z,102.92857639,False
2026-01-07T06:43:00Z,104.07132295,False
2026-01-07T06:44:00Z,101.97573378,False
2026-01-07T06:45:00Z,104.43610503,False
2026-01-07T06:46:00Z,104.19152870,False
2026-01-07T06:47:00Z,103.23720071,False
2026-01-07T06:48:00Z,101.74076543,False
2026-01-07T06:49:00Z,101.55172200,False
2026-01-07T06:50:00Z,103.45765011,False
2026-01-07T06:51:00Z,102.46088182,False
2026-01-07T06:52:00Z,102.78158922,False
2026-01-07T06:53:00Z,103.47736990,False
2026-01-07T06:54:00Z,101.74026383,False
2026-01-07T06:55:00Z,103.44965663,False
2026-01-07T06:56:00Z,102.73214645,False
2026-01-07T06:57:00Z,101.84525254,False
2026-01-07T06:58:00Z,102.17405102,False
2026-01-07T06:59:00Z,101.81664512,False
2026-01-07T07:00:00Z,103.38952062,False
2026-01-07T07:01:00Z,102.76045314,False
2026-01-07T07:02:00Z,103.99911317,False
2026-01-07T07:03:00Z,102.55735262,False
2026-01-07T07:04:00Z,103.16663699,False
2026-01-07T07:05:00Z,103.59629086,False
2026-01-07T07:06:00Z,104.66241243,False
2026-01-07T07:07:00Z,102.11372938,False
2026-01-07T07:08:00Z,102.47813327,False
2026-01-07T07:09:00Z,102.98218414,False
2026-01-07T07:10:00Z,104.42740887,False
2026-01-07T07:11:00Z,104.20191538,False
2026-01-07T07:12:00Z,102.59171309,False
2026-01-07T07:13:00Z,102.13912906,False
2026-01-07T07:14:00Z,102.07311544,False
2026-01-07T07:15:00Z,102.40527992,False
2026-01-07T07:16:00Z,103.38708309,False
2026-01-07T07:17:00Z,102.19282451,False
2026-01-07T07:18:00Z,102.27578039,False
2026-01-07T07:19:00Z,103.08242867,False
2026-01-07T07:20:00Z,103.69766576,False
2026-01-07T07:21:00Z,104.65106925,False
2026-01-07T07:22:00Z,102.62678041,False
2026-01-07T07:23:00Z,104.37166630,False
2026-01-07T07:24:00Z,104.15078227,False
2026-01-07T07:25:00Z,102.97832517,False
2026-01-07T07:26:00Z,103.97532156,False
2026-01-07T07:27:00Z,105.09821492,False
2026-01-07T07:28:00Z,103.88408675,False
2026-01-07T07:29:00Z,102.95905690,False
2026-01-07T07:30:00Z,103.83407717,False
2026-01-07T07:31:00Z,100.34850360,False
2026-01-07T07:32:00Z,102.42541334,False
2026-01-07T07:33:00Z,103.82361734,False
2026-01-07T07:34:00Z,103.85562532,False
2026-01-07T07:35:00Z,103.34509961,False
2026-01-07T07:36:00Z,102.08807839,False
2026-01-07T07:37:00Z,103.45608748,False
2026-01-07T07:38:00Z,104.07319574,False
2026-01-07T07:39:00Z,105.04661305,False
2026-01-07T07:40:00Z,102.73223398,False
2026-01-07T07:41:00Z,101.84933898,False
2026-01-07T07:42:00Z,104.50920687,False
2026-01-07T07:43:00Z,104.15111608,False
2026-01-07T07:44:00Z,102.68482604,False
2026-01-07T07:45:00Z,104.19509711,False
2026-01-07T07:46:00Z,101.23271461,False
2026-01-07T07:47:00Z,104.77522053,False
2026-01-07T07:48:00Z,104.31798570,False
2026-01-07T07:49:00Z,104.92307818,False
2026-01-07T07:50:00Z,104.02775185,False
2026-01-07T07:51:00Z,103.08533295,False
2026-01-07T07:52:00Z,103.51022561,False
2026-01-07T07:53:00Z,103.02010817,False
2026-01-07T07:54:00Z,104.12272139,False
2026-01-07T07:55:00Z,102.73682920,False
2026-01-07T07:56:00Z,101.34930144,False
2026-01-07T07:57:00Z,105.24033978,False
2026-01-07T07:58:00Z,103.50756643,False
2026-01-07T07:59:00Z,102.69775275,False
2026-01-07T08:00:00Z,103.67844775,False
2026-01-07T08:01:00Z,102.04868102,False
2026-01-07T08:02:00Z,103.71084725,False
2026-01-07T08:03:00Z,104.49761600,False
2026-01-07T08:04:00Z,103.11099478,False
2026-01-07T08:05:00Z,103.80307086,False
2026-01-07T08:06:00Z,105.22225123,False
2026-01-07T08:07:00Z,101.55824852,False
2026-01-07T08:08:00Z,104.26580839,False
2026-01-07T08:09:00Z,101.45243083,False
2026-01-07T08:10:00Z,103.61265988,False
2026-01-07T08:11:00Z,104.82755354,False
2026-01-07T08:12:00Z,104.26868721,False
2026-01-07T08:13:00Z,102.44846749,False
2026-01-07T08:14:00Z,102.76482237,False
2026-01-07T08:15:00Z,103.91183256,False
2026-01-07T08:16:00Z,103.36590830,False
2026-01-07T08:17:00Z,104.72810687,False
2026-01-07T08:18:00Z,102.57411355,False
2026-01-07T08:19:00Z,101.76546123,False
2026-01-07T08:20:00Z,104.78992222,False
2026-01-07T08:21:00Z,101.92685717,False
2026-01-07T08:22:00Z,103.44489829,False
2026-01-07T08:23:00Z,102.75274854,False
2026-01-07T08:24:00Z,102.42534018,False
2026-01-07T08:25:00Z,100.63392308,False
2026-01-07T08:26:00Z,103.74398749,False
2026-01-07T08:27:00Z,104.25030262,False
2026-01-07T08:28:00Z,104.26289502,False
2026-01-07T08:29:00Z,102.46198993,False
2026-01-07T08:30:00Z,104.92696190,False
2026-01-07T08:31:00Z,104.26008345,False
2026-01-07T08:32:00Z,101.67556209,False
2026-01-07T08:33:00Z,103.01060289,False
2026-01-07T08:34:00Z,103.56100730,False
2026-01-07T08:35:00Z,102.02813147,False
2026-01-07T08:36:00Z,104.21077763,False
2026-01-07T08:37:00Z,103.86358439,False
2026-01-07T08:38:00Z,104.45957168,False
2026-01-07T08:39:00Z,104.07998341,False
2026-01-07T08:40:00Z,104.10407192,False
2026-01-07T08:41:00Z,101.09551684,False
2026-01-07T08:42:00Z,105.60106461,False
2026-01-07T08:43:00Z,100.96715413,False
2026-01-07T08:44:00Z,104.42742327,False
2026-01-07T08:45:00Z,103.11470052,False
2026-01-07T08:46:00Z,101.48705388,False
2026-01-07T08:47:00Z,101.92580026,False
2026-01-07T08:48:00Z,103.58119778,False
2026-01-07T08:49:00Z,104.56198261,False
2026-01-07T08:50:00Z,101.78679359,False
2026-01-07T08:51:00Z,104.53968427,False
2026-01-07T08:52:00Z,103.47662243,False
2026-01-07T08:53:00Z,102.70076016,False
2026-01-07T08:54:00Z,102.22457362,False
2026-01-07T08:55:00Z,103.85764525,False
2026-01-07T08:56:00Z,104.63449324,False
2026-01-07T08:57:00Z,102.74936323,False
2026-01-07T08:58:00Z,103.82858778,False
2026-01-07T08:59:00Z,102.94467584,False
2026-01-07T09:00:00Z,101.86428590,False
2026-01-07T09:01:00Z,102.49002681,False
2026-01-07T09:02:00Z,104.26372515,False
2026-01-07T09:03:00Z,103.39880383,False
2026-01-07T09:04:00Z,104.66989557,False
2026-01-07T09:05:00Z,102.36344962,False
2026-01-07T09:06:00Z,101.52215707,False
2026-01-07T09:07:00Z,103.92064115,False
2026-01-07T09:08:00Z,102.61608471,False
2026-01-07T09:09:00Z,104.25363986,False
2026-01-07T09:10:00Z,101.40437463,False
2026-01-07T09:11:00Z,102.07717872,False
2026-01-07T09:12:00Z,104.36508302,False
2026-01-07T09:13:00Z,104.95511059,False
2026-01-07T09:14:00Z,105.04874975,False
2026-01-07T09:15:00Z,102.85142363,False
2026-01-07T09:16:00Z,101.76069707,False
2026-01-07T09:17:00Z,105.76673377,False
2026-01-07T09:18:00Z,103.90092914,False
2026-01-07T09:19:00Z,104.03603183,False
2026-01-07T09:20:00Z,103.44218757,False
2026-01-07T09:21:00Z,102.96937002,False
2026-01-07T09:22:00Z,103.96299017,False
2026-01-07T09:23:00Z,103.09320776,False
2026-01-07T09:24:00Z,102.92534994,False
2026-01-07T09:25:00Z,102.91430607,False
2026-01-07T09:26:00Z,104.93703661,False
2026-01-07T09:27:00Z,101.54073086,False
2026-01-07T09:28:00Z,104.89964250,False
2026-01-07T09:29:00Z,102.34795679,False
2026-01-07T09:30:00Z,104.85612285,False
2026-01-07T09:31:00Z,104.16701322,False
2026-01-07T09:32:00Z,104.92301967,False
2026-01-07T09:33:00Z,104.84771289,False
2026-01-07T09:34:00Z,103.75418952,False
2026-01-07T09:35:00Z,103.83616884,False
2026-01-07T09:36:00Z,103.37412678,False
2026-01-07T09:37:00Z,102.93049615,False
2026-01-07T09:38:00Z,103.41553543,False
2026-01-07T09:39:00Z,105.37956223,False
2026-01-07T09:40:00Z,104.07774067,False
2026-01-07T09:41:00Z,103.47017084,False
2026-01-07T09:42:00Z,104.90678582,False
2026-01-07T09:43:00Z,104.52622001,False
2026-01-07T09:44:00Z,104.13049431,False
2026-01-07T09:45:00Z,103.40708044,False
2026-01-07T09:46:00Z,103.10350263,False
2026-01-07T09:47:00Z,102.77865255,False
2026-01-07T09:48:00Z,102.73748193,False
2026-01-07T09:49:00Z,103.03142085,False
2026-01-07T09:50:00Z,104.81094795,False
2026-01-07T09:51:00Z,104.02293360,False
2026-01-07T09:52:00Z,103.37846538,False
2026-01-07T09:53:00Z,103.53929213,False
2026-01-07T09:54:00Z,104.36621752,False
2026-01-07T09:55:00Z,105.29723216,False
2026-01-07T09:56:00Z,103.86362667,False
2026-01-07T09:57:00Z,102.50915469,False
2026-01-07T09:58:00Z,102.59841486,False
2026-01-07T09:59:00Z,104.62862481,False
2026-01-07T10:00:00Z,103.47374211,False
2026-01-07T10:01:00Z,105.13148156,False
2026-01-07T10:02:00Z,104.92590503,False
2026-01-07T10:03:00Z,104.21415412,False
2026-01-07T10:04:00Z,104.05335330,False
2026-01-07T10:05:00Z,103.74615849,False
2026-01-07T10:06:00Z,103.34956752,False
2026-01-07T10:07:00Z,102.40154815,False
2026-01-07T10:08:00Z,105.91445870,False
2026-01-07T10:09:00Z,104.59853647,False
2026-01-07T10:10:00Z,102.70127769,False
2026-01-07T10:11:00Z,102.57907554,False
2026-01-07T10:12:00Z,103.98863153,False
2026-01-07T10:13:00Z,104.59615596,False
2026-01-07T10:14:00Z,103.11865497,False
2026-01-07T10:15:00Z,102.70181334,False
2026-01-07T10:16:00Z,101.42682279,False
2026-01-07T10:17:00Z,102.08522798,False
2026-01-07T10:18:00Z,104.75763837,False
2026-01-07T10:19:00Z,103.35464688,False
2026-01-07T10:20:00Z,104.55691863,False
2026-01-07T10:21:00Z,104.55750154,False
2026-01-07T10:22:00Z,103.29951007,False
2026-01-07T10:23:00Z,104.05357253,False
2026-01-07T10:24:00Z,104.30578371,False
2026-01-07T10:25:00Z,104.10921316,False
2026-01-07T10:26:00Z,103.79144261,False
2026-01-07T10:27:00Z,103.86655824,False
2026-01-07T10:28:00Z,102.91579903,False
2026-01-07T10:29:00Z,102.72514259,False
2026-01-07T10:30:00Z,104.15983513,False
2026-01-07T10:31:00Z,103.79717069,False
2026-01-07T10:32:00Z,103.20415124,False
2026-01-07T10:33:00Z,103.20912689,False
2026-01-07T10:34:00Z,102.78914273,False
2026-01-07T10:35:00Z,101.53562931,False
2026-01-07T10:36:00Z,103.84723662,False
2026-01-07T10:37:00Z,103.56193675,False
2026-01-07T10:38:00Z,101.50582737,False
2026-01-07T10:39:00Z,102.54954149,False
2026-01-07T10:40:00Z,104.14230833,False
2026-01-07T10:41:00Z,105.66176367,False
2026-01-07T10:42:00Z,106.32762828,False
2026-01-07T10:43:00Z,102.37625809,False
2026-01-07T10:44:00Z,105.29967798,False
2026-01-07T10:45:00Z,103.68419162,False
2026-01-07T10:46:00Z,105.21740257,False
2026-01-07T10:47:00Z,102.34317283,False
2026-01-07T10:48:00Z,102.38768347,False
2026-01-07T10:49:00Z,105.84466991,False
2026-01-07T10:50:00Z,105.75363851,False
2026-01-07T10:51:00Z,103.66971174,False
2026-01-07T10:52:00Z,102.92243969,False
2026-01-07T10:53:00Z,105.24081431,False
2026-01-07T10:54:00Z,106.39804147,False
2026-01-07T10:55:00Z,105.21326311,False
2026-01-07T10:56:00Z,103.09158379,False
2026-01-07T10:57:00Z,104.59778971,False
2026-01-07T10:58:00Z,103.46943697,False
2026-01-07T10:59:00Z,105.26246929,False
2026-01-07T11:00:00Z,91.74742372,True
2026-01-07T11:01:00Z,103.48639121,False
2026-01-07T11:02:00Z,103.41893544,False
2026-01-07T11:03:00Z,102.39907218,False
2026-01-07T11:04:00Z,102.56206332,False
2026-01-07T11:05:00Z,103.17641972,False
2026-01-07T11:06:00Z,103.17704117,False
2026-01-07T11:07:00Z,103.14189499,False
2026-01-07T11:08:00Z,104.34088102,False
2026-01-07T11:09:00Z,104.46615087,False
2026-01-07T11:10:00Z,103.73076647,False
2026-01-07T11:11:00Z,103.88096276,False
2026-01-07T11:12:00Z,105.73414759,False
2026-01-07T11:13:00Z,102.92014222,False
2026-01-07T11:14:00Z,104.18490140,False
2026-01-07T11:15:00Z,103.17526674,False
2026-01-07T11:16:00Z,104.26628070,False
2026-01-07T11:17:00Z,102.90267070,False
2026-01-07T11:18:00Z,101.92382168,False
2026-01-07T11:19:00Z,105.45068067,False
2026-01-07T11:20:00Z,103.96982018,False
2026-01-07T11:21:00Z,102.87038008,False
2026-01-07T11:22:00Z,103.02077991,False
2026-01-07T11:23:00Z,102.94206928,False
2026-01-07T11:24:00Z,104.06140417,False
2026-01-07T11:25:00Z,104.57159539,False
2026-01-07T11:26:00Z,102.04023368,False
2026-01-07T11:27:00Z,102.46307653,False
2026-01-07T11:28:00Z,102.04544524,False
2026-01-07T11:29:00Z,103.16054242,False
2026-01-07T11:30:00Z,104.00083888,False
2026-01-07T11:31:00Z,104.55399484,False
2026-01-07T11:32:00Z,103.75720832,False
2026-01-07T11:33:00Z,103.89535345,False
2026-01-07T11:34:00Z,103.34592198,False
2026-01-07T11:35:00Z,104.53758799,False
2026-01-07T11:36:00Z,104.25422743,False
2026-01-07T11:37:00Z,104.26807796,False
2026-01-07T11:38:00Z,103.25435592,False
2026-01-07T11:39:00Z,103.28052746,False
2026-01-07T11:40:00Z,103.55884947,False
2026-01-07T11:41:00Z,103.53665528,False
2026-01-07T11:42:00Z,101.57135117,False
2026-01-07T11:43:00Z,103.06282785,False
2026-01-07T11:44:00Z,103.67331702,False
2026-01-07T11:45:00Z,104.05165119,False
2026-01-07T11:46:00Z,103.77927059,False
2026-01-07T11:47:00Z,104.85253473,False
2026-01-07T11:48:00Z,103.19413804,False
2026-01-07T11:49:00Z,103.82195910,False
2026-01-07T11:50:00Z,104.35215028,False
2026-01-07T11:51:00Z,104.79999886,False
2026-01-07T11:52:00Z,101.62883054,False
2026-01-07T11:53:00Z,103.89444707,False
2026-01-07T11:54:00Z,104.00953097,False
2026-01-07T11:55:00Z,101.62644090,False
2026-01-07T11:56:00Z,102.44288931,False
2026-01-07T11:57:00Z,102.72344260,False
2026-01-07T11:58:00Z,104.34970593,False
2026-01-07T11:59:00Z,102.52111738,False
2026-01-07T12:00:00Z,102.88964387,False
2026-01-07T12:01:00Z,103.49561299,False
2026-01-07T12:02:00Z,104.31170458,False
2026-01-07T12:03:00Z,102.77247859,False
2026-01-07T12:04:00Z,103.22288176,False
2026-01-07T12:05:00Z,103.35240847,False
2026-01-07T12:06:00Z,103.81106448,False
2026-01-07T12:07:00Z,100.70436740,False
2026-01-07T12:08:00Z,103.56738044,False
2026-01-07T12:09:00Z,104.42075436,False
2026-01-07T12:10:00Z,103.26834830,False
2026-01-07T12:11:00Z,103.89217161,False
2026-01-07T12:12:00Z,102.21327229,False
2026-01-07T12:13:00Z,105.55771320,False
2026-01-07T12:14:00Z,103.78200569,False
2026-01-07T12:15:00Z,104.31409731,False
2026-01-07T12:16:00Z,103.42958339,False
2026-01-07T12:17:00Z,103.48080745,False
2026-01-07T12:18:00Z,104.66957711,False
2026-01-07T12:19:00Z,102.41864963,False
2026-01-07T12:20:00Z,104.19900199,False
2026-01-07T12:21:00Z,103.64729073,False
2026-01-07T12:22:00Z,103.24935905,False
2026-01-07T12:23:00Z,103.24630028,False
2026-01-07T12:24:00Z,104.75391409,False
2026-01-07T12:25:00Z,104.53541741,False
2026-01-07T12:26:00Z,103.19563896,False
2026-01-07T12:27:00Z,104.65601605,False
2026-01-07T12:28:00Z,104.02227444,False
2026-01-07T12:29:00Z,105.68891890,False
2026-01-07T12:30:00Z,103.24337722,False
2026-01-07T12:31:00Z,104.11840554,False
2026-01-07T12:32:00Z,103.15380349,False
2026-01-07T12:33:00Z,102.32217726,False
2026-01-07T12:34:00Z,102.42435024,False
2026-01-07T12:35:00Z,104.60862775,False
2026-01-07T12:36:00Z,104.72211419,False
2026-01-07T12:37:00Z,105.90288037,False
2026-01-07T12:38:00Z,104.39152924,False
2026-01-07T12:39:00Z,102.83242670,False
2026-01-07T12:40:00Z,104.07899416,False
2026-01-07T12:41:00Z,101.63641631,False
2026-01-07T12:42:00Z,103.38209535,False
2026-01-07T12:43:00Z,103.82640384,False
2026-01-07T12:44:00Z,104.45847155,False
2026-01-07T12:45:00Z,104.25455642,False
2026-01-07T12:46:00Z,103.77515814,False
2026-01-07T12:47:00Z,102.04022747,False
2026-01-07T12:48:00Z,102.91728614,False
2026-01-07T12:49:00Z,103.66828756,False
2026-01-07T12:50:00Z,101.04663514,False
2026-01-07T12:51:00Z,104.30825347,False
2026-01-07T12:52:00Z,103.99319121,False
2026-01-07T12:53:00Z,104.00784331,False
2026-01-07T12:54:00Z,104.23180207,False
2026-01-07T12:55:00Z,104.42552376,False
2026-01-07T12:56:00Z,104.22600292,False
2026-01-07T12:57:00Z,105.24111404,False
2026-01-07T12:58:00Z,103.17012921,False
2026-01-07T12:59:00Z,102.91373940,False
2026-01-07T13:00:00Z,104.70389625,False
2026-01-07T13:01:00Z,104.24841321,False
2026-01-07T13:02:00Z,103.30135129,False
2026-01-07T13:03:00Z,104.51816106,False
2026-01-07T13:04:00Z,103.35799893,False
2026-01-07T13:05:00Z,105.28569672,False
2026-01-07T13:06:00Z,104.15737120,False
2026-01-07T13:07:00Z,103.20348009,False
2026-01-07T13:08:00Z,102.10545486,False
2026-01-07T13:09:00Z,104.39572117,False
2026-01-07T13:10:00Z,103.66060887,False
2026-01-07T13:11:00Z,102.98907102,False
2026-01-07T13:12:00Z,105.34174896,False
2026-01-07T13:13:00Z,103.10321037,False
2026-01-07T13:14:00Z,104.46774758,False
2026-01-07T13:15:00Z,104.02657368,False
2026-01-07T13:16:00Z,103.55158207,False
2026-01-07T13:17:00Z,105.70669181,False
2026-01-07T13:18:00Z,104.71927143,False
2026-01-07T13:19:00Z,103.52106932,False
2026-01-07T13:20:00Z,102.99177950,False
2026-01-07T13:21:00Z,104.47921164,False
2026-01-07T13:22:00Z,104.59874771,False
2026-01-07T13:23:00Z,102.98627804,False
2026-01-07T13:24:00Z,104.88971184,False
2026-01-07T13:25:00Z,103.93895767,False
2026-01-07T13:26:00Z,105.22242367,False
2026-01-07T13:27:00Z,104.28260786,False
2026-01-07T13:28:00Z,102.75861335,False
2026-01-07T13:29:00Z,103.70500185,False
2026-01-07T13:30:00Z,102.88713597,False
2026-01-07T13:31:00Z,102.75816840,False
2026-01-07T13:32:00Z,103.55500685,False
2026-01-07T13:33:00Z,103.58198705,False
2026-01-07T13:34:00Z,101.30784332,False
2026-01-07T13:35:00Z,104.47646623,False
2026-01-07T13:36:00Z,103.18795141,False
2026-01-07T13:37:00Z,105.21535888,False
2026-01-07T13:38:00Z,106.50922534,False
2026-01-07T13:39:00Z,104.30186154,False
2026-01-07T13:40:00Z,103.88566476,False
2026-01-07T13:41:00Z,102.62934910,False
2026-01-07T13:42:00Z,102.73999841,False
2026-01-07T13:43:00Z,103.57730131,False
2026-01-07T13:44:00Z,103.94063651,False
2026-01-07T13:45:00Z,103.26966696,False
2026-01-07T13:46:00Z,105.16397533,False
2026-01-07T13:47:00Z,102.61692152,False
2026-01-07T13:48:00Z,103.70739127,False
2026-01-07T13:49:00Z,101.88647713,False
2026-01-07T13:50:00Z,104.02453740,False
2026-01-07T13:51:00Z,103.55802175,False
2026-01-07T13:52:00Z,103.34599950,False
2026-01-07T13:53:00Z,103.77099147,False
2026-01-07T13:54:00Z,103.51703493,False
2026-01-07T13:55:00Z,103.53381815,False
2026-01-07T13:56:00Z,104.71385964,False
2026-01-07T13:57:00Z,103.54879548,False
2026-01-07T13:58:00Z,103.00187085,False
2026-01-07T13:59:00Z,104.12861652,False
2026-01-07T14:00:00Z,103.33425085,False
2026-01-07T14:01:00Z,103.63708642,False
2026-01-07T14:02:00Z,102.61157770,False
2026-01-07T14:03:00Z,103.57169603,False
2026-01-07T14:04:00Z,104.70346160,False
2026-01-07T14:05:00Z,104.15193341,False
2026-01-07T14:06:00Z,104.66161728,False
2026-01-07T14:07:00Z,102.45757140,False
2026-01-07T14:08:00Z,103.72511673,False
2026-01-07T14:09:00Z,104.13176842,False
2026-01-07T14:10:00Z,103.92418174,False
2026-01-07T14:11:00Z,105.79144078,False
2026-01-07T14:12:00Z,104.52415222,False
2026-01-07T14:13:00Z,103.02176194,False
2026-01-07T14:14:00Z,104.55058983,False
2026-01-07T14:15:00Z,103.44065638,False
2026-01-07T14:16:00Z,102.99680999,False
2026-01-07T14:17:00Z,104.55759700,False
2026-01-07T14:18:00Z,104.24223348,False
2026-01-07T14:19:00Z,103.91865897,False
2026-01-07T14:20:00Z,103.21220100,False
2026-01-07T14:21:00Z,103.76430247,False
2026-01-07T14:22:00Z,105.67760414,False
2026-01-07T14:23:00Z,103.05854278,False
2026-01-07T14:24:00Z,102.99558140,False
2026-01-07T14:25:00Z,104.00030159,False
2026-01-07T14:26:00Z,103.54178943,False
2026-01-07T14:27:00Z,103.81681085,False
2026-01-07T14:28:00Z,101.78638167,False
2026-01-07T14:29:00Z,103.86997639,False
2026-01-07T14:30:00Z,102.98943601,False
2026-01-07T14:31:00Z,102.84831814,False
2026-01-07T14:32:00Z,105.61654665,False
2026-01-07T14:33:00Z,103.59202253,False
2026-01-07T14:34:00Z,103.75875135,False
2026-01-07T14:35:00Z,104.14056604,False
2026-01-07T14:36:00Z,103.56675560,False
2026-01-07T14:37:00Z,106.31903330,False
2026-01-07T14:38:00Z,104.29184290,False
2026-01-07T14:39:00Z,103.21427623,False
2026-01-07T14:40:00Z,105.75291639,False
2026-01-07T14:41:00Z,102.32631523,False
2026-01-07T14:42:00Z,102.37324987,False
2026-01-07T14:43:00Z,103.29323159,False
2026-01-07T14:44:00Z,102.75198993,False
2026-01-07T14:45:00Z,104.16511124,False
2026-01-07T14:46:00Z,100.88831251,False
2026-01-07T14:47:00Z,102.83839683,False
2026-01-07T14:48:00Z,103.57872587,False
2026-01-07T14:49:00Z,104.95280301,False
2026-01-07T14:50:00Z,103.16092415,False
2026-01-07T14:51:00Z,103.96811493,False
2026-01-07T14:52:00Z,102.93074112,False
2026-01-07T14:53:00Z,102.96211830,False
2026-01-07T14:54:00Z,104.21435454,False
2026-01-07T14:55:00Z,102.03483768,False
2026-01-07T14:56:00Z,103.88389075,False
2026-01-07T14:57:00Z,103.09442062,False
2026-01-07T14:58:00Z,104.43569795,False
2026-01-07T14:59:00Z,105.17179631,False
2026-01-07T15:00:00Z,103.86817990,False
2026-01-07T15:01:00Z,103.42899144,False
2026-01-07T15:02:00Z,105.22040663,False
2026-01-07T15:03:00Z,104.05474172,False
2026-01-07T15:04:00Z,102.44770468,False
2026-01-07T15:05:00Z,106.00158838,False
2026-01-07T15:06:00Z,103.14587295,False
2026-01-07T15:07:00Z,103.85389647,False
2026-01-07T15:08:00Z,102.47767146,False
2026-01-07T15:09:00Z,103.89893542,False
2026-01-07T15:10:00Z,103.91331412,False
2026-01-07T15:11:00Z,103.13949965,False
2026-01-07T15:12:00Z,104.14151923,False
2026-01-07T15:13:00Z,104.44830241,False
2026-01-07T15:14:00Z,102.84736305,False
2026-01-07T15:15:00Z,102.66114700,False
2026-01-07T15:16:00Z,105.02180263,False
2026-01-07T15:17:00Z,103.00486403,False
2026-01-07T15:18:00Z,103.60528475,False
2026-01-07T15:19:00Z,105.08725865,False
2026-01-07T15:20:00Z,105.59351740,False
2026-01-07T15:21:00Z,101.50617855,False
2026-01-07T15:22:00Z,103.66482608,False
2026-01-07T15:23:00Z,103.78951818,False
2026-01-07T15:24:00Z,104.69448043,False
2026-01-07T15:25:00Z,102.89335145,False
2026-01-07T15:26:00Z,104.50256932,False
2026-01-07T15:27:00Z,103.26261807,False
2026-01-07T15:28:00Z,104.15419429,False
2026-01-07T15:29:00Z,104.05427312,False
2026-01-07T15:30:00Z,105.83885509,False
2026-01-07T15:31:00Z,103.73041304,False
2026-01-07T15:32:00Z,106.07947051,False
2026-01-07T15:33:00Z,102.69687212,False
2026-01-07T15:34:00Z,102.50150363,False
2026-01-07T15:35:00Z,103.56631543,False
2026-01-07T15:36:00Z,104.29829543,False
2026-01-07T15:37:00Z,105.69840277,False
2026-01-07T15:38:00Z,105.92172384,False
2026-01-07T15:39:00Z,104.16259346,False
2026-01-07T15:40:00Z,103.95749163,False
2026-01-07T15:41:00Z,103.37175888,False
2026-01-07T15:42:00Z,104.73512661,False
2026-01-07T15:43:00Z,103.48423318,False
2026-01-07T15:44:00Z,102.92403702,False
2026-01-07T15:45:00Z,104.41623594,False
2026-01-07T15:46:00Z,104.20501548,False
2026-01-07T15:47:00Z,103.87465713,False
2026-01-07T15:48:00Z,104.12529370,False
2026-01-07T15:49:00Z,103.68439037,False
2026-01-07T15:50:00Z,103.86215561,False
2026-01-07T15:51:00Z,105.80825724,False
2026-01-07T15:52:00Z,103.13429573,False
2026-01-07T15:53:00Z,102.61979075,False
2026-01-07T15:54:00Z,102.41745326,False
2026-01-07T15:55:00Z,102.54308388,False
2026-01-07T15:56:00Z,102.64150806,False
2026-01-07T15:57:00Z,103.56759647,False
2026-01-07T15:58:00Z,103.15655496,False
2026-01-07T15:59:00Z,104.02596606,False
2026-01-07T16:00:00Z,116.00652293,True
2026-01-07T16:01:00Z,103.41320771,False
2026-01-07T16:02:00Z,104.85297064,False
2026-01-07T16:03:00Z,103.65602738,False
2026-01-07T16:04:00Z,102.90672763,False
2026-01-07T16:05:00Z,104.26841707,False
2026-01-07T16:06:00Z,103.27744838,False
2026-01-07T16:07:00Z,104.61534793,False
2026-01-07T16:08:00Z,100.65134991,False
2026-01-07T16:09:00Z,104.34070069,False
2026-01-07T16:10:00Z,103.42413980,False
2026-01-07T16:11:00Z,104.90322877,False
2026-01-07T16:12:00Z,104.04190298,False
2026-01-07T16:13:00Z,103.76285786,False
2026-01-07T16:14:00Z,104.26473950,False
2026-01-07T16:15:00Z,104.26487999,False
2026-01-07T16:16:00Z,101.23226452,False
2026-01-07T16:17:00Z,104.05255104,False
2026-01-07T16:18:00Z,103.32198698,False
2026-01-07T16:19:00Z,104.67493380,False
2026-01-07T16:20:00Z,101.86049803,False
2026-01-07T16:21:00Z,99.62208299,False
2026-01-07T16:22:00Z,101.53278585,False
2026-01-07T16:23:00Z,101.12351116,False
2026-01-07T16:24:00Z,104.01968101,False
2026-01-07T16:25:00Z,103.59327228,False
2026-01-07T16:26:00Z,104.11688735,False
2026-01-07T16:27:00Z,102.33462624,False
2026-01-07T16:28:00Z,103.01608532,False
2026-01-07T16:29:00Z,104.40954662,False
2026-01-07T16:30:00Z,104.07584736,False
2026-01-07T16:31:00Z,104.85944797,False
2026-01-07T16:32:00Z,104.02124258,False
2026-01-07T16:33:00Z,101.27331580,False
2026-01-07T16:34:00Z,103.27976402,False
2026-01-07T16:35:00Z,104.53052866,False
2026-01-07T16:36:00Z,105.60744930,False
2026-01-07T16:37:00Z,102.27710656,False
2026-01-07T16:38:00Z,101.95125405,False
2026-01-07T16:39:00Z,101.96576200,False
2026-01-07T16:40:00Z,103.10630902,False
2026-01-07T16:41:00Z,105.20965766,False
2026-01-07T16:42:00Z,103.83950398,False
2026-01-07T16:43:00Z,104.16197305,False
2026-01-07T16:44:00Z,102.15326661,False
2026-01-07T16:45:00Z,104.41737297,False
2026-01-07T16:46:00Z,103.96249926,False
2026-01-07T16:47:00Z,103.53501559,False
2026-01-07T16:48:00Z,103.78836232,False
2026-01-07T16:49:00Z,102.44372208,False
2026-01-07T16:50:00Z,101.90317077,False
2026-01-07T16:51:00Z,104.65805855,False
2026-01-07T16:52:00Z,104.14923900,False
2026-01-07T16:53:00Z,102.08023862,False
2026-01-07T16:54:00Z,102.85801393,False
2026-01-07T16:55:00Z,102.00725890,False
2026-01-07T16:56:00Z,103.97957404,False
2026-01-07T16:57:00Z,103.24699668,False
2026-01-07T16:58:00Z,104.64047411,False
2026-01-07T16:59:00Z,102.88175096,False
2026-01-07T17:00:00Z,104.13976549,False
2026-01-07T17:01:00Z,102.70668139,False
2026-01-07T17:02:00Z,103.14016547,False
2026-01-07T17:03:00Z,103.47121153,False
2026-01-07T17:04:00Z,102.55669901,False
2026-01-07T17:05:00Z,102.36205621,False
2026-01-07T17:06:00Z,103.54282200,False
2026-01-07T17:07:00Z,103.58673844,False
2026-01-07T17:08:00Z,105.98562487,False
2026-01-07T17:09:00Z,102.19114450,False
2026-01-07T17:10:00Z,104.41541852,False
2026-01-07T17:11:00Z,101.30347777,False
2026-01-07T17:12:00Z,104.18943774,False
2026-01-07T17:13:00Z,102.48132394,False
2026-01-07T17:14:00Z,103.88347995,False
2026-01-07T17:15:00Z,103.97896170,False
2026-01-07T17:16:00Z,102.55883714,False
2026-01-07T17:17:00Z,103.51920094,False
2026-01-07T17:18:00Z,103.82604124,False
2026-01-07T17:19:00Z,104.46077998,False
2026-01-07T17:20:00Z,101.64381792,False
2026-01-07T17:21:00Z,102.60849210,False
2026-01-07T17:22:00Z,102.22442424,False
2026-01-07T17:23:00Z,100.88365887,False
2026-01-07T17:24:00Z,101.89376935,False
2026-01-07T17:25:00Z,101.94240278,False
2026-01-07T17:26:00Z,103.97415640,False
2026-01-07T17:27:00Z,103.52445803,False
2026-01-07T17:28:00Z,103.76088565,False
2026-01-07T17:29:00Z,103.62180852,False
2026-01-07T17:30:00Z,103.67838025,False
2026-01-07T17:31:00Z,102.25265558,False
2026-01-07T17:32:00Z,102.57940731,False
2026-01-07T17:33:00Z,102.32731804,False
2026-01-07T17:34:00Z,101.85406314,False
2026-01-07T17:35:00Z,102.23677992,False
2026-01-07T17:36:00Z,105.02667677,False
2026-01-07T17:37:00Z,102.73546078,False
2026-01-07T17:38:00Z,102.59645554,False
2026-01-07T17:39:00Z,102.26947428,False
2026-01-07T17:40:00Z,103.44161464,False
2026-01-07T17:41:00Z,102.35651037,False
2026-01-07T17:42:00Z,102.91844866,False
2026-01-07T17:43:00Z,103.42393713,False
2026-01-07T17:44:00Z,103.00192392,False
2026-01-07T17:45:00Z,102.34187269,False
2026-01-07T17:46:00Z,105.11580500,False
2026-01-07T17:47:00Z,104.24689368,False
2026-01-07T17:48:00Z,102.13266875,False
2026-01-07T17:49:00Z,101.03465981,False
2026-01-07T17:50:00Z,104.58401026,False
2026-01-07T17:51:00Z,103.08253420,False
2026-01-07T17:52:00Z,103.21652420,False
2026-01-07T17:53:00Z,102.39641041,False
2026-01-07T17:54:00Z,101.61009910,False
2026-01-07T17:55:00Z,103.76273618,False
2026-01-07T17:56:00Z,102.67487647,False
2026-01-07T17:57:00Z,102.22669620,False
2026-01-07T17:58:00Z,102.38678625,False
2026-01-07T17:59:00Z,103.26520872,False
2026-01-07T18:00:00Z,104.03147714,False
2026-01-07T18:01:00Z,102.37037577,False
2026-01-07T18:02:00Z,102.26643709,False
2026-01-07T18:03:00Z,104.42147823,False
2026-01-07T18:04:00Z,102.35444949,False
2026-01-07T18:05:00Z,101.61688526,False
2026-01-07T18:06:00Z,102.95118357,False
2026-01-07T18:07:00Z,101.81420618,False
2026-01-07T18:08:00Z,100.28681214,False
2026-01-07T18:09:00Z,103.10598475,False
2026-01-07T18:10:00Z,101.00261435,False
2026-01-07T18:11:00Z,104.11220940,False
2026-01-07T18:12:00Z,102.12755787,False
2026-01-07T18:13:00Z,101.84781591,False
2026-01-07T18:14:00Z,102.69533415,False
2026-01-07T18:15:00Z,103.79457802,False
2026-01-07T18:16:00Z,102.42842720,False
2026-01-07T18:17:00Z,103.54039320,False
2026-01-07T18:18:00Z,102.95938216,False
2026-01-07T18:19:00Z,102.59613228,False
2026-01-07T18:20:00Z,102.18237014,False
2026-01-07T18:21:00Z,104.53881923,False
2026-01-07T18:22:00Z,101.77532453,False
2026-01-07T18:23:00Z,102.01752396,False
2026-01-07T18:24:00Z,102.66369458,False
2026-01-07T18:25:00Z,102.26126853,False
2026-01-07T18:26:00Z,102.39026936,False
2026-01-07T18:27:00Z,102.53130913,False
2026-01-07T18:28:00Z,102.76890472,False
2026-01-07T18:29:00Z,104.34045026,False
2026-01-07T18:30:00Z,102.63538921,False
2026-01-07T18:31:00Z,101.43476678,False
2026-01-07T18:32:00Z,104.49362753,False
2026-01-07T18:33:00Z,104.18129975,False
2026-01-07T18:34:00Z,104.41261226,False
2026-01-07T18:35:00Z,102.46247498,False
2026-01-07T18:36:00Z,100.96980406,False
2026-01-07T18:37:00Z,104.13297251,False
2026-01-07T18:38:00Z,103.56133417,False
2026-01-07T18:39:00Z,104.27210085,False
2026-01-07T18:40:00Z,105.02123880,False
2026-01-07T18:41:00Z,102.65936922,False
2026-01-07T18:42:00Z,102.78986642,False
2026-01-07T18:43:00Z,102.11426081,False
2026-01-07T18:44:00Z,101.48199392,False
2026-01-07T18:45:00Z,103.84072311,False
2026-01-07T18:46:00Z,101.80450871,False
2026-01-07T18:47:00Z,103.79475728,False
2026-01-07T18:48:00Z,103.77339913,False
2026-01-07T18:49:00Z,103.36606701,False
2026-01-07T18:50:00Z,103.21037865,False
2026-01-07T18:51:00Z,103.36588818,False
2026-01-07T18:52:00Z,101.65312505,False
2026-01-07T18:53:00Z,103.23808870,False
2026-01-07T18:54:00Z,102.07858730,False
2026-01-07T18:55:00Z,102.73437109,False
2026-01-07T18:56:00Z,102.37228016,False
2026-01-07T18:57:00Z,102.32126522,False
2026-01-07T18:58:00Z,103.19368119,False
2026-01-07T18:59:00Z,102.96451765,False
2026-01-07T19:00:00Z,103.23607523,False
2026-01-07T19:01:00Z,102.51413757,False
2026-01-07T19:02:00Z,103.24033229,False
2026-01-07T19:03:00Z,103.25976406,False
2026-01-07T19:04:00Z,102.80558969,False
2026-01-07T19:05:00Z,102.63441378,False
2026-01-07T19:06:00Z,102.36423971,False
2026-01-07T19:07:00Z,102.21211713,False
2026-01-07T19:08:00Z,102.40669624,False
2026-01-07T19:09:00Z,103.73792862,False
2026-01-07T19:10:00Z,103.08029316,False
2026-01-07T19:11:00Z,101.95493175,False
2026-01-07T19:12:00Z,102.30654102,False
2026-01-07T19:13:00Z,103.37255158,False
2026-01-07T19:14:00Z,102.79494053,False
2026-01-07T19:15:00Z,101.74207725,False
2026-01-07T19:16:00Z,102.66555871,False
2026-01-07T19:17:00Z,102.18000340,False
2026-01-07T19:18:00Z,104.04489218,False
2026-01-07T19:19:00Z,102.75110048,False
2026-01-07T19:20:00Z,103.35918637,False
2026-01-07T19:21:00Z,100.70029122,False
2026-01-07T19:22:00Z,101.84219380,False
2026-01-07T19:23:00Z,103.16402629,False
2026-01-07T19:24:00Z,101.85741036,False
2026-01-07T19:25:00Z,102.69094654,False
2026-01-07T19:26:00Z,101.80460471,False
2026-01-07T19:27:00Z,104.51599826,False
2026-01-07T19:28:00Z,102.79462424,False
2026-01-07T19:29:00Z,102.30072836,False
2026-01-07T19:30:00Z,102.76428168,False
2026-01-07T19:31:00Z,102.75886389,False
2026-01-07T19:32:00Z,102.90647739,False
2026-01-07T19:33:00Z,100.98105436,False
2026-01-07T19:34:00Z,102.52895966,False
2026-01-07T19:35:00Z,100.64321637,False
2026-01-07T19:36:00Z,102.96347255,False
2026-01-07T19:37:00Z,102.41744336,False
2026-01-07T19:38:00Z,102.84090571,False
2026-01-07T19:39:00Z,102.71982727,False
2026-01-07T19:40:00Z,104.22027905,False
2026-01-07T19:41:00Z,101.38823149,False
2026-01-07T19:42:00Z,102.21191224,False
2026-01-07T19:43:00Z,102.06724141,False
2026-01-07T19:44:00Z,101.27315103,False
2026-01-07T19:45:00Z,103.55541777,False
2026-01-07T19:46:00Z,101.33402194,False
2026-01-07T19:47:00Z,102.45122424,False
2026-01-07T19:48:00Z,102.21249838,False
2026-01-07T19:49:00Z,102.52168647,False
2026-01-07T19:50:00Z,103.42172089,False
2026-01-07T19:51:00Z,102.81697920,False
2026-01-07T19:52:00Z,103.09603513,False
2026-01-07T19:53:00Z,103.09022581,False
2026-01-07T19:54:00Z,102.75703520,False
2026-01-07T19:55:00Z,103.11936061,False
2026-01-07T19:56:00Z,101.74048786,False
2026-01-07T19:57:00Z,100.87110660,False
2026-01-07T19:58:00Z,101.28007291,False
2026-01-07T19:59:00Z,102.09728761,False
2026-01-07T20:00:00Z,102.50412968,False
2026-01-07T20:01:00Z,104.44495171,False
2026-01-07T20:02:00Z,103.19079196,False
2026-01-07T20:03:00Z,101.34233054,False
2026-01-07T20:04:00Z,103.92258778,False
2026-01-07T20:05:00Z,101.49273436,False
2026-01-07T20:06:00Z,103.25713050,False
2026-01-07T20:07:00Z,103.99632049,False
2026-01-07T20:08:00Z,102.80364150,False
2026-01-07T20:09:00Z,101.12452567,False
2026-01-07T20:10:00Z,102.01736041,False
2026-01-07T20:11:00Z,103.87362135,False
2026-01-07T20:12:00Z,100.39780910,False
2026-01-07T20:13:00Z,101.14231643,False
2026-01-07T20:14:00Z,103.49138533,False
2026-01-07T20:15:00Z,101.61729281,False
2026-01-07T20:16:00Z,102.26793988,False
2026-01-07T20:17:00Z,103.53408122,False
2026-01-07T20:18:00Z,102.62026079,False
2026-01-07T20:19:00Z,101.27329890,False
2026-01-07T20:20:00Z,102.51893564,False
2026-01-07T20:21:00Z,102.62113324,False
2026-01-07T20:22:00Z,103.61595533,False
2026-01-07T20:23:00Z,101.40262806,False
2026-01-07T20:24:00Z,101.24202517,False
2026-01-07T20:25:00Z,102.96593568,False
2026-01-07T20:26:00Z,101.67104548,False
2026-01-07T20:27:00Z,103.39499431,False
2026-01-07T20:28:00Z,100.35740843,False
2026-01-07T20:29:00Z,102.40784040,False
2026-01-07T20:30:00Z,102.55826546,False
2026-01-07T20:31:00Z,102.34022288,False
2026-01-07T20:32:00Z,102.88114698,False
2026-01-07T20:33:00Z,101.53739468,False
2026-01-07T20:34:00Z,100.51589228,False
2026-01-07T20:35:00Z,101.45074509,False
2026-01-07T20:36:00Z,101.40825003,False
2026-01-07T20:37:00Z,101.76065883,False
2026-01-07T20:38:00Z,103.45971267,False
2026-01-07T20:39:00Z,101.31428686,False
2026-01-07T20:40:00Z,100.49501215,False
2026-01-07T20:41:00Z,101.55398956,False
2026-01-07T20:42:00Z,102.37019868,False
2026-01-07T20:43:00Z,100.85256941,False
2026-01-07T20:44:00Z,102.63562061,False
2026-01-07T20:45:00Z,101.49011101,False
2026-01-07T20:46:00Z,102.52372346,False
2026-01-07T20:47:00Z,101.94154899,False
2026-01-07T20:48:00Z,102.16985796,False
2026-01-07T20:49:00Z,102.44334611,False
2026-01-07T20:50:00Z,102.40638262,False
2026-01-07T20:51:00Z,101.79053465,False
2026-01-07T20:52:00Z,102.76317453,False
2026-01-07T20:53:00Z,101.20979801,False
2026-01-07T20:54:00Z,102.49845738,False
2026-01-07T20:55:00Z,100.48858938,False
2026-01-07T20:56:00Z,101.17498272,False
2026-01-07T20:57:00Z,103.13667026,False
2026-01-07T20:58:00Z,100.70316434,False
2026-01-07T20:59:00Z,102.28995180,False
2026-01-07T21:00:00Z,93.21592652,True
2026-01-07T21:01:00Z,101.33049375,False
2026-01-07T21:02:00Z,101.80087952,False
2026-01-07T21:03:00Z,101.85157758,False
2026-01-07T21:04:00Z,101.88179145,False
2026-01-07T21:05:00Z,100.13393192,False
2026-01-07T21:06:00Z,101.54353193,False
2026-01-07T21:07:00Z,102.23693482,False
2026-01-07T21:08:00Z,103.60948112,False
2026-01-07T21:09:00Z,102.81766428,False
2026-01-07T21:10:00Z,102.25540938,False
2026-01-07T21:11:00Z,103.00596726,False
2026-01-07T21:12:00Z,101.98164683,False
2026-01-07T21:13:00Z,102.40153503,False
2026-01-07T21:14:00Z,100.92907605,False
2026-01-07T21:15:00Z,102.75066494,False
2026-01-07T21:16:00Z,103.05037783,False
2026-01-07T21:17:00Z,100.17980457,False
2026-01-07T21:18:00Z,102.74266421,False
2026-01-07T21:19:00Z,102.20383820,False
2026-01-07T21:20:00Z,101.61119155,False
2026-01-07T21:21:00Z,101.43921233,False
2026-01-07T21:22:00Z,100.47440857,False
2026-01-07T21:23:00Z,100.07831087,False
2026-01-07T21:24:00Z,102.04714232,False
2026-01-07T21:25:00Z,101.00768025,False
2026-01-07T21:26:00Z,100.28260898,False
2026-01-07T21:27:00Z,102.67342255,False
2026-01-07T21:28:00Z,101.21552029,False
2026-01-07T21:29:00Z,100.99626061,False
2026-01-07T21:30:00Z,101.58419105,False
2026-01-07T21:31:00Z,101.92374478,False
2026-01-07T21:32:00Z,102.11773679,False
2026-01-07T21:33:00Z,102.75538404,False
2026-01-07T21:34:00Z,102.28560480,False
2026-01-07T21:35:00Z,101.26540220,False
2026-01-07T21:36:00Z,101.76119138,False
2026-01-07T21:37:00Z,101.68806910,False
2026-01-07T21:38:00Z,102.12701783,False
2026-01-07T21:39:00Z,102.45325805,False
2026-01-07T21:40:00Z,101.21680254,False
2026-01-07T21:41:00Z,102.97949095,False
2026-01-07T21:42:00Z,99.97002980,False
2026-01-07T21:43:00Z,101.12547323,False
2026-01-07T21:44:00Z,101.10109835,False
2026-01-07T21:45:00Z,99.28503780,False
2026-01-07T21:46:00Z,101.72354506,False
2026-01-07T21:47:00Z,100.65334775,False
2026-01-07T21:48:00Z,102.58391279,False
2026-01-07T21:49:00Z,102.10913158,False
2026-01-07T21:50:00Z,102.68491583,False
2026-01-07T21:51:00Z,100.94374793,False
2026-01-07T21:52:00Z,103.70928987,False
2026-01-07T21:53:00Z,102.69666536,False
2026-01-07T21:54:00Z,101.10079866,False
2026-01-07T21:55:00Z,102.19830410,False
2026-01-07T21:56:00Z,101.68129220,False
2026-01-07T21:57:00Z,103.14522727,False
2026-01-07T21:58:00Z,99.35369327,False
2026-01-07T21:59:00Z,100.04545895,False
2026-01-07T22:00:00Z,101.22202159,False
2026-01-07T22:01:00Z,100.79634725,False
2026-01-07T22:02:00Z,102.64791131,False
2026-01-07T22:03:00Z,102.00284998,False
2026-01-07T22:04:00Z,101.60147452,False
2026-01-07T22:05:00Z,101.85228795,False
2026-01-07T22:06:00Z,101.02443454,False
2026-01-07T22:07:00Z,101.11126705,False
2026-01-07T22:08:00Z,103.62664310,False
2026-01-07T22:09:00Z,101.87556597,False
2026-01-07T22:10:00Z,103.40309433,False
2026-01-07T22:11:00Z,99.48475239,False
2026-01-07T22:12:00Z,100.54929356,False
2026-01-07T22:13:00Z,100.78026190,False
2026-01-07T22:14:00Z,102.22164277,False
2026-01-07T22:15:00Z,100.40749553,False
2026-01-07T22:16:00Z,101.32573087,False
2026-01-07T22:17:00Z,101.09356782,False
2026-01-07T22:18:00Z,101.34715252,False
2026-01-07T22:19:00Z,101.54496809,False
2026-01-07T22:20:00Z,101.34669601,False
2026-01-07T22:21:00Z,102.27011215,False
2026-01-07T22:22:00Z,100.70624288,False
2026-01-07T22:23:00Z,101.87472773,False
2026-01-07T22:24:00Z,103.43644498,False
2026-01-07T22:25:00Z,101.82701077,False
2026-01-07T22:26:00Z,100.82397522,False
2026-01-07T22:27:00Z,102.83238295,False
2026-01-07T22:28:00Z,102.15769981,False
2026-01-07T22:29:00Z,102.22993368,False
2026-01-07T22:30:00Z,101.30657386,False
2026-01-07T22:31:00Z,101.37870358,False
2026-01-07T22:32:00Z,102.31357666,False
2026-01-07T22:33:00Z,101.15455699,False
2026-01-07T22:34:00Z,103.06186365,False
2026-01-07T22:35:00Z,101.03659566,False
2026-01-07T22:36:00Z,102.28745641,False
2026-01-07T22:37:00Z,102.01767484,False
2026-01-07T22:38:00Z,100.92951342,False
2026-01-07T22:39:00Z,101.86255857,False
2026-01-07T22:40:00Z,100.84592019,False
2026-01-07T22:41:00Z,101.52579479,False
2026-01-07T22:42:00Z,100.32281302,False
2026-01-07T22:43:00Z,101.33936948,False
2026-01-07T22:44:00Z,101.19508225,False
2026-01-07T22:45:00Z,103.08569580,False
2026-01-07T22:46:00Z,101.72171910,False
2026-01-07T22:47:00Z,101.11292319,False
2026-01-07T22:48:00Z,101.42094750,False
2026-01-07T22:49:00Z,101.50798242,False
2026-01-07T22:50:00Z,100.57510775,False
2026-01-07T22:51:00Z,101.08054098,False
2026-01-07T22:52:00Z,102.05964270,False
2026-01-07T22:53:00Z,100.77081237,False
2026-01-07T22:54:00Z,101.18896555,False
2026-01-07T22:55:00Z,101.39566314,False
2026-01-07T22:56:00Z,100.72817983,False
2026-01-07T22:57:00Z,100.13153324,False
2026-01-07T22:58:00Z,102.50869463,False
2026-01-07T22:59:00Z,102.99328691,False
2026-01-07T23:00:00Z,101.86605860,False
2026-01-07T23:01:00Z,102.02872648,False
2026-01-07T23:02:00Z,100.67563895,False
2026-01-07T23:03:00Z,100.27182583,False
2026-01-07T23:04:00Z,101.67103047,False
2026-01-07T23:05:00Z,102.05183586,False
2026-01-07T23:06:00Z,102.23701574,False
2026-01-07T23:07:00Z,102.54075972,False
2026-01-07T23:08:00Z,100.64969489,False
2026-01-07T23:09:00Z,101.45527781,False
2026-01-07T23:10:00Z,101.73591059,False
2026-01-07T23:11:00Z,98.56982574,False
2026-01-07T23:12:00Z,101.28913959,False
2026-01-07T23:13:00Z,101.54725242,False
2026-01-07T23:14:00Z,100.76294799,False
2026-01-07T23:15:00Z,101.00715064,False
2026-01-07T23:16:00Z,101.06288302,False
2026-01-07T23:17:00Z,100.07635441,False
2026-01-07T23:18:00Z,100.42508091,False
2026-01-07T23:19:00Z,100.78046230,False
2026-01-07T23:20:00Z,101.61099535,False
2026-01-07T23:21:00Z,101.19653607,False
2026-01-07T23:22:00Z,101.58887816,False
2026-01-07T23:23:00Z,101.15844604,False
2026-01-07T23:24:00Z,103.08056839,False
2026-01-07T23:25:00Z,101.45657863,False
2026-01-07T23:26:00Z,102.12360696,False
2026-01-07T23:27:00Z,100.73263263,False
2026-01-07T23:28:00Z,100.76972389,False
2026-01-07T23:29:00Z,101.69726199,False
2026-01-07T23:30:00Z,98.53782625,False
2026-01-07T23:31:00Z,99.78047237,False
2026-01-07T23:32:00Z,101.61045174,False
2026-01-07T23:33:00Z,99.37557442,False
2026-01-07T23:34:00Z,101.65722464,False
2026-01-07T23:35:00Z,101.31710223,False
2026-01-07T23:36:00Z,100.57247376,False
2026-01-07T23:37:00Z,102.05489662,False
2026-01-07T23:38:00Z,100.89734839,False
2026-01-07T23:39:00Z,102.48660583,False
2026-01-07T23:40:00Z,100.66769186,False
2026-01-07T23:41:00Z,101.23429671,False
2026-01-07T23:42:00Z,101.24138819,False
2026-01-07T23:43:00Z,101.14155664,False
2026-01-07T23:44:00Z,100.63390556,False
2026-01-07T23:45:00Z,100.89389630,False
2026-01-07T23:46:00Z,100.65814800,False
2026-01-07T23:47:00Z,101.60531162,False
2026-01-07T23:48:00Z,100.64553009,False
2026-01-07T23:49:00Z,101.70907043,False
2026-01-07T23:50:00Z,101.41837007,False
2026-01-07T23:51:00Z,99.48521851,False
2026-01-07T23:52:00Z,99.41067508,False
2026-01-07T23:53:00Z,101.54484969,False
2026-01-07T23:54:00Z,101.64323471,False
2026-01-07T23:55:00Z,101.15934911,False
2026-01-07T23:56:00Z,100.59034731,False
2026-01-07T23:57:00Z,102.23183114,False
2026-01-07T23:58:00Z,101.06326284,False
2026-01-07T23:59:00Z,103.34022048,False
2026-01-08T00:00:00Z,101.29734717,False
2026-01-08T00:01:00Z,100.55066029,False
2026-01-08T00:02:00Z,101.49758309,False
2026-01-08T00:03:00Z,101.79436406,False
2026-01-08T00:04:00Z,101.11254869,False
2026-01-08T00:05:00Z,100.72167910,False
2026-01-08T00:06:00Z,100.76015391,False
2026-01-08T00:07:00Z,101.53816126,False
2026-01-08T00:08:00Z,99.45299057,False
2026-01-08T00:09:00Z,100.87647082,False
2026-01-08T00:10:00Z,99.94885195,False
2026-01-08T00:11:00Z,100.46436882,False
2026-01-08T00:12:00Z,101.52559380,False
2026-01-08T00:13:00Z,101.45104580,False
2026-01-08T00:14:00Z,101.11298460,False
2026-01-08T00:15:00Z,102.12118639,False
2026-01-08T00:16:00Z,101.28430007,False
2026-01-08T00:17:00Z,100.65247770,False
2026-01-08T00:18:00Z,98.69770328,False
2026-01-08T00:19:00Z,100.31624194,False
2026-01-08T00:20:00Z,100.29514660,False
2026-01-08T00:21:00Z,100.94402253,False
2026-01-08T00:22:00Z,99.34482100,False
2026-01-08T00:23:00Z,101.49072135,False
2026-01-08T00:24:00Z,102.41134555,False
2026-01-08T00:25:00Z,101.14483456,False
2026-01-08T00:26:00Z,100.55251109,False
2026-01-08T00:27:00Z,101.22567615,False
2026-01-08T00:28:00Z,100.32180226,False
2026-01-08T00:29:00Z,100.63321320,False
2026-01-08T00:30:00Z,98.65606900,False
2026-01-08T00:31:00Z,100.16325713,False
2026-01-08T00:32:00Z,100.92390427,False
2026-01-08T00:33:00Z,101.05526758,False
2026-01-08T00:34:00Z,98.69560172,False
2026-01-08T00:35:00Z,100.56257538,False
2026-01-08T00:36:00Z,103.24691469,False
2026-01-08T00:37:00Z,99.18349037,False
2026-01-08T00:38:00Z,102.19104972,False
2026-01-08T00:39:00Z,100.39089456,False
2026-01-08T00:40:00Z,100.32488273,False
2026-01-08T00:41:00Z,100.98069760,False
2026-01-08T00:42:00Z,101.27180411,False
2026-01-08T00:43:00Z,100.51789088,False
2026-01-08T00:44:00Z,100.47205483,False
2026-01-08T00:45:00Z,100.08516705,False
2026-01-08T00:46:00Z,100.20948378,False
2026-01-08T00:47:00Z,98.96045461,False
2026-01-08T00:48:00Z,99.55603975,False
2026-01-08T00:49:00Z,103.36341832,False
2026-01-08T00:50:00Z,100.17241216,False
2026-01-08T00:51:00Z,100.97457018,False
2026-01-08T00:52:00Z,101.25669294,False
2026-01-08T00:53:00Z,101.24250142,False
2026-01-08T00:54:00Z,98.94104756,False
2026-01-08T00:55:00Z,101.76178923,False
2026-01-08T00:56:00Z,99.46585309,False
2026-01-08T00:57:00Z,100.58997505,False
2026-01-08T00:58:00Z,102.32913446,False
2026-01-08T00:59:00Z,100.55314882,False
2026-01-08T01:00:00Z,99.75621670,False
2026-01-08T01:01:00Z,100.84486840,False
2026-01-08T01:02:00Z,100.84883224,False
2026-01-08T01:03:00Z,100.35602609,False
2026-01-08T01:04:00Z,99.48544303,False
2026-01-08T01:05:00Z,98.98194458,False
2026-01-08T01:06:00Z,101.51908073,False
2026-01-08T01:07:00Z,100.24027619,False
2026-01-08T01:08:00Z,100.86573273,False
2026-01-08T01:09:00Z,99.45534577,False
2026-01-08T01:10:00Z,98.24794728,False
2026-01-08T01:11:00Z,100.73359927,False
2026-01-08T01:12:00Z,100.61503909,False
2026-01-08T01:13:00Z,100.17246383,False
2026-01-08T01:14:00Z,99.32313671,False
2026-01-08T01:15:00Z,100.33235304,False
2026-01-08T01:16:00Z,101.37670354,False
2026-01-08T01:17:00Z,99.43857336,False
2026-01-08T01:18:00Z,101.95425859,False
2026-01-08T01:19:00Z,101.08542551,False
2026-01-08T01:20:00Z,99.77129948,False
2026-01-08T01:21:00Z,101.63407488,False
2026-01-08T01:22:00Z,103.10559701,False
2026-01-08T01:23:00Z,99.24786305,False
2026-01-08T01:24:00Z,100.97283290,False
2026-01-08T01:25:00Z,100.95274597,False
2026-01-08T01:26:00Z,99.95238604,False
2026-01-08T01:27:00Z,100.31025412,False
2026-01-08T01:28:00Z,101.74808031,False
2026-01-08T01:29:00Z,101.55609896,False
2026-01-08T01:30:00Z,100.43362048,False
2026-01-08T01:31:00Z,100.09151313,False
2026-01-08T01:32:00Z,101.69916300,False
2026-01-08T01:33:00Z,101.26493563,False
2026-01-08T01:34:00Z,100.42705979,False
2026-01-08T01:35:00Z,100.18524709,False
2026-01-08T01:36:00Z,100.88691853,False
2026-01-08T01:37:00Z,98.54892496,False
2026-01-08T01:38:00Z,99.14033315,False
2026-01-08T01:39:00Z,100.24273622,False
2026-01-08T01:40:00Z,101.53971072,False
2026-01-08T01:41:00Z,99.78755236,False
2026-01-08T01:42:00Z,100.40757777,False
2026-01-08T01:43:00Z,98.82789254,False
2026-01-08T01:44:00Z,102.02444374,False
2026-01-08T01:45:00Z,99.29739789,False
2026-01-08T01:46:00Z,100.35299063,False
2026-01-08T01:47:00Z,100.46909157,False
2026-01-08T01:48:00Z,101.00968450,False
2026-01-08T01:49:00Z,99.07073628,False
2026-01-08T01:50:00Z,101.72300722,False
2026-01-08T01:51:00Z,100.90227079,False
2026-01-08T01:52:00Z,101.12931440,False
2026-01-08T01:53:00Z,99.92643253,False
2026-01-08T01:54:00Z,99.74257874,False
2026-01-08T01:55:00Z,100.81045286,False
2026-01-08T01:56:00Z,100.10271247,False
2026-01-08T01:57:00Z,99.60977922,False
2026-01-08T01:58:00Z,101.64675075,False
2026-01-08T01:59:00Z,100.52864031,False
2026-01-08T02:00:00Z,113.14482772,True
2026-01-08T02:01:00Z,100.96244822,False
2026-01-08T02:02:00Z,100.95245997,False
2026-01-08T02:03:00Z,103.37214383,False
2026-01-08T02:04:00Z,100.36525099,False
2026-01-08T02:05:00Z,98.96169108,False
2026-01-08T02:06:00Z,100.62968045,False
2026-01-08T02:07:00Z,100.77869860,False
2026-01-08T02:08:00Z,100.25264429,False
2026-01-08T02:09:00Z,100.45149473,False
2026-01-08T02:10:00Z,99.36181199,False
2026-01-08T02:11:00Z,99.67182425,False
2026-01-08T02:12:00Z,100.51057985,False
2026-01-08T02:13:00Z,101.51609773,False
2026-01-08T02:14:00Z,100.15789897,False
2026-01-08T02:15:00Z,97.89388488,False
2026-01-08T02:16:00Z,101.57439365,False
2026-01-08T02:17:00Z,99.26080806,False
2026-01-08T02:18:00Z,100.69532961,False
2026-01-08T02:19:00Z,100.76258627,False
2026-01-08T02:20:00Z,98.99668292,False
2026-01-08T02:21:00Z,100.48562519,False
2026-01-08T02:22:00Z,101.48954084,False
2026-01-08T02:23:00Z,101.18157973,False
2026-01-08T02:24:00Z,98.32715674,False
2026-01-08T02:25:00Z,101.85915443,False
2026-01-08T02:26:00Z,100.59373145,False
2026-01-08T02:27:00Z,102.25917840,False
2026-01-08T02:28:00Z,102.27349581,False
2026-01-08T02:29:00Z,100.12054687,False
2026-01-08T02:30:00Z,100.14142089,False
2026-01-08T02:31:00Z,100.38075732,False
2026-01-08T02:32:00Z,101.97114676,False
2026-01-08T02:33:00Z,99.43262510,False
2026-01-08T02:34:00Z,100.26345445,False
2026-01-08T02:35:00Z,99.93934416,False
2026-01-08T02:36:00Z,99.65928295,False
2026-01-08T02:37:00Z,98.95043232,False
2026-01-08T02:38:00Z,99.44846487,False
2026-01-08T02:39:00Z,101.66374445,False
2026-01-08T02:40:00Z,99.84436527,False
2026-01-08T02:41:00Z,100.13227647,False
2026-01-08T02:42:00Z,100.70659098,False
2026-01-08T02:43:00Z,100.22584480,False
2026-01-08T02:44:00Z,100.89849981,False
2026-01-08T02:45:00Z,98.69765005,False
2026-01-08T02:46:00Z,100.01061626,False
2026-01-08T02:47:00Z,98.38792545,False
2026-01-08T02:48:00Z,98.95696295,False
2026-01-08T02:49:00Z,100.84183001,False
2026-01-08T02:50:00Z,101.30891601,False
2026-01-08T02:51:00Z,99.94128248,False
2026-01-08T02:52:00Z,99.87515873,False
2026-01-08T02:53:00Z,101.33348506,False
2026-01-08T02:54:00Z,99.68392641,False
2026-01-08T02:55:00Z,102.15951024,False
2026-01-08T02:56:00Z,99.81382976,False
2026-01-08T02:57:00Z,99.80047475,False
2026-01-08T02:58:00Z,101.97369912,False
2026-01-08T02:59:00Z,101.86707989,False
2026-01-08T03:00:00Z,101.82563876,False
2026-01-08T03:01:00Z,101.92441760,False
2026-01-08T03:02:00Z,99.33740126,False
2026-01-08T03:03:00Z,99.69604561,False
2026-01-08T03:04:00Z,97.78239844,False
2026-01-08T03:05:00Z,101.67912710,False
2026-01-08T03:06:00Z,100.90628857,False
2026-01-08T03:07:00Z,100.38727577,False
2026-01-08T03:08:00Z,101.99405213,False
2026-01-08T03:09:00Z,101.53350489,False
2026-01-08T03:10:00Z,99.63526242,False
2026-01-08T03:11:00Z,100.44625577,False
2026-01-08T03:12:00Z,100.55357671,False
2026-01-08T03:13:00Z,100.05580737,False
2026-01-08T03:14:00Z,102.03080894,False
2026-01-08T03:15:00Z,99.18764269,False
2026-01-08T03:16:00Z,98.36173192,False
2026-01-08T03:17:00Z,100.96461380,False
2026-01-08T03:18:00Z,100.29888416,False
2026-01-08T03:19:00Z,100.39203790,False
2026-01-08T03:20:00Z,100.51036395,False
2026-01-08T03:21:00Z,98.84476641,False
2026-01-08T03:22:00Z,100.10777739,False
2026-01-08T03:23:00Z,100.23116499,False
2026-01-08T03:24:00Z,101.84690249,False
2026-01-08T03:25:00Z,100.28005362,False
2026-01-08T03:26:00Z,99.83809288,False
2026-01-08T03:27:00Z,100.58512597,False
2026-01-08T03:28:00Z,100.97380677,False
2026-01-08T03:29:00Z,99.32058825,False
2026-01-08T03:30:00Z,100.78090489,False
2026-01-08T03:31:00Z,98.57154291,False
2026-01-08T03:32:00Z,100.08721831,False
2026-01-08T03:33:00Z,100.26250179,False
2026-01-08T03:34:00Z,98.66553396,False
2026-01-08T03:35:00Z,100.05301309,False
2026-01-08T03:36:00Z,101.86307377,False
2026-01-08T03:37:00Z,99.62280753,False
2026-01-08T03:38:00Z,100.01172368,False
2026-01-08T03:39:00Z,98.32729026,False
2026-01-08T03:40:00Z,100.73135580,False
2026-01-08T03:41:00Z,100.34364805,False
2026-01-08T03:42:00Z,97.89402899,False
2026-01-08T03:43:00Z,100.79146931,False
2026-01-08T03:44:00Z,100.18450694,False
2026-01-08T03:45:00Z,99.76486913,False
2026-01-08T03:46:00Z,99.44529813,False
2026-01-08T03:47:00Z,99.67010531,False
2026-01-08T03:48:00Z,99.58035357,False
2026-01-08T03:49:00Z,99.93436656,False
2026-01-08T03:50:00Z,100.03211282,False
2026-01-08T03:51:00Z,99.25844475,False
2026-01-08T03:52:00Z,102.28611887,False
2026-01-08T03:53:00Z,97.83587603,False
2026-01-08T03:54:00Z,101.27473321,False
2026-01-08T03:55:00Z,100.62568791,False
2026-01-08T03:56:00Z,101.42925579,False
2026-01-08T03:57:00Z,98.79842963,False
2026-01-08T03:58:00Z,100.84135644,False
2026-01-08T03:59:00Z,100.59734767,False
2026-01-08T04:00:00Z,100.26124470,False
2026-01-08T04:01:00Z,98.99666220,False
2026-01-08T04:02:00Z,99.42932360,False
2026-01-08T04:03:00Z,100.22389238,False
2026-01-08T04:04:00Z,99.43751293,False
2026-01-08T04:05:00Z,100.65638641,False
2026-01-08T04:06:00Z,98.59211140,False
2026-01-08T04:07:00Z,101.77646948,False
2026-01-08T04:08:00Z,100.01874765,False
2026-01-08T04:09:00Z,98.59015170,False
2026-01-08T04:10:00Z,101.03941868,False
2026-01-08T04:11:00Z,99.44884982,False
2026-01-08T04:12:00Z,101.59562819,False
2026-01-08T04:13:00Z,98.98087267,False
2026-01-08T04:14:00Z,99.06735950,False
2026-01-08T04:15:00Z,98.30228881,False
2026-01-08T04:16:00Z,100.17023051,False
2026-01-08T04:17:00Z,99.43924345,False
2026-01-08T04:18:00Z,99.94913655,False
2026-01-08T04:19:00Z,99.86802134,False
2026-01-08T04:20:00Z,100.31120951,False
2026-01-08T04:21:00Z,99.85814803,False
2026-01-08T04:22:00Z,100.44304024,False
2026-01-08T04:23:00Z,98.40187146,False
2026-01-08T04:24:00Z,99.95226839,False
2026-01-08T04:25:00Z,100.21336357,False
2026-01-08T04:26:00Z,101.52539023,False
2026-01-08T04:27:00Z,98.81328659,False
2026-01-08T04:28:00Z,100.72205371,False
2026-01-08T04:29:00Z,100.03018291,False
2026-01-08T04:30:00Z,100.39624810,False
2026-01-08T04:31:00Z,99.27776630,False
2026-01-08T04:32:00Z,100.42622723,False
2026-01-08T04:33:00Z,99.88740494,False
2026-01-08T04:34:00Z,101.44928238,False
2026-01-08T04:35:00Z,100.20665345,False
2026-01-08T04:36:00Z,99.82984987,False
2026-01-08T04:37:00Z,99.80857794,False
2026-01-08T04:38:00Z,99.34202791,False
2026-01-08T04:39:00Z,101.38195685,False
2026-01-08T04:40:00Z,100.58185883,False
2026-01-08T04:41:00Z,98.90042085,False
2026-01-08T04:42:00Z,101.01148586,False
2026-01-08T04:43:00Z,99.71842753,False
2026-01-08T04:44:00Z,98.49895698,False
2026-01-08T04:45:00Z,98.81782664,False
2026-01-08T04:46:00Z,100.28397303,False
2026-01-08T04:47:00Z,99.90071499,False
2026-01-08T04:48:00Z,100.19131390,False
2026-01-08T04:49:00Z,100.34020891,False
2026-01-08T04:50:00Z,99.18842327,False
2026-01-08T04:51:00Z,99.71143406,False
2026-01-08T04:52:00Z,100.55009016,False
2026-01-08T04:53:00Z,99.55510924,False
2026-01-08T04:54:00Z,99.68541520,False
2026-01-08T04:55:00Z,100.27215884,False
2026-01-08T04:56:00Z,99.75043842,False
2026-01-08T04:57:00Z,101.90828046,False
2026-01-08T04:58:00Z,101.62585363,False
2026-01-08T04:59:00Z,97.81947538,False
2026-01-08T05:00:00Z,100.40166667,False
2026-01-08T05:01:00Z,99.61016962,False
2026-01-08T05:02:00Z,99.94289111,False
2026-01-08T05:03:00Z,99.35082027,False
2026-01-08T05:04:00Z,99.62067031,False
2026-01-08T05:05:00Z,99.79720184,False
2026-01-08T05:06:00Z,98.50842804,False
2026-01-08T05:07:00Z,101.05441935,False
2026-01-08T05:08:00Z,98.76248131,False
2026-01-08T05:09:00Z,100.52517526,False
2026-01-08T05:10:00Z,100.24556677,False
2026-01-08T05:11:00Z,100.02187379,False
2026-01-08T05:12:00Z,100.00711131,False
2026-01-08T05:13:00Z,100.19383414,False
2026-01-08T05:14:00Z,99.86091016,False
2026-01-08T05:15:00Z,99.67502017,False
2026-01-08T05:16:00Z,100.75512703,False
2026-01-08T05:17:00Z,98.82649467,False
2026-01-08T05:18:00Z,99.82171149,False
2026-01-08T05:19:00Z,100.19892388,False
2026-01-08T05:20:00Z,99.71725590,False
2026-01-08T05:21:00Z,100.50575953,False
2026-01-08T05:22:00Z,99.97789237,False
2026-01-08T05:23:00Z,99.20382583,False
2026-01-08T05:24:00Z,99.41740190,False
2026-01-08T05:25:00Z,99.82796856,False
2026-01-08T05:26:00Z,99.12393653,False
2026-01-08T05:27:00Z,99.73928469,False
2026-01-08T05:28:00Z,100.54040401,False
2026-01-08T05:29:00Z,98.42063524,False
2026-01-08T05:30:00Z,99.49266937,False
2026-01-08T05:31:00Z,101.00632167,False
2026-01-08T05:32:00Z,101.21643110,False
2026-01-08T05:33:00Z,99.68026257,False
2026-01-08T05:34:00Z,100.66334107,False
2026-01-08T05:35:00Z,100.38589108,False
2026-01-08T05:36:00Z,102.88471544,False
2026-01-08T05:37:00Z,101.18281966,False
2026-01-08T05:38:00Z,100.16914150,False
2026-01-08T05:39:00Z,99.23422756,False
2026-01-08T05:40:00Z,101.33753422,False
2026-01-08T05:41:00Z,100.42669899,False
2026-01-08T05:42:00Z,100.34436941,False
2026-01-08T05:43:00Z,99.08572484,False
2026-01-08T05:44:00Z,100.99832262,False
2026-01-08T05:45:00Z,100.02689020,False
2026-01-08T05:46:00Z,100.51524524,False
2026-01-08T05:47:00Z,97.37533966,False
2026-01-08T05:48:00Z,100.02934527,False
2026-01-08T05:49:00Z,99.38252588,False
2026-01-08T05:50:00Z,100.08905227,False
2026-01-08T05:51:00Z,99.81859676,False
2026-01-08T05:52:00Z,99.31166331,False
2026-01-08T05:53:00Z,98.56157927,False
2026-01-08T05:54:00Z,100.06952546,False
2026-01-08T05:55:00Z,100.80457911,False
2026-01-08T05:56:00Z,99.97295268,False
2026-01-08T05:57:00Z,98.11336913,False
2026-01-08T05:58:00Z,100.33363176,False
2026-01-08T05:59:00Z,100.48193448,False
2026-01-08T06:00:00Z,99.79081466,False
2026-01-08T06:01:00Z,100.56982157,False
2026-01-08T06:02:00Z,99.51212484,False
2026-01-08T06:03:00Z,99.47935602,False
2026-01-08T06:04:00Z,99.87104972,False
2026-01-08T06:05:00Z,99.96459917,False
2026-01-08T06:06:00Z,98.45384432,False
2026-01-08T06:07:00Z,100.40131657,False
2026-01-08T06:08:00Z,99.70146755,False
2026-01-08T06:09:00Z,100.97598973,False
2026-01-08T06:10:00Z,101.91275756,False
2026-01-08T06:11:00Z,99.16399310,False
2026-01-08T06:12:00Z,98.42672730,False
2026-01-08T06:13:00Z,100.46022155,False
2026-01-08T06:14:00Z,99.45535814,False
2026-01-08T06:15:00Z,99.80788775,False
2026-01-08T06:16:00Z,99.11339718,False
2026-01-08T06:17:00Z,99.31882787,False
2026-01-08T06:18:00Z,99.68244481,False
2026-01-08T06:19:00Z,98.72663518,False
2026-01-08T06:20:00Z,101.89138068,False
2026-01-08T06:21:00Z,101.58378211,False
2026-01-08T06:22:00Z,101.08282615,False
2026-01-08T06:23:00Z,99.79030758,False
2026-01-08T06:24:00Z,98.79816453,False
2026-01-08T06:25:00Z,100.04526618,False
2026-01-08T06:26:00Z,99.38596887,False
2026-01-08T06:27:00Z,100.46945160,False
2026-01-08T06:28:00Z,99.58502226,False
2026-01-08T06:29:00Z,99.57068750,False
2026-01-08T06:30:00Z,100.90176747,False
2026-01-08T06:31:00Z,100.95414270,False
2026-01-08T06:32:00Z,101.06453316,False
2026-01-08T06:33:00Z,98.72675700,False
2026-01-08T06:34:00Z,100.45949068,False
2026-01-08T06:35:00Z,100.54543935,False
2026-01-08T06:36:00Z,99.30010172,False
2026-01-08T06:37:00Z,100.54068084,False
2026-01-08T06:38:00Z,99.55196568,False
2026-01-08T06:39:00Z,99.55216760,False
2026-01-08T06:40:00Z,100.00967025,False
2026-01-08T06:41:00Z,100.56348320,False
2026-01-08T06:42:00Z,100.26962918,False
2026-01-08T06:43:00Z,99.18065444,False
2026-01-08T06:44:00Z,99.83149833,False
2026-01-08T06:45:00Z,99.41208681,False
2026-01-08T06:46:00Z,100.59739714,False
2026-01-08T06:47:00Z,100.53074260,False
2026-01-08T06:48:00Z,99.97977245,False
2026-01-08T06:49:00Z,100.58595911,False
2026-01-08T06:50:00Z,99.90337180,False
2026-01-08T06:51:00Z,98.51869317,False
2026-01-08T06:52:00Z,100.24972162,False
2026-01-08T06:53:00Z,99.93044843,False
2026-01-08T06:54:00Z,99.11919590,False
2026-01-08T06:55:00Z,100.67628283,False
2026-01-08T06:56:00Z,99.63117683,False
2026-01-08T06:57:00Z,100.49049130,False
2026-01-08T06:58:00Z,101.20681740,False
2026-01-08T06:59:00Z,100.08481078,False
2026-01-08T07:00:00Z,98.69229736,False
2026-01-08T07:01:00Z,100.71844978,False
2026-01-08T07:02:00Z,99.70138151,False
2026-01-08T07:03:00Z,100.08730818,False
2026-01-08T07:04:00Z,101.05649260,False
2026-01-08T07:05:00Z,99.74761161,False
2026-01-08T07:06:00Z,102.15361630,False
2026-01-08T07:07:00Z,101.15810601,False
2026-01-08T07:08:00Z,99.72659507,False
2026-01-08T07:09:00Z,102.42110887,False
2026-01-08T07:10:00Z,100.55385001,False
2026-01-08T07:11:00Z,100.44920742,False
2026-01-08T07:12:00Z,100.59554028,False
2026-01-08T07:13:00Z,100.38400902,False
2026-01-08T07:14:00Z,100.49506208,False
2026-01-08T07:15:00Z,100.45265284,False
2026-01-08T07:16:00Z,99.68300717,False
2026-01-08T07:17:00Z,100.30461603,False
2026-01-08T07:18:00Z,101.01399385,False
2026-01-08T07:19:00Z,102.19027976,False
2026-01-08T07:20:00Z,98.90664142,False
2026-01-08T07:21:00Z,99.73016594,False
2026-01-08T07:22:00Z,101.33463746,False
2026-01-08T07:23:00Z,100.67849831,False
2026-01-08T07:24:00Z,99.77197935,False
2026-01-08T07:25:00Z,100.57908426,False
2026-01-08T07:26:00Z,100.43670742,False
2026-01-08T07:27:00Z,98.80398321,False
2026-01-08T07:28:00Z,101.38892950,False
2026-01-08T07:29:00Z,100.46337433,False
2026-01-08T07:30:00Z,100.39147926,False
2026-01-08T07:31:00Z,99.66835365,False
2026-01-08T07:32:00Z,100.73385276,False
2026-01-08T07:33:00Z,100.90970746,False
2026-01-08T07:34:00Z,100.56339539,False
2026-01-08T07:35:00Z,100.46181202,False
2026-01-08T07:36:00Z,99.34864212,False
2026-01-08T07:37:00Z,98.72204382,False
2026-01-08T07:38:00Z,100.33964024,False
2026-01-08T07:39:00Z,99.29253475,False
2026-01-08T07:40:00Z,100.98017980,False
2026-01-08T07:41:00Z,99.98462369,False
2026-01-08T07:42:00Z,100.39346686,False
2026-01-08T07:43:00Z,99.94603847,False
2026-01-08T07:44:00Z,99.11075868,False
2026-01-08T07:45:00Z,100.44301127,False
2026-01-08T07:46:00Z,100.83786871,False
2026-01-08T07:47:00Z,99.79112048,False
2026-01-08T07:48:00Z,100.71269519,False
2026-01-08T07:49:00Z,99.20784273,False
2026-01-08T07:50:00Z,99.85514029,False
2026-01-08T07:51:00Z,101.39137493,False
2026-01-08T07:52:00Z,101.27480184,False
2026-01-08T07:53:00Z,100.95652011,False
2026-01-08T07:54:00Z,99.93894383,False
2026-01-08T07:55:00Z,99.28310980,False
2026-01-08T07:56:00Z,100.13665451,False
2026-01-08T07:57:00Z,100.44449463,False
2026-01-08T07:58:00Z,99.65345898,False
2026-01-08T07:59:00Z,99.71866109,False
2026-01-08T08:00:00Z,100.61479097,False
2026-01-08T08:01:00Z,100.04020482,False
2026-01-08T08:02:00Z,100.71832250,False
2026-01-08T08:03:00Z,100.21558942,False
2026-01-08T08:04:00Z,99.31444417,False
2026-01-08T08:05:00Z,98.31036816,False
2026-01-08T08:06:00Z,99.97921640,False
2026-01-08T08:07:00Z,99.57660703,False
2026-01-08T08:08:00Z,101.04860709,False
2026-01-08T08:09:00Z,99.11780552,False
2026-01-08T08:10:00Z,99.98950756,False
2026-01-08T08:11:00Z,100.02492631,False
2026-01-08T08:12:00Z,101.68123905,False
2026-01-08T08:13:00Z,102.34586339,False
2026-01-08T08:14:00Z,100.28306340,False
2026-01-08T08:15:00Z,101.92933189,False
2026-01-08T08:16:00Z,101.38840464,False
2026-01-08T08:17:00Z,100.48922064,False
2026-01-08T08:18:00Z,100.35069976,False
2026-01-08T08:19:00Z,100.19351714,False
2026-01-08T08:20:00Z,101.15527060,False
2026-01-08T08:21:00Z,100.41653769,False
2026-01-08T08:22:00Z,100.35839201,False
2026-01-08T08:23:00Z,99.84142003,False
2026-01-08T08:24:00Z,99.44586474,False
2026-01-08T08:25:00Z,99.32712043,False
2026-01-08T08:26:00Z,99.51817133,False
2026-01-08T08:27:00Z,98.07415996,False
2026-01-08T08:28:00Z,100.05897180,False
2026-01-08T08:29:00Z,98.68710171,False
2026-01-08T08:30:00Z,100.26565486,False
2026-01-08T08:31:00Z,99.70182550,False
2026-01-08T08:32:00Z,100.10486868,False
2026-01-08T08:33:00Z,101.63429860,False
2026-01-08T08:34:00Z,98.89847973,False
2026-01-08T08:35:00Z,98.01375791,False
2026-01-08T08:36:00Z,101.19714307,False
2026-01-08T08:37:00Z,99.20698366,False
2026-01-08T08:38:00Z,100.09426222,False
2026-01-08T08:39:00Z,99.59216438,False
2026-01-08T08:40:00Z,99.12077250,False
2026-01-08T08:41:00Z,99.99212017,False
2026-01-08T08:42:00Z,101.20686602,False
2026-01-08T08:43:00Z,100.10765377,False
2026-01-08T08:44:00Z,98.99082874,False
2026-01-08T08:45:00Z,100.62595119,False
2026-01-08T08:46:00Z,99.55305497,False
2026-01-08T08:47:00Z,100.49762365,False
2026-01-08T08:48:00Z,100.10161092,False
2026-01-08T08:49:00Z,100.06548993,False
2026-01-08T08:50:00Z,98.77898259,False
2026-01-08T08:51:00Z,101.44895374,False
2026-01-08T08:52:00Z,99.65165901,False
2026-01-08T08:53:00Z,99.73484429,False
2026-01-08T08:54:00Z,100.09747244,False
2026-01-08T08:55:00Z,101.49135248,False
2026-01-08T08:56:00Z,99.57902504,False
2026-01-08T08:57:00Z,100.21722738,False
2026-01-08T08:58:00Z,101.67750841,False
2026-01-08T08:59:00Z,99.30439985,False
2026-01-08T09:00:00Z,100.15526346,False
2026-01-08T09:01:00Z,101.18197896,False
2026-01-08T09:02:00Z,99.28844366,False
2026-01-08T09:03:00Z,100.89136795,False
2026-01-08T09:04:00Z,98.44952146,False
2026-01-08T09:05:00Z,100.75674779,False
2026-01-08T09:06:00Z,101.52071932,False
2026-01-08T09:07:00Z,99.26835194,False
2026-01-08T09:08:00Z,99.46197984,False
2026-01-08T09:09:00Z,101.04587644,False
2026-01-08T09:10:00Z,99.18703256,False
2026-01-08T09:11:00Z,100.31863013,False
2026-01-08T09:12:00Z,99.47561052,False
2026-01-08T09:13:00Z,100.50695455,False
2026-01-08T09:14:00Z,100.66507010,False
2026-01-08T09:15:00Z,102.11090696,False
2026-01-08T09:16:00Z,101.49367317,False
2026-01-08T09:17:00Z,101.54399705,False
2026-01-08T09:18:00Z,100.20987559,False
2026-01-08T09:19:00Z,99.47925772,False
2026-01-08T09:20:00Z,100.63458124,False
2026-01-08T09:21:00Z,100.15109052,False
2026-01-08T09:22:00Z,101.37041054,False
2026-01-08T09:23:00Z,100.81192342,False
2026-01-08T09:24:00Z,101.45372868,False
2026-01-08T09:25:00Z,98.92031460,False
2026-01-08T09:26:00Z,100.51242582,False
2026-01-08T09:27:00Z,100.89115433,False
2026-01-08T09:28:00Z,101.60751935,False
2026-01-08T09:29:00Z,99.68626664,False
2026-01-08T09:30:00Z,100.94653793,False
2026-01-08T09:31:00Z,100.70211724,False
2026-01-08T09:32:00Z,102.17255914,False
2026-01-08T09:33:00Z,100.98229246,False
2026-01-08T09:34:00Z,100.11840960,False
2026-01-08T09:35:00Z,102.49384689,False
2026-01-08T09:36:00Z,100.12391877,False
2026-01-08T09:37:00Z,100.39341651,False
2026-01-08T09:38:00Z,100.13564963,False
2026-01-08T09:39:00Z,101.29441567,False
2026-01-08T09:40:00Z,100.65979069,False
2026-01-08T09:41:00Z,97.37548728,False
2026-01-08T09:42:00Z,99.64433418,False
2026-01-08T09:43:00Z,102.35893482,False
2026-01-08T09:44:00Z,100.39450934,False
2026-01-08T09:45:00Z,98.47266221,False
2026-01-08T09:46:00Z,100.95004848,False
2026-01-08T09:47:00Z,99.96061352,False
2026-01-08T09:48:00Z,101.45781185,False
2026-01-08T09:49:00Z,99.26035466,False
2026-01-08T09:50:00Z,99.84380272,False
2026-01-08T09:51:00Z,100.88660533,False
2026-01-08T09:52:00Z,100.34652695,False
2026-01-08T09:53:00Z,100.38786522,False
2026-01-08T09:54:00Z,101.34822920,False
2026-01-08T09:55:00Z,101.26685115,False
2026-01-08T09:56:00Z,99.55294269,False
2026-01-08T09:57:00Z,99.23690021,False
2026-01-08T09:58:00Z,100.09458968,False
2026-01-08T09:59:00Z,100.59482337,False
2026-01-08T10:00:00Z,101.43838301,False
2026-01-08T10:01:00Z,100.49377865,False
2026-01-08T10:02:00Z,100.85966427,False
2026-01-08T10:03:00Z,101.87741240,False
2026-01-08T10:04:00Z,101.82124251,False
2026-01-08T10:05:00Z,102.84350625,False
2026-01-08T10:06:00Z,100.16088518,False
2026-01-08T10:07:00Z,101.11707128,False
2026-01-08T10:08:00Z,99.71538929,False
2026-01-08T10:09:00Z,102.65274970,False
2026-01-08T10:10:00Z,102.11281876,False
2026-01-08T10:11:00Z,102.69068135,False
2026-01-08T10:12:00Z,102.66079779,False
2026-01-08T10:13:00Z,99.94264282,False
2026-01-08T10:14:00Z,100.20648268,False
2026-01-08T10:15:00Z,100.99441372,False
2026-01-08T10:16:00Z,99.57926775,False
2026-01-08T10:17:00Z,97.83848547,False
2026-01-08T10:18:00Z,101.80043326,False
2026-01-08T10:19:00Z,97.86965639,False
2026-01-08T10:20:00Z,101.08126362,False
2026-01-08T10:21:00Z,101.21145042,False
2026-01-08T10:22:00Z,101.01871624,False
2026-01-08T10:23:00Z,101.24650829,False
2026-01-08T10:24:00Z,100.20359866,False
2026-01-08T10:25:00Z,100.23936968,False
2026-01-08T10:26:00Z,101.65437306,False
2026-01-08T10:27:00Z,99.18357058,False
2026-01-08T10:28:00Z,101.51672925,False
2026-01-08T10:29:00Z,101.09557712,False
2026-01-08T10:30:00Z,101.03772359,False
2026-01-08T10:31:00Z,100.92280484,False
2026-01-08T10:32:00Z,100.16089915,False
2026-01-08T10:33:00Z,99.79258971,False
2026-01-08T10:34:00Z,101.21096023,False
2026-01-08T10:35:00Z,98.78404874,False
2026-01-08T10:36:00Z,98.05635021,False
2026-01-08T10:37:00Z,100.53905699,False
2026-01-08T10:38:00Z,99.66033249,False
2026-01-08T10:39:00Z,100.58338804,False
2026-01-08T10:40:00Z,100.12945703,False
2026-01-08T10:41:00Z,100.47715637,False
2026-01-08T10:42:00Z,100.75302117,False
2026-01-08T10:43:00Z,99.97359587,False
2026-01-08T10:44:00Z,98.91822487,False
2026-01-08T10:45:00Z,100.83359276,False
2026-01-08T10:46:00Z,100.99592972,False
2026-01-08T10:47:00Z,102.05048136,False
2026-01-08T10:48:00Z,98.85317374,False
2026-01-08T10:49:00Z,101.92855839,False
2026-01-08T10:50:00Z,99.26974731,False
2026-01-08T10:51:00Z,99.19647461,False
2026-01-08T10:52:00Z,102.04707230,False
2026-01-08T10:53:00Z,100.70831661,False
2026-01-08T10:54:00Z,102.77959918,False
2026-01-08T10:55:00Z,98.67697735,False
2026-01-08T10:56:00Z,101.95521767,False
2026-01-08T10:57:00Z,100.64981787,False
2026-01-08T10:58:00Z,99.64635984,False
2026-01-08T10:59:00Z,100.93124305,False
2026-01-08T11:00:00Z,100.69829955,False
2026-01-08T11:01:00Z,100.13987666,False
2026-01-08T11:02:00Z,100.50178701,False
2026-01-08T11:03:00Z,101.32402849,False
2026-01-08T11:04:00Z,100.71596054,False
2026-01-08T11:05:00Z,100.28848523,False
2026-01-08T11:06:00Z,101.39869611,False
2026-01-08T11:07:00Z,100.24275206,False
2026-01-08T11:08:00Z,101.59762385,False
2026-01-08T11:09:00Z,99.33024601,False
2026-01-08T11:10:00Z,100.71568271,False
2026-01-08T11:11:00Z,100.96284023,False
2026-01-08T11:12:00Z,100.07603623,False
2026-01-08T11:13:00Z,100.19999498,False
2026-01-08T11:14:00Z,102.02700199,False
2026-01-08T11:15:00Z,99.56151737,False
2026-01-08T11:16:00Z,100.62661817,False
2026-01-08T11:17:00Z,100.14561839,False
2026-01-08T11:18:00Z,100.63537576,False
2026-01-08T11:19:00Z,101.64315958,False
2026-01-08T11:20:00Z,101.88160782,False
2026-01-08T11:21:00Z,101.82210067,False
2026-01-08T11:22:00Z,100.55458725,False
2026-01-08T11:23:00Z,101.02755149,False
2026-01-08T11:24:00Z,101.12564606,False
2026-01-08T11:25:00Z,101.00742071,False
2026-01-08T11:26:00Z,100.97849267,False
2026-01-08T11:27:00Z,101.42437280,False
2026-01-08T11:28:00Z,99.60640944,False
2026-01-08T11:29:00Z,101.51075306,False
2026-01-08T11:30:00Z,102.00232080,False
2026-01-08T11:31:00Z,100.02152817,False
2026-01-08T11:32:00Z,101.83873948,False
2026-01-08T11:33:00Z,99.77569940,False
2026-01-08T11:34:00Z,101.83860368,False
2026-01-08T11:35:00Z,100.84936417,False
2026-01-08T11:36:00Z,100.81134918,False
2026-01-08T11:37:00Z,101.12363767,False
2026-01-08T11:38:00Z,101.41582993,False
2026-01-08T11:39:00Z,102.54321869,False
2026-01-08T11:40:00Z,101.05606832,False
2026-01-08T11:41:00Z,101.26710185,False
2026-01-08T11:42:00Z,101.14028070,False
2026-01-08T11:43:00Z,100.47452922,False
2026-01-08T11:44:00Z,100.50428526,False
2026-01-08T11:45:00Z,100.40573172,False
2026-01-08T11:46:00Z,101.76520822,False
2026-01-08T11:47:00Z,101.27480139,False
2026-01-08T11:48:00Z,100.58392540,False
2026-01-08T11:49:00Z,100.71732320,False
2026-01-08T11:50:00Z,99.45994906,False
2026-01-08T11:51:00Z,99.83293050,False
2026-01-08T11:52:00Z,100.88272055,False
2026-01-08T11:53:00Z,100.81432097,False
2026-01-08T11:54:00Z,101.53133981,False
2026-01-08T11:55:00Z,100.99869795,False
2026-01-08T11:56:00Z,98.49676199,False
2026-01-08T11:57:00Z,99.96966923,False
2026-01-08T11:58:00Z,100.77751808,False
2026-01-08T11:59:00Z,101.99140578,False
2026-01-08T12:00:00Z,113.54095896,True
2026-01-08T12:01:00Z,102.29635533,False
2026-01-08T12:02:00Z,101.13920929,False
2026-01-08T12:03:00Z,99.15515304,False
2026-01-08T12:04:00Z,100.15853450,False
2026-01-08T12:05:00Z,101.47191999,False
2026-01-08T12:06:00Z,100.73979477,False
2026-01-08T12:07:00Z,101.97948786,False
2026-01-08T12:08:00Z,99.85239196,False
2026-01-08T12:09:00Z,100.35042469,False
2026-01-08T12:10:00Z,101.64587881,False
2026-01-08T12:11:00Z,99.70666172,False
2026-01-08T12:12:00Z,100.29650421,False
2026-01-08T12:13:00Z,101.73651150,False
2026-01-08T12:14:00Z,101.71130605,False
2026-01-08T12:15:00Z,100.48006453,False
2026-01-08T12:16:00Z,102.24487121,False
2026-01-08T12:17:00Z,101.97078249,False
2026-01-08T12:18:00Z,99.59985327,False
2026-01-08T12:19:00Z,100.71961533,False
2026-01-08T12:20:00Z,100.30284192,False
2026-01-08T12:21:00Z,100.69688528,False
2026-01-08T12:22:00Z,102.45633815,False
2026-01-08T12:23:00Z,100.88315032,False
2026-01-08T12:24:00Z,101.42497861,False
2026-01-08T12:25:00Z,101.11508301,False
2026-01-08T12:26:00Z,102.47925495,False
2026-01-08T12:27:00Z,100.12311936,False
2026-01-08T12:28:00Z,99.71671279,False
2026-01-08T12:29:00Z,100.76433707,False
2026-01-08T12:30:00Z,100.79775980,False
2026-01-08T12:31:00Z,99.79685869,False
2026-01-08T12:32:00Z,103.58022912,False
2026-01-08T12:33:00Z,101.77499035,False
2026-01-08T12:34:00Z,101.02678129,False
2026-01-08T12:35:00Z,101.08159079,False
2026-01-08T12:36:00Z,102.24897251,False
2026-01-08T12:37:00Z,100.18265139,False
2026-01-08T12:38:00Z,101.99342222,False
2026-01-08T12:39:00Z,101.69247735,False
2026-01-08T12:40:00Z,101.40964224,False
2026-01-08T12:41:00Z,99.84466268,False
2026-01-08T12:42:00Z,101.93329650,False
2026-01-08T12:43:00Z,100.92529256,False
2026-01-08T12:44:00Z,101.36435030,False
2026-01-08T12:45:00Z,101.62922152,False
2026-01-08T12:46:00Z,101.07816316,False
2026-01-08T12:47:00Z,101.40489518,False
2026-01-08T12:48:00Z,100.72767561,False
2026-01-08T12:49:00Z,101.50855171,False
2026-01-08T12:50:00Z,100.54141755,False
2026-01-08T12:51:00Z,101.41312344,False
2026-01-08T12:52:00Z,100.35790479,False
2026-01-08T12:53:00Z,101.23080275,False
2026-01-08T12:54:00Z,100.56645699,False
2026-01-08T12:55:00Z,101.65450230,False
2026-01-08T12:56:00Z,100.47926442,False
2026-01-08T12:57:00Z,102.21424484,False
2026-01-08T12:58:00Z,102.49131428,False
2026-01-08T12:59:00Z,101.21280134,False
2026-01-08T13:00:00Z,101.71201482,False
2026-01-08T13:01:00Z,102.44959272,False
2026-01-08T13:02:00Z,101.06744387,False
2026-01-08T13:03:00Z,101.07689643,False
2026-01-08T13:04:00Z,101.04278762,False
2026-01-08T13:05:00Z,99.83130429,False
2026-01-08T13:06:00Z,100.43006711,False
2026-01-08T13:07:00Z,100.21518619,False
2026-01-08T13:08:00Z,101.12774065,False
2026-01-08T13:09:00Z,100.51136080,False
2026-01-08T13:10:00Z,100.72296089,False
2026-01-08T13:11:00Z,102.58978890,False
2026-01-08T13:12:00Z,101.17419712,False
2026-01-08T13:13:00Z,101.14267631,False
2026-01-08T13:14:00Z,100.70830476,False
2026-01-08T13:15:00Z,102.00034559,False
2026-01-08T13:16:00Z,101.11749511,False
2026-01-08T13:17:00Z,100.75474992,False
2026-01-08T13:18:00Z,102.85065798,False
2026-01-08T13:19:00Z,100.36955966,False
2026-01-08T13:20:00Z,102.30354457,False
2026-01-08T13:21:00Z,103.85519625,False
2026-01-08T13:22:00Z,100.24721580,False
2026-01-08T13:23:00Z,101.83395947,False
2026-01-08T13:24:00Z,102.52043936,False
2026-01-08T13:25:00Z,103.62481085,False
2026-01-08T13:26:00Z,100.81371856,False
2026-01-08T13:27:00Z,102.14431517,False
2026-01-08T13:28:00Z,101.33485409,False
2026-01-08T13:29:00Z,102.43864628,False
2026-01-08T13:30:00Z,101.90760762,False
2026-01-08T13:31:00Z,99.97519455,False
2026-01-08T13:32:00Z,101.59525613,False
2026-01-08T13:33:00Z,101.30228237,False
2026-01-08T13:34:00Z,102.33368183,False
2026-01-08T13:35:00Z,101.94369683,False
2026-01-08T13:36:00Z,101.24784805,False
2026-01-08T13:37:00Z,101.51162458,False
2026-01-08T13:38:00Z,102.35614977,False
2026-01-08T13:39:00Z,101.82181491,False
2026-01-08T13:40:00Z,101.73898988,False
2026-01-08T13:41:00Z,102.99216481,False
2026-01-08T13:42:00Z,102.11298398,False
2026-01-08T13:43:00Z,101.67047292,False
2026-01-08T13:44:00Z,102.65156424,False
2026-01-08T13:45:00Z,102.63507861,False
2026-01-08T13:46:00Z,103.03308465,False
2026-01-08T13:47:00Z,102.39363345,False
2026-01-08T13:48:00Z,101.60264992,False
2026-01-08T13:49:00Z,101.68633111,False
2026-01-08T13:50:00Z,101.81721071,False
2026-01-08T13:51:00Z,103.00814162,False
2026-01-08T13:52:00Z,102.71123027,False
2026-01-08T13:53:00Z,101.73815733,False
2026-01-08T13:54:00Z,101.20462303,False
2026-01-08T13:55:00Z,102.88509353,False
2026-01-08T13:56:00Z,101.99432419,False
2026-01-08T13:57:00Z,100.16916938,False
2026-01-08T13:58:00Z,102.38216310,False
2026-01-08T13:59:00Z,100.84559516,False
2026-01-08T14:00:00Z,99.83288571,False
2026-01-08T14:01:00Z,102.76757498,False
2026-01-08T14:02:00Z,101.67299069,False
2026-01-08T14:03:00Z,102.07910093,False
2026-01-08T14:04:00Z,101.83879059,False
2026-01-08T14:05:00Z,101.13460648,False
2026-01-08T14:06:00Z,101.76078709,False
2026-01-08T14:07:00Z,102.96800457,False
2026-01-08T14:08:00Z,101.20931391,False
2026-01-08T14:09:00Z,100.42694389,False
2026-01-08T14:10:00Z,101.51762196,False
2026-01-08T14:11:00Z,103.25342586,False
2026-01-08T14:12:00Z,101.89532366,False
2026-01-08T14:13:00Z,103.08466990,False
2026-01-08T14:14:00Z,101.69066524,False
2026-01-08T14:15:00Z,100.49832632,False
2026-01-08T14:16:00Z,101.76104333,False
2026-01-08T14:17:00Z,101.03847310,False
2026-01-08T14:18:00Z,102.48948800,False
2026-01-08T14:19:00Z,101.88420498,False
2026-01-08T14:20:00Z,101.20628702,False
2026-01-08T14:21:00Z,101.39520670,False
2026-01-08T14:22:00Z,104.02745384,False
2026-01-08T14:23:00Z,100.60557163,False
2026-01-08T14:24:00Z,101.74273494,False
2026-01-08T14:25:00Z,102.33735623,False
2026-01-08T14:26:00Z,101.98279104,False
2026-01-08T14:27:00Z,101.18698811,False
2026-01-08T14:28:00Z,101.54925227,False
2026-01-08T14:29:00Z,100.85991299,False
2026-01-08T14:30:00Z,100.15691116,False
2026-01-08T14:31:00Z,102.04362579,False
2026-01-08T14:32:00Z,101.24685789,False
2026-01-08T14:33:00Z,100.40720095,False
2026-01-08T14:34:00Z,101.68120674,False
2026-01-08T14:35:00Z,99.94747113,False
2026-01-08T14:36:00Z,103.11619985,False
2026-01-08T14:37:00Z,102.17018595,False
2026-01-08T14:38:00Z,102.35078706,False
2026-01-08T14:39:00Z,102.52123529,False
2026-01-08T14:40:00Z,101.82142043,False
2026-01-08T14:41:00Z,100.41411484,False
2026-01-08T14:42:00Z,100.50489561,False
2026-01-08T14:43:00Z,102.83034401,False
2026-01-08T14:44:00Z,103.09264018,False
2026-01-08T14:45:00Z,103.00930124,False
2026-01-08T14:46:00Z,102.02306717,False
2026-01-08T14:47:00Z,102.57531210,False
2026-01-08T14:48:00Z,101.26130088,False
2026-01-08T14:49:00Z,102.83588003,False
2026-01-08T14:50:00Z,102.72098824,False
2026-01-08T14:51:00Z,102.25674396,False
2026-01-08T14:52:00Z,103.30093807,False
2026-01-08T14:53:00Z,101.55525359,False
2026-01-08T14:54:00Z,101.99226850,False
2026-01-08T14:55:00Z,100.49300031,False
2026-01-08T14:56:00Z,101.30128176,False
2026-01-08T14:57:00Z,101.21687883,False
2026-01-08T14:58:00Z,102.66442855,False
2026-01-08T14:59:00Z,101.72520151,False
2026-01-08T15:00:00Z,100.31787637,False
2026-01-08T15:01:00Z,102.65861478,False
2026-01-08T15:02:00Z,101.72254858,False
2026-01-08T15:03:00Z,100.88912222,False
2026-01-08T15:04:00Z,100.86297479,False
2026-01-08T15:05:00Z,102.93891289,False
2026-01-08T15:06:00Z,102.04669119,False
2026-01-08T15:07:00Z,103.33742045,False
2026-01-08T15:08:00Z,103.08059715,False
2026-01-08T15:09:00Z,102.38708217,False
2026-01-08T15:10:00Z,103.52896707,False
2026-01-08T15:11:00Z,102.04149724,False
2026-01-08T15:12:00Z,102.40728016,False
2026-01-08T15:13:00Z,103.34907991,False
2026-01-08T15:14:00Z,102.73317054,False
2026-01-08T15:15:00Z,102.67054955,False
2026-01-08T15:16:00Z,103.77766438,False
2026-01-08T15:17:00Z,101.06231426,False
2026-01-08T15:18:00Z,101.21393691,False
2026-01-08T15:19:00Z,102.70497586,False
2026-01-08T15:20:00Z,103.12621962,False
2026-01-08T15:21:00Z,103.09714460,False
2026-01-08T15:22:00Z,102.24732909,False
2026-01-08T15:23:00Z,99.84369514,False
2026-01-08T15:24:00Z,102.88882923,False
2026-01-08T15:25:00Z,101.25241889,False
2026-01-08T15:26:00Z,101.33474086,False
2026-01-08T15:27:00Z,102.18726101,False
2026-01-08T15:28:00Z,103.09959071,False
2026-01-08T15:29:00Z,100.90442361,False
2026-01-08T15:30:00Z,101.64434433,False
2026-01-08T15:31:00Z,101.54811473,False
2026-01-08T15:32:00Z,103.06417666,False
2026-01-08T15:33:00Z,103.02639581,False
2026-01-08T15:34:00Z,102.66042210,False
2026-01-08T15:35:00Z,104.03980429,False
2026-01-08T15:36:00Z,102.25217554,False
2026-01-08T15:37:00Z,101.69167185,False
2026-01-08T15:38:00Z,101.46903105,False
2026-01-08T15:39:00Z,102.33184478,False
2026-01-08T15:40:00Z,103.00100400,False
2026-01-08T15:41:00Z,102.13170475,False
2026-01-08T15:42:00Z,103.61834642,False
2026-01-08T15:43:00Z,101.08521835,False
2026-01-08T15:44:00Z,101.77714540,False
2026-01-08T15:45:00Z,102.54384387,False
2026-01-08T15:46:00Z,102.16061897,False
2026-01-08T15:47:00Z,102.31624566,False
2026-01-08T15:48:00Z,99.69520781,False
2026-01-08T15:49:00Z,100.96215370,False
2026-01-08T15:50:00Z,104.06844627,False
2026-01-08T15:51:00Z,102.36209118,False
2026-01-08T15:52:00Z,102.36040777,False
2026-01-08T15:53:00Z,101.03879765,False
2026-01-08T15:54:00Z,102.74935346,False
2026-01-08T15:55:00Z,103.10412233,False
2026-01-08T15:56:00Z,102.40447409,False
2026-01-08T15:57:00Z,102.86785414,False
2026-01-08T15:58:00Z,102.60067117,False
2026-01-08T15:59:00Z,101.25589148,False
2026-01-08T16:00:00Z,101.33217045,False
2026-01-08T16:01:00Z,103.24702181,False
2026-01-08T16:02:00Z,102.41275482,False
2026-01-08T16:03:00Z,101.74587435,False
2026-01-08T16:04:00Z,101.85923634,False
2026-01-08T16:05:00Z,100.89693361,False
2026-01-08T16:06:00Z,103.25031248,False
2026-01-08T16:07:00Z,101.73766027,False
2026-01-08T16:08:00Z,103.58402845,False
2026-01-08T16:09:00Z,100.99895573,False
2026-01-08T16:10:00Z,102.56528504,False
2026-01-08T16:11:00Z,102.34169413,False
2026-01-08T16:12:00Z,103.04336980,False
2026-01-08T16:13:00Z,101.81839224,False
2026-01-08T16:14:00Z,102.80346043,False
2026-01-08T16:15:00Z,101.84361834,False
2026-01-08T16:16:00Z,101.43024077,False
2026-01-08T16:17:00Z,101.49993376,False
2026-01-08T16:18:00Z,102.37926420,False
2026-01-08T16:19:00Z,103.26473777,False
2026-01-08T16:20:00Z,104.16461005,False
2026-01-08T16:21:00Z,101.44947387,False
2026-01-08T16:22:00Z,101.12803619,False
2026-01-08T16:23:00Z,102.44524083,False
2026-01-08T16:24:00Z,103.12699624,False
2026-01-08T16:25:00Z,101.25246686,False
2026-01-08T16:26:00Z,103.91185175,False
2026-01-08T16:27:00Z,102.29906934,False
2026-01-08T16:28:00Z,103.49465099,False
2026-01-08T16:29:00Z,103.49394168,False
2026-01-08T16:30:00Z,101.87439164,False
2026-01-08T16:31:00Z,103.13641844,False
2026-01-08T16:32:00Z,102.30831056,False
2026-01-08T16:33:00Z,103.10040291,False
2026-01-08T16:34:00Z,103.54660092,False
2026-01-08T16:35:00Z,103.28766523,False
2026-01-08T16:36:00Z,104.51154210,False
2026-01-08T16:37:00Z,103.42862816,False
2026-01-08T16:38:00Z,100.73153467,False
2026-01-08T16:39:00Z,99.66957362,False
2026-01-08T16:40:00Z,102.85384478,False
2026-01-08T16:41:00Z,102.34923040,False
2026-01-08T16:42:00Z,102.99181694,False
2026-01-08T16:43:00Z,101.19545408,False
2026-01-08T16:44:00Z,102.75722841,False
2026-01-08T16:45:00Z,102.28773907,False
2026-01-08T16:46:00Z,102.90546594,False
2026-01-08T16:47:00Z,102.57726381,False
2026-01-08T16:48:00Z,102.54469278,False
2026-01-08T16:49:00Z,101.23004068,False
2026-01-08T16:50:00Z,103.01902277,False
2026-01-08T16:51:00Z,102.42168856,False
2026-01-08T16:52:00Z,103.94485875,False
2026-01-08T16:53:00Z,102.18536902,False
2026-01-08T16:54:00Z,100.37710857,False
2026-01-08T16:55:00Z,103.73910746,False
2026-01-08T16:56:00Z,102.79074851,False
2026-01-08T16:57:00Z,103.19961236,False
2026-01-08T16:58:00Z,102.85545022,False
2026-01-08T16:59:00Z,102.82879654,False
2026-01-08T17:00:00Z,92.81021415,True
2026-01-08T17:01:00Z,102.69384753,False
2026-01-08T17:02:00Z,102.95166820,False
2026-01-08T17:03:00Z,101.78133518,False
2026-01-08T17:04:00Z,103.24288412,False
2026-01-08T17:05:00Z,103.42753572,False
2026-01-08T17:06:00Z,102.38811273,False
2026-01-08T17:07:00Z,103.21177815,False
2026-01-08T17:08:00Z,102.12461345,False
2026-01-08T17:09:00Z,103.65632684,False
2026-01-08T17:10:00Z,102.70070965,False
2026-01-08T17:11:00Z,101.46891127,False
2026-01-08T17:12:00Z,102.90626630,False
2026-01-08T17:13:00Z,102.78861389,False
2026-01-08T17:14:00Z,101.40250447,False
2026-01-08T17:15:00Z,103.75227787,False
2026-01-08T17:16:00Z,103.36054263,False
2026-01-08T17:17:00Z,102.98604121,False
2026-01-08T17:18:00Z,102.93927029,False
2026-01-08T17:19:00Z,101.19501704,False
2026-01-08T17:20:00Z,103.25507660,False
2026-01-08T17:21:00Z,101.05670605,False
2026-01-08T17:22:00Z,105.43539282,False
2026-01-08T17:23:00Z,102.84612217,False
2026-01-08T17:24:00Z,103.18037693,False
2026-01-08T17:25:00Z,103.72114465,False
2026-01-08T17:26:00Z,103.03850686,False
2026-01-08T17:27:00Z,104.40325716,False
2026-01-08T17:28:00Z,103.79044719,False
2026-01-08T17:29:00Z,102.36195510,False
2026-01-08T17:30:00Z,103.10167466,False
2026-01-08T17:31:00Z,103.24704173,False
2026-01-08T17:32:00Z,102.66562839,False
2026-01-08T17:33:00Z,102.50987734,False
2026-01-08T17:34:00Z,102.26113720,False
2026-01-08T17:35:00Z,103.85944907,False
2026-01-08T17:36:00Z,102.30912309,False
2026-01-08T17:37:00Z,103.24069988,False
2026-01-08T17:38:00Z,103.20600385,False
2026-01-08T17:39:00Z,100.94658273,False
2026-01-08T17:40:00Z,101.67732636,False
2026-01-08T17:41:00Z,102.24033688,False
2026-01-08T17:42:00Z,104.47832495,False
2026-01-08T17:43:00Z,101.74224180,False
2026-01-08T17:44:00Z,103.94846438,False
2026-01-08T17:45:00Z,104.09571657,False
2026-01-08T17:46:00Z,103.41982524,False
2026-01-08T17:47:00Z,102.75198097,False
2026-01-08T17:48:00Z,102.84900804,False
2026-01-08T17:49:00Z,102.51497419,False
2026-01-08T17:50:00Z,104.35927351,False
2026-01-08T17:51:00Z,103.54025400,False
2026-01-08T17:52:00Z,103.93104041,False
2026-01-08T17:53:00Z,103.16379783,False
2026-01-08T17:54:00Z,104.14074599,False
2026-01-08T17:55:00Z,101.10239119,False
2026-01-08T17:56:00Z,103.24122896,False
2026-01-08T17:57:00Z,102.98003825,False
2026-01-08T17:58:00Z,104.60926579,False
2026-01-08T17:59:00Z,104.73829306,False
2026-01-08T18:00:00Z,101.85209811,False
2026-01-08T18:01:00Z,102.20876795,False
2026-01-08T18:02:00Z,104.76294923,False
2026-01-08T18:03:00Z,103.66665609,False
2026-01-08T18:04:00Z,103.80167063,False
2026-01-08T18:05:00Z,102.70329994,False
2026-01-08T18:06:00Z,103.40417848,False
2026-01-08T18:07:00Z,102.90283976,False
2026-01-08T18:08:00Z,103.20451563,False
2026-01-08T18:09:00Z,102.93813088,False
2026-01-08T18:10:00Z,102.50297523,False
2026-01-08T18:11:00Z,104.24632953,False
2026-01-08T18:12:00Z,103.35534229,False
2026-01-08T18:13:00Z,102.94333557,False
2026-01-08T18:14:00Z,102.32643766,False
2026-01-08T18:15:00Z,105.20556026,False
2026-01-08T18:16:00Z,103.52237471,False
2026-01-08T18:17:00Z,104.60427011,False
2026-01-08T18:18:00Z,104.16963187,False
2026-01-08T18:19:00Z,102.42278418,False
2026-01-08T18:20:00Z,101.22265044,False
2026-01-08T18:21:00Z,103.46578531,False
2026-01-08T18:22:00Z,102.63998703,False
2026-01-08T18:23:00Z,102.85690577,False
2026-01-08T18:24:00Z,103.70440263,False
2026-01-08T18:25:00Z,103.35750350,False
2026-01-08T18:26:00Z,104.30068731,False
2026-01-08T18:27:00Z,102.43189680,False
2026-01-08T18:28:00Z,102.71629575,False
2026-01-08T18:29:00Z,103.35326493,False
2026-01-08T18:30:00Z,102.83621605,False
2026-01-08T18:31:00Z,104.61218228,False
2026-01-08T18:32:00Z,100.43632747,False
2026-01-08T18:33:00Z,102.92798994,False
2026-01-08T18:34:00Z,103.90095294,False
2026-01-08T18:35:00Z,101.82794817,False
2026-01-08T18:36:00Z,102.11287656,False
2026-01-08T18:37:00Z,100.59569647,False
2026-01-08T18:38:00Z,103.27463328,False
2026-01-08T18:39:00Z,103.21773765,False
2026-01-08T18:40:00Z,104.47067217,False
2026-01-08T18:41:00Z,103.83283224,False
2026-01-08T18:42:00Z,104.08672536,False
2026-01-08T18:43:00Z,101.77479125,False
2026-01-08T18:44:00Z,105.13361753,False
2026-01-08T18:45:00Z,102.71621292,False
2026-01-08T18:46:00Z,104.12614656,False
2026-01-08T18:47:00Z,102.09037969,False
2026-01-08T18:48:00Z,102.32337539,False
2026-01-08T18:49:00Z,104.30565853,False
2026-01-08T18:50:00Z,103.12795222,False
2026-01-08T18:51:00Z,104.59161495,False
2026-01-08T18:52:00Z,104.54851239,False
2026-01-08T18:53:00Z,102.78552209,False
2026-01-08T18:54:00Z,102.37540781,False
2026-01-08T18:55:00Z,103.12561928,False
2026-01-08T18:56:00Z,101.87693362,False
2026-01-08T18:57:00Z,104.36414378,False
2026-01-08T18:58:00Z,103.80402365,False
2026-01-08T18:59:00Z,102.16945718,False
2026-01-08T19:00:00Z,103.01029517,False
2026-01-08T19:01:00Z,103.55667233,False
2026-01-08T19:02:00Z,102.65432995,False
2026-01-08T19:03:00Z,102.21935491,False
2026-01-08T19:04:00Z,102.82603809,False
2026-01-08T19:05:00Z,102.68604669,False
2026-01-08T19:06:00Z,101.26255106,False
2026-01-08T19:07:00Z,104.45302004,False
2026-01-08T19:08:00Z,102.91133234,False
2026-01-08T19:09:00Z,103.29807879,False
2026-01-08T19:10:00Z,102.48741808,False
2026-01-08T19:11:00Z,105.10004554,False
2026-01-08T19:12:00Z,102.90515696,False
2026-01-08T19:13:00Z,102.98754423,False
2026-01-08T19:14:00Z,104.57738105,False
2026-01-08T19:15:00Z,104.02151126,False
2026-01-08T19:16:00Z,102.78280758,False
2026-01-08T19:17:00Z,103.66938487,False
2026-01-08T19:18:00Z,103.62111300,False
2026-01-08T19:19:00Z,104.84218976,False
2026-01-08T19:20:00Z,104.26108153,False
2026-01-08T19:21:00Z,102.66276384,False
2026-01-08T19:22:00Z,103.38849991,False
2026-01-08T19:23:00Z,103.19599407,False
2026-01-08T19:24:00Z,105.26207727,False
2026-01-08T19:25:00Z,103.34926998,False
2026-01-08T19:26:00Z,103.60974441,False
2026-01-08T19:27:00Z,103.82672249,False
2026-01-08T19:28:00Z,103.48088854,False
2026-01-08T19:29:00Z,103.32488522,False
2026-01-08T19:30:00Z,102.54759695,False
2026-01-08T19:31:00Z,101.31224525,False
2026-01-08T19:32:00Z,104.65023183,False
2026-01-08T19:33:00Z,104.09038662,False
2026-01-08T19:34:00Z,102.92790451,False
2026-01-08T19:35:00Z,102.81571484,False
2026-01-08T19:36:00Z,103.11986615,False
2026-01-08T19:37:00Z,102.57839430,False
2026-01-08T19:38:00Z,104.49957151,False
2026-01-08T19:39:00Z,105.27398857,False
2026-01-08T19:40:00Z,104.39309012,False
2026-01-08T19:41:00Z,102.57989694,False
2026-01-08T19:42:00Z,104.01301919,False
2026-01-08T19:43:00Z,102.81250656,False
2026-01-08T19:44:00Z,104.50330016,False
2026-01-08T19:45:00Z,103.47777179,False
2026-01-08T19:46:00Z,104.74514349,False
2026-01-08T19:47:00Z,102.62282354,False
2026-01-08T19:48:00Z,104.23565745,False
2026-01-08T19:49:00Z,103.95654822,False
2026-01-08T19:50:00Z,105.13573888,False
2026-01-08T19:51:00Z,103.01378835,False
2026-01-08T19:52:00Z,103.38761988,False
2026-01-08T19:53:00Z,103.72306373,False
2026-01-08T19:54:00Z,106.23240019,False
2026-01-08T19:55:00Z,103.50173966,False
2026-01-08T19:56:00Z,103.65214633,False
2026-01-08T19:57:00Z,104.83919333,False
2026-01-08T19:58:00Z,104.70949516,False
2026-01-08T19:59:00Z,102.86655245,False
2026-01-08T20:00:00Z,103.26534121,False
2026-01-08T20:01:00Z,104.43336495,False
2026-01-08T20:02:00Z,104.35089873,False
2026-01-08T20:03:00Z,101.99113919,False
2026-01-08T20:04:00Z,104.24488076,False
2026-01-08T20:05:00Z,104.12889200,False
2026-01-08T20:06:00Z,102.26425858,False
2026-01-08T20:07:00Z,104.24560096,False
2026-01-08T20:08:00Z,102.85054227,False
2026-01-08T20:09:00Z,103.82669462,False
2026-01-08T20:10:00Z,103.38915147,False
2026-01-08T20:11:00Z,103.20191914,False
2026-01-08T20:12:00Z,104.11310609,False
2026-01-08T20:13:00Z,103.10155944,False
2026-01-08T20:14:00Z,102.40785804,False
2026-01-08T20:15:00Z,105.49756164,False
2026-01-08T20:16:00Z,103.06836641,False
2026-01-08T20:17:00Z,104.58848804,False
2026-01-08T20:18:00Z,102.45726211,False
2026-01-08T20:19:00Z,103.94666109,False
2026-01-08T20:20:00Z,102.52699162,False
2026-01-08T20:21:00Z,103.21958036,False
2026-01-08T20:22:00Z,103.89870895,False
2026-01-08T20:23:00Z,102.09165917,False
2026-01-08T20:24:00Z,104.13716580,False
2026-01-08T20:25:00Z,103.39360049,False
2026-01-08T20:26:00Z,103.98120171,False
2026-01-08T20:27:00Z,103.90426887,False
2026-01-08T20:28:00Z,104.82150756,False
2026-01-08T20:29:00Z,104.64835052,False
2026-01-08T20:30:00Z,102.92108144,False
2026-01-08T20:31:00Z,102.78972898,False
2026-01-08T20:32:00Z,102.84323766,False
2026-01-08T20:33:00Z,104.30166899,False
2026-01-08T20:34:00Z,104.69968923,False
2026-01-08T20:35:00Z,103.54224064,False
2026-01-08T20:36:00Z,103.18906048,False
2026-01-08T20:37:00Z,104.22565594,False
2026-01-08T20:38:00Z,102.99585739,False
2026-01-08T20:39:00Z,103.67714125,False
2026-01-08T20:40:00Z,102.70185580,False
2026-01-08T20:41:00Z,104.54651058,False
2026-01-08T20:42:00Z,104.04866201,False
2026-01-08T20:43:00Z,103.89998736,False
2026-01-08T20:44:00Z,102.66234689,False
2026-01-08T20:45:00Z,104.35486430,False
2026-01-08T20:46:00Z,105.12141875,False
2026-01-08T20:47:00Z,103.22282554,False
2026-01-08T20:48:00Z,104.12753647,False
2026-01-08T20:49:00Z,102.34193767,False
2026-01-08T20:50:00Z,103.34337743,False
2026-01-08T20:51:00Z,104.19277926,False
2026-01-08T20:52:00Z,104.13458077,False
2026-01-08T20:53:00Z,104.52674094,False
2026-01-08T20:54:00Z,103.02251066,False
2026-01-08T20:55:00Z,103.65057221,False
2026-01-08T20:56:00Z,104.11425836,False
2026-01-08T20:57:00Z,103.50284797,False
2026-01-08T20:58:00Z,102.92362310,False
2026-01-08T20:59:00Z,105.16206626,False
2026-01-08T21:00:00Z,103.50183787,False
2026-01-08T21:01:00Z,104.13328468,False
2026-01-08T21:02:00Z,102.98892413,False
2026-01-08T21:03:00Z,105.23758736,False
2026-01-08T21:04:00Z,103.55202308,False
2026-01-08T21:05:00Z,103.31178085,False
2026-01-08T21:06:00Z,106.11079849,False
2026-01-08T21:07:00Z,105.19690457,False
2026-01-08T21:08:00Z,102.90028613,False
2026-01-08T21:09:00Z,104.76801250,False
2026-01-08T21:10:00Z,105.01834893,False
2026-01-08T21:11:00Z,103.81176148,False
2026-01-08T21:12:00Z,104.92212910,False
2026-01-08T21:13:00Z,105.49342231,False
2026-01-08T21:14:00Z,106.28651030,False
2026-01-08T21:15:00Z,103.49240013,False
2026-01-08T21:16:00Z,104.27203205,False
2026-01-08T21:17:00Z,104.30452741,False
2026-01-08T21:18:00Z,105.55669314,False
2026-01-08T21:19:00Z,104.43017209,False
2026-01-08T21:20:00Z,103.07583447,False
2026-01-08T21:21:00Z,103.27045136,False
2026-01-08T21:22:00Z,103.48832545,False
2026-01-08T21:23:00Z,102.48359017,False
2026-01-08T21:24:00Z,104.27429571,False
2026-01-08T21:25:00Z,104.84362994,False
2026-01-08T21:26:00Z,103.68886334,False
2026-01-08T21:27:00Z,104.77638526,False
2026-01-08T21:28:00Z,104.47229379,False
2026-01-08T21:29:00Z,103.57158150,False
2026-01-08T21:30:00Z,104.22668118,False
2026-01-08T21:31:00Z,103.59793484,False
2026-01-08T21:32:00Z,105.79187164,False
2026-01-08T21:33:00Z,103.62821134,False
2026-01-08T21:34:00Z,103.98152953,False
2026-01-08T21:35:00Z,104.89825748,False
2026-01-08T21:36:00Z,102.15691692,False
2026-01-08T21:37:00Z,103.04016758,False
2026-01-08T21:38:00Z,103.25783967,False
2026-01-08T21:39:00Z,103.98175026,False
2026-01-08T21:40:00Z,103.40151043,False
2026-01-08T21:41:00Z,105.14937115,False
2026-01-08T21:42:00Z,104.71598411,False
2026-01-08T21:43:00Z,105.84466912,False
2026-01-08T21:44:00Z,103.30622472,False
2026-01-08T21:45:00Z,103.67194956,False
2026-01-08T21:46:00Z,105.12474721,False
2026-01-08T21:47:00Z,101.79436868,False
2026-01-08T21:48:00Z,104.86609662,False
2026-01-08T21:49:00Z,103.49200921,False
2026-01-08T21:50:00Z,104.98850609,False
2026-01-08T21:51:00Z,104.75625560,False
2026-01-08T21:52:00Z,104.91082499,False
2026-01-08T21:53:00Z,102.56663504,False
2026-01-08T21:54:00Z,103.94387307,False
2026-01-08T21:55:00Z,103.18701890,False
2026-01-08T21:56:00Z,105.56137808,False
2026-01-08T21:57:00Z,103.80012416,False
2026-01-08T21:58:00Z,104.26210807,False
2026-01-08T21:59:00Z,103.64797312,False
2026-01-08T22:00:00Z,105.14960523,False
2026-01-08T22:01:00Z,104.72964392,False
2026-01-08T22:02:00Z,105.55937136,False
2026-01-08T22:03:00Z,104.79229505,False
2026-01-08T22:04:00Z,103.39389793,False
2026-01-08T22:05:00Z,104.45770599,False
2026-01-08T22:06:00Z,104.16770159,False
2026-01-08T22:07:00Z,107.53132122,False
2026-01-08T22:08:00Z,104.71532613,False
2026-01-08T22:09:00Z,104.30717710,False
2026-01-08T22:10:00Z,104.31988789,False
2026-01-08T22:11:00Z,103.41667925,False
2026-01-08T22:12:00Z,102.19694572,False
2026-01-08T22:13:00Z,105.86157188,False
2026-01-08T22:14:00Z,106.04963539,False
2026-01-08T22:15:00Z,104.16711999,False
2026-01-08T22:16:00Z,104.86837793,False
2026-01-08T22:17:00Z,104.05672618,False
2026-01-08T22:18:00Z,104.42117948,False
2026-01-08T22:19:00Z,103.34721755,False
2026-01-08T22:20:00Z,104.22479924,False
2026-01-08T22:21:00Z,105.18515758,False
2026-01-08T22:22:00Z,102.30517448,False
2026-01-08T22:23:00Z,103.35167824,False
2026-01-08T22:24:00Z,102.72376010,False
2026-01-08T22:25:00Z,104.57189674,False
2026-01-08T22:26:00Z,104.99351507,False
2026-01-08T22:27:00Z,103.89338386,False
2026-01-08T22:28:00Z,102.83014350,False
2026-01-08T22:29:00Z,104.48673996,False
2026-01-08T22:30:00Z,102.51258454,False
2026-01-08T22:31:00Z,103.27692985,False
2026-01-08T22:32:00Z,105.31784968,False
2026-01-08T22:33:00Z,104.67935811,False
2026-01-08T22:34:00Z,102.76972724,False
2026-01-08T22:35:00Z,105.06540655,False
2026-01-08T22:36:00Z,105.30574454,False
2026-01-08T22:37:00Z,103.80239975,False
2026-01-08T22:38:00Z,104.54103715,False
2026-01-08T22:39:00Z,103.48759454,False
2026-01-08T22:40:00Z,103.20698661,False
2026-01-08T22:41:00Z,104.57197686,False
2026-01-08T22:42:00Z,103.88681224,False
2026-01-08T22:43:00Z,103.79717352,False
2026-01-08T22:44:00Z,102.35014682,False
2026-01-08T22:45:00Z,103.45857746,False
2026-01-08T22:46:00Z,104.27459988,False
2026-01-08T22:47:00Z,104.09811689,False
2026-01-08T22:48:00Z,104.88070462,False
2026-01-08T22:49:00Z,103.59178442,False
2026-01-08T22:50:00Z,104.10214636,False
2026-01-08T22:51:00Z,102.44376122,False
2026-01-08T22:52:00Z,104.57731457,False
2026-01-08T22:53:00Z,102.16608982,False
2026-01-08T22:54:00Z,104.04754561,False
2026-01-08T22:55:00Z,104.14384826,False
2026-01-08T22:56:00Z,103.95855588,False
2026-01-08T22:57:00Z,105.11246264,False
2026-01-08T22:58:00Z,103.59205654,False
2026-01-08T22:59:00Z,104.63091942,False
2026-01-08T23:00:00Z,105.87397335,False
2026-01-08T23:01:00Z,103.88542184,False
2026-01-08T23:02:00Z,103.91059857,False
2026-01-08T23:03:00Z,104.61274752,False
2026-01-08T23:04:00Z,104.72065114,False
2026-01-08T23:05:00Z,103.53041913,False
2026-01-08T23:06:00Z,104.68625405,False
2026-01-08T23:07:00Z,103.08103406,False
2026-01-08T23:08:00Z,104.49769068,False
2026-01-08T23:09:00Z,103.29966591,False
2026-01-08T23:10:00Z,104.99411392,False
2026-01-08T23:11:00Z,105.05991537,False
2026-01-08T23:12:00Z,103.46884063,False
2026-01-08T23:13:00Z,103.76484308,False
2026-01-08T23:14:00Z,103.73436895,False
2026-01-08T23:15:00Z,103.38388300,False
2026-01-08T23:16:00Z,105.17520470,False
2026-01-08T23:17:00Z,102.82535601,False
2026-01-08T23:18:00Z,104.72009331,False
2026-01-08T23:19:00Z,105.40591238,False
2026-01-08T23:20:00Z,105.03615757,False
2026-01-08T23:21:00Z,104.52392921,False
2026-01-08T23:22:00Z,103.50346783,False
2026-01-08T23:23:00Z,104.01130023,False
2026-01-08T23:24:00Z,103.72158816,False
2026-01-08T23:25:00Z,104.67389976,False
2026-01-08T23:26:00Z,104.40675935,False
2026-01-08T23:27:00Z,105.03968998,False
2026-01-08T23:28:00Z,103.24587640,False
2026-01-08T23:29:00Z,104.33428910,False
2026-01-08T23:30:00Z,104.65176121,False
2026-01-08T23:31:00Z,104.11226040,False
2026-01-08T23:32:00Z,105.37438120,False
2026-01-08T23:33:00Z,103.36250069,False
2026-01-08T23:34:00Z,105.12373742,False
2026-01-08T23:35:00Z,103.68552718,False
2026-01-08T23:36:00Z,103.31400237,False
2026-01-08T23:37:00Z,104.23926599,False
2026-01-08T23:38:00Z,102.68560403,False
2026-01-08T23:39:00Z,104.20722299,False
2026-01-08T23:40:00Z,102.85897679,False
2026-01-08T23:41:00Z,103.63421702,False
2026-01-08T23:42:00Z,104.94409942,False
2026-01-08T23:43:00Z,102.10748190,False
2026-01-08T23:44:00Z,104.45010667,False
2026-01-08T23:45:00Z,101.83549104,False
2026-01-08T23:46:00Z,103.21480130,False
2026-01-08T23:47:00Z,103.34189215,False
2026-01-08T23:48:00Z,102.78980097,False
2026-01-08T23:49:00Z,104.28873722,False
2026-01-08T23:50:00Z,105.09200991,False
2026-01-08T23:51:00Z,104.17426975,False
2026-01-08T23:52:00Z,103.21922560,False
2026-01-08T23:53:00Z,104.33205533,False
2026-01-08T23:54:00Z,104.42816132,False
2026-01-08T23:55:00Z,105.08253278,False
2026-01-08T23:56:00Z,105.44603650,False
2026-01-08T23:57:00Z,104.70118693,False
2026-01-08T23:58:00Z,102.85286225,False
2026-01-08T23:59:00Z,104.33760200,False
2026-01-09T00:00:00Z,103.81713943,False
2026-01-09T00:01:00Z,103.47714236,False
2026-01-09T00:02:00Z,104.97173710,False
2026-01-09T00:03:00Z,103.23881451,False
2026-01-09T00:04:00Z,104.37527114,False
2026-01-09T00:05:00Z,102.55181720,False
2026-01-09T00:06:00Z,104.48900438,False
2026-01-09T00:07:00Z,104.13741233,False
2026-01-09T00:08:00Z,105.55257960,False
2026-01-09T00:09:00Z,102.97707524,False
2026-01-09T00:10:00Z,104.04280364,False
2026-01-09T00:11:00Z,105.26349159,False
2026-01-09T00:12:00Z,104.99766531,False
2026-01-09T00:13:00Z,104.32490893,False
2026-01-09T00:14:00Z,106.38396936,False
2026-01-09T00:15:00Z,104.46191274,False
2026-01-09T00:16:00Z,104.63180738,False
2026-01-09T00:17:00Z,104.93989405,False
2026-01-09T00:18:00Z,104.47768459,False
2026-01-09T00:19:00Z,103.39935832,False
2026-01-09T00:20:00Z,105.36655144,False
2026-01-09T00:21:00Z,105.67510162,False
2026-01-09T00:22:00Z,104.63657968,False
2026-01-09T00:23:00Z,105.65103465,False
2026-01-09T00:24:00Z,104.51654631,False
2026-01-09T00:25:00Z,105.65798257,False
2026-01-09T00:26:00Z,104.43558402,False
2026-01-09T00:27:00Z,105.44125818,False
2026-01-09T00:28:00Z,105.07285239,False
2026-01-09T00:29:00Z,103.16102547,False
2026-01-09T00:30:00Z,103.81800863,False
2026-01-09T00:31:00Z,102.87832490,False
2026-01-09T00:32:00Z,104.96125284,False
2026-01-09T00:33:00Z,104.49665310,False
2026-01-09T00:34:00Z,104.19974337,False
2026-01-09T00:35:00Z,104.09751911,False
2026-01-09T00:36:00Z,103.19953099,False
2026-01-09T00:37:00Z,104.75488880,False
2026-01-09T00:38:00Z,105.62461937,False
2026-01-09T00:39:00Z,103.71662673,False
2026-01-09T00:40:00Z,104.33695163,False
2026-01-09T00:41:00Z,103.58330363,False
2026-01-09T00:42:00Z,104.30345246,False
2026-01-09T00:43:00Z,103.52821771,False
2026-01-09T00:44:00Z,105.71005786,False
2026-01-09T00:45:00Z,103.23396686,False
2026-01-09T00:46:00Z,104.30389394,False
2026-01-09T00:47:00Z,106.06163772,False
2026-01-09T00:48:00Z,104.49237290,False
2026-01-09T00:49:00Z,104.13233336,False
2026-01-09T00:50:00Z,102.94049184,False
2026-01-09T00:51:00Z,104.46271900,False
2026-01-09T00:52:00Z,105.25144147,False
2026-01-09T00:53:00Z,103.52851703,False
2026-01-09T00:54:00Z,103.74879878,False
2026-01-09T00:55:00Z,105.44815845,False
2026-01-09T00:56:00Z,105.74710333,False
2026-01-09T00:57:00Z,104.72584672,False
2026-01-09T00:58:00Z,103.91572654,False
2026-01-09T00:59:00Z,104.35384836,False
2026-01-09T01:00:00Z,103.66528409,False
2026-01-09T01:01:00Z,104.48294996,False
2026-01-09T01:02:00Z,104.38710856,False
2026-01-09T01:03:00Z,104.73010207,False
2026-01-09T01:04:00Z,103.94922479,False
2026-01-09T01:05:00Z,104.95376568,False
2026-01-09T01:06:00Z,104.11283050,False
2026-01-09T01:07:00Z,104.74255899,False
2026-01-09T01:08:00Z,103.98300567,False
2026-01-09T01:09:00Z,104.21814679,False
2026-01-09T01:10:00Z,106.49903625,False
2026-01-09T01:11:00Z,105.05151932,False
2026-01-09T01:12:00Z,104.10382190,False
2026-01-09T01:13:00Z,104.90099811,False
2026-01-09T01:14:00Z,105.09207057,False
2026-01-09T01:15:00Z,101.50470189,False
2026-01-09T01:16:00Z,103.10755072,False
2026-01-09T01:17:00Z,104.15303406,False
2026-01-09T01:18:00Z,103.31739480,False
2026-01-09T01:19:00Z,105.20261119,False
2026-01-09T01:20:00Z,102.75801729,False
2026-01-09T01:21:00Z,103.41092814,False
2026-01-09T01:22:00Z,103.83400495,False
2026-01-09T01:23:00Z,103.14955513,False
2026-01-09T01:24:00Z,105.48351180,False
2026-01-09T01:25:00Z,103.69259939,False
2026-01-09T01:26:00Z,105.95015261,False
2026-01-09T01:27:00Z,104.28430279,False
2026-01-09T01:28:00Z,103.78396778,False
2026-01-09T01:29:00Z,102.98406158,False
2026-01-09T01:30:00Z,102.52932939,False
2026-01-09T01:31:00Z,101.84935019,False
2026-01-09T01:32:00Z,105.78303536,False
2026-01-09T01:33:00Z,103.53782289,False
2026-01-09T01:34:00Z,103.95458858,False
2026-01-09T01:35:00Z,105.26400140,False
2026-01-09T01:36:00Z,105.03300250,False
2026-01-09T01:37:00Z,103.80630868,False
2026-01-09T01:38:00Z,104.37370747,False
2026-01-09T01:39:00Z,104.20866750,False
2026-01-09T01:40:00Z,104.08696802,False
2026-01-09T01:41:00Z,106.12391612,False
2026-01-09T01:42:00Z,104.30680242,False
2026-01-09T01:43:00Z,104.24654479,False
2026-01-09T01:44:00Z,103.27873621,False
2026-01-09T01:45:00Z,105.38021740,False
2026-01-09T01:46:00Z,105.14140697,False
2026-01-09T01:47:00Z,104.51932916,False
2026-01-09T01:48:00Z,104.59884355,False
2026-01-09T01:49:00Z,105.14464478,False
2026-01-09T01:50:00Z,104.81767430,False
2026-01-09T01:51:00Z,104.95275235,False
2026-01-09T01:52:00Z,103.28537320,False
2026-01-09T01:53:00Z,106.48691379,False
2026-01-09T01:54:00Z,104.00222666,False
2026-01-09T01:55:00Z,103.37827150,False
2026-01-09T01:56:00Z,104.85316070,False
2026-01-09T01:57:00Z,104.16758039,False
2026-01-09T01:58:00Z,103.70064541,False
2026-01-09T01:59:00Z,105.07372397,False
2026-01-09T02:00:00Z,103.22144442,False
2026-01-09T02:01:00Z,105.81940907,False
2026-01-09T02:02:00Z,104.78061702,False
2026-01-09T02:03:00Z,105.12126094,False
2026-01-09T02:04:00Z,103.80484946,False
2026-01-09T02:05:00Z,105.55559497,False
2026-01-09T02:06:00Z,104.19366508,False
2026-01-09T02:07:00Z,102.35954377,False
2026-01-09T02:08:00Z,102.95331616,False
2026-01-09T02:09:00Z,103.76050194,False
2026-01-09T02:10:00Z,103.67916351,False
2026-01-09T02:11:00Z,104.06129978,False
2026-01-09T02:12:00Z,103.87344473,False
2026-01-09T02:13:00Z,104.72526820,False
2026-01-09T02:14:00Z,103.28135968,False
2026-01-09T02:15:00Z,105.24890852,False
2026-01-09T02:16:00Z,104.53623328,False
2026-01-09T02:17:00Z,105.51701421,False
2026-01-09T02:18:00Z,106.37596235,False
2026-01-09T02:19:00Z,103.20589303,False
2026-01-09T02:20:00Z,103.43423597,False
2026-01-09T02:21:00Z,105.40390874,False
2026-01-09T02:22:00Z,104.94902055,False
2026-01-09T02:23:00Z,104.15497915,False
2026-01-09T02:24:00Z,104.17084867,False
2026-01-09T02:25:00Z,104.50666449,False
2026-01-09T02:26:00Z,103.93830850,False
2026-01-09T02:27:00Z,108.23575426,False
2026-01-09T02:28:00Z,104.15338926,False
2026-01-09T02:29:00Z,104.43575363,False
2026-01-09T02:30:00Z,102.26913012,False
2026-01-09T02:31:00Z,103.45256432,False
2026-01-09T02:32:00Z,103.19552059,False
2026-01-09T02:33:00Z,104.51716755,False
2026-01-09T02:34:00Z,105.47413909,False
2026-01-09T02:35:00Z,104.33837606,False
2026-01-09T02:36:00Z,103.77094897,False
2026-01-09T02:37:00Z,104.76494392,False
2026-01-09T02:38:00Z,105.89067329,False
2026-01-09T02:39:00Z,102.70879483,False
2026-01-09T02:40:00Z,103.20588625,False
2026-01-09T02:41:00Z,103.59885949,False
2026-01-09T02:42:00Z,102.96953157,False
2026-01-09T02:43:00Z,104.31510541,False
2026-01-09T02:44:00Z,105.34041713,False
2026-01-09T02:45:00Z,103.43479987,False
2026-01-09T02:46:00Z,104.31161284,False
2026-01-09T02:47:00Z,103.34918712,False
2026-01-09T02:48:00Z,102.81653627,False
2026-01-09T02:49:00Z,103.85404156,False
2026-01-09T02:50:00Z,105.73318245,False
2026-01-09T02:51:00Z,103.10519147,False
2026-01-09T02:52:00Z,104.93301733,False
2026-01-09T02:53:00Z,105.09110724,False
2026-01-09T02:54:00Z,105.70833849,False
2026-01-09T02:55:00Z,104.67979726,False
2026-01-09T02:56:00Z,105.44544640,False
2026-01-09T02:57:00Z,104.08049322,False
2026-01-09T02:58:00Z,104.60048328,False
2026-01-09T02:59:00Z,104.28934981,False
2026-01-09T03:00:00Z,101.90873143,False
2026-01-09T03:01:00Z,103.78933769,False
2026-01-09T03:02:00Z,103.39876135,False
2026-01-09T03:03:00Z,105.76990091,False
2026-01-09T03:04:00Z,104.71856736,False
2026-01-09T03:05:00Z,103.21195997,False
2026-01-09T03:06:00Z,103.57498496,False
2026-01-09T03:07:00Z,104.83444379,False
2026-01-09T03:08:00Z,103.33321641,False
2026-01-09T03:09:00Z,103.12566008,False
2026-01-09T03:10:00Z,102.81351645,False
2026-01-09T03:11:00Z,103.64459314,False
2026-01-09T03:12:00Z,104.31910972,False
2026-01-09T03:13:00Z,103.31907345,False
2026-01-09T03:14:00Z,105.10713439,False
2026-01-09T03:15:00Z,105.16298163,False
2026-01-09T03:16:00Z,104.54805973,False
2026-01-09T03:17:00Z,103.98276348,False
2026-01-09T03:18:00Z,103.41508713,False
2026-01-09T03:19:00Z,105.50235270,False
2026-01-09T03:20:00Z,103.83321341,False
2026-01-09T03:21:00Z,102.99212517,False
2026-01-09T03:22:00Z,104.59255169,False
2026-01-09T03:23:00Z,103.46119650,False
2026-01-09T03:24:00Z,105.94206527,False
2026-01-09T03:25:00Z,103.99551870,False
2026-01-09T03:26:00Z,103.01536743,False
2026-01-09T03:27:00Z,104.93004781,False
2026-01-09T03:28:00Z,104.54589757,False
2026-01-09T03:29:00Z,102.29710973,False
2026-01-09T03:30:00Z,103.13378419,False
2026-01-09T03:31:00Z,103.17695754,False
2026-01-09T03:32:00Z,105.12306790,False
2026-01-09T03:33:00Z,104.65892002,False
2026-01-09T03:34:00Z,103.33145824,False
2026-01-09T03:35:00Z,104.14572623,False
2026-01-09T03:36:00Z,104.03449463,False
2026-01-09T03:37:00Z,103.51706590,False
2026-01-09T03:38:00Z,102.37349126,False
2026-01-09T03:39:00Z,102.79960147,False
2026-01-09T03:40:00Z,105.40293955,False
2026-01-09T03:41:00Z,104.24732258,False
2026-01-09T03:42:00Z,103.12395172,False
2026-01-09T03:43:00Z,103.72114851,False
2026-01-09T03:44:00Z,104.53641292,False
2026-01-09T03:45:00Z,103.78251729,False
2026-01-09T03:46:00Z,104.00650852,False
2026-01-09T03:47:00Z,103.18695408,False
2026-01-09T03:48:00Z,102.85815035,False
2026-01-09T03:49:00Z,103.51807188,False
2026-01-09T03:50:00Z,103.79633957,False
2026-01-09T03:51:00Z,104.31058313,False
2026-01-09T03:52:00Z,104.74048817,False
2026-01-09T03:53:00Z,104.46824546,False
2026-01-09T03:54:00Z,104.52971501,False
2026-01-09T03:55:00Z,103.25493650,False
2026-01-09T03:56:00Z,102.25182113,False
2026-01-09T03:57:00Z,103.81448364,False
2026-01-09T03:58:00Z,104.22265617,False
2026-01-09T03:59:00Z,103.24435743,False
2026-01-09T04:00:00Z,103.89999438,False
2026-01-09T04:01:00Z,104.96704834,False
2026-01-09T04:02:00Z,103.90201966,False
2026-01-09T04:03:00Z,104.69157873,False
2026-01-09T04:04:00Z,104.81805864,False
2026-01-09T04:05:00Z,103.24037019,False
2026-01-09T04:06:00Z,104.34569403,False
2026-01-09T04:07:00Z,104.21118681,False
2026-01-09T04:08:00Z,105.22347997,False
2026-01-09T04:09:00Z,104.53971907,False
2026-01-09T04:10:00Z,102.88679125,False
2026-01-09T04:11:00Z,103.80400497,False
2026-01-09T04:12:00Z,104.19113578,False
2026-01-09T04:13:00Z,103.79732030,False
2026-01-09T04:14:00Z,104.63363010,False
2026-01-09T04:15:00Z,102.57357319,False
2026-01-09T04:16:00Z,105.48257600,False
2026-01-09T04:17:00Z,104.84905964,False
2026-01-09T04:18:00Z,105.34829731,False
2026-01-09T04:19:00Z,104.44603429,False
2026-01-09T04:20:00Z,105.10072009,False
2026-01-09T04:21:00Z,103.76861703,False
2026-01-09T04:22:00Z,103.36513906,False
2026-01-09T04:23:00Z,103.51198890,False
2026-01-09T04:24:00Z,105.67099797,False
2026-01-09T04:25:00Z,104.14203211,False
2026-01-09T04:26:00Z,104.10487834,False
2026-01-09T04:27:00Z,104.64025319,False
2026-01-09T04:28:00Z,103.79155291,False
2026-01-09T04:29:00Z,103.51692754,False
2026-01-09T04:30:00Z,104.49101875,False
2026-01-09T04:31:00Z,103.01857613,False
2026-01-09T04:32:00Z,103.52496420,False
2026-01-09T04:33:00Z,102.73195918,False
2026-01-09T04:34:00Z,104.04263746,False
2026-01-09T04:35:00Z,105.68007768,False
2026-01-09T04:36:00Z,102.57005078,False
2026-01-09T04:37:00Z,103.27056781,False
2026-01-09T04:38:00Z,103.96144518,False
2026-01-09T04:39:00Z,104.17153412,False
2026-01-09T04:40:00Z,104.60464716,False
2026-01-09T04:41:00Z,103.54128538,False
2026-01-09T04:42:00Z,103.23579690,False
2026-01-09T04:43:00Z,103.05976067,False
2026-01-09T04:44:00Z,104.38235581,False
2026-01-09T04:45:00Z,103.78406658,False
2026-01-09T04:46:00Z,104.08671812,False
2026-01-09T04:47:00Z,103.84233358,False
2026-01-09T04:48:00Z,105.99514630,False
2026-01-09T04:49:00Z,105.15291618,False
2026-01-09T04:50:00Z,103.06204266,False
2026-01-09T04:51:00Z,103.21004300,False
2026-01-09T04:52:00Z,103.48173404,False
2026-01-09T04:53:00Z,105.53288537,False
2026-01-09T04:54:00Z,102.97422835,False
2026-01-09T04:55:00Z,103.54161086,False
2026-01-09T04:56:00Z,104.35370677,False
2026-01-09T04:57:00Z,103.59052422,False
2026-01-09T04:58:00Z,103.38949955,False
2026-01-09T04:59:00Z,103.07049663,False
2026-01-09T05:00:00Z,102.89660706,False
2026-01-09T05:01:00Z,104.46219807,False
2026-01-09T05:02:00Z,104.95200268,False
2026-01-09T05:03:00Z,102.85871970,False
2026-01-09T05:04:00Z,104.30886740,False
2026-01-09T05:05:00Z,103.00212766,False
2026-01-09T05:06:00Z,103.00379413,False
2026-01-09T05:07:00Z,103.27176625,False
2026-01-09T05:08:00Z,103.99584722,False
2026-01-09T05:09:00Z,103.25830853,False
2026-01-09T05:10:00Z,102.73819611,False
2026-01-09T05:11:00Z,103.36387448,False
2026-01-09T05:12:00Z,103.89371497,False
2026-01-09T05:13:00Z,104.14373670,False
2026-01-09T05:14:00Z,104.77645439,False
2026-01-09T05:15:00Z,105.27780293,False
2026-01-09T05:16:00Z,103.15174766,False
2026-01-09T05:17:00Z,103.40964862,False
2026-01-09T05:18:00Z,102.98232847,False
2026-01-09T05:19:00Z,102.41351713,False
2026-01-09T05:20:00Z,103.28912124,False
2026-01-09T05:21:00Z,102.79756113,False
2026-01-09T05:22:00Z,103.59868080,False
2026-01-09T05:23:00Z,102.87376416,False
2026-01-09T05:24:00Z,104.63152566,False
2026-01-09T05:25:00Z,103.59026221,False
2026-01-09T05:26:00Z,104.55734773,False
2026-01-09T05:27:00Z,104.17890482,False
2026-01-09T05:28:00Z,103.85321173,False
2026-01-09T05:29:00Z,104.63187322,False
2026-01-09T05:30:00Z,103.32838418,False
2026-01-09T05:31:00Z,102.17249100,False
2026-01-09T05:32:00Z,102.63384325,False
2026-01-09T05:33:00Z,103.96950129,False
2026-01-09T05:34:00Z,103.11002824,False
2026-01-09T05:35:00Z,102.96639190,False
2026-01-09T05:36:00Z,104.71159443,False
2026-01-09T05:37:00Z,103.10259570,False
2026-01-09T05:38:00Z,103.51406561,False
2026-01-09T05:39:00Z,102.27590306,False
2026-01-09T05:40:00Z,104.40927446,False
2026-01-09T05:41:00Z,104.28581653,False
2026-01-09T05:42:00Z,104.41650982,False
2026-01-09T05:43:00Z,103.40885681,False
2026-01-09T05:44:00Z,104.49149030,False
2026-01-09T05:45:00Z,103.21936867,False
2026-01-09T05:46:00Z,103.28991967,False
2026-01-09T05:47:00Z,104.32026803,False
2026-01-09T05:48:00Z,102.32707752,False
2026-01-09T05:49:00Z,102.42390385,False
2026-01-09T05:50:00Z,102.63992824,False
2026-01-09T05:51:00Z,103.31343477,False
2026-01-09T05:52:00Z,104.16969573,False
2026-01-09T05:53:00Z,103.43818430,False
2026-01-09T05:54:00Z,103.99412979,False
2026-01-09T05:55:00Z,104.43484863,False
2026-01-09T05:56:00Z,102.48159139,False
2026-01-09T05:57:00Z,103.57121876,False
2026-01-09T05:58:00Z,104.36420610,False
2026-01-09T05:59:00Z,102.07530487,False
2026-01-09T06:00:00Z,102.14969259,False
2026-01-09T06:01:00Z,102.88575311,False
2026-01-09T06:02:00Z,102.19057627,False
2026-01-09T06:03:00Z,103.38797962,False
2026-01-09T06:04:00Z,103.70513839,False
2026-01-09T06:05:00Z,103.37339162,False
2026-01-09T06:06:00Z,104.60629289,False
2026-01-09T06:07:00Z,104.62034071,False
2026-01-09T06:08:00Z,104.17802961,False
2026-01-09T06:09:00Z,104.62617102,False
2026-01-09T06:10:00Z,103.47320784,False
2026-01-09T06:11:00Z,103.88626553,False
2026-01-09T06:12:00Z,101.65668150,False
2026-01-09T06:13:00Z,102.55945648,False
2026-01-09T06:14:00Z,104.06446550,False
2026-01-09T06:15:00Z,102.86112406,False
2026-01-09T06:16:00Z,102.56846396,False
2026-01-09T06:17:00Z,103.59696102,False
2026-01-09T06:18:00Z,103.81869694,False
2026-01-09T06:19:00Z,102.81098396,False
2026-01-09T06:20:00Z,102.73965309,False
2026-01-09T06:21:00Z,102.59298417,False
2026-01-09T06:22:00Z,102.29893978,False
2026-01-09T06:23:00Z,104.90028719,False
2026-01-09T06:24:00Z,102.72066675,False
2026-01-09T06:25:00Z,101.58087685,False
2026-01-09T06:26:00Z,104.64858589,False
2026-01-09T06:27:00Z,104.28345470,False
2026-01-09T06:28:00Z,102.25676644,False
2026-01-09T06:29:00Z,104.67959355,False
2026-01-09T06:30:00Z,102.76533763,False
2026-01-09T06:31:00Z,103.17696878,False
2026-01-09T06:32:00Z,102.25454610,False
2026-01-09T06:33:00Z,103.17779719,False
2026-01-09T06:34:00Z,104.02685331,False
2026-01-09T06:35:00Z,102.40217020,False
2026-01-09T06:36:00Z,102.74998653,False
2026-01-09T06:37:00Z,102.73016815,False
2026-01-09T06:38:00Z,102.64613819,False
2026-01-09T06:39:00Z,101.81736422,False
2026-01-09T06:40:00Z,104.04784597,False
2026-01-09T06:41:00Z,104.34967213,False
2026-01-09T06:42:00Z,102.13088773,False
2026-01-09T06:43:00Z,103.22755771,False
2026-01-09T06:44:00Z,101.13885565,False
2026-01-09T06:45:00Z,103.36410249,False
2026-01-09T06:46:00Z,103.29366157,False
2026-01-09T06:47:00Z,103.59452042,False
2026-01-09T06:48:00Z,103.05336464,False
2026-01-09T06:49:00Z,104.42514998,False
2026-01-09T06:50:00Z,103.47603689,False
2026-01-09T06:51:00Z,102.84158195,False
2026-01-09T06:52:00Z,104.72430058,False
2026-01-09T06:53:00Z,103.63797360,False
2026-01-09T06:54:00Z,101.58224037,False
2026-01-09T06:55:00Z,103.54636703,False
2026-01-09T06:56:00Z,103.04421714,False
2026-01-09T06:57:00Z,102.60433293,False
2026-01-09T06:58:00Z,102.44689960,False
2026-01-09T06:59:00Z,102.44419169,False
2026-01-09T07:00:00Z,101.73586092,False
2026-01-09T07:01:00Z,102.91846956,False
2026-01-09T07:02:00Z,103.28698522,False
2026-01-09T07:03:00Z,103.59496879,False
2026-01-09T07:04:00Z,102.34853657,False
2026-01-09T07:05:00Z,103.48336192,False
2026-01-09T07:06:00Z,102.98758315,False
2026-01-09T07:07:00Z,103.67275123,False
2026-01-09T07:08:00Z,103.24982540,False
2026-01-09T07:09:00Z,103.39101280,False
2026-01-09T07:10:00Z,103.08816674,False
2026-01-09T07:11:00Z,104.67430021,False
2026-01-09T07:12:00Z,103.40886951,False
2026-01-09T07:13:00Z,103.12224294,False
2026-01-09T07:14:00Z,102.94073075,False
2026-01-09T07:15:00Z,104.56046352,False
2026-01-09T07:16:00Z,101.69176409,False
2026-01-09T07:17:00Z,103.96619349,False
2026-01-09T07:18:00Z,102.44443290,False
2026-01-09T07:19:00Z,103.96326635,False
2026-01-09T07:20:00Z,101.43037859,False
2026-01-09T07:21:00Z,102.31261083,False
2026-01-09T07:22:00Z,104.68234564,False
2026-01-09T07:23:00Z,101.36193368,False
2026-01-09T07:24:00Z,102.99077682,False
2026-01-09T07:25:00Z,103.17408900,False
2026-01-09T07:26:00Z,103.18026300,False
2026-01-09T07:27:00Z,103.48158908,False
2026-01-09T07:28:00Z,103.89552394,False
2026-01-09T07:29:00Z,103.32530942,False
2026-01-09T07:30:00Z,102.18276590,False
2026-01-09T07:31:00Z,101.37330670,False
2026-01-09T07:32:00Z,102.72437718,False
2026-01-09T07:33:00Z,101.51478983,False
2026-01-09T07:34:00Z,103.68479431,False
2026-01-09T07:35:00Z,102.05409804,False
2026-01-09T07:36:00Z,104.14263624,False
2026-01-09T07:37:00Z,103.37075702,False
2026-01-09T07:38:00Z,102.82301990,False
2026-01-09T07:39:00Z,103.94938169,False
2026-01-09T07:40:00Z,103.14782181,False
2026-01-09T07:41:00Z,103.57394211,False
2026-01-09T07:42:00Z,100.88426180,False
2026-01-09T07:43:00Z,102.01376622,False
2026-01-09T07:44:00Z,102.20727926,False
2026-01-09T07:45:00Z,103.02977104,False
2026-01-09T07:46:00Z,103.42660093,False
2026-01-09T07:47:00Z,104.17932533,False
2026-01-09T07:48:00Z,102.14880274,False
2026-01-09T07:49:00Z,103.72292448,False
2026-01-09T07:50:00Z,103.03175299,False
2026-01-09T07:51:00Z,102.68788605,False
2026-01-09T07:52:00Z,104.70343609,False
2026-01-09T07:53:00Z,101.29819400,False
2026-01-09T07:54:00Z,101.09124925,False
2026-01-09T07:55:00Z,104.01779468,False
2026-01-09T07:56:00Z,101.98530982,False
2026-01-09T07:57:00Z,103.21520677,False
2026-01-09T07:58:00Z,101.92147370,False
2026-01-09T07:59:00Z,101.70443596,False
