household_id,year,income_thousand_eur,consumption_thousand_eur,oracle_financial_stability,delta_income,delta_consumption,income_thousand_eur_within,consumption_thousand_eur_within
1,1,24.040908160056432,17.673130131026507,-1.790354833532509,,,2.712350993990949,-0.2609716526354653
1,2,18.80461571560977,16.320680025570226,-1.790354833532509,-5.236292444446661,-1.3524501054562812,-2.5239414504557125,-1.6134217580917465
1,3,17.845250051994963,18.23370294789677,-1.790354833532509,-0.9593656636148076,1.9130229223265438,-3.48330711407052,0.2996011642347973
1,4,20.635364784658556,19.680930480304617,-1.790354833532509,2.790114732663593,1.4472275324078474,-0.6931923814069272,1.7468286966426447
1,5,21.91344340091525,16.656822712242594,-1.790354833532509,1.2780786162566926,-3.0241077680620236,0.5848862348497654,-1.277279071419379
1,6,24.731760883157936,19.039344404931114,-1.790354833532509,2.818317482242687,2.3825216926885204,3.4032037170924525,1.1052426212691415
2,1,31.08728371471301,28.373340046103774,0.010027748183977375,,,5.622837393207448,1.658078708749084
2,2,24.62599699754597,28.667582682854892,0.010027748183977375,-6.461286717167042,0.29424263675111817,-0.838449323959594,1.9523213455002022
2,3,23.14391104153111,27.73669624425787,0.010027748183977375,-1.4820859560148598,-0.930886438597021,-2.320535279974454,1.0214349069031812
2,4,25.65097847294553,23.142691259733756,0.010027748183977375,2.50706743141442,-4.5940049845241155,0.18653215143996604,-3.5725700776209344
2,5,24.064508386273584,24.87259252603269,0.010027748183977375,-1.5864700866719446,1.7299012662989348,-1.3999379352319785,-1.8426688113219996
2,6,24.213999316024175,27.498665265145142,0.010027748183977375,0.1494909297505913,2.626072739112452,-1.2504470054813872,0.7834039277904523
3,1,32.206376224688626,30.996045118419413,0.4468513156580284,,,8.465070912539101,1.890334980970188
3,2,27.299778120636216,29.991840917904135,0.4468513156580284,-4.90659810405241,-1.0042042005152787,3.558472808486691,0.8861307804549092
3,3,24.309411665738356,34.09946252961844,0.4468513156580284,-2.9903664548978597,4.107621611714308,0.5681063535888313,4.993752392169217
3,4,21.26210304453354,28.77173096115845,0.4468513156580284,-3.0473086212048166,-5.327731568459992,-2.4792022676159853,-0.3339791762907751
3,5,19.15234756354527,24.386102097324553,0.4468513156580284,-2.1097554809882695,-4.385628863833897,-4.588957748604255,-4.7196080401246725
3,6,18.217815253755152,26.389079200270356,0.4468513156580284,-0.9345323097901179,2.0029771029458026,-5.523490058394373,-2.71663093717887
4,1,40.27603569013576,40.1552569003387,0.6460797038332384,,,-0.6332198232887976,0.9764460555359236
4,2,38.78695642805006,38.438622709043166,0.6460797038332384,-1.4890792620856956,-1.7166341912955332,-2.122299085374493,-0.7401881357596096
4,3,36.27849189236891,33.960044565198466,0.6460797038332384,-2.5084645356811492,-4.4785781438447,-4.630763621055642,-5.21876627960431
4,4,43.48014547987838,40.82934442190681,0.6460797038332384,7.201653587509469,6.869299856708345,2.5708899664538265,1.650533577104035
4,5,43.705123149672886,41.15162130726324,0.6460797038332384,0.22497766979450518,0.3222768853564304,2.7958676362483317,1.9728104624604654
4,6,42.92878044044132,40.53797516506626,0.6460797038332384,-0.7763427092315638,-0.6136461421969841,2.019524927016768,1.3591643202634813
5,1,38.804440283262196,43.42044940339352,0.49357921831590296,,,5.650060790239245,7.721819397825875
5,2,40.729584006356816,37.35492288108547,0.49357921831590296,1.925143723094621,-6.065526522308048,7.5752045133338655,1.6562928755178277
5,3,33.56303934622533,33.966866357337764,0.49357921831590296,-7.1665446601314855,-3.388056523747707,0.40865985320237996,-1.7317636482298795
5,4,30.785760805366685,33.49223065827626,0.49357921831590296,-2.777278540858646,-0.47463569906150127,-2.368618687656266,-2.2063993472913808
5,5,26.68690266194883,31.843801091020897,0.49357921831590296,-4.0988581434178535,-1.6484295672553664,-6.467476831074119,-3.854828914546747
5,6,28.35654985497782,34.11350964229195,0.49357921831590296,1.6696471930289896,2.269708551271055,-4.79782963804513,-1.585120363275692
6,1,37.54358191548647,26.561887556192133,-1.147145353880152,,,4.580026533827613,0.5585075060901623
6,2,33.79009528779343,24.623210394713627,-1.147145353880152,-3.753486627693043,-1.9386771614785054,0.8265399061345704,-1.3801696553883431
6,3,31.04174085345953,25.69554443377126,-1.147145353880152,-2.7483544343338977,1.0723340390576332,-1.9218145281993273,-0.3078356163307099
6,4,29.03710645440129,24.23774601857727,-1.147145353880152,-2.00463439905824,-1.4577984151939916,-3.9264489272575673,-1.7656340315247014
6,5,32.38072565994839,25.857491189890418,-1.147145353880152,3.3436192055470997,1.6197451713131485,-0.5828297217104677,-0.1458888602115529
6,6,33.98808211886405,29.04440070746713,-1.147145353880152,1.6073564589156604,3.186909517576712,1.0245267372051927,3.0410206573651593
7,1,52.026235486245405,54.939048435048036,1.5919832017092899,,,2.425069192551291,4.710846474277204
7,2,54.28354525737445,49.7613880752743,1.5919832017092899,2.2573097711290444,-5.177660359773739,4.6823789636803355,-0.4668138854965349
7,3,50.34362425145005,54.42665531291807,1.5919832017092899,-3.939921005924397,4.665267237643775,0.7424579577559385,4.19845335214724
7,4,49.34871258704359,47.29999469606318,1.5919832017092899,-0.9949116644064588,-7.126660616854892,-0.25245370665052036,-2.928207264707652
7,5,46.94371756009677,46.75591776088481,1.5919832017092899,-2.404995026946821,-0.5440769351783672,-2.6574487335973416,-3.472284199886019
7,6,44.66116261995438,48.18620748443657,1.5919832017092899,-2.28255494014239,1.430289723551759,-4.9400036737397315,-2.04199447633426
8,1,25.38926458218969,27.665500846574197,-0.6581857756393987,,,2.7095355594455484,4.3502747066370695
8,2,18.268757637961215,19.655911557953218,-0.6581857756393987,-7.120506944228474,-8.00958928862098,-4.4109713847829255,-3.65931458198391
8,3,17.31442115790386,22.844142166941303,-0.6581857756393987,-0.954336480057357,3.1882306089880856,-5.3653078648402825,-0.4710839729958245
8,4,24.770849749035673,22.018092855524404,-0.6581857756393987,7.456428591131814,-0.8260493114168987,2.091120726291532,-1.2971332844127232
8,5,25.389447145433532,24.201677979033747,-0.6581857756393987,0.6185973963978597,2.183585123509342,2.7097181226893916,0.886451839096619
8,6,24.945633863940888,23.506031433595908,-0.6581857756393987,-0.44381328149264476,-0.6956465454378389,2.265904841196747,0.19080529365878007
9,1,41.237699768813705,38.02102324538855,0.11250992923113513,,,2.897653904017986,1.7072530767530694
9,2,40.858073924645005,37.46016262524924,0.11250992923113513,-0.37962584416870016,-0.5608606201393087,2.5180280598492857,1.1463924566137607
9,3,40.24104839173744,38.47343962819951,0.11250992923113513,-0.6170255329075616,1.013277002950268,1.9010025269417241,2.1596694595640287
9,4,41.52053148073337,39.09522149354144,0.11250992923113513,1.2794830889959243,0.62178186534193,3.1804856159376484,2.7814513249059587
9,5,34.28264425191267,35.1819197962076,0.11250992923113513,-7.237887228820696,-3.9133016973338357,-4.057401612883048,-1.131850372427877
9,6,31.900277370932137,29.650854223226546,0.11250992923113513,-2.382366880980534,-5.531065572981056,-6.439768493863582,-6.662915945408933
10,1,30.520471075782876,28.42558351556049,0.019661548138869573,,,7.582768766692109,1.598580967894467
10,2,22.508465609497325,27.35955814026874,0.019661548138869573,-8.01200546628555,-1.0660253752917512,-0.42923669959344224,0.5325555926027157
10,3,25.736245936366572,28.813010091457404,0.019661548138869573,3.2277803268692473,1.453451951188665,2.798543627275805,1.9860075437913807
10,4,20.83876770801792,24.395257055949603,0.019661548138869573,-4.897478228348653,-4.4177530355078005,-2.0989346010728482,-2.43174549171642
10,5,20.064941915485296,31.550013884291275,0.019661548138869573,-0.7738257925326231,7.154756828341672,-2.8727603936054713,4.723011336625252
10,6,17.95732160939462,20.41859259846862,0.019661548138869573,-2.107620306090677,-11.131421285822654,-4.980380699696148,-6.408409949197402
11,1,29.512078749752316,25.71484834807898,-0.9043341759308947,,,0.25136906084859945,0.6408450175807374
11,2,28.55771900092376,26.094646129170027,-0.9043341759308947,-0.9543597488285549,0.379797781091046,-0.7029906879799555,1.0206427986717834
11,3,29.02106272827866,22.503801384403264,-0.9043341759308947,0.4633437273548999,-3.5908447447667626,-0.23964696062505553,-2.570201946094979
11,4,26.075839607437523,23.694073373503457,-0.9043341759308947,-2.9452231208411384,1.190271989100193,-3.184870081466194,-1.3799299569947863
11,5,32.14987261752415,25.372260690740028,-0.9043341759308947,6.07403301008663,1.6781873172365707,2.8891629286204363,0.2982573602417844
11,6,30.24768542950588,27.064390057093718,-0.9043341759308947,-1.9021871880182744,1.69212936635369,0.986975740602162,1.9903867265954744
12,1,33.504553300290866,31.798772411516005,-0.5580818561631959,,,-4.778106833384086,-0.6642199271921356
12,2,35.87502119339116,29.719263698719804,-0.5580818561631959,2.3704678931002974,-2.0795087127962013,-2.407638940283789,-2.743728639988337
12,3,42.49725474410789,37.100506872571074,-0.5580818561631959,6.622233550716729,7.381243173851271,4.21459461043294,4.637514533862934
12,4,40.19037496078507,28.531365859169668,-0.5580818561631959,-2.3068797833228203,-8.569141013401406,1.9077148271101194,-3.9316264795384726
12,5,38.02914440603864,33.54570001678208,-0.5580818561631959,-2.1612305547464317,5.01433415761241,-0.25351572763631225,1.0827076780739375
12,6,39.59961219743609,34.08234517349021,-0.5580818561631959,1.5704677913974479,0.5366451567081327,1.3169520637611356,1.6193528347820703
13,1,41.14099596614109,37.064922716493435,0.5945310955123723,,,-0.8704640518745137,-1.9898751789638283
13,2,36.01237766521249,34.71917852418744,0.5945310955123723,-5.128618300928601,-2.345744192305993,-5.999082352803114,-4.335619371269821
13,3,37.108706811121,36.0463751110028,0.5945310955123723,1.0963291459085127,1.3271965868153615,-4.902753206894602,-3.00842278445446
13,4,42.62243039420869,43.133103859992474,0.5945310955123723,5.513723583087689,7.086728748989671,0.6109703761930874,4.078305964535211
13,5,46.25102390088643,39.44847529319598,0.5945310955123723,3.6285935066777384,-3.6846285667964906,4.239563882870826,0.39367739773872046
13,6,48.93322537052392,43.916731867871434,0.5945310955123723,2.6822014696374907,4.468256574675451,6.9217653525083165,4.861933972414171
14,1,47.50923941040001,40.53130937268455,0.7457786381354065,,,-5.990120069246203,-6.225088392154504
14,2,51.71931712783463,49.38621386458944,0.7457786381354065,4.210077717434615,8.854904491904897,-1.7800423518115878,2.6298160997503928
14,3,55.47518226919857,44.247312484302974,0.7457786381354065,3.755865141363941,-5.13890138028647,1.9758227895523532,-2.509085280536077
14,4,52.79671355372919,45.076284487295474,0.7457786381354065,-2.6784687154693785,0.8289720029925007,-0.7026459259170252,-1.680113277543576
14,5,57.74135758971931,49.8521471083849,0.7457786381354065,4.944644035990116,4.7758626210894235,4.241998110073091,3.0957493435458474
14,6,55.754346926995616,51.445119271776946,0.7457786381354065,-1.9870106627236908,1.592972163392048,2.2549874473494,4.688721506937895
15,1,37.20882200145913,34.06264581966619,-0.586644734670225,,,1.2984552005554448,4.5057958317978155
15,2,35.60331924677025,29.686787446246957,-0.586644734670225,-1.6055027546888851,-4.375858373419231,-0.3070475541334403,0.12993745837858484
15,3,35.818079467364704,28.901147180315604,-0.586644734670225,0.21476022059445654,-0.7856402659313524,-0.09228733353898377,-0.6557028075527676
15,4,35.67412703438474,18.685123285354837,-0.586644734670225,-0.1439524329799653,-10.216023894960767,-0.23623976651894907,-10.871726702513534
15,5,34.22804536938648,33.2361238039543,-0.586644734670225,-1.4460816649982604,14.551000518599462,-1.6823214315172095,3.679273816085928
15,6,36.929807686056826,32.76927239167233,-0.586644734670225,2.7017623166703473,-0.4668514122819687,1.0194408851531378,3.2124224038039593
16,1,43.21428909856533,49.063087903391896,1.0923628677394062,,,0.9042734039694906,4.948058572086609
16,2,43.12841929064416,48.151575415027374,1.0923628677394062,-0.0858698079211706,-0.9115124883645223,0.81840359604832,4.036546083722087
16,3,43.23026716392572,46.201134925160694,1.0923628677394062,0.10184787328155664,-1.9504404898666792,0.9202514693298767,2.0861055938554074
16,4,41.991199826474464,45.21720087848567,1.0923628677394062,-1.239067337451253,-0.9839340466750244,-0.3188158681213764,1.102171547180383
16,5,40.57167026274145,39.88385386716601,1.0923628677394062,-1.4195295637330148,-5.33334701131966,-1.7383454318543912,-4.231175464139277
16,6,41.72424852522392,36.173322998600064,1.0923628677394062,1.1525782624824714,-3.7105308685659466,-0.5857671693719197,-7.941706332705223
17,1,32.512095371014915,33.505483366468084,0.11967427258121463,,,0.8642090786373693,3.142455039950139
17,2,35.24424458177291,32.76627137268989,0.11967427258121463,2.7321492107579957,-0.7392119937781914,3.596358289395365,2.403243046171948
17,3,32.51869950368439,27.555161919462726,0.11967427258121463,-2.7255450780885226,-5.2111094532271665,0.8708132113068423,-2.8078664070552186
17,4,29.120423482403964,32.00091855469547,0.11967427258121463,-3.3982760212804237,4.4457566352327405,-2.5274628099735814,1.6378902281775218
17,5,29.537897439026622,30.435830820542993,0.11967427258121463,0.41747395662265774,-1.565087734152474,-2.1099888533509237,0.07280249402504779
17,6,30.95395737636247,25.91450392524849,0.11967427258121463,1.4160599373358487,-4.521326895294504,-0.693928916015075,-4.448524401269456
18,1,43.696072271590005,49.14597641194216,1.3893365655144034,,,9.294306345294288,10.54198621385882
18,2,39.47781611707329,43.14562155251369,1.3893365655144034,-4.218256154516716,-6.0003548594284695,5.076050190777572,4.541631354430351
18,3,33.07444159821437,38.908083466844246,1.3893365655144034,-6.403374518858918,-4.237538085669442,-1.327324328081346,0.3040932687609086
18,4,31.0756284263165,34.40963001785873,1.3893365655144034,-1.998813171897872,-4.498453448985515,-3.326137499979218,-4.194360180224606
18,5,29.647854331334855,33.644820215970434,1.3893365655144034,-1.4277740949816433,-0.7648098018882976,-4.7539115949608615,-4.959169982112904
18,6,29.438782813245258,32.36980952337076,1.3893365655144034,-0.20907151808959767,-1.2750106925996718,-4.962983113050459,-6.234180674712576
19,1,32.02316070820841,28.961541492493723,-0.46259976709017914,,,7.418927648194881,5.208005150357277
19,2,21.917845201703123,21.834024989693898,-0.46259976709017914,-10.105315506505285,-7.127516502799825,-2.686387858310404,-1.919511352442548
19,3,20.221782243094776,24.208641572256923,-0.46259976709017914,-1.6960629586083478,2.374616582563025,-4.382450816918752,0.455105230120477
19,4,21.32623783617267,18.852816195005722,-0.46259976709017914,1.104455593077894,-5.3558253772512,-3.2779952238408576,-4.900720147130723
19,5,26.220831971029348,23.67384315541267,-0.46259976709017914,4.894594134856678,4.821026960406947,1.6165989110158208,-0.07969318672377668
19,6,25.91554039987283,24.990350647955736,-0.46259976709017914,-0.3052915711565163,1.3165074925430673,1.3113073398593045,1.2368143058192906
20,1,24.611119953689197,24.948941911506548,-0.545344988616526,,,-2.292629989737197,0.39070390336145167
20,2,26.80734373746367,27.24891885824968,-0.545344988616526,2.196223783774471,2.299976946743133,-0.09640620596272598,2.6906808501045845
20,3,26.26715411036152,20.495445608446193,-0.545344988616526,-0.5401896271021478,-6.753473249803488,-0.6365958330648738,-4.062792399698903
20,4,26.17132119727927,23.112523570354792,-0.545344988616526,-0.09583291308225128,2.617077961908599,-0.732428746147125,-1.4457144377903042
20,5,27.165097155854248,26.635502973070302,-0.545344988616526,0.9937759585749788,3.52297940271551,0.26134721242785375,2.077264964925206
20,6,30.40046350591047,24.908095127243055,-0.545344988616526,3.2353663500562213,-1.7274078458272477,3.496713562484075,0.34985711909795825
21,1,38.14455402261706,38.57212429215025,0.3718695391764119,,,-0.19962208512740176,-0.2186180039515193
21,2,38.054409784867595,38.2201896726333,0.3718695391764119,-0.09014423774946323,-0.35193461951694616,-0.289766322876865,-0.5705526234684655
21,3,39.44163392219711,42.950868995169316,0.3718695391764119,1.3872241373295182,4.730679322536012,1.0974578144526532,4.160126699067547
21,4,40.92067737868717,40.32508597883804,0.3718695391764119,1.4790434564900536,-2.625783016331276,2.576501270942707,1.5343436827362709
21,5,37.117105829090626,35.48057307543043,0.3718695391764119,-3.8035715495965405,-4.844512903407612,-1.2270702786538337,-3.310169220671341
21,6,36.38667570900719,37.195611762389284,0.3718695391764119,-0.7304301200834331,1.7150386869588559,-1.9575003987372668,-1.595130533712485
22,1,27.868643615863643,28.119179308192646,-0.4393669766143195,,,5.1827699240569345,3.7811956693058484
22,2,26.829324126753985,27.567143867138114,-0.4393669766143195,-1.0393194891096584,-0.5520354410545316,4.143450434947276,3.2291602282513168
22,3,23.285952631029346,26.741663464712303,-0.4393669766143195,-3.5433714957246387,-0.8254804024258107,0.6000789392226373,2.403679825825506
22,4,20.36038481344784,23.676112909434828,-0.4393669766143195,-2.9255678175815056,-3.0655505552774756,-2.3254888783588683,-0.6618707294519695
22,5,18.104590313642536,19.365331870525388,-0.4393669766143195,-2.2557944998053046,-4.31078103890944,-4.581283378164173,-4.972651768361409
22,6,19.66634665010291,20.55847041331751,-0.4393669766143195,1.5617563364603733,1.1931385427921235,-3.0195270417037996,-3.7795132255692856
23,1,38.06680724984411,35.50270926354532,-0.04854637097016923,,,2.372054190975085,2.1896110849797665
23,2,38.48171643618314,31.34267847770846,-0.04854637097016923,0.41490918633903107,-4.1600307858368595,2.786963377314116,-1.970419700857093
23,3,37.92240178172824,37.81795257279712,-0.04854637097016923,-0.5593146544549015,6.475274095088658,2.2276487228592146,4.504854394231565
23,4,33.53903593579557,32.435459385913695,-0.04854637097016923,-4.383365845932673,-5.382493186883423,-2.155717123073458,-0.8776387926518581
23,5,32.4833242424179,30.642179366792888,-0.04854637097016923,-1.055711693377667,-1.7932800191208074,-3.211428816451125,-2.6709188117726654
23,6,33.6752327072452,32.13761000463583,-0.04854637097016923,1.1919084648273,1.4954306378429436,-2.019520351623825,-1.1754881739297218
24,1,36.05898634410812,31.79265563988323,0.6635870603131779,,,-4.391169331815149,-7.605887478281858
24,2,34.80981366293291,35.907955032696556,0.6635870603131779,-1.2491726811752102,4.115299392813327,-5.640342012990359,-3.4905880854685307
24,3,39.646671875265056,41.17307648745048,0.6635870603131779,4.836858212332146,5.265121454753924,-0.8034838006582135,1.7745333692853933
24,4,44.10062017915586,40.81576804471309,0.6635870603131779,4.4539483038908045,-0.3573084427373914,3.650464503232591,1.417224926548002
24,5,45.49148392037502,44.81726293923202,0.6635870603131779,1.3908637412191567,4.001494894518935,5.041328244451748,5.4187198210669365
24,6,42.593358073702646,41.884540565015115,0.6635870603131779,-2.8981258466723716,-2.932722374216908,2.143202397779376,2.4859974468500283
25,1,30.37820081097262,26.704672733780313,-0.1594898786537673,,,-6.267527617806341,-7.6133708462286265
25,2,34.44967018083646,32.55051471627781,-0.1594898786537673,4.071469369863845,5.845841982497497,-2.1960582479424957,-1.7675288637311297
25,3,35.31766323689088,32.51415549252613,-0.1594898786537673,0.8679930560544165,-0.03635922375168121,-1.3280651918880793,-1.803888087482811
25,4,35.13686580963323,30.240249773623948,-0.1594898786537673,-0.18079742725765158,-2.2739057189021814,-1.5088626191457308,-4.077793806384992
25,5,39.27418945757621,40.443355882448415,-0.1594898786537673,4.137323647942985,10.203106108824468,2.628461028797254,6.125312302439475
25,6,45.31778107676436,43.455312881397035,-0.1594898786537673,6.043591619188149,3.0119569989486195,8.672052647985403,9.137269301388095
26,1,50.96499228119827,50.397109219901644,1.623882993736867,,,-3.4149481460488147,-3.712910819179072
26,2,54.55979418441689,53.56347091967064,1.623882993736867,3.5948019032186167,3.1663616997689985,0.179853757169802,-0.5465491194100736
26,3,54.57047162765082,54.40353699855646,1.623882993736867,0.010677443233930717,0.840066078885819,0.19053120040373273,0.2935169594757454
26,4,55.88109878168614,55.64816113398188,1.623882993736867,1.3106271540353234,1.2446241354254184,1.501158354439056,1.5381410949011638
26,5,55.804895855288656,53.712477979042895,1.623882993736867,-0.07620292639748527,-1.9356831549389852,1.4249554280415708,-0.39754206003782144
26,6,54.49838983324177,56.93536398333075,1.623882993736867,-1.3065060220468894,3.222886004287858,0.11844940599468146,2.8253439442500365
27,1,31.06478610945102,25.577260386362422,-0.6015764950429805,,,0.13066031814438972,-2.832981538645331
27,2,29.283722111022662,28.71851662205252,-0.6015764950429805,-1.7810639984283583,3.141256235690097,-1.6504036802839686,0.30827469704476584
27,3,28.695642975146747,27.99432369410828,-0.6015764950429805,-0.5880791358759154,-0.7241929279442374,-2.238482816159884,-0.41591823089947155
27,4,32.31220909738939,32.030301002952,-0.6015764950429805,3.616566122242645,4.035977308843719,1.378083306082761,3.620059077944248
27,5,32.564540984316835,28.66003053077373,-0.6015764950429805,0.25233188692744335,-3.3702704721782695,1.6304151930102044,0.2497886057659784
27,6,31.683853470513135,27.481019313797574,-0.6015764950429805,-0.8806875138037,-1.179011216976157,0.7497276792065044,-0.9292226112101787
28,1,26.692998186762864,22.200010250531225,-0.8822057911264265,,,-0.7266436088326991,-0.08761104391201968
28,2,23.888262468118363,21.370809679684115,-0.8822057911264265,-2.804735718644501,-0.8292005708471102,-3.5313793274772003,-0.9168116147591299
28,3,18.98148895665202,16.4313310708287,-0.8822057911264265,-4.906773511466344,-4.9394786088554135,-8.438152838943545,-5.856290223614543
28,4,24.697999897017194,18.82290640209318,-0.8822057911264265,5.7165109403651755,2.3915753312644803,-2.721641898578369,-3.464714892350063
28,5,32.16705146909877,27.747522392337256,-0.8822057911264265,7.469051572081579,8.924615990244074,4.74740967350321,5.4599010978940115
28,6,38.09004979592415,27.153147971184985,-0.8822057911264265,5.922998326825379,-0.5943744211522706,10.670408000328589,4.865526676741741
29,1,31.945931057348947,34.171761352565944,-0.02581567672415866,,,-1.0215821662566391,1.1713824404119464
29,2,33.79302892729585,31.8073018185882,-0.02581567672415866,1.8470978699469036,-2.364459533977744,0.8255157036902645,-1.1930770935657975
29,3,33.30122494206592,32.972584242839204,-0.02581567672415866,-0.49180398522992874,1.1652824242510036,0.33371171846033576,-0.027794669314793907
29,4,32.690331710628996,34.74909655012779,-0.02581567672415866,-0.6108932314369255,1.7765123072885842,-0.2771815129765898,1.7487176379737903
29,5,32.487521196210125,36.14400990361925,-0.02581567672415866,-0.20281051441887143,1.3949133534914608,-0.4799920273954612,3.143630991465251
29,6,33.5870415080837,28.157519605183605,-0.02581567672415866,1.099520311873576,-7.986490298435644,0.6195282844781147,-4.842859306970393
30,1,42.39840106697332,40.08858138039408,0.49721792639721407,,,-2.7933954010350206,-2.009256844022488
30,2,47.34621469378969,46.32681278163268,0.49721792639721407,4.9478136268163695,6.2382314012386,2.154418225781349,4.228974557216112
30,3,44.99633555203974,40.104771919063474,0.49721792639721407,-2.349879141749952,-6.222040862569209,-0.19546091596860293,-1.9930663053530964
30,4,47.54111133192222,41.149438876765444,0.49721792639721407,2.544775779882478,1.0446669577019705,2.3493148639138752,-0.9483993476511259
30,5,45.28624520651284,42.015244289766336,0.49721792639721407,-2.2548661254093787,0.8658054130008921,0.09444873850449653,-0.08259393465023379
30,6,43.58247095681229,42.90218009887743,0.49721792639721407,-1.703774249700551,0.8869358091110939,-1.6093255111960545,0.8043418744608601
31,1,44.55556614520877,44.91834590853655,1.7397918911853982,,,1.0634715908679908,-0.5772830683866701
31,2,44.98051074506554,49.56127174695651,1.7397918911853982,0.42494459985676514,4.642925838419956,1.488416190724756,4.065642770033286
31,3,46.62481600957982,48.63211629754988,1.7397918911853982,1.64430526451428,-0.929155449406629,3.132721455239036,3.1364873206266566
31,4,42.78881647305267,43.732253732613586,1.7397918911853982,-3.8359995365271473,-4.899862564936292,-0.7032780812881114,-1.7633752443096355
31,5,41.201307083213955,42.379943287484664,1.7397918911853982,-1.587509389838715,-1.3523104451289214,-2.2907874711268263,-3.115685689438557
31,6,40.801550869923936,43.74984288839812,1.7397918911853982,-0.39975621329001854,1.369899600913456,-2.690543684416845,-1.7457860885251009
32,1,21.583845462191427,21.560282844054214,-0.932683048188906,,,3.311621011053475,5.3049699479484005
32,2,17.96485015264546,13.39005346505935,-0.932683048188906,-3.6189953095459657,-8.170229378994865,-0.30737429849249054,-2.8652594310464643
32,3,17.61082171275102,14.766979112838078,-0.932683048188906,-0.3540284398944422,1.3769256477787284,-0.6614027383869328,-1.488333783267736
32,4,23.504678916910933,19.876486258221696,-0.932683048188906,5.893857204159914,5.109507145383619,5.232454465772982,3.621173362115883
32,5,14.661392406662385,11.272726352800913,-0.932683048188906,-8.843286510248548,-8.603759905420784,-3.6108320444755666,-4.982586543304901
32,6,14.30775805566649,16.66534934366063,-0.932683048188906,-0.353634350995895,5.392622990859717,-3.9644663954714616,0.41003644755481616
33,1,46.11041655220971,43.94592634019169,0.5905432373446899,,,-5.237267301112915,-1.5435340284057375
33,2,52.94074009413785,43.16798391800247,0.5905432373446899,6.830323541928138,-0.7779424221892199,1.5930562408152227,-2.3214764505949574
33,3,52.246177018209785,48.712955551240505,0.5905432373446899,-0.6945630759280661,5.544971633238035,0.8984931648871566,3.2234951826430773
33,4,48.80127033623645,41.45012300134205,0.5905432373446899,-3.444906681973336,-7.262832549898455,-2.5464135170861795,-4.039337367255378
33,5,54.02828071575849,44.98970526551667,0.5905432373446899,5.227010379522042,3.5395822641746193,2.6805968624358627,-0.49975510308075854
33,6,53.95921840338351,50.67006813529115,0.5905432373446899,-0.06906231237498162,5.680362869774484,2.611534550060881,5.180607766693726
34,1,43.81494803751785,49.32934695881628,1.2297753070045438,,,-2.735640584120304,1.992170408796369
34,2,40.53641045231992,43.7424787198466,1.2297753070045438,-3.278537585197931,-5.586868238969679,-6.014178169318235,-3.5946978301733097
34,3,42.8205612877131,41.64395516231416,1.2297753070045438,2.284150835393177,-2.0985235575324452,-3.730027333925058,-5.693221387705755
34,4,47.72290384548616,46.289494641723785,1.2297753070045438,4.902342557773061,4.645539479409628,1.1723152238480026,-1.047681908296127
34,5,52.500768503035786,49.47388373589134,1.2297753070045438,4.777864657549628,3.1843890941675568,5.950179881397631,2.1367071858714297
34,6,51.90793960375613,53.54390008152733,1.2297753070045438,-0.5928288992796595,4.070016345635992,5.357350982117971,6.206723531507421
35,1,39.94151568283216,36.11735829199857,-0.11259805767465045,,,0.6270700130313642,1.6235903962003277
35,2,43.08503880953236,34.3747088360519,-0.11259805767465045,3.1435231267001953,-1.742649455946669,3.7705931397315595,-0.11905905974634123
35,3,38.94981772083731,33.98286478048306,-0.11259805767465045,-4.135221088695047,-0.39184405556883917,-0.3646279489634878,-0.5109031153151804
35,4,38.87349745181032,31.668488734565717,-0.11259805767465045,-0.07632026902698641,-2.3143760459173457,-0.44094821799047423,-2.825279161232526
35,5,38.05707169865039,39.35152973845926,-0.11259805767465045,-0.8164257531599333,7.683041003893546,-1.2573739711504075,4.85776184266102
35,6,36.979732655142236,31.467656993230943,-0.11259805767465045,-1.0773390435081538,-7.88387274522832,-2.3347130146585613,-3.0261109025673
36,1,48.48663400250351,45.371766722660254,1.4320360097747054,,,1.7431995119820556,-1.4673585110671539
36,2,43.67970478299198,45.63357743334134,1.4320360097747054,-4.806929219511524,0.2618107106810825,-3.0637297075294683,-1.2055478003860713
36,3,49.488479871701365,50.3273506314479,1.4320360097747054,5.808775088709382,4.6937731981065625,2.7450453811799136,3.488225397720491
36,4,45.73234260725953,43.0563283683942,1.4320360097747054,-3.7561372644418327,-7.271022263053702,-1.0110918832619191,-3.7827968653332107
36,5,47.56552630758368,47.93804160153585,1.4320360097747054,1.833183700324149,4.881713233141653,0.8220918170622298,1.0989163678084424
36,6,45.50791937108862,48.70768664498495,1.4320360097747054,-2.0576069364950627,0.7696450434491027,-1.2355151194328329,1.868561411257545
37,1,39.586908199903554,41.64890817995463,0.939740404829075,,,-0.9617252182547418,0.414744481988798
37,2,37.27712147962784,40.984532052473895,0.939740404829075,-2.309786720275717,-0.664376127480736,-3.271511938530459,-0.24963164549193806
37,3,38.31860994997437,39.17984284315305,0.939740404829075,1.0414884703465361,-1.8046892093208484,-2.230023468183923,-2.0543208548127865
37,4,40.028301963489376,38.98865136240982,0.939740404829075,1.7096920135150029,-0.19119148074322823,-0.52033145466892,-2.2455123355560147
37,5,46.63628696200719,41.960239955041025,0.939740404829075,6.607984998517814,2.971588592631207,6.087653543848894,0.7260762570751922
37,6,41.44457195394747,44.6428077947626,0.939740404829075,-5.191715008059724,2.682567839721571,0.8959385357891705,3.4086440967967633
38,1,38.57049986682037,41.240101333456415,0.9643360828509788,,,3.507926941583861,1.972534487978308
38,2,36.049260189969544,40.8640662078129,0.9643360828509788,-2.5212396768508256,-0.3760351256435186,0.9866872647330354,1.5964993623347894
38,3,29.727943652016744,33.657055674750374,0.9643360828509788,-6.3213165379528,-7.2070105330625225,-5.334629273219765,-5.610511170727733
38,4,35.71578072348848,34.521556174361955,0.9643360828509788,5.987837071471734,0.8645004996115802,0.6532077982519695,-4.746010671116153
38,5,36.93294836683303,42.84563160694706,0.9643360828509788,1.2171676433445526,8.324075432585104,1.8703754415965221,3.5780647614689514
38,6,33.379004752290875,42.47699007553995,0.9643360828509788,-3.553943614542156,-0.368641531407107,-1.683568172945634,3.2094232300618444
39,1,27.08863294998752,21.209832479751125,-0.7272671318394,,,3.68417721257261,-0.033892659911252565
39,2,25.719993402884125,28.81748183310153,-0.7272671318394,-1.3686395471033954,7.607649353350407,2.315537665469215,7.5737566934391545
39,3,26.61406411572199,21.864424252244735,-0.7272671318394,0.8940707128378662,-6.953057580856797,3.209608378307081,0.6206991125823578
39,4,25.423546919606657,20.24824822628726,-0.7272671318394,-1.1905171961153336,-1.6161760259574756,2.0190911821917474,-0.9954769133751178
39,5,22.452760636801923,19.02815108124444,-0.7272671318394,-2.9707862828047347,-1.2200971450428177,-0.9516951006129872,-2.2155740584179355
39,6,13.12773639948725,16.29421296534517,-0.7272671318394,-9.325024237314674,-2.733938115899271,-10.276719337927661,-4.949512174317206
40,1,22.349487320557934,17.050593717878538,-1.8014828858033616,,,0.10087989926134,0.3967235693600628
40,2,20.36952432486471,15.710410742370707,-1.8014828858033616,-1.9799629956932243,-1.3401829755078314,-1.8790830964318843,-0.9434594061477686
40,3,24.848478177021065,22.006771369213325,-1.8014828858033616,4.478953852156355,6.296360626842619,2.5998707557244707,5.35290122069485
40,4,22.247561275249076,18.369607741072493,-1.8014828858033616,-2.6009169017719884,-3.637163628140833,-0.0010461460475177375,1.7157375925540173
40,5,22.26354473386615,13.225227451027605,-1.8014828858033616,0.015983458617075286,-5.144380290044888,0.014937312569557548,-3.4286426974908704
40,6,21.413048696220606,13.560609869548184,-1.8014828858033616,-0.850496037645545,0.33538241852057915,-0.8355587250759875,-3.093260278970291
41,1,37.773938763753385,43.004205022247454,1.4411356205177386,,,-1.472785985626885,0.8163114711924209
41,2,36.82463919335705,40.09844727194878,1.4411356205177386,-0.9492995703963345,-2.905757750298676,-2.4220855560232195,-2.089446279106255
41,3,38.134433516045824,42.34369478728581,1.4411356205177386,1.3097943226887736,2.2452475153370344,-1.112291233334446,0.15580123623077924
41,4,39.80383422807404,41.92416606324389,1.4411356205177386,1.6694007120282137,-0.41952872404192476,0.5571094786937678,-0.2637274878111455
41,5,41.86611272823183,41.76863045556184,1.4411356205177386,2.0622785001577952,-0.15553560768204733,2.619387978851563,-0.41926309549319285
41,6,41.077390066819476,43.98821770604243,1.4411356205177386,-0.7887226614123577,2.2195872504805862,1.8306653174392054,1.8003241549873934
42,1,27.45270458032453,21.78347910392068,-0.8157804036655958,,,2.806591655361199,-1.0132218822478478
42,2,25.309925548801154,25.782354216983432,-0.8157804036655958,-2.142779031523375,3.998875113062752,0.6638126238378241,2.985653230814904
42,3,26.259986413629335,23.631354305523843,-0.8157804036655958,0.9500608648281812,-2.1509999114595892,1.6138734886660053,0.834653319355315
42,4,24.74167430788736,26.825662234248696,-0.8157804036655958,-1.5183121057419733,3.1943079287248537,0.09556138292403205,4.028961248080169
42,5,23.71422352683479,17.806264544885334,-0.8157804036655958,-1.027450781052572,-9.019397689363363,-0.9318893981285399,-4.990436441283194
42,6,20.39816317230279,20.95109151144918,-0.8157804036655958,-3.3160603545319987,3.1448269665638477,-4.2479497526605385,-1.845609474719346
43,1,31.56234897860746,32.4146965962751,-0.0205356638608104,,,-2.7722168740412414,0.11515779693975503
43,2,32.48169305941,28.5273800274614,-0.0205356638608104,0.9193440808025386,-3.8873165688136986,-1.8528727932387028,-3.7721587718739436
43,3,36.77185201314374,35.28673970617775,-0.0205356638608104,4.290158953733744,6.759359678716347,2.4372861604950415,2.9872009068424035
43,4,38.067310896844695,35.6630811894186,-0.0205356638608104,1.2954588837009524,0.37634148324085004,3.732745044195994,3.3635423900832535
43,5,37.29210626076829,35.38536461908822,-0.0205356638608104,-0.7752046360764027,-0.27771657033037656,2.9575404081195913,3.085825819752877
43,6,29.83208390711804,26.51997065759099,-0.0205356638608104,-7.460022353650253,-8.865393961497233,-4.502481945530661,-5.779568141744356
44,1,37.479684398841634,34.03028208899659,-0.13228863435616986,,,-2.9004368107699747,-1.2820635348382083
44,2,38.49125656099971,36.338764948274786,-0.13228863435616986,1.0115721621580747,2.308482859278193,-1.8888646486119,1.0264193244399848
44,3,40.41654519606818,35.35526076984618,-0.13228863435616986,1.925288635068469,-0.9835041784286034,0.03642398645656897,0.042915146011381466
44,4,39.18864017508888,29.549811349166678,-0.13228863435616986,-1.2279050209792999,-5.805449420679505,-1.191481034522731,-5.762534274668123
44,5,44.24455195997882,39.13338585500196,-0.13228863435616986,5.055911784889943,9.583574505835283,3.8644307503672124,3.82104023116716
44,6,42.460048966692455,37.466568731722596,-0.13228863435616986,-1.7845029932863667,-1.6668171232793654,2.0799277570808457,2.1542231078877947
45,1,26.760685410626525,22.288356507130693,-1.4585957689281517,,,-1.3912598002839154,-1.160562276219924
45,2,30.133845836327133,27.796562178537457,-1.4585957689281517,3.3731604257006076,5.508205671406763,1.9819006254166922,4.347643395186839
45,3,25.89306687490765,24.664602192361947,-1.4585957689281517,-4.240778961419483,-3.1319599861755094,-2.258878336002791,1.21568340901133
45,4,30.234820327886528,22.604696807676497,-1.4585957689281517,4.341753452978878,-2.0599053846854503,2.082875116976087,-0.8442219756741203
45,5,26.59111549393941,21.92327224835656,-1.4585957689281517,-3.643704833947119,-0.681424559319936,-1.560829716971032,-1.5256465349940562
45,6,29.2981373217754,21.416022766040548,-1.4585957689281517,2.707021827835991,-0.5072494823160127,1.146192110864959,-2.032896017310069
46,1,29.81827227949281,21.616461369001243,-1.1749238627465997,,,-4.351921660604951,-2.6393220641761523
46,2,38.01993784071378,31.363696085671346,-1.1749238627465997,8.20166556122097,9.747234716670103,3.8497439006160192,7.107912652493951
46,3,38.675035596912736,24.19881984249577,-1.1749238627465997,0.6550977561989555,-7.164876243175577,4.504841656814975,-0.05696359068162593
46,4,37.02990126547022,23.29647218261465,-1.1749238627465997,-1.645134331442513,-0.9023476598811193,2.8597073253724616,-0.9593112505627452
46,5,30.97901354792292,22.068284085132902,-1.1749238627465997,-6.050887717547301,-1.2281880974817483,-3.1911803921748394,-2.1874993480444935
46,6,30.499003110074092,22.99096703414846,-1.1749238627465997,-0.48001043784882924,0.9226829490155595,-3.6711908300236686,-1.264816399028934
47,1,37.99732228327344,39.121440214654996,0.2134553070533344,,,0.7150261130562043,2.456122891176655
47,2,36.80429182602454,34.58389149152144,0.2134553070533344,-1.193030457248902,-4.537548723133554,-0.47800434419269777,-2.0814258319568992
47,3,35.68392118884626,35.66495820321258,0.2134553070533344,-1.1203706371782758,1.081066711691136,-1.5983749813709736,-1.0003591202657631
47,4,36.67066275877295,37.37738205101566,0.2134553070533344,0.9867415699266857,1.7124238478030804,-0.6116334114442878,0.7120647275373173
47,5,39.385724665605416,36.782714142756355,0.2134553070533344,2.7150619068324673,-0.5946679082593036,2.1034284953881794,0.11739681927801371
47,6,37.15185429878081,36.461517837708996,0.2134553070533344,-2.233870366824604,-0.3211963050473585,-0.1304418714364246,-0.2037994857693448
48,1,39.662317860401714,39.23255391040518,0.8118270729642043,,,-2.68881197504016,-1.500558978891661
48,2,40.50732370799763,42.82025661962738,0.8118270729642043,0.8450058475959139,3.5877027092221994,-1.843806127444246,2.0871437303305385
48,3,43.658539514167146,42.24268223864647,0.8118270729642043,3.1512158061695175,-0.5775743809809057,1.3074096787252714,1.5095693493496327
48,4,46.84723063717995,40.36756955390022,0.8118270729642043,3.188691123012802,-1.8751126847462558,4.4961008017380735,-0.3655433353966231
48,5,42.276524468508924,42.1284335887132,0.8118270729642043,-4.570706168671023,1.7608640348129825,-0.07460536693294983,1.3953206994163594
48,6,41.154842824395914,37.607181424488566,0.8118270729642043,-1.1216816441130106,-4.521252164224634,-1.1962870110459605,-3.125931464808275
49,1,17.98882362093926,9.57316611713467,-2.5033045899843183,,,1.247236235801342,0.43384947152978093
49,2,16.002501643492742,10.42565829740705,-2.5033045899843183,-1.9863219774465186,0.8524921802723799,-0.7390857416451766,1.2863416518021609
49,3,19.504688064127862,5.689292507079391,-2.5033045899843183,3.5021864206351196,-4.7363657903276595,2.763100678989943,-3.4500241385254986
49,4,15.73230295389602,10.756287114953176,-2.5033045899843183,-3.7723851102318413,5.066994607873785,-1.0092844312418983,1.6169704693482867
49,5,14.91265291781627,7.882234876950199,-2.5033045899843183,-0.8196500360797501,-2.874052238002977,-1.8289344673216483,-1.2570817686546905
49,6,16.308555110555364,10.50926096010485,-2.5033045899843183,1.3959021927390936,2.627026083154651,-0.4330322745825548,1.3699443144999606
50,1,44.300050259561786,44.61360005387931,1.221710819283339,,,2.801463224751913,1.437112190621285
50,2,43.384509164517716,45.51287219197209,1.221710819283339,-0.9155410950440697,0.8992721380927833,1.8859221297078435,2.336384328714068
50,3,36.50555732137649,43.634052665305674,1.221710819283339,-6.878951843141223,-1.878819526666419,-4.99302971343338,0.45756480204764927
50,4,38.15639161332868,36.457056890210396,1.221710819283339,1.6508342919521866,-7.176995775095278,-3.3421954214811933,-6.719430973047629
50,5,43.79755518410628,43.913885918365054,1.221710819283339,5.6411635707776,7.456829028154658,2.2989681492964067,0.7373980551070289
50,6,42.847458665968276,44.927459459815665,1.221710819283339,-0.9500965181380039,1.0135735414506115,1.3488716311584028,1.7509715965576405
51,1,59.31104654438191,57.1297472301513,1.396572798633367,,,0.06115301638798343,1.6225755237138344
51,2,59.12322931224523,54.956351864519014,1.396572798633367,-0.18781723213668045,-2.173395365632288,-0.12666421574869702,-0.5508198419184538
51,3,58.964682614138454,52.32323367218586,1.396572798633367,-0.15854669810677535,-2.633118192333157,-0.28521091385547237,-3.183938034251611
51,4,58.23649761895339,52.87453116091206,1.396572798633367,-0.7281849951850603,0.5512974887262061,-1.0133959090405327,-2.6326405455254047
51,5,61.33201773614008,61.50822796709889,1.396572798633367,3.0955201171866875,8.633696806186826,2.082124208146155,6.0010562606614215
51,6,58.53188734210448,54.250938343757646,1.396572798633367,-2.800130394035598,-7.257289623341244,-0.7180061858894433,-1.256233362679822
52,1,40.63439884995301,38.69736909287346,0.5670688545176367,,,0.0401951014333477,-1.2521730068065722
52,2,41.19651409288273,48.469680257554,0.5670688545176367,0.5621152429297211,9.772311164680545,0.6023103443630689,8.520138157873973
52,3,44.78777932884579,39.33103867379647,0.5670688545176367,3.591265235963057,-9.138641583757533,4.193575580326126,-0.61850342588356
52,4,41.37181047011577,38.26014691563424,0.5670688545176367,-3.415968858730018,-1.070891758162233,0.7776067215961078,-1.689395184045793
52,5,38.454543061610394,33.110223048087946,0.5670688545176367,-2.9172674085053742,-5.149923867546292,-2.1396606869092665,-6.839319051592085
52,6,37.120176687710284,41.828794610134075,0.5670688545176367,-1.3343663739001101,8.71857156204613,-3.4740270608093766,1.8792525104540445
53,1,35.08866160427242,32.551333520206036,0.0333262326415324,,,-3.5563772903040274,-4.3321630150921635
53,2,31.2202385958925,28.500063263267982,0.0333262326415324,-3.868423008379917,-4.051270256938054,-7.4248002986839445,-8.383433272030217
53,3,37.52845905537058,40.194137684821015,0.0333262326415324,6.308220459478083,11.694074421553033,-1.116579839205862,3.310641149522816
53,4,42.14363443796416,36.76232685924715,0.0333262326415324,4.615175382593577,-3.431810825573862,3.498595543387715,-0.12116967605104634
53,5,44.38262647228937,43.73148840871031,0.0333262326415324,2.238992034325207,6.969161549463159,5.737587577712922,6.847991873412113
53,6,41.50661320166963,39.561629475536684,0.0333262326415324,-2.8760132706197368,-4.169858933173629,2.8615743070931856,2.678132940238484
54,1,34.583143055408414,29.10073017930682,0.17357729880382988,,,-6.762496573816584,-7.839918723568541
54,2,39.00712738804933,32.75533629797435,0.17357729880382988,4.423984332640913,3.654606118667534,-2.338512241175671,-4.185312604901007
54,3,38.3523603027167,35.00665229864295,0.17357729880382988,-0.6547670853326295,2.251316000668595,-2.9932793265083006,-1.9339966042324122
54,4,41.77787090046471,40.53913350217904,0.17357729880382988,3.4255105977480156,5.5324812035360935,0.43223127123971494,3.5984845993036814
54,5,46.10919092531408,44.32576978768718,0.17357729880382988,4.331320024849369,3.7866362855081377,4.763551296089084,7.385120884811819
54,6,48.24414520339677,39.916271351461845,0.17357729880382988,2.134954278082688,-4.409498436225334,6.898505574171772,2.975622448586485
55,1,18.924939537212442,10.74786214582432,-2.764952523133794,,,-2.079723779054106,-0.3423840893001966
55,2,17.47480867296107,2.7306051190170715,-2.764952523133794,-1.4501308642513706,-8.017257026807247,-3.5298546433054767,-8.359641116107444
55,3,21.19045718047034,14.49585717329162,-2.764952523133794,3.7156485075092682,11.765252054274548,0.18579386420379151,3.4056109381671043
55,4,23.83774298438786,14.170405901992195,-2.764952523133794,2.6472858039175193,-0.32545127129942486,2.833079668121311,3.0801596668676794
55,5,20.55844038578758,12.48766778994802,-2.764952523133794,-3.279302598600278,-1.6827381120441753,-0.44622293047896733,1.397421554823504
55,6,24.041591136779992,11.909079280673868,-2.764952523133794,3.4831507509924116,-0.5785885092741516,3.0369278205134442,0.8188330455493524
56,1,27.302832234510532,31.114137304956778,-0.38749052196392963,,,5.735575712629338,8.151647726016456
56,2,22.486322558609192,23.491473294267216,-0.38749052196392963,-4.81650967590134,-7.622664010689562,0.9190660367279975,0.5289837153268948
56,3,22.286873133713154,22.22528509488076,-0.38749052196392963,-0.1994494248960379,-1.2661881993864554,0.7196166118319596,-0.7372044840595606
56,4,17.778540642617706,19.206831853481756,-0.38749052196392963,-4.508332491095448,-3.018453241399005,-3.7887158792634885,-3.7556577254585655
56,5,19.045346175009694,22.816477584522072,-0.38749052196392963,1.266805532391988,3.6096457310403167,-2.5219103468715005,-0.14601199441824875
56,6,20.503624386826903,18.920732341533338,-0.38749052196392963,1.458278211817209,-3.8957452429887347,-1.0636321350542914,-4.0417572374069834
57,1,28.42384776606267,27.729374084638973,-0.48176204456433697,,,-0.3619079627167814,-1.3565912131522033
57,2,30.363090023008926,29.67191739326961,-0.48176204456433697,1.9392422569462546,1.9425433086306363,1.5773342942294732,0.585952095478433
57,3,31.12429626485189,31.188807309855264,-0.48176204456433697,0.761206241842963,1.5168899165856544,2.3385405360724363,2.1028420120640874
57,4,28.527634898731176,28.827792382039792,-0.48176204456433697,-2.5966613661207134,-2.3610149278154715,-0.25812083004827713,-0.2581729157513841
57,5,26.02112199842383,28.903536347144822,-0.48176204456433697,-2.506512900307346,0.07574396510502979,-2.764633730355623,-0.18242895064635434
57,6,28.25454342159822,28.194364269798587,-0.48176204456433697,2.2334214231743914,-0.7091720773462349,-0.5312123071812316,-0.8916010279925892
58,1,32.146000728649355,21.55613360234625,-1.0464071091991274,,,-3.5749037708458857,-6.318213660781481
58,2,34.05807657109449,28.394422933636992,-1.0464071091991274,1.9120758424451338,6.838289331290742,-1.6628279284007519,0.5200756705092608
58,3,34.59286223516872,27.053328062305365,-1.0464071091991274,0.5347856640742279,-1.3410948713316273,-1.128042264326524,-0.8210192008223665
58,4,39.85951283940215,30.860340151976263,-1.0464071091991274,5.266650604233433,3.8070120896708985,4.138608339906909,2.985992888848532
58,5,40.19910150490322,33.69180437969979,-1.0464071091991274,0.3395886655010685,2.831464227723526,4.478197005407978,5.817457116572058
58,6,33.46987311775354,25.69005444880174,-1.0464071091991274,-6.729228387149682,-8.00174993089805,-2.2510313817417043,-2.1842928143259925
59,1,25.488019035827932,25.326704246910328,-0.6186121750726004,,,2.242348135453142,3.9397758602200668
59,2,25.087371644094198,20.925653983890772,-0.6186121750726004,-0.40064739173373454,-4.401050263019556,1.8417007437194073,-0.4612744027994893
59,3,23.75407029790675,18.34116118297227,-0.6186121750726004,-1.3333013461874472,-2.5844928009185004,0.5083993975319601,-3.0457672037179897
59,4,20.691592602095582,19.719093548257177,-0.6186121750726004,-3.062477695811168,1.3779323652849058,-2.554078298279208,-1.6678348384330839
59,5,19.531132278556044,20.56885899841651,-0.6186121750726004,-1.1604603235395388,0.8497654501593317,-3.714538621818747,-0.8180693882737522
59,6,24.921839543768225,23.440098359694517,-0.6186121750726004,5.390707265212182,2.8712393612780076,1.676168643393435,2.0531699730042554
60,1,22.515291717046416,18.28521355343383,-1.4640171811106872,,,-1.541354918565876,-0.5295101742346304
60,2,19.544055706963096,19.03328563161782,-1.4640171811106872,-2.97123601008332,0.7480720781839878,-4.512590928649196,0.21856190394935737
60,3,24.94545347860931,17.870504825743414,-1.4640171811106872,5.401397771646213,-1.1627808058744051,0.8888068429970168,-0.9442189019250478
60,4,25.221232335998582,21.292459202780655,-1.4640171811106872,0.2757788573892732,3.421954377037242,1.16458570038629,2.477735475112194
60,5,24.148582955383993,16.16976624627753,-1.4640171811106872,-1.072649380614589,-5.122692956503126,0.09193631977170114,-2.6449574813909322
60,6,27.965263619672353,20.237112906157506,-1.4640171811106872,3.8166806642883593,4.067346659879977,3.9086169840600604,1.4223891784890448
61,1,38.5388310003726,38.274457246949204,0.5375239060632646,,,-1.5719495030013704,-1.1623254017607678
61,2,37.73068440910237,38.30332512538956,0.5375239060632646,-0.8081465912702299,0.028867878440358652,-2.3800960942716003,-1.1334575233204092
61,3,39.35923386622783,38.62142998931783,0.5375239060632646,1.6285494571254588,0.3181048639282693,-0.7515466371461414,-0.8153526593921399
61,4,41.24989791188481,42.98157228726563,0.5375239060632646,1.890664045656976,4.360142297947796,1.1391174085108347,3.544789638555656
61,5,42.13436482962549,38.85218712545872,0.5375239060632646,0.8844669177406814,-4.129385161806908,2.023584326251516,-0.5845955232512523
61,6,41.65167100303072,39.587724117878864,0.5375239060632646,-0.4826938265947689,0.735536992420144,1.5408904996567472,0.15094146916889173
62,1,33.347967245860815,38.76511024173418,0.4997791181662405,,,-3.5313452604568667,0.11047549350193009
62,2,38.039622364084046,38.06444766493232,0.4997791181662405,4.691655118223231,-0.7006625768018608,1.1603098577663644,-0.5901870832999307
62,3,36.722360074191236,36.373067855108395,0.4997791181662405,-1.3172622898928097,-1.6913798098239212,-0.15695243212644527,-2.281566893123852
62,4,36.0889405660683,40.27771225098937,0.4997791181662405,-0.6334195081229339,3.904644395880972,-0.7903719402493792,1.6230775027571198
62,5,37.29726292014779,36.530621674076066,0.4997791181662405,1.2083223540794847,-3.747090576913301,0.41795041383010556,-2.1240130741561813
62,6,39.77972186755391,41.91684880255315,0.4997791181662405,2.4824589474061227,5.386227128477081,2.9004093612362283,3.2622140543209
63,1,34.905128958547515,34.21659279725057,-0.30456567242666,,,-1.732214757239575,-0.7305156715042713
63,2,34.534880783955515,33.543733716108896,-0.30456567242666,-0.37024817459199966,-0.6728590811416737,-2.1024629318315746,-1.403374752645945
63,3,36.30095632345552,34.37528659933982,-0.30456567242666,1.766075539500008,0.8315528832309269,-0.33638739233156656,-0.5718218694150181
63,4,36.475855080489616,38.44761168650431,-0.30456567242666,0.17489875703409297,4.0723250871644865,-0.1614886352974736,3.5005032177494684
63,5,38.31938858116941,37.92172279038432,-0.30456567242666,1.843533500679797,-0.5258888961199872,1.6820448653823235,2.974614321629481
63,6,39.28785256710494,31.177703222941105,-0.30456567242666,0.9684639859355286,-6.7440195674432175,2.650508851317852,-3.7694052458137364
64,1,35.27619979869383,29.343515664548896,0.18221471304948175,,,-1.4663056894194,-5.506473582170656
64,2,34.40882568426012,34.29382675060578,0.18221471304948175,-0.8673741144337086,4.950311086056885,-2.3336798038531086,-0.556162496113771
64,3,37.835685598847945,41.14328362161847,0.18221471304948175,3.4268599145878227,6.849456871012691,1.093180110734714,6.29329437489892
64,4,33.80644655577289,36.93550577846343,0.18221471304948175,-4.029239043075059,-4.207777843155043,-2.9360589323403445,2.0855165317438775
64,5,37.448000587926316,29.335970975875398,0.18221471304948175,3.6415540321534294,-7.599534802588032,0.7054950998130849,-5.514018270844154
64,6,41.67987470317831,38.04783268920532,0.18221471304948175,4.2318741152519905,8.711861713329924,4.937369215065075,3.1978434424857696
65,1,22.05019739533857,26.50290131832869,-0.8808106878420066,,,-2.050016890017872,2.018237593422743
65,2,19.17660869874533,16.70855621658792,-0.8808106878420066,-2.8735886965932416,-9.79434510174077,-4.923605586611114,-7.776107508318027
65,3,23.711003383682474,30.871421676270568,-0.8808106878420066,4.534394684937144,14.16286545968265,-0.38921090167396954,6.386757951364622
65,4,26.292041685081664,23.33576097140506,-0.8808106878420066,2.5810383013991895,-7.53566070486551,2.19182739972522,-1.148902753500888
65,5,25.691539194476135,25.5123548294101,-0.8808106878420066,-0.6005024906055283,2.1765938580050417,1.5913249091196917,1.0276911045041537
65,6,27.67989535481449,23.97698733743334,-0.8808106878420066,1.9883561603383555,-1.5353674919767606,3.579681069458047,-0.5076763874726069
66,1,43.14808323695374,38.61524819232882,0.7665256799555902,,,-0.6148862047527288,-3.117917189643812
66,2,42.32965216743589,41.13761786650083,0.7665256799555902,-0.8184310695178496,2.522369674172012,-1.4333172742705784,-0.5955475154718002
66,3,44.29436932532946,43.6538853893648,0.7665256799555902,1.964717157893574,2.51626752286397,0.5313998836229956,1.9207200073921697
66,4,45.40993123174316,40.599804027012155,0.7665256799555902,1.1155619064136957,-3.0540813623526475,1.6469617900366913,-1.1333613549604777
66,5,43.2156641436484,43.67063158457449,0.7665256799555902,-2.1942670880947617,3.070827557562332,-0.5473052980580704,1.937466202601854
66,6,44.18011654512812,42.721805232054706,0.7665256799555902,0.9644524014797256,-0.9488263525197809,0.4171471034216552,0.9886398500820732
67,1,30.12224966785656,25.18326967247762,-1.0372563894034548,,,-2.3661622963837807,-0.9046694339521544
67,2,30.374086237182723,27.932534419068975,-1.0372563894034548,0.25183656932616216,2.7492647465913542,-2.1143257270576186,1.8445953126391998
67,3,31.625501572479223,29.41930452127809,-1.0372563894034548,1.2514153352964996,1.486770102209114,-0.8629103917611189,3.331365414848314
67,4,34.6769005248138,26.881309768034917,-1.0372563894034548,3.05139895233458,-2.537994753243172,2.188488560573461,0.7933706616051417
67,5,33.92281833922325,26.617057688971872,-1.0372563894034548,-0.7540821855905548,-0.26425207906304493,1.4344063749829061,0.5291185825420968
67,6,34.20891544388648,20.49415856874719,-1.0372563894034548,0.28609710466323435,-6.122899120224684,1.7205034796461405,-5.593780537682587
68,1,30.424713881540953,20.420703860516213,-0.6003246791028559,,,-1.1019415722746082,-6.075272209667009
68,2,33.638010172448695,29.971465277976137,-0.6003246791028559,3.213296290907742,9.550761417459924,2.111354718633134,3.475489207792915
68,3,30.56018883639579,20.618932283246934,-0.6003246791028559,-3.0778213360529065,-9.352532994729202,-0.9664666174197727,-5.877043786936287
68,4,31.538162928591763,32.30479220853976,-0.6003246791028559,0.977974092195975,11.685859925292824,0.011507474776202287,5.808816138356537
68,5,30.4766840960302,24.066390091766706,-0.6003246791028559,-1.061478832561562,-8.238402116773052,-1.0499713577853598,-2.4295859784165152
68,6,32.52217280788595,31.593572699053585,-0.6003246791028559,2.04548871185575,7.527182607286878,0.9955173540703903,5.097596628870363
69,1,39.21387265967403,43.31956496987392,1.0609085697495164,,,-0.09583328974605365,2.396879895709219
69,2,40.13542865345063,36.610761707438556,1.0609085697495164,0.9215559937766002,-6.708803262435367,0.8257227040305466,-4.311923366726148
69,3,43.86108488887907,42.98540489440576,1.0609085697495164,3.7256562354284384,6.374643186967205,4.551378939458985,2.062719820241057
69,4,41.16546121650774,36.934456250460606,1.0609085697495164,-2.695623672371333,-6.050948643945155,1.8557552670876518,-3.988228823704098
69,5,36.39720325500559,41.90191238894194,1.0609085697495164,-4.768257961502144,4.967456138481332,-2.912502694414492,0.9792273147772335
69,6,35.08518502300347,43.78401023386745,1.0609085697495164,-1.3120182320021243,1.8820978449255108,-4.224520926416616,2.8613251597027443
70,1,29.01732296420441,26.88180866969558,-0.3746566608098166,,,-2.051390072323514,-1.5574539518304498
70,2,28.540664321947304,29.481330996401976,-0.3746566608098166,-0.47665864225710664,2.5995223267063956,-2.5280487145806205,1.0420683748759458
70,3,34.66289892741551,33.88607739724762,-0.3746566608098166,6.122234605468208,4.404746400845642,3.594185890887587,5.446814775721588
70,4,33.34743224052983,26.584543290566682,-0.3746566608098166,-1.315466686885685,-7.301534106680936,2.278719204001902,-1.8547193309593482
70,5,32.23975556066659,28.79218185616708,-0.3746566608098166,-1.1076766798632391,2.207638565600398,1.171042524138663,0.3529192346410497
70,6,28.604204204403914,25.00963351907726,-0.3746566608098166,-3.635551356262674,-3.782548337089821,-2.464508832124011,-3.4296291024487715
71,1,34.51661179444698,38.657803954532845,0.6838602314688557,,,6.495807856107739,6.004504939722409
71,2,31.723343526419818,34.664034221328826,0.6838602314688557,-2.7932682680271625,-3.9937697332040187,3.702539588080576,2.0107352065183903
71,3,28.108136000502284,31.920125833148,0.6838602314688557,-3.6152075259175334,-2.7439083881808273,0.08733206216304268,-0.733173181662437
71,4,24.088436025524537,27.47939613679318,0.6838602314688557,-4.019699974977748,-4.440729696354818,-3.932367912814705,-5.173902878017255
71,5,24.12530666895922,30.18470952208976,0.6838602314688557,0.03687064343468194,2.7053133852965807,-3.895497269380023,-2.4685894927206746
71,6,25.562989614182598,33.01372442096999,0.6838602314688557,1.4376829452233792,2.8290148988802315,-2.4578143241566437,0.36042540615955687
72,1,17.465623700032058,14.625897352199782,-1.8671793704167448,,,-0.004500029838879982,0.7437914554431266
72,2,14.524132345569901,13.122866628325848,-1.8671793704167448,-2.9414913544621566,-1.503030723873934,-2.9459913843010366,-0.7592392684308074
72,3,18.405694069290146,17.881077699137954,-1.8671793704167448,3.881561723720244,4.758211070812106,0.9355703394192076,3.9989718023812983
72,4,17.161435180606368,9.59949476072907,-1.8671793704167448,-1.2442588886837775,-8.281582938408883,-0.3086885492645699,-4.282611136027585
72,5,17.176058338644122,11.650217329327436,-1.8671793704167448,0.014623158037753825,2.050722568598365,-0.2940653912268161,-2.2318885674292197
72,6,20.087798745083028,16.413081610819837,-1.8671793704167448,2.9117404064389056,4.762864281492401,2.6176750152120896,2.5309757140631817
73,1,35.535023538923035,26.52782091855863,-0.6297367460660636,,,-1.7336405713887117,-7.439218696258489
73,2,32.17238879882855,31.037435286302085,-0.6297367460660636,-3.362634740094485,4.509614367743456,-5.096275311483197,-2.9296043285150333
73,3,33.755618894036125,33.50732411958362,-0.6297367460660636,1.5832300952075755,2.469888833281537,-3.5130452162756214,-0.4597154952334961
73,4,37.54154541420641,36.73062113954889,-0.6297367460660636,3.7859265201702854,3.2232970199652655,0.27288130389466403,2.7635815247317694
73,5,40.93137328270541,37.49920453222228,-0.6297367460660636,3.3898278684989975,0.768583392673392,3.6627091723936616,3.5321649174051615
73,6,43.67603473317096,38.49983169268723,-0.6297367460660636,2.74466145046555,1.0006271604649513,6.4073706228592116,4.532792077870113
74,1,43.033136209656995,48.1309192884424,1.5711999467988191,,,-1.7753909888999857,0.5337517825239146
74,2,44.440098729652625,49.93957288415799,1.5711999467988191,1.4069625199956306,1.8086535957155903,-0.3684284689043551,2.342405378239505
74,3,43.22386346461615,42.46344779875858,1.5711999467988191,-1.2162352650364738,-7.47612508539941,-1.584663733940829,-5.133719707159905
74,4,43.07203526678172,42.67600978446391,1.5711999467988191,-0.15182819783443335,0.21256198570532803,-1.7364919317752623,-4.921157721454577
74,5,47.70543477726963,51.90932822473676,1.5711999467988191,4.633399510487912,9.233318440272853,2.89690757871265,4.3121607188182765
74,6,47.37659474336477,50.46372705495126,1.5711999467988191,-0.3288400339048607,-1.4456011697854976,2.568067544807789,2.866559549032779
75,1,45.02199094159997,49.86108130372199,1.327540351918812,,,-7.3086529926239905,-1.9139646355918956
75,2,49.91603681571965,52.40049390182682,1.327540351918812,4.8940458741196835,2.539412598104832,-2.414607118504307,0.6254479625129363
75,3,51.40311160411958,49.75162135267518,1.327540351918812,1.48707478839993,-2.6488725491516405,-0.927532330104377,-2.023424586638704
75,4,51.999097596130966,51.88574742203078,1.327540351918812,0.5959859920113857,2.1341260693556023,-0.3315463380929913,0.11070148271689817
75,5,56.86331582563266,53.577144576570454,1.327540351918812,4.864218229501695,1.691397154539672,4.532671891408704,1.8020986372565702
75,6,58.78031082214094,53.174187079058086,1.327540351918812,1.9169949965082793,-0.402957497512368,6.449666887916983,1.3991411397442022
76,1,44.96417694602814,44.666908432365716,0.9652029505099156,,,0.9623671611542406,-0.3304970872814508
76,2,42.07509111305136,42.24681589987133,0.9652029505099156,-2.8890858329767823,-2.4200925324943867,-1.9267186718225418,-2.7505896197758375
76,3,42.22774577792712,45.737885039887075,0.9652029505099156,0.15265466487576163,3.491069140015746,-1.7740640069467801,0.7404795202399086
76,4,42.111439371161886,41.94546818533719,0.9652029505099156,-0.11630640676523285,-3.7924168545498844,-1.890370413712013,-3.051937334309976
76,5,47.077763298114206,48.285687350219135,0.9652029505099156,4.96632392695232,6.340219164881944,3.0759535132403073,3.288281830571968
76,6,45.55464220296066,47.10166821020251,0.9652029505099156,-1.5231210951535488,-1.1840191400166233,1.5528324180867585,2.1042626905553448
77,1,31.6681452509118,27.59477852479036,-0.7901367802384163,,,1.0068094248201405,1.1086716531962253
77,2,30.943270809852006,29.145238876213735,-0.7901367802384163,-0.7248744410597929,1.550460351423375,0.28193498376034754,2.6591320046196003
77,3,31.506559101793677,27.823718845301713,-0.7901367802384163,0.5632882919416708,-1.3215200309120227,0.8452232757020184,1.3376119737075776
77,4,30.496222839736284,21.879301155382336,-0.7901367802384163,-1.0103362620573932,-5.944417689919376,-0.16511298635537486,-4.606805716211799
77,5,28.9492700783254,24.926600281671913,-0.7901367802384163,-1.546952761410882,3.0472991262895768,-1.7120657477662569,-1.559506589922222
77,6,30.40454687593078,27.547003546204756,-0.7901367802384163,1.4552767976053786,2.6204032645328432,-0.2567889501608782,1.0608966746106212
78,1,31.98046661801793,31.865358446755874,0.23175495579888758,,,0.34907009168956904,-1.1893213196748
78,2,37.022344741627904,32.2584393180056,0.23175495579888758,5.041878123609976,0.393080871249726,5.390948215299545,-0.796240448425074
78,3,33.47073485475728,34.1699548640491,0.23175495579888758,-3.5516098868706223,1.9115155460435034,1.8393383284289229,1.1152750976184294
78,4,29.28908522521512,33.444885917575704,0.23175495579888758,-4.181649629542161,-0.7250689464733995,-2.342311301113238,0.3902061511450299
78,5,30.227867236964894,33.79192803015877,0.23175495579888758,0.9387820117497725,0.3470421125830683,-1.4035292893634654,0.7372482637280982
78,6,27.797880481387036,32.797512022038966,0.23175495579888758,-2.4299867555778576,-0.9944160081198063,-3.833516044941323,-0.2571677443917082
79,1,39.99550963675817,33.149348379268254,-0.26164839470896045,,,0.39515459682210974,-4.210441399220663
79,2,39.90425687465214,39.14214154745475,-0.26164839470896045,-0.09125276210603062,5.992793168186495,0.3039018347160791,1.7823517689658317
79,3,37.975675749307115,30.84140322090469,-0.26164839470896045,-1.9285811253450262,-8.300738326550057,-1.6246792906289471,-6.5183865575842255
79,4,39.367597206242436,42.537371448384405,-0.26164839470896045,1.3919214569353215,11.695968227479714,-0.23275783369362557,5.177581669895488
79,5,41.645041121158236,39.39408001087631,-0.26164839470896045,2.2774439149158,-3.143291437508097,2.0446860812221743,2.0342902323873915
79,6,38.714049651498286,39.09439406404508,-0.26164839470896045,-2.9309914696599506,-0.2996859468312252,-0.8863053884377763,1.7346042855561663
80,1,39.37309106536635,30.458578527533067,-0.722888528094289,,,0.05724636898820279,-3.635240463994908
80,2,41.07418769542488,34.43892675405549,-0.722888528094289,1.7010966300585295,3.9803482265224197,1.7583429990467323,0.34510776252751185
80,3,40.466446579781135,40.1800847416557,-0.722888528094289,-0.6077411156437478,5.741157987600211,1.1506018834029845,6.086265750127723
80,4,37.256202266737596,29.332923361602887,-0.722888528094289,-3.210244313043539,-10.84716138005281,-2.0596424296405544,-4.760895629925088
80,5,40.23892287862813,39.30923935133596,-0.722888528094289,2.982720611890535,9.976315989733074,0.9230781822499807,5.215420359807986
80,6,37.48621769233079,30.843161212984768,-0.722888528094289,-2.752705186297341,-8.466078138351193,-1.8296270040473601,-3.250657778543207
81,1,31.20379230339963,30.71050568118991,-0.9485724814230778,,,-4.9912143147432175,1.302463729464428
81,2,35.69241956438924,25.009882999514975,-0.9485724814230778,4.48862726098961,-5.700622681674936,-0.5025870537536079,-4.398158952210508
81,3,37.99189227228246,29.68507780780438,-0.9485724814230778,2.299472707893223,4.675194808289405,1.796885654139615,0.27703585607889636
81,4,41.059423427360834,33.31031101491975,-0.9485724814230778,3.0675311550783704,3.625233207115368,4.864416809217985,3.9022690631942645
81,5,34.522985120766556,32.15245045806958,-0.9485724814230778,-6.5364383065942775,-1.1578605568501672,-1.6720214973762921,2.7444085063440973
81,6,36.69952702065839,25.580023748854323,-0.9485724814230778,2.1765418998918307,-6.572426709215257,0.5045204025155385,-3.82801820287116
82,1,39.51942225275637,37.463895958587166,0.7031237113702794,,,2.063933358539863,1.1237649009698174
82,2,36.59057328491896,35.47996028567362,0.7031237113702794,-2.9288489678374106,-1.983935672913546,-0.8649156092975474,-0.8601707719437286
82,3,38.0838774030827,37.035310961609746,0.7031237113702794,1.493304118163742,1.5553506759361255,0.6283885088661947,0.6951799039923969
82,4,40.567832005010075,36.55631863367777,0.7031237113702794,2.4839546019273726,-0.47899232793197655,3.1123431107935673,0.21618757606042038
82,5,36.92869321755643,34.61277183510298,0.7031237113702794,-3.6391387874536463,-1.9435467985747863,-0.526795676660079,-1.727359222514366
82,6,33.04253520197449,36.8925286710528,0.7031237113702794,-3.886158015581941,2.2797568359498186,-4.41295369224202,0.5523976134354527
83,1,24.682313992146216,25.49571120389243,-0.9449477272535001,,,-9.614412543396295,-1.5596178790996902
83,2,29.58238759221322,21.376513087852096,-0.9449477272535001,4.900073600067003,-4.119198116040334,-4.714338943329292,-5.678815995140024
83,3,35.691761618469016,28.308966681750896,-0.9449477272535001,6.1093740262557965,6.932453593898799,1.3950350829265048,1.2536375987587753
83,4,38.71946375048154,30.680973838219412,-0.9449477272535001,3.0277021320125215,2.3720071564685163,4.422737214939026,3.6256447552272917
83,5,38.96454203459307,27.430584198943176,-0.9449477272535001,0.24507828411153554,-3.2503896392762357,4.667815499050562,0.375255115951056
83,6,38.139890225352005,29.039225487294733,-0.9449477272535001,-0.8246518092410682,1.6086412883515564,3.8431636898094936,1.9838964043026124
84,1,34.98523638977437,30.549341899339513,-0.0367686756952734,,,-0.7801245473610905,-3.2449774241024336
84,2,39.108794127205655,38.830954467074456,-0.0367686756952734,4.123557737431284,8.281612567734943,3.3434331900701935,5.036635143632509
84,3,36.03961636663239,29.25550547964621,-0.0367686756952734,-3.069177760573268,-9.575448987428246,0.2742554294969253,-4.538813843795737
84,4,35.53021492219807,32.55521388628675,-0.0367686756952734,-0.5094014444343173,3.2997084066405407,-0.23514601493739207,-1.239105437155196
84,5,35.93243194181993,36.14888416014681,-0.0367686756952734,0.4022170196218582,3.593670273860056,0.16707100468446612,2.35456483670486
84,6,32.99587187518237,35.42601604815793,-0.0367686756952734,-2.9365600666375613,-0.7228681119888734,-2.769489061953095,1.6316967247159866
85,1,49.943808425463565,48.41344214051663,0.9606391194345865,,,2.109162549669591,3.7764384645524913
85,2,48.70989313877435,42.852672529219184,0.9606391194345865,-1.2339152866892178,-5.560769611297445,0.8752472629803734,-1.7843311467449539
85,3,46.24656356815292,44.2457141457166,0.9606391194345865,-2.4633295706214255,1.3930416164974133,-1.5880823076410522,-0.39128953024754054
85,4,46.28736033326198,47.49722103447844,0.9606391194345865,0.040796765109057276,3.2515068887618455,-1.547285542531995,2.860217358514305
85,5,46.816489942202864,41.31247089788592,0.9606391194345865,0.5291296089408846,-6.18475013659252,-1.0181559335911103,-3.324532778078215
85,6,49.00375984690816,43.50050130796808,0.9606391194345865,2.187269904705296,2.188030410082156,1.1691139711141858,-1.1365023679960586
86,1,44.65203758757433,41.94427038693262,1.3794560426600648,,,-0.19878294139307684,-3.4433562146961734
86,2,42.87057812552224,43.24916612729789,1.3794560426600648,-1.7814594620520836,1.304895740365268,-1.9802424034451604,-2.1384604743309055
86,3,45.35693535811671,42.48443281738294,1.3794560426600648,2.4863572325944645,-0.764733309914952,0.5061148291493041,-2.9031937842458575
86,4,48.55811870415093,52.40995820546912,1.3794560426600648,3.2011833460342203,9.925525388086179,3.7072981751835243,7.022331603840321
86,5,44.31778910515644,44.09116281518415,1.3794560426600648,-4.240329598994485,-8.318795390284969,-0.5330314238109608,-1.2964637864446473
86,6,43.349464293283745,48.14676925750608,1.3794560426600648,-0.9683248118726979,4.055606442321931,-1.5013562356836587,2.759142655877284
87,1,33.41281817961194,31.02876511376026,-0.3021196438460918,,,1.524999486385159,1.7239925755347372
87,2,32.209698663653135,30.618852282069135,-0.3021196438460918,-1.2031195159588037,-0.4099128316911269,0.3218799704263553,1.3140797438436103
87,3,32.54674691369501,31.824766552623604,-0.3021196438460918,0.33704825004187455,1.2059142705544694,0.6589282204682299,2.5199940143980797
87,4,31.594606637578167,26.152415532416367,-0.3021196438460918,-0.9521402761168432,-5.672351020207238,-0.2932120556486133,-3.152357005809158
87,5,33.6384854546547,27.767005693668967,-0.3021196438460918,2.043878817076532,1.6145901612526004,1.7506667614279188,-1.5377668445565575
87,6,27.924556310167745,28.436830054814834,-0.3021196438460918,-5.713929144486954,0.6698243611458672,-3.9632623830590354,-0.8679424834106904
88,1,21.71258131721577,12.088132508494795,-0.8335164711670768,,,1.4378710324104702,-6.686001393029141
88,2,16.912947200149105,14.854494663420862,-0.8335164711670768,-4.799634117066663,2.7663621549260675,-3.361763084656193,-3.9196392381030734
88,3,19.97381795871027,20.108683053373987,-0.8335164711670768,3.0608707585611654,5.254188389953125,-0.3008923260950276,1.3345491518500516
88,4,21.21446862444118,25.270238471670133,-0.8335164711670768,1.2406506657309109,5.161555418296146,0.9397583396358833,6.496104570146198
88,5,20.37362518051157,18.963022295396502,-0.8335164711670768,-0.8408434439296109,-6.307216176273631,0.09891489570627243,0.18888839387256695
88,6,21.460821427803896,21.360232416787326,-0.8335164711670768,1.0871962472923258,2.397210121390824,1.1861111429985982,2.586098515263391
89,1,35.27288881064005,24.760132207212436,-0.8973436947385606,,,-5.355898174461686,-4.673374547515547
89,2,39.767655995213474,30.030947610182874,-0.8973436947385606,4.494767184573426,5.270815402970438,-0.8611309898882595,0.5974408554548916
89,3,38.36728625756903,25.059893262611055,-0.8973436947385606,-1.4003697376444464,-4.971054347571819,-2.261500727532706,-4.373613492116927
89,4,42.9318418462263,28.45343330913937,-0.8973436947385606,4.564555588657271,3.393540046528315,2.303054861124565,-0.9800734455886122
89,5,43.3975658183072,35.379813706623715,-0.8973436947385606,0.46572397208090166,6.926380397484344,2.7687788332054666,5.946306951895732
89,6,44.03548318265437,32.91682043259845,-0.8973436947385606,0.6379173643471674,-2.4629932740252656,3.406696197552634,3.4833136778704663
90,1,34.672056283298346,35.290193746279584,-0.21353601247235168,,,3.4572510781079906,4.161041700528301
90,2,29.600940710757282,27.341820377916648,-0.21353601247235168,-5.071115572541064,-7.948373368362937,-1.6138644944330736,-3.7873316678346356
90,3,32.27919342995173,33.654691159184665,-0.21353601247235168,2.6782527191944503,6.312870781268018,1.0643882247613767,2.525539113433382
90,4,29.250643527224426,26.968168821028744,-0.21353601247235168,-3.028549902727306,-6.686522338155921,-1.9641616779659294,-4.160983224722539
90,5,27.938065901522663,33.303436780628296,-0.21353601247235168,-1.3125776257017634,6.335267959599552,-3.276739303667693,2.1742847348770127
90,6,33.54793137838768,30.216601389469773,-0.21353601247235168,5.609865476865018,-3.086835391158523,2.333126173197325,-0.9125506562815104
91,1,16.15492743137996,9.975545353954804,-1.9502165010981647,,,-1.0080229068116715,-3.014920762603177
91,2,14.643964122391797,12.886454799014516,-1.9502165010981647,-1.5109633089881633,2.910909445059712,-2.518986215799835,-0.10401131754346515
91,3,21.05396103452966,16.73642106414521,-1.9502165010981647,6.4099969121378635,3.8499662651306927,3.8910106963380287,3.7459549475872276
91,4,15.921580086832023,14.171624537809691,-1.9502165010981647,-5.132380947697637,-2.564796526335517,-1.2413702513596085,1.1811584212517108
91,5,18.958351365435824,10.836888557870587,-1.9502165010981647,3.0367712786038012,-3.3347359799391043,1.7954010272441927,-2.1535775586873935
91,6,16.24491798858052,13.33586238655308,-1.9502165010981647,-2.7134333768553027,2.4989738286824927,-0.91803234961111,0.3453962699950992
92,1,25.52336551362899,19.72111509758097,-1.0801754115093523,,,1.8601426336654754,1.1286633481663166
92,2,26.331386447295767,21.065504260222294,-1.0801754115093523,0.8080209336667785,1.344389162641324,2.668163567332254,2.4730525108076407
92,3,21.869728522111785,19.825694324491252,-1.0801754115093523,-4.461657925183982,-1.2398099357310421,-1.7934943578517277,1.2332425750765985
92,4,21.940324952324687,17.883765328506506,-1.0801754115093523,0.07059643021290185,-1.941928995984746,-1.7228979276388259,-0.7086864209081476
92,5,23.4746799467769,17.986206043377685,-1.0801754115093523,1.5343549944522117,0.10244071487117878,-0.1885429331866142,-0.6062457060369688
92,6,22.83985189764296,15.072425442309223,-1.0801754115093523,-0.6348280491339402,-2.9137806010684617,-0.8233709823205544,-3.5200263071054305
93,1,31.871194188293096,25.53096211082241,-0.7575233508469721,,,-4.375798286186772,-3.423446494289202
93,2,38.70429312320987,30.920836254658937,-0.7575233508469721,6.833098934916777,5.389874143836526,2.457300648730005,1.9664276495473239
93,3,41.40000664710786,28.049075019317065,-0.7575233508469721,2.695713523897986,-2.8717612353418716,5.153014172627991,-0.9053335857945477
93,4,38.850460361563165,29.999103649544853,-0.7575233508469721,-2.549546285544693,1.9500286302277878,2.6034678870832977,1.0446950444332401
93,5,33.41717061446079,26.64943333130924,-0.7575233508469721,-5.433289747102378,-3.3496703182356136,-2.8298218600190808,-2.3049752738023734
93,6,33.23882991224443,32.57704126501717,-0.7575233508469721,-0.17834070221636011,5.927607933707932,-3.008162562235441,3.622632659905559
94,1,24.58690110275659,28.006149398469645,-0.7473292660964254,,,-4.003853765081978,2.967179819888809
94,2,30.390799788649716,23.904588486288574,-0.7473292660964254,5.803898685893127,-4.101560912181071,1.8000449208111498,-1.1343810922922621
94,3,27.83990279490635,22.625489182750552,-0.7473292660964254,-2.5508969937433648,-1.2790993035380218,-0.750852072932215,-2.413480395830284
94,4,28.914442898437894,25.83030156016476,-0.7473292660964254,1.0745401035315432,3.204812377414207,0.32368803059932816,0.791331981583923
94,5,30.75805074346541,23.66959543450745,-0.7473292660964254,1.8436078450275168,-2.1607061256573097,2.167295875626845,-1.3693741440733866
94,6,29.054431878815425,26.197693409304048,-0.7473292660964254,-1.703618864649986,2.528097974796598,0.4636770109768591,1.1587238307232113
95,1,37.975220401715035,30.57815396392167,0.33915340693843354,,,2.503753185906497,-3.433813989565536
95,2,34.41191521258237,32.844549862946295,0.33915340693843354,-3.563305189132663,2.266395899024623,-1.059552003226166,-1.167418090540913
95,3,35.127461029737425,34.216514465357946,0.33915340693843354,0.7155458171550535,1.3719646024116514,-0.34400618607111255,0.20454651187073836
95,4,35.717346166202425,31.99081419215216,0.33915340693843354,0.589885136465,-2.225700273205785,0.2458789503938874,-2.0211537613350465
95,5,35.93082466491236,37.175646436955056,0.33915340693843354,0.2134784987099323,5.1848322448028945,0.4593574491038197,3.163678483467848
95,6,33.66603581970162,37.26612879959014,0.33915340693843354,-2.264788845210738,0.09048236263508613,-1.8054313961069184,3.254160846102934
96,1,34.951080478582575,22.288252244693588,-0.2075939016040813,,,-4.146304405743422,-12.94561521371486
96,2,35.59153703788293,36.37815461566788,-0.2075939016040813,0.640456559300354,14.089902370974293,-3.505847846443068,1.1442871572594342
96,3,37.43504252847891,37.12158438728182,-0.2075939016040813,1.8435054905959802,0.7434297716139397,-1.6623423558470876,1.887716928873374
96,4,40.90986054450657,40.8208634954153,-0.2075939016040813,3.474818016027662,3.6992791081334815,1.8124756601805743,5.586996037006855
96,5,42.85824041075897,38.314878408649236,-0.2075939016040813,1.9483798662523952,-2.505985086766067,3.7608555264329695,3.0810109502407883
96,6,42.838548305746045,36.47947159874283,-0.2075939016040813,-0.019692105012921957,-1.8354068099064023,3.7411634214200475,1.245604140334386
97,1,34.36300308646105,34.039567910523694,-0.2687686155031945,,,0.2380253335643161,2.371674397937351
97,2,38.5213909542037,34.155970151371214,-0.2687686155031945,4.158387867742654,0.11640224084752049,4.39641320130697,2.4880766387848716
97,3,35.97900929719715,27.553615308610432,-0.2687686155031945,-2.542381657006551,-6.602354842760782,1.854031544300419,-4.1142782039759105
97,4,32.193603379847204,33.89519938459923,-0.2687686155031945,-3.785405917349948,6.3415840759887985,-1.931374373049529,2.227305872012888
97,5,34.586462257689426,31.3105810102822,-0.2687686155031945,2.3928588778422224,-2.5846183743170315,0.46148450479269343,-0.35731250230414346
97,6,29.10639754198185,29.052427310131268,-0.2687686155031945,-5.480064715707577,-2.258153700150931,-5.018580210914884,-2.6154662024550746
98,1,22.686800998158432,14.099890460574283,-2.0219227645438926,,,6.07635472919959,2.524142624047766
98,2,20.93064076825734,15.660319994235945,-2.0219227645438926,-1.7561602299010914,1.5604295336616616,4.320194499298498,4.084572157709427
98,3,19.181153887104806,17.438064429170385,-2.0219227645438926,-1.749486881152535,1.7777444349344407,2.5707076181459634,5.862316592643868
98,4,14.945267275562973,13.913478757848466,-2.0219227645438926,-4.235886611541833,-3.524585671321919,-1.6651789933958696,2.337730921321949
98,5,11.64464542511685,6.919411889962419,-2.0219227645438926,-3.300621850446122,-6.994066867886048,-4.965800843841992,-4.6563359465640985
98,6,10.274169259552655,1.4233214873676037,-2.0219227645438926,-1.3704761655641953,-5.496090402594815,-6.336277009406187,-10.152426349158914
99,1,37.21859666882669,30.103255893688672,0.11498345061784361,,,-3.856259760738901,-7.575083418659229
99,2,42.786578724358215,38.56481413099228,0.11498345061784361,5.567982055531523,8.46155823730361,1.7117222947926223,0.8864748186443805
99,3,40.65346427072372,36.13970942116376,0.11498345061784361,-2.133114453634498,-2.425104709828524,-0.42139215884187564,-1.5386298911841436
99,4,45.026135794451434,41.59684704585721,0.11498345061784361,4.372671523727718,5.457137624693452,3.951279364885842,3.9185077335093084
99,5,40.14714365198591,36.51524573686492,0.11498345061784361,-4.878992142465528,-5.0816013089922905,-0.9277127775796856,-1.163093575482982
99,6,40.6172194670476,43.15016364552056,0.11498345061784361,0.4700758150616906,6.634917908655638,-0.457636962517995,5.4718243331726555
100,1,54.66260088412477,49.17712361671278,1.4108228304306527,,,3.0305017046128455,0.3053584744026807
100,2,50.48992889000981,48.48467198542379,1.4108228304306527,-4.172671994114964,-0.6924516312889892,-1.1421702895021184,-0.3870931568863085
100,3,51.385731170145185,47.946631762709664,1.4108228304306527,0.8958022801353778,-0.5380402227141232,-0.24636800936674064,-0.9251333796004317
100,4,48.73584472397177,51.92188599386165,1.4108228304306527,-2.6498864461734115,3.975254231151986,-2.896254455540152,3.0501208515515543
100,5,52.366549192124204,50.69510702136565,1.4108228304306527,3.6307044681524303,-1.2267789724959997,0.7344500126122782,1.8233418790555547
100,6,52.151940216695806,45.00517047378706,1.4108228304306527,-0.21460897542839774,-5.68993654757859,0.5198410371838804,-3.8665946685230352
101,1,31.344776994411376,24.070814114965575,-0.7320429818400916,,,-0.28233628314453085,-1.813795288047956
101,2,29.13653758240308,23.93940484169372,-0.7320429818400916,-2.2082394120082967,-0.13140927327185636,-2.4905756951528275,-1.9452045613198123
101,3,31.20253623530164,29.853118666049827,-0.7320429818400916,2.0659986528985606,5.913713824356108,-0.42457704225426696,3.968509263036296
101,4,31.703367838894728,23.76254802206928,-0.7320429818400916,0.5008316035930882,-6.0905706439805485,0.07625456133882125,-2.1220613809442526
101,5,32.04324777697518,25.00608793158823,-0.7320429818400916,0.33987993808045047,1.243539909518951,0.4161344994192717,-0.8785214714253016
101,6,34.332213237349436,28.67568284171458,-0.7320429818400916,2.288965460374257,3.6695949101263494,2.705099959793529,2.791073438701048
102,1,13.898614632094471,7.776623486259653,-2.8949255712445,,,7.962571228404612,7.128965561234333
102,2,9.656022577976135,2.11933225957641,-2.8949255712445,-4.242592054118337,-5.657291226683243,3.7199791742862756,1.47167433455109
102,3,6.182777383733187,-0.6310379007825453,-2.8949255712445,-3.4732451942429474,-2.7503701603589557,0.24673398004332814,-1.2786958258078651
102,4,6.4309050483284675,0.28843278679677153,-2.8949255712445,0.24812766459528035,0.9194706875793168,0.4948616446386085,-0.3592251382285484
102,5,-0.0770918903063409,-6.613477579847412,-2.8949255712445,-6.507996938634808,-6.901910366644184,-6.0131352939962,-7.261135504872732
102,6,-0.47496732968676403,0.9460744981490423,-2.8949255712445,-0.39787543938042313,7.559552077996455,-6.411010733376623,0.2984165731237224
103,1,27.717615193663285,15.649221503470399,-1.8585666338741211,,,-4.440331810875698,-6.32065849064176
103,2,31.677584381893613,24.477584437978724,-1.8585666338741211,3.9599691882303283,8.828362934508325,-0.48036262264536944,2.507704443866565
103,3,29.10686514862547,21.87739368773213,-1.8585666338741211,-2.570719233268143,-2.6001907502465933,-3.0510818559135124,-0.09248630638002808
103,4,30.61900039493529,13.652455818777895,-1.8585666338741211,1.5121352463098212,-8.224937868954235,-1.5389466096036912,-8.317424175334263
103,5,37.70452801868494,30.689835097657685,-1.8585666338741211,7.085527623749648,17.03737927887979,5.546581014145957,8.719955103545526
103,6,36.1220888894313,25.47278941905612,-1.8585666338741211,-1.5824391292536362,-5.217045678601565,3.964141884892321,3.5029094249439616
104,1,31.707826226933623,28.001411202800185,-0.303526282721201,,,-3.761738334908184,-2.6231185460333926
104,2,35.26164221571349,34.56417516909686,-0.303526282721201,3.5538159887798706,6.562763966296679,-0.2079223461283135,3.939645420263286
104,3,38.88181597030474,31.704190121854847,-0.303526282721201,3.6201737545912493,-2.8599850472420165,3.412251408462936,1.0796603730212695
104,4,41.52094370416024,32.45561560360136,-0.303526282721201,2.6391277338554957,0.7514254817465122,6.0513791423184315,1.8310858547677817
104,5,36.166405553655444,29.932340800862455,-0.303526282721201,-5.354538150504794,-2.5232748027389036,0.6968409918136373,-0.6921889479711218
104,6,29.278753700283303,27.08944559478575,-0.303526282721201,-6.887651853372141,-2.8428952060767045,-6.190810861558504,-3.5350841540478264
105,1,37.327581977626316,32.50235781585885,-0.1712969490845168,,,-8.532881469934246,-6.811943163428431
105,2,40.931329180766966,34.38843704509797,-0.1712969490845168,3.6037472031406494,1.8860792292391224,-4.9291342667935965,-4.925863934189309
105,3,44.60097422308138,40.80453554765876,-0.1712969490845168,3.6696450423144142,6.416098502560786,-1.2594892244791822,1.490234568371477
105,4,49.98676811460063,42.52074363199041,-0.1712969490845168,5.385793891519249,1.7162080843316545,4.126304667040067,3.2064426527031316
105,5,52.20960354899493,38.634700417586345,-0.1712969490845168,2.222835434394298,-3.8860432144040686,6.349140101434365,-0.6796005617009371
105,6,50.10652364029314,47.03503141753134,-0.1712969490845168,-2.103079908701787,8.400330999944998,4.246060192732578,7.720730438244061
106,1,24.75279274990858,29.468976608947088,-0.7467606945964103,,,-0.935479936362352,5.476165897803167
106,2,27.684721736724043,23.18294330869638,-0.7467606945964103,2.931928986815464,-6.286033300250708,1.996449050453112,-0.8098674024475407
106,3,30.99323468386261,23.78994602226208,-0.7467606945964103,3.308512947138567,0.6070027135656986,5.304961997591679,-0.20286468888184217
106,4,28.747724927028035,26.102949218743312,-0.7467606945964103,-2.2455097568345757,2.313003196481233,3.0594522407571034,2.110138507599391
106,5,24.29754349770627,22.75803130667582,-0.7467606945964103,-4.450181429321766,-3.3449179120674906,-1.3907291885646629,-1.2347794044680995
106,6,17.65361852239604,18.65401780153886,-0.7467606945964103,-6.643924975310227,-4.104013505136962,-8.03465416387489,-5.338792909605061
107,1,34.21446598845017,28.086841436316057,-0.7293154303385894,,,-2.694528471213168,-1.944309358091978
107,2,33.70793586482001,29.5489812376319,-0.7293154303385894,-0.5065301236301636,1.4621398013158426,-3.2010585948433317,-0.48216955677613527
107,3,35.23337979268315,32.628871438151286,-0.7293154303385894,1.5254439278631438,3.0798902005193867,-1.675614666980188,2.5977206437432514
107,4,37.20791461765406,28.399549552831978,-0.7293154303385894,1.9745348249709096,-4.229321885319308,0.2989201579907217,-1.6316012415760568
107,5,38.60368852091663,26.64436180401633,-0.7293154303385894,1.3957739032625653,-1.755187748815647,1.694694061253287,-3.386788990391704
107,6,42.486581973456,34.87829929750067,-0.7293154303385894,3.8828934525393706,8.233937493484337,5.577587513792658,4.847148503092633
108,1,30.533294304809385,33.44813095433639,0.8481837643414581,,,1.3594525418617138,-0.5194209276374337
108,2,31.04373559004296,37.062616466563604,0.8481837643414581,0.5104412852335756,3.614485512227212,1.8698938270952894,3.095064584589778
108,3,27.10932371650623,33.68286965139486,0.8481837643414581,-3.9344118735367317,-3.379746815168744,-2.0645180464414423,-0.2846822305789658
108,4,25.477909488472754,29.669280614856678,0.8481837643414581,-1.6314142280334742,-4.013589036538182,-3.6959322744749166,-4.298271267117148
108,5,28.59111035348371,33.5620955485912,0.8481837643414581,3.113200865010956,3.892814933734524,-0.5827314094639604,-0.40545633338262377
108,6,32.28767712437099,36.380318056100236,0.8481837643414581,3.6965667708872765,2.8182225075090344,3.113835361423316,2.4127661741264106
109,1,44.28287481473035,50.88557568254364,1.643792644545345,,,-0.6385470770809505,2.8355160969690587
109,2,44.66440543750733,46.91523231630585,1.643792644545345,0.38153062277697813,-3.970343366237792,-0.25701645430397235,-1.1348272692687331
109,3,42.10455090526378,48.643796149244096,1.643792644545345,-2.5598545322435484,1.7285638329382493,-2.8168709865475208,0.5937365636695162
109,4,47.5887326520494,46.616781643675225,1.643792644545345,5.484181746785623,-2.0270145055688715,2.6673107602381023,-1.4332779418993553
109,5,46.944254543979106,48.04702647026574,1.643792644545345,-0.6444781080702953,1.430244826590517,2.022832652167807,-0.003033115308838319
109,6,43.943712997337826,47.191945251412925,1.643792644545345,-3.00054154664128,-0.855081218852817,-0.9777088944734729,-0.8581143341616553
110,1,39.56812955278017,33.08628202230262,-0.017755193897652687,,,-4.446300791184136,-5.94362885997711
110,2,43.49183440479197,40.990618239866166,-0.017755193897652687,3.9237048520118023,7.9043362175635465,-0.5225959391723336,1.9607073575864362
110,3,41.0395285975693,35.77864988275783,-0.017755193897652687,-2.4523058072226718,-5.211968357108333,-2.9749017463950054,-3.2512609995218966
110,4,43.40838220205077,37.69134018930793,-0.017755193897652687,2.3688536044814654,1.9126903065500969,-0.60604814191354,-1.3385706929717998
110,5,48.20996306716446,44.092028397235694,-0.017755193897652687,4.801580865113692,6.4006882079277645,4.195532723200152,5.062117514955965
110,6,48.36874423942915,42.54054656220815,-0.017755193897652687,0.15878117226468902,-1.5514818350275448,4.354313895464841,3.51063567992842
111,1,39.766237905105385,34.27439474395806,0.18138030845426129,,,5.281435607033288,1.4160078170358759
111,2,34.75609256363141,33.54453009545146,0.18138030845426129,-5.010145341473972,-0.7298646485066058,0.27129026555931546,0.68614316852927
111,3,38.7087521138831,37.02961900384821,0.18138030845426129,3.9526595502516884,3.4850889083967544,4.223949815811004,4.1712320769260245
111,4,31.706960281502724,29.3225962433125,0.18138030845426129,-7.001791832380377,-7.707022760535711,-2.777842016569373,-3.5357906836096866
111,5,31.132524846047836,30.40130635543094,0.18138030845426129,-0.5744354354548875,1.07871011211844,-3.3522774520242606,-2.4570805714912467
111,6,30.838246078262117,32.57787511953195,0.18138030845426129,-0.2942787677857197,2.176568764101013,-3.6465562198099803,-0.2805118073902335
112,1,31.07990895775444,28.18515126279589,-0.31934525020678134,,,1.2479391094228731,0.0797774349732876
112,2,30.093247067283947,30.899341680453084,-0.31934525020678134,-0.9866618904704936,2.7141904176571927,0.26127721895237954,2.7939678526304803
112,3,27.52557157995522,28.007672690983792,-0.31934525020678134,-2.567675487328728,-2.8916689894692915,-2.3063982683763484,-0.09770113683881121
112,4,28.923591086893385,26.994149129444043,-0.31934525020678134,1.3980195069381658,-1.013523561539749,-0.9083787614381826,-1.1112246983785603
112,5,29.49331347547324,27.758241014451144,-0.31934525020678134,0.569722388579855,0.764091885007101,-0.3386563728583276,-0.3471328133714593
112,6,31.87618692262917,26.787687188807674,-0.31934525020678134,2.38287344715593,-0.9705538256434707,2.0442170742976025,-1.31768663901493
113,1,36.55102390023091,31.038196164247026,0.32415697523344805,,,6.315942001719247,0.0038469928889099947
113,2,37.27993569613325,37.36072648263761,0.32415697523344805,0.7289117959023415,6.322530318390584,7.044853797621588,6.326377311279494
113,3,31.13740851095012,35.86057107276574,0.32415697523344805,-6.1425271851831305,-1.5001554098718728,0.9023266124384577,4.826221901407621
113,4,26.542065250678792,32.936903549647205,0.32415697523344805,-4.595343260271328,-2.9236675231185316,-3.69301664783287,1.9025543782890892
113,5,23.903848626076474,25.175654305663144,0.32415697523344805,-2.638216624602318,-7.761249243984061,-6.331233272435188,-5.8586948656949716
113,6,25.99620940700041,23.83404345318798,0.32415697523344805,2.0923607809239364,-1.3416108524751635,-4.238872491511252,-7.200305718170135
114,1,32.497747752063,24.558263048487458,-1.0404612934947937,,,7.489663198966017,4.206753629877312
114,2,28.461932291759684,25.004064286394215,-1.0404612934947937,-4.035815460303315,0.44580123790675685,3.4538477386627022,4.652554867784069
114,3,21.082422254472668,20.28338284201686,-1.0404612934947937,-7.379510037287016,-4.720681444377355,-3.9256622986243137,-0.06812657659328636
114,4,19.314580623721717,15.906639914199518,-1.0404612934947937,-1.7678416307509508,-4.376742927817341,-5.6935039293752645,-4.444869504410628
114,5,25.51349432912762,19.616750131816445,-1.0404612934947937,6.198913705405904,3.7101102176169274,0.5054097760306391,-0.7347592867937003
114,6,23.17833006743722,16.739956288746367,-1.0404612934947937,-2.3351642616904016,-2.876793843070079,-1.8297544856597625,-3.611553129863779
115,1,26.30745014208064,19.829883032420025,-1.3685799655220194,,,-1.0662166219098133,-2.2786932311313493
115,2,27.81960841884843,21.398632662338567,-1.3685799655220194,1.5121582767677886,1.5687496299185426,0.4459416548579753,-0.7099436012128066
115,3,28.53530854318487,27.17219219340471,-1.3685799655220194,0.7157001243364398,5.7735595310661445,1.1616417791944151,5.063615929853338
115,4,24.682256534676995,21.59303676323487,-1.3685799655220194,-3.8530520085078734,-5.579155430169841,-2.6914102293134583,-0.5155395003165033
115,5,29.802901572380286,20.96597029409825,-1.3685799655220194,5.120645037703291,-0.6270664691366221,2.4292348083898325,-1.1426059694531254
115,6,27.0944753727715,21.69174263581183,-1.3685799655220194,-2.708426199608784,0.7257723417135828,-0.2791913912189514,-0.4168336277395426
116,1,38.57872621654586,39.06933107783626,0.35353975806319715,,,9.70694533721354,8.843153726398196
116,2,32.55955419687739,33.14740216295452,0.35353975806319715,-6.019172019668467,-5.92192891488174,3.687773317545073,2.9212248115164563
116,3,31.25593808512247,29.824860540660037,0.35353975806319715,-1.3036161117549234,-3.3225416222944837,2.3841572057901494,-0.4013168107780274
116,4,27.71746452066016,28.29431023190331,0.35353975806319715,-3.5384735644623078,-1.5305503087567267,-1.1543163586721583,-1.931867119534754
116,5,23.570495560269197,23.304020181147074,0.35353975806319715,-4.146968960390964,-4.990290050756236,-5.301285319063123,-6.9221571702909905
116,6,19.54850669651883,27.717139914127173,0.35353975806319715,-4.021988863750366,4.4131197329801,-9.323274182813488,-2.509037437310891
117,1,31.426295681372363,28.91472920117144,-0.3913232431331824,,,11.091182258483144,8.326020852378623
117,2,25.44448164775734,20.131167071989914,-0.3913232431331824,-5.981814033615024,-8.783562129181526,5.1093682248681205,-0.45754127680290324
117,3,18.488658819036676,19.321736616233306,-0.3913232431331824,-6.955822828720663,-0.8094304557566083,-1.8464546038525427,-1.2669717325595116
117,4,19.449611560025424,22.421318024247377,-0.3913232431331824,0.9609527409887484,3.099581408014071,-0.8855018628637943,1.8326096754545596
117,5,14.21360263249364,17.466254248349443,-0.3913232431331824,-5.236008927531785,-4.9550637758979335,-6.121510790395579,-3.122454100443374
117,6,12.988030196649863,15.27704493076541,-0.3913232431331824,-1.2255724358437767,-2.1892093175840337,-7.347083226239356,-5.311663418027408
118,1,36.39925454861177,32.2278277611213,-0.41594463700695244,,,1.4759581196899845,1.9253178482147923
118,2,37.07955225093673,34.30532948304692,-0.41594463700695244,0.6802977023249568,2.0775017219256213,2.1562558220149413,4.002819570140414
118,3,34.505433994235304,32.165623665567814,-0.41594463700695244,-2.574118256701425,-2.139705817479104,-0.41786243468648365,1.8631137526613095
118,4,34.14179806545145,32.000861234503546,-0.41594463700695244,-0.3636359287838573,-0.16476243106426836,-0.781498363470341,1.6983513215970412
118,5,34.75316220738928,28.236435216125912,-0.41594463700695244,0.611364141937834,-3.764426018377634,-0.170134221532507,-2.0660746967805927
118,6,32.660577506906186,22.87898211707356,-0.41594463700695244,-2.092584700483094,-5.3574530990523535,-2.262718922015601,-7.423527795832946
119,1,34.947077312228146,41.981931536924364,0.2109772991485089,,,-0.3286379419406984,6.034506717177017
119,2,38.226912320986465,33.58857087539117,0.2109772991485089,3.279835008758319,-8.393360661533194,2.9511970668176204,-2.358853944356177
119,3,34.1193095726882,35.02221293074478,0.2109772991485089,-4.107602748298262,1.4336420553536087,-1.156405681480642,-0.9252118890025685
119,4,33.66030274230244,31.430451770691203,0.2109772991485089,-0.4590068303857606,-3.5917611600535757,-1.6154125118664027,-4.516973049056144
119,5,35.69502998523344,38.5130551022449,0.2109772991485089,2.034727242930998,7.082603331553695,0.4193147310645955,2.565630282497551
119,6,35.005659591574364,35.148326702487665,0.2109772991485089,-0.6893703936590754,-3.364728399757233,-0.2700556625944799,-0.7990981172596818
120,1,34.34155230246935,28.65681099986321,-1.4312556131050365,,,-9.33650964835764,-1.6910887755504014
120,2,37.275177671708825,20.52636533162012,-1.4312556131050365,2.933625369239472,-8.130445668243091,-6.402884279118169,-9.821534443793492
120,3,40.54797338004676,27.63634961082368,-1.4312556131050365,3.272795708337938,7.109984279203559,-3.130088570780231,-2.7115501645899336
120,4,45.34437541449699,36.54199053799491,-1.4312556131050365,4.7964020344502245,8.905640927171234,1.6663134636699937,6.1940907625813
120,5,50.72302570168449,31.299835417934197,-1.4312556131050365,5.378650287187504,-5.2421551200607155,7.044963750857498,0.9519356425205849
120,6,53.83626723455558,37.42604675424557,-1.4312556131050365,3.1132415328710863,6.126211336311371,10.158205283728584,7.078146978831956
121,1,48.83006439119512,50.96135305776035,1.0217484341589642,,,2.3453942861308974,5.876892132410276
121,2,44.90549330172244,42.81451181814938,1.0217484341589642,-3.9245710894726855,-8.146841239610971,-1.5791768033417881,-2.269949107200695
121,3,47.88221925899433,45.28644315204205,1.0217484341589642,2.9767259572718956,2.4719313338926696,1.3975491539301075,0.20198222669197463
121,4,40.81478243452763,42.40678764853135,1.0217484341589642,-7.067436824466704,-2.8796555035106977,-5.669887670536596,-2.677673276818723
121,5,46.13577178349113,40.75533436087656,1.0217484341589642,5.320989348963501,-1.651453287654789,-0.3488983215730954,-4.329126564473512
121,6,50.33968946045469,48.28233551474076,1.0217484341589642,4.203917676963563,7.527001153864198,3.8550193553904677,3.197874589390686
122,1,28.24097582455813,27.418723274510636,-0.8127376251276226,,,2.83253928846986,3.9597540862867717
122,2,27.891185638976644,26.030385734106343,-0.8127376251276226,-0.34979018558148667,-1.3883375404042937,2.4827491028883735,2.571416545882478
122,3,27.26656310769956,22.225981289476458,-0.8127376251276226,-0.6246225312770832,-3.804404444629885,1.8581265716112902,-1.2329878987474068
122,4,21.78776125488942,20.113296707125627,-0.8127376251276226,-5.47880185281014,-2.1126845823508305,-3.6206752811988494,-3.3456724810982372
122,5,21.628229600127302,21.84801579088888,-0.8127376251276226,-0.1595316547621195,1.7347190837632525,-3.780206935960969,-1.6109533973349848
122,6,25.635903790278547,23.117412333235237,-0.8127376251276226,4.007674190151246,1.2693965423463567,0.2274672541902767,-0.3415568549886281
123,1,42.15761726487984,39.81505504169296,0.49482784630779236,,,-4.181478173612675,-2.9836134231590705
123,2,45.75001583592446,45.579076932428706,0.49482784630779236,3.592398571044619,5.764021890735748,-0.5890796025680558,2.7804084675766774
123,3,44.75338279271213,36.10930258253144,0.49482784630779236,-0.9966330432123272,-9.469774349897264,-1.585712645780383,-6.689365882320587
123,4,49.79251312960639,48.388900323756324,0.49482784630779236,5.03913033689426,12.279597741224883,3.453417691113877,5.590231858904296
123,5,46.023773351931965,48.973450677020246,0.49482784630779236,-3.7687397776744263,0.5845503532639214,-0.31532208656054905,6.174782212168218
123,6,49.55727025590029,37.92622523168247,0.49482784630779236,3.5334969039683273,-11.047225445337773,3.218174817407778,-4.872443233169555
124,1,16.96769168992104,16.556121272578416,-1.7718403930426112,,,-0.9006231039184058,1.714689230528128
124,2,18.567577989345256,15.09385240965889,-1.7718403930426112,1.5998862994242167,-1.462268862919526,0.6992631955058108,0.2524203676086021
124,3,18.755490620482163,16.858602734377353,-1.7718403930426112,0.18791263113690704,1.764750324718463,0.8871758266427179,2.017170692327065
124,4,15.116971413382213,12.94845763919351,-1.7718403930426112,-3.63851920709995,-3.910145095183843,-2.7513433804572323,-1.8929744028567779
124,5,19.26342019539998,14.504559780817935,-1.7718403930426112,4.146448782017767,1.5561021416244252,1.395105401560535,-0.3368722612323527
124,6,18.53873685450602,13.086998415675625,-1.7718403930426112,-0.7246833408939608,-1.4175613651423102,0.6704220606665743,-1.754433626374663
125,1,23.13613915858079,14.787941229006687,-2.087466901087228,,,1.2055405791117657,1.5774277366244664
125,2,23.380083457737577,14.004416413795424,-2.087466901087228,0.24394429915678728,-0.7835248152112637,1.449484878268553,0.7939029214132027
125,3,23.00799410810054,13.295434556279718,-2.087466901087228,-0.37208934963703655,-0.7089818575157061,1.0773955286315164,0.08492106389749665
125,4,22.698647692991507,14.074145074911483,-2.087466901087228,-0.30934641510903305,0.7787105186317653,0.7680491135224834,0.863631582529262
125,5,18.5919874306726,13.134304690147918,-2.087466901087228,-4.106660262318908,-0.9398403847635652,-3.3386111487964243,-0.07620880223430326
125,6,20.76873962873114,9.966838990152102,-2.087466901087228,2.1767521980585407,-3.167465699995816,-1.1618589507378836,-3.243674502230119
126,1,36.48821296382155,32.86762389059692,0.16650519606658923,,,-1.2325727307546899,-2.54087148272896
126,2,35.237088728444256,31.182109089029307,0.16650519606658923,-1.2511242353772971,-1.68551480156761,-2.483696966131987,-4.22638628429657
126,3,35.993075009025745,37.80889042996844,0.16650519606658923,0.7559862805814888,6.626781340939136,-1.7277106855504982,2.400395056642566
126,4,38.66782613235259,35.68124345501942,0.16650519606658923,2.6747511233268426,-2.127646974949023,0.9470404377763444,0.2727480816935426
126,5,40.41857630239331,34.893110090308234,0.16650519606658923,1.7507501700407246,-0.7881333647111859,2.697790607817069,-0.5153852830176433
126,6,39.51993503142,40.01799528503293,0.16650519606658923,-0.8986412709733145,5.124885194724698,1.7991493368437546,4.609499911707054
127,1,34.08915068837593,36.550381999516894,0.755593660471553,,,0.8272299640662197,2.3188700134921305
127,2,32.20243992647394,29.893533908055524,0.755593660471553,-1.8867107619019876,-6.65684809146137,-1.0594807978357679,-4.33797807796924
127,3,33.68865611176393,37.79763197318369,0.755593660471553,1.4862161852899902,7.904098065128167,0.42673538745422235,3.5661199871589275
127,4,34.87229142984469,29.974308865545446,0.755593660471553,1.1836353180807535,-7.823323107638245,1.6103707055349759,-4.257203120479318
127,5,33.38728181192327,40.86754811709167,0.755593660471553,-1.4850096179214134,10.893239251546227,0.12536108761356246,6.636036131066909
127,6,31.331704377476523,30.30566705275534,0.755593660471553,-2.05557743444675,-10.561881064336333,-1.9302163468331877,-3.925844933269424
128,1,44.452382009628884,49.71194720973117,1.285318619853832,,,1.6329166192124234,4.305438357423476
128,2,38.988846039898895,42.32885544801405,1.285318619853832,-5.463535969729989,-7.383091761717118,-3.8306193505175656,-3.077653404293642
128,3,40.34297385784487,41.318945081297095,1.285318619853832,1.3541278179459724,-1.0099103667169587,-2.4764915325715933,-4.0875637710106005
128,4,42.8784264099684,40.58387057702843,1.285318619853832,2.5354525521235303,-0.7350745042686668,0.058961019551937,-4.822638275279267
128,5,43.012119281883145,47.80127206215332,1.285318619853832,0.13369287191474655,7.2174014851248955,0.19265389146668355,2.394763209845628
128,6,47.24204474327458,50.694162735622115,1.285318619853832,4.2299254613914385,2.8928906734687914,4.422579352858122,5.2876538833144195
129,1,38.138457550527036,34.87837992227019,-0.20815189851736057,,,1.9716477201037392,1.3416819966534703
129,2,38.760584867930454,37.01190873984321,-0.20815189851736057,0.6221273174034181,2.1335288175730156,2.5937750375071573,3.475210814226486
129,3,36.85645971031539,33.81922633186306,-0.20815189851736057,-1.9041251576150628,-3.1926824079801506,0.6896498798920945,0.28252840624633535
129,4,38.29200300842747,30.391621142354293,-0.20815189851736057,1.43554329811208,-3.427605189508764,2.1251931780041744,-3.1450767832624287
129,5,35.39242507701013,33.91773715792837,-0.20815189851736057,-2.8995779314173404,3.526116015574079,-0.774384753413166,0.38103923231165027
129,6,29.560928768329312,31.20131425944122,-0.20815189851736057,-5.831496308680819,-2.716422898487153,-6.605881062093985,-2.3353836661755025
130,1,32.87218028547707,34.1101725799855,-0.0017297511053410701,,,-1.5520421292419897,-0.030078283683465656
130,2,30.23742920063928,31.76495418022435,-0.0017297511053410701,-2.6347510848377915,-2.3452183997611513,-4.186793214079781,-2.375296683444617
130,3,34.47754626683694,36.95038931381315,-0.0017297511053410701,4.240117066197659,5.185435133588797,0.05332385211787738,2.81013845014418
130,4,34.39352080782802,36.66142877227362,-0.0017297511053410701,-0.08402545900892022,-0.2889605415395309,-0.030701606891042843,2.521177908604649
130,5,38.83014134754621,34.94173541056789,-0.0017297511053410701,4.4366205397181915,-1.7196933617057297,4.405918932827149,0.8014845468989193
130,6,35.734516579986845,30.412824925149298,-0.0017297511053410701,-3.0956247675593644,-4.528910485418589,1.3102941652677842,-3.7274259385196693
131,1,34.347056989249104,34.89832642492353,0.25828863977582056,,,3.5192780383379976,5.725525855484385
131,2,31.435406885476468,26.249060949222354,0.25828863977582056,-2.9116501037726366,-8.649265475701178,0.607627934565361,-2.923739620216793
131,3,31.258654153249612,29.216504313003444,0.25828863977582056,-0.1767527322268556,2.96744336378109,0.4308752023385054,0.04370374356429707
131,4,31.30097587992743,28.639141455475805,0.25828863977582056,0.04232172667781953,-0.577362857527639,0.47319692901632493,-0.533659113963342
131,5,30.722319883793066,31.2929811051581,0.25828863977582056,-0.5786559961343656,2.6538396496822934,-0.10545906711804065,2.1201805357189514
131,6,25.902259913770962,24.74078916885166,0.25828863977582056,-4.820059970022104,-6.552191936306439,-4.925519037140145,-4.432011400587488
132,1,29.257299941059838,26.152062154485346,-0.2557421938111535,,,0.8894069832338545,-0.7475803443047688
132,2,24.91413529002283,21.912996577937342,-0.2557421938111535,-4.343164651037007,-4.239065576548004,-3.4537576678031527,-4.986645920852773
132,3,24.493403846624826,24.16032117504951,-0.2557421938111535,-0.4207314433980045,2.2473245971121685,-3.8744891112011572,-2.7393213237406044
132,4,30.639532498327213,26.28674229295965,-0.2557421938111535,6.146128651702387,2.126421117910141,2.27163954050123,-0.6129002058304636
132,5,30.2212321997166,28.479672364641218,-0.2557421938111535,-0.4183002986106139,2.192930071681566,1.853339241890616,1.5800298658511025
132,6,30.681753971204596,34.40606042766764,-0.2557421938111535,0.460521771487997,5.9263880630264225,2.313861013378613,7.506417928877525
133,1,27.640617386134462,26.529872450765925,-0.43703061372646135,,,2.340641018914326,0.7368154428918245
133,2,26.74391277928939,26.175319597930972,-0.43703061372646135,-0.8967046068450735,-0.35455285283495286,1.4439364120692524,0.3822625900568717
133,3,24.98286702285918,23.221348652076884,-0.43703061372646135,-1.7610457564302102,-2.9539709458540884,-0.31710934436095783,-2.5717083557972167
133,4,26.517357444811648,27.192078093980545,-0.43703061372646135,1.5344904219524693,3.9707294419036607,1.2173810775915115,1.399021086106444
133,5,23.152049822047918,24.693274703549132,-0.43703061372646135,-3.36530762276373,-2.498803390431412,-2.1479265451722185,-1.0997823043249682
133,6,22.7630537481782,26.946448548941163,-0.43703061372646135,-0.38899607386971624,2.2531738453920305,-2.5369226190419347,1.1533915410670623
134,1,41.036836804272,43.678376161311704,1.401341228676876,,,0.34601422360058365,-0.13194071666796248
134,2,41.778050655010105,49.00177183616979,1.401341228676876,0.7412138507381059,5.323395674858084,1.0872280743386895,5.191454958190121
134,3,40.32153026311855,46.542957070651866,1.401341228676876,-1.4565203918915586,-2.4588147655179213,-0.36929231755286906,2.7326401926722
134,4,42.24357077831422,40.37964510091088,1.401341228676876,1.9220405151956754,-6.163311969740988,1.5527481976428064,-3.4306717770687882
134,5,41.535990152490186,43.41314991143138,1.401341228676876,-0.7075806258240362,3.0335048105205047,0.8451675718187701,-0.39716696654828354
134,6,37.22895683082344,39.84600118740237,1.401341228676876,-4.307033321666744,-3.5671487240290105,-3.4618657498479735,-3.964315690577294
135,1,41.210837017346655,42.77877155701852,1.0305221236017954,,,-3.7603786097061374,-0.989880493149407
135,2,45.44450666874948,42.156195067142505,1.0305221236017954,4.233669651402828,-0.6225764898760175,0.47329104169669023,-1.6124569830254245
135,3,44.97833611255373,46.8822370903518,1.0305221236017954,-0.4661705561957561,4.7260420232092955,0.007120485500934137,3.113585040183871
135,4,43.81116113534335,40.299460262762445,1.0305221236017954,-1.1671749772103794,-6.582776827589356,-1.1600544917094453,-3.469191787405485
135,5,47.2358701080431,45.70056759753796,1.0305221236017954,3.4247089726997544,5.401107334775517,2.264654480990309,1.931915547370032
135,6,47.14658272028042,44.794680726194365,1.0305221236017954,-0.08928738776268119,-0.905886871343597,2.175367093227628,1.026028676026435
136,1,35.350401005381606,37.40224774070861,0.3114478385253077,,,-1.0101295874334255,0.6571472991394884
136,2,33.79396240883144,39.61487250095332,0.3114478385253077,-1.5564385965501657,2.212624760244708,-2.566568183983591,2.8697720593841964
136,3,32.35268596962979,30.903487811979396,0.3114478385253077,-1.4412764392016513,-8.711384688973922,-4.0078446231852425,-5.841612629589726
136,4,32.82000579178976,33.60747948836405,0.3114478385253077,0.4673198221599719,2.7039916763846534,-3.5405248010252706,-3.1376209532050723
136,5,42.80867172963283,41.30677252010758,0.3114478385253077,9.988665937843066,7.6992930317435295,6.448141136817796,4.561672078538457
136,6,41.03745665162479,37.63574258730177,0.3114478385253077,-1.7712150780080407,-3.6710299328058085,4.676926058809755,0.8906421457326488
137,1,33.28541691953855,34.47118828819795,0.39724964210612956,,,0.7050650723930474,1.088122032589908
137,2,31.62118243786284,31.555932898443885,0.39724964210612956,-1.6642344816757095,-2.9152553897540656,-0.9591694092826621,-1.8271333571641577
137,3,34.68078866850652,37.61786743813184,0.39724964210612956,3.059606230643684,6.061934539687954,2.100436821361022,4.234801182523796
137,4,33.41045552907958,33.26445096502807,0.39724964210612956,-1.2703331394269455,-4.353416473103771,0.8301036819340766,-0.11861529057997444
137,5,29.94893512288798,31.192266475595726,0.39724964210612956,-3.461520406191596,-2.072184489432342,-2.6314167242575195,-2.1907997800123162
137,6,32.53533240499754,32.196691468250805,0.39724964210612956,2.5863972821095587,1.0044249926550783,-0.04501944214796083,-1.186374787357238
138,1,40.681229059144094,28.519172407347234,-0.35562940848341706,,,-2.7520816381359694,-8.50023949463261
138,2,44.39535812080768,41.75596814842726,-0.35562940848341706,3.7141290616635843,13.236795741080023,0.9620474235276149,4.736556246447414
138,3,43.735321445217494,34.300680741400605,-0.35562940848341706,-0.6600366755901845,-7.455287407026653,0.3020107479374303,-2.718731160579239
138,4,44.01239432072952,37.527722547087514,-0.35562940848341706,0.277072875512026,3.227041805686909,0.5790836234494563,0.5083106451076702
138,5,43.536722534986176,40.604246633491314,-0.35562940848341706,-0.47567178574334434,3.0765240864038006,0.10341183770611195,3.584834731511471
138,6,44.238838702795405,39.40868093412512,-0.35562940848341706,0.7021161678092298,-1.1955656993661918,0.8055280055153418,2.389269032145279
139,1,26.23555357102165,24.279892422980488,-1.3843956579680459,,,-0.015183426895468699,2.4563718386228537
139,2,24.498475826870962,20.430482507127984,-1.3843956579680459,-1.7370777441506888,-3.8494099158525046,-1.7522611710461575,-1.393038077229651
139,3,30.533146764237493,23.92678534078114,-1.3843956579680459,6.034670937366531,3.496302833653157,4.282409766320374,2.1032647564235063
139,4,29.379081879439447,19.954720394573727,-1.3843956579680459,-1.1540648847980464,-3.9720649462074142,3.1283448815223274,-1.868800189783908
139,5,24.884865059313313,22.150079042758545,-1.3843956579680459,-4.494216820126134,2.1953586481848184,-1.3658719386038065,0.32655845840091047
139,6,21.97329888661985,20.19916379792392,-1.3843956579680459,-2.911566172693462,-1.9509152448346256,-4.277438111297268,-1.6243567864337152
140,1,42.23377192201703,40.245053525865806,0.6631797565777052,,,4.466641153890862,1.381093615690105
140,2,39.39388714362741,42.7312516707288,0.6631797565777052,-2.8398847783896173,2.486198144862996,1.6267563755012446,3.867291760553101
140,3,38.52553853144742,42.20758067958101,0.6631797565777052,-0.868348612179993,-0.5236709911477959,0.7584077633212516,3.3436207694053053
140,4,36.551269827996485,41.18767344204405,0.6631797565777052,-1.9742687034509316,-1.0199072375369553,-1.21586094012968,2.32371353186835
140,5,37.05396321581275,38.02915746060099,0.6631797565777052,0.5026933878162652,-3.1585159814430597,-0.7131675523134149,-0.8348024495747097
140,6,32.8443539678559,28.78304268223355,0.6631797565777052,-4.209609247956848,-9.246114778367442,-4.922776800270263,-10.080917227942152
141,1,20.32691128816577,19.853560567129957,-1.6761218741189738,,,1.4347385287694294,3.9502720169838916
141,2,16.80699394315583,15.744096746995123,-1.6761218741189738,-3.51991734500994,-4.109463820134835,-2.0851788162405107,-0.15919180315094295
141,3,18.470466998997157,11.165722621648733,-1.6761218741189738,1.663473055841326,-4.578374125346389,-0.4217057603991847,-4.737565928497332
141,4,20.771909477164563,15.905830536441067,-1.6761218741189738,2.301442478167406,4.740107914792334,1.8797367177682212,0.002541986295002019
141,5,18.91016513171761,16.18346171791406,-1.6761218741189738,-1.8617443454469544,0.2776311814729926,0.017992372321266714,0.2801731677679946
141,6,18.066589717177106,16.567059110747447,-1.6761218741189738,-0.8435754145405028,0.3835973928333871,-0.8255830422192361,0.6637705606013817
142,1,35.75121066616796,38.60270847773042,0.4638241785695021,,,-1.3590346063365573,-0.16299038831834878
142,2,34.716344561786876,38.06657812765569,0.4638241785695021,-1.0348661043810807,-0.5361303500747283,-2.393900710717638,-0.6991207383930771
142,3,36.61452479509799,37.70118818784819,0.4638241785695021,1.8981802333111162,-0.3653899398074998,-0.4957204774065218,-1.0645106782005769
142,4,36.85913335584267,37.53604937357804,0.4638241785695021,0.2446085607446804,-0.16513881427015065,-0.2511119166618414,-1.2296494924707275
142,5,38.7452894656912,38.46246262663855,0.4638241785695021,1.8861561098485282,0.9264132530605096,1.6350441931866868,-0.30323623941021793
142,6,39.97496879044039,42.22520640284171,0.4638241785695021,1.229679324749192,3.762743776203159,2.8647235179358788,3.459507536792941
143,1,30.1273430219824,23.56003614638094,-1.0452247163116148,,,3.25916506484635,0.46257782999135344
143,2,29.226423888385547,24.748973181881688,-1.0452247163116148,-0.9009191335968545,1.1889370355007465,2.3582459312494954,1.6515148654921
143,3,26.17857465176755,22.737659458825362,-1.0452247163116148,-3.0478492366179957,-2.0113137230563254,-0.6896033053685002,-0.35979885756422547
143,4,25.2511773684527,20.304553573972214,-1.0452247163116148,-0.9273972833148498,-2.4331058848531484,-1.61700058868335,-2.792904742417374
143,5,24.150767537423576,23.661763255061853,-1.0452247163116148,-1.1004098310291255,3.357209681089639,-2.7174104197124755,0.5643049386722652
143,6,26.27478127480453,23.571764282215455,-1.0452247163116148,2.1240137373809524,-0.08999897284639857,-0.5933966823315231,0.4743059658258666
144,1,33.456088576562784,35.48868046864849,0.39075571587673535,,,9.309254715291324,6.75715158374555
144,2,28.31824195769059,26.14814574659996,0.39075571587673535,-5.137846618872196,-9.340534722048531,4.171408096419128,-2.583383138302981
144,3,22.763799250434385,29.5576981601208,0.39075571587673535,-5.554442707256204,3.409552413520842,-1.3830346108370755,0.8261692752178611
144,4,19.471086503726152,29.42111935623871,0.39075571587673535,-3.292712746708233,-0.13657880388209165,-4.675747357545308,0.6895904713357695
144,5,22.406705976122293,28.472860100864544,0.39075571587673535,2.935619472396141,-0.9482592553741647,-1.7401278851491675,-0.2586687840383952
144,6,18.465080903092563,23.300669476945124,0.39075571587673535,-3.94162507302973,-5.17219062391942,-5.6817529581788975,-5.430859407957815
145,1,32.6393341962941,25.267430311409118,-0.25360224111675095,,,-7.692735796223857,-8.60113184630028
145,2,37.915487849175115,33.34810156945527,-0.25360224111675095,5.276153652881014,8.080671258046149,-2.4165821433428434,-0.5204605882541316
145,3,41.4691626956124,31.97322554082903,-0.25360224111675095,3.553674846437282,-1.374876028626236,1.1370927030944387,-1.8953366168803676
145,4,47.38693141401373,41.634447696150225,-0.25360224111675095,5.917768718401334,9.661222155321195,7.054861421495772,7.765885538440827
145,5,43.35621078032358,40.524760998671255,-0.25360224111675095,-4.0307206336901515,-1.1096866974789705,3.024140787805621,6.656198840961856
145,6,39.22529301968882,30.463406829741487,-0.25360224111675095,-4.130917760634759,-10.061354168929768,-1.1067769728291381,-3.405155327967911
146,1,38.315316701159354,33.951024485188505,-0.08058845469785605,,,2.402034360948697,-0.7348393466318726
146,2,32.58055349064775,29.17317928027641,-0.08058845469785605,-5.734763210511602,-4.777845204912094,-3.332728849562905,-5.512684551543966
146,3,32.22468076240703,26.713920120645987,-0.08058845469785605,-0.355872728240719,-2.459259159630424,-3.688601577803624,-7.97194371117439
146,4,33.64046880697804,40.21552558042258,-0.08058845469785605,1.4157880445710092,13.501605459776592,-2.2728135332326147,5.5296617486022015
146,5,35.549595748938934,41.10533233679929,-0.08058845469785605,1.909126941960892,0.8898067563767142,-0.36368659127172265,6.419468504978916
146,6,43.169078531132826,36.956201187589464,-0.08058845469785605,7.6194827821938915,-4.149131149209829,7.255796190922169,2.2703373557690867
147,1,41.70163097175004,34.02146644674628,0.9730554859009545,,,-4.0627003573707015,-7.774856509181035
147,2,39.11395407942989,37.01371875189311,0.9730554859009545,-2.587676892320154,2.9922523051468275,-6.650377249690855,-4.782604204034207
147,3,43.2348416977185,42.62072852810279,0.9730554859009545,4.120887618288613,5.607009776209679,-2.5294896314022424,0.824405572175472
147,4,48.13215143407603,49.191520120589196,0.9730554859009545,4.897309736357528,6.570791592486408,2.3678201049552854,7.39519716466188
147,5,49.751480039896094,43.843348914570406,0.9730554859009545,1.6193286058200655,-5.34817120601879,3.987148710775351,2.04702595864309
147,6,52.651929751853885,44.08715497366212,0.9730554859009545,2.9004497119577906,0.2438060590917175,6.8875984227331415,2.2908320177348074
148,1,37.38764951848152,41.22720094963029,0.6467829854754311,,,5.369563416838545,5.45844904994253
148,2,33.885688491744766,32.92163457253893,0.6467829854754311,-3.501961026736751,-8.30556637709136,1.8676023901017942,-2.8471173271488297
148,3,30.27274036914814,33.00040800059632,0.6467829854754311,-3.6129481225966273,0.07877342805739573,-1.7453457324948332,-2.768343899091434
148,4,29.86604463680813,36.134405527822835,0.6467829854754311,-0.4066957323400082,3.133997527226512,-2.1520414648348414,0.3656536281350782
148,5,31.030151115501262,35.705683928697496,0.6467829854754311,1.1641064786931317,-0.428721599125339,-0.9879349861417097,-0.06306797099026085
148,6,29.666242478174,35.62317841884068,0.6467829854754311,-1.3639086373272633,-0.0825055098568157,-2.351843623468973,-0.14557348084707655
149,1,34.424244238053966,34.03187255531668,0.6179790003797228,,,2.8669367031253117,0.875572656422797
149,2,35.496969996818365,36.21300291191798,0.6179790003797228,1.072725758764399,2.181130356601301,3.9396624618897107,3.056703013024098
149,3,35.548554184774495,35.324038522573815,0.6179790003797228,0.051584187956130734,-0.8889643893441672,3.9912466498458414,2.1677386236799308
149,4,30.79732907930029,35.39882364141136,0.6179790003797228,-4.751225105474205,0.07478511883754635,-0.7599784556283637,2.242523742517477
149,5,26.879406170005865,25.210450221503727,0.6179790003797228,-3.9179229092944254,-10.188373419907634,-4.677901364922789,-7.945849677390157
149,6,26.197341540618936,32.759611540639746,0.6179790003797228,-0.6820646293869288,7.549161319136019,-5.359965994309718,-0.3966883582541385
150,1,28.778803442191467,20.66690535583214,-1.351504675837049,,,-0.7804440285757188,-1.400843181570977
150,2,27.91928335436333,20.32874305667375,-1.351504675837049,-0.8595200878281375,-0.33816229915838747,-1.6399641164038563,-1.7390054807293645
150,3,28.90797382220797,21.594845485507705,-1.351504675837049,0.9886904678446413,1.2661024288339533,-0.651273648559215,-0.47290305189541115
150,4,32.548802236368886,22.425216353828212,-1.351504675837049,3.6408284141609144,0.8303708683205073,2.9895547656016994,0.3574678164250962
150,5,30.65293255454651,22.9866345875018,-1.351504675837049,-1.8958696818223757,0.5614182336735887,1.0936850837793237,0.9188860500986848
150,6,28.54768941492494,24.40414638507508,-1.351504675837049,-2.105243139621571,1.4175117975732796,-1.0115580558422472,2.3363978476719645
