employee_id,motivation_score,education_years,selection_probability,treatment,outcome_y0,outcome_y1,individual_treatment_effect,observed_performance
1,-1.790354833532509,12.981986519719257,0.05017191015406033,0,73.06209106771759,74.55559430077207,1.4935032330544877,73.06209106771759
2,0.010027748183977375,13.96326760420505,0.36973764139902615,0,75.39718842666596,79.41122727412353,4.014038847457568,75.39718842666596
3,0.4468513156580284,11.766349087558682,0.41609614127333233,0,69.97174098916024,74.59733283108147,4.625591841921239,69.97174098916024
4,0.6460797038332384,14.350123933876755,0.5802060879472926,0,77.04109984808886,81.9456114334554,4.904511585366533,77.04109984808886
5,0.49357921831590296,12.767396516225496,0.46997553280577226,1,70.19504271100703,74.88605361664929,4.691010905642264,74.88605361664929
6,-1.147145353880152,10.915231334103408,0.07816857349790983,0,63.652018418823694,66.04601492339148,2.393996504567787,63.652018418823694
7,1.5919832017092899,13.469810098451353,0.7965952088994626,1,85.72658281175076,91.95535929414376,6.228776482393005,91.95535929414376
8,-0.6581857756393987,11.347327933803058,0.14342129954335897,0,65.54481527409985,68.62335518820468,3.0785399141048417,65.54481527409985
9,0.11250992923113513,13.777081473850886,0.39292596256138207,0,72.4083220650691,76.56583596599269,4.157513900923589,72.4083220650691
10,0.019661548138869573,12.400665152310163,0.3161943593375132,0,71.15514721717764,75.18267338457206,4.027526167394417,71.15514721717764
11,-0.9043341759308947,13.091962544819243,0.13995019238852782,0,68.25915358506812,70.99308573876486,2.7339321536967476,68.25915358506812
12,-0.5580818561631959,10.846110366003304,0.14903058156017165,0,70.72734782800386,73.94603322937539,3.2186854013715256,70.72734782800386
13,0.5945310955123723,12.061860985552642,0.47329085532415416,0,81.39743098337206,86.22977451708938,4.832343533717321,81.39743098337206
14,0.7457786381354065,12.39232726421722,0.5336977553473636,1,81.12465772127396,86.16874781466353,5.044090093389569,86.16874781466353
15,-0.586644734670225,10.654496660045654,0.14080905250288592,0,66.03245508551598,69.21115245697766,3.178697371461685,66.03245508551598
16,1.0923628677394062,14.925580684587812,0.7258258246516688,0,86.87525525583814,92.40456327067331,5.529308014835168,86.87525525583814
17,0.11967427258121463,12.620612106307524,0.35180621086612385,1,80.02093342974386,84.18847741135757,4.167543981613701,84.18847741135757
18,1.3893365655144034,13.387275252279732,0.7500042109619165,1,80.27973989366984,86.22481108539,5.945071191720165,86.22481108539
19,-0.46259976709017914,14.082968930474495,0.24880895012689574,0,73.52823379023927,76.88059411631302,3.3523603260737493,73.52823379023927
20,-0.545344988616526,14.543902712551136,0.24330272884366702,0,80.48981011741265,83.72632713334951,3.2365170159368635,80.48981011741265
21,0.3718695391764119,11.706572105196829,0.3912379469052223,1,85.69202137770314,90.21263873255012,4.520617354846976,90.21263873255012
22,-0.4393669766143195,15.18954746221116,0.2892804804164981,0,77.42666071256018,80.81154694530014,3.3848862327399525,77.42666071256018
23,-0.04854637097016923,12.768634887170073,0.310517430192003,1,82.75919287594581,86.69122795658758,3.932035080641763,86.69122795658758
24,0.6635870603131779,15.054565449099975,0.6125904724161142,0,71.7263169837494,76.65533886818785,4.929021884438449,71.7263169837494
25,-0.1594898786537673,12.90577710477325,0.2860925419660583,1,73.16797084141261,76.94468501129734,3.776714169884726,76.94468501129734
26,1.623882993736867,14.89349304240935,0.8365545765238932,1,87.50966027563966,93.78309646687127,6.273436191231614,93.78309646687127
27,-0.6015764950429805,10.834011408864978,0.14203024829251326,0,63.38414443397912,66.54193734091895,3.1577929069398274,63.38414443397912
28,-0.8822057911264265,11.668788463217963,0.11755905301425154,0,66.43325471569098,69.19816660811398,2.7649118924230027,66.43325471569098
29,-0.02581567672415866,12.448950083500572,0.30567078115876223,0,66.5239026435177,70.48776069610388,3.9638580525861777,66.5239026435177
30,0.49721792639721407,13.338312205121916,0.493913390883347,0,80.23403401987113,84.93013911682723,4.696105096956099,80.23403401987113
31,1.7397918911853982,15.215504364442332,0.8616688474346339,1,86.10876821682928,92.54447686448883,6.435708647659558,92.54447686448883
32,-0.932683048188906,10.92033558750279,0.09987626959695023,0,57.74094398201261,60.43518771454814,2.694243732535532,57.74094398201261
33,0.5905432373446899,15.453654071205346,0.6060560177272213,1,83.15500171419622,87.98176224647878,4.826760532282566,87.98176224647878
34,1.2297753070045438,16.009196143344465,0.7889637601234359,0,87.33399844210363,93.05568387190999,5.721685429806361,87.33399844210363
35,-0.11259805767465045,11.533376866307082,0.2543761310265436,0,72.8733909610791,76.71575368033459,3.8423627192554894,72.8733909610791
36,1.4320360097747054,12.622509828552309,0.7368473731860247,0,78.17340039451388,84.17825080819847,6.004850413684587,78.17340039451388
37,0.939740404829075,13.810851313371968,0.6466649875513305,0,80.0797928126289,85.3954293793896,5.315636566760705,80.0797928126289
38,0.9643360828509788,13.79053623647674,0.6529214938566376,1,81.76482960872241,87.11490012471378,5.35007051599137,87.11490012471378
39,-0.7272671318394,12.375976101061223,0.15330284471721256,1,76.33112890795945,79.3129549233843,2.98182601542484,79.3129549233843
40,-1.8014828858033616,12.312560733264204,0.04470888436426789,0,61.71760114322792,63.19552510310321,1.477923959875294,61.71760114322792
41,1.4411356205177386,13.30050415341558,0.759419612805965,1,80.21998987741401,86.23757974613883,6.0175898687248335,86.23757974613883
42,-0.8157804036655958,13.881731830012788,0.17098698505319546,0,70.92610631676001,73.78401375162818,2.857907434868166,70.92610631676001
43,-0.0205356638608104,14.975920196535952,0.3990266585778954,0,81.7284805242388,85.69973059483367,3.9712500705948655,81.7284805242388
44,-0.13228863435616986,14.576838797471183,0.3513599861051777,1,73.19072197906227,77.00551789096363,3.814795911901362,77.00551789096363
45,-1.4585957689281517,12.162726681942964,0.06554610860952571,0,67.42307327489006,69.38103919839065,1.9579659235005877,67.42307327489006
46,-1.1749238627465997,11.167745813052209,0.07857878692418675,0,58.69355062939967,61.04865722155443,2.3551065921547605,58.69355062939967
47,0.2134553070533344,11.7524533271901,0.3468785606970164,0,74.33720416443379,78.63604159430845,4.298837429874668,74.33720416443379
48,0.8118270729642043,12.81530309311375,0.5708285313006867,0,72.96568504792938,78.10224295007927,5.136557902149886,72.96568504792938
49,-2.5033045899843183,10.103835807921477,0.01348611173414996,0,57.249489253769106,57.74486282779106,0.4953735740219547,57.249489253769106
50,1.221710819283339,14.361730485946888,0.73981657135322,0,80.49630520987236,86.20670035686904,5.7103951469966745,80.49630520987236
51,1.396572798633367,15.899647722592585,0.8190107591330728,1,89.76184766954353,95.71704958763024,5.955201918086713,95.71704958763024
52,0.5670688545176367,13.855269943881035,0.5363555413946941,0,76.74952166281389,81.54341805913859,4.7938963963246914,76.74952166281389
53,0.0333262326415324,11.365703479088278,0.28499260503878077,0,68.86728908229003,72.91394580798817,4.046656725698146,68.86728908229003
54,0.17357729880382988,14.147865611992781,0.4257115288285713,1,83.59802885218585,87.8410370705112,4.243008218325362,87.8410370705112
55,-2.764952523133794,9.0,0.008193469256816696,0,55.715569815850145,55.84463628346283,0.12906646761268847,55.715569815850145
56,-0.38749052196392963,11.828442586344563,0.20232719366492236,0,69.00555676115104,72.46307003040154,3.4575132692504984,69.00555676115104
57,-0.48176204456433697,13.166979539423219,0.21831961497186145,0,77.07082911781329,80.39636225542321,3.3255331376099284,77.07082911781329
58,-1.0464071091991274,10.101643736388557,0.07786278759521884,0,59.31754830765362,61.852578354774835,2.5350300471212215,59.31754830765362
59,-0.6186121750726004,11.540138092772354,0.15357362555648388,0,69.62894632654937,72.76288928144773,3.1339429548983597,69.62894632654937
60,-1.4640171811106872,10.750032652164215,0.052649307820484825,0,64.19244978502269,66.14282573146772,1.950375946445038,64.19244978502269
61,0.5375239060632646,14.67905758592967,0.5598501930755083,1,72.94432801826319,77.69686148675176,4.75253346848857,77.69686148675176
62,0.4997791181662405,11.857153011615404,0.43582305261772114,0,76.00632960921176,80.7060203746445,4.699690765432736,76.00632960921176
63,-0.30456567242666,14.065495474220645,0.2869532215844338,0,59.19837061978168,62.77197867838435,3.573608058602676,59.19837061978168
64,0.18221471304948175,15.24341267687094,0.4717088549233,1,80.3958089388065,84.65090953707578,4.255100598269275,84.65090953707578
65,-0.8808106878420066,10.175964043813705,0.09510312887090082,0,55.78363821461018,58.55050325163137,2.7668650370211907,55.78363821461018
66,0.7665256799555902,13.1913425127198,0.5716954476544206,1,81.86945968282363,86.94259563476146,5.073135951937826,86.94259563476146
67,-1.0372563894034548,11.435375866461897,0.0956163053187226,0,68.70109246537137,71.24893352020653,2.547841054835163,68.70109246537137
68,-0.6003246791028559,13.851554404830098,0.21179203494648596,0,70.50010313393517,73.65964858319117,3.159545449256002,70.50010313393517
69,1.0609085697495164,12.843492056019173,0.645906657179015,0,83.050431720201,88.53570371785032,5.485271997649323,83.050431720201
70,-0.3746566608098166,14.059515196004293,0.2691777369030406,1,68.74912279676721,72.22460347163347,3.475480674866257,72.22460347163347
71,0.6838602314688557,13.981693386386736,0.5773480420395044,1,82.05364980859605,87.01105413265245,4.957404324056398,87.01105413265245
72,-1.8671793704167448,10.419737904309605,0.030863950599093387,0,61.90888664834382,63.29483552976038,1.3859488814165575,61.90888664834382
73,-0.6297367460660636,12.682317520777596,0.17682618522127086,0,77.20572613235916,80.32409468786668,3.1183685555075114,77.20572613235916
74,1.5711999467988191,14.875778550872022,0.826944395703474,1,80.9895880811279,87.18926800664624,6.199679925518346,87.18926800664624
75,1.327540351918812,15.303708811474653,0.7905127404785937,1,85.3216050877779,91.18016158046423,5.858556492686336,91.18016158046423
76,0.9652029505099156,13.645161874759788,0.6478791150028904,1,82.7939073577211,88.14519148843497,5.351284130713882,88.14519148843497
77,-0.7901367802384163,10.593766100651042,0.11178182755831398,0,69.23999300606604,72.13380151373227,2.8938085076662174,69.23999300606604
78,0.23175495579888758,14.14912743384976,0.44362919610741613,1,75.80912659331312,80.13358353143157,4.324456938118443,80.13358353143157
79,-0.26164839470896045,11.35629266453656,0.2158437272542814,0,73.05588451346745,76.6895767608749,3.6336922474074553,73.05588451346745
80,-0.722888528094289,9.70497861838324,0.10613773297921292,0,64.10737639480264,67.09533245547064,2.9879560606679956,64.10737639480264
81,-0.9485724814230778,12.51316103147545,0.1230769111412654,0,60.36270182458701,63.034700350594704,2.671998526007691,60.36270182458701
82,0.7031237113702794,11.087837161504856,0.4682822938418831,1,70.40898427969883,75.39335747561722,4.9843731959183915,75.39335747561722
83,-0.9449477272535001,11.21770500769202,0.10281306005100148,1,69.26997908060878,71.94705226245388,2.6770731818451,71.94705226245388
84,-0.0367686756952734,9.0,0.20005336797936363,0,66.6782017206085,70.62672557463512,3.948523854026617,66.6782017206085
85,0.9606391194345865,11.95686310516138,0.582707272813687,0,80.49196915158488,85.8368639187933,5.344894767208421,80.49196915158488
86,1.3794560426600648,13.058745706537238,0.7376363369174572,1,82.45707314297378,88.38831160269787,5.93123845972409,88.38831160269787
87,-0.3021196438460918,14.006799348639808,0.28565899766909203,0,68.53149299177244,72.1085254903879,3.5770324986154716,68.53149299177244
88,-0.8335164711670768,12.21938671090838,0.13391315249488486,0,67.96155550337676,70.79463244374286,2.8330769403660927,67.96155550337676
89,-0.8973436947385606,12.555706602044856,0.13092934948424959,0,63.7644761315432,66.50819495890921,2.743718827366015,63.7644761315432
90,-0.21353601247235168,14.962708890939457,0.3423393453168435,0,82.28071154641451,85.98176112895321,3.7010495825387077,82.28071154641451
91,-1.9502165010981647,10.486892842072814,0.02819891129469786,0,59.43412387175206,60.70382077021463,1.2696968984625694,59.43412387175206
92,-1.0801754115093523,11.301474167371353,0.0893185967496397,0,61.99584235005557,64.48359677394248,2.4877544238869067,61.99584235005557
93,-0.7575233508469721,12.642372672258723,0.1539273411141626,0,63.9732993429288,66.91276665174304,2.939467308814239,63.9732993429288
94,-0.7473292660964254,12.481888034732771,0.15225030684498625,0,77.97010325510765,80.92384228257265,2.9537390274650046,77.97010325510765
95,0.33915340693843354,14.570964918709233,0.4938243504865996,0,76.90502122383131,81.37983599354511,4.474814769713807,76.90502122383131
96,-0.2075939016040813,14.516122967642726,0.3280731888940282,1,73.11779208630774,76.82716062406203,3.709368537754286,76.82716062406203
97,-0.2687686155031945,10.876475973723053,0.2016965233583889,0,69.64504686244027,73.2687708007358,3.6237239382955275,69.64504686244027
98,-2.0219227645438926,12.742345602252595,0.036663249606581065,0,57.84917288421883,59.01848101385738,1.1693081296385506,57.84917288421883
99,0.11498345061784361,12.49978228949517,0.3460821583544912,1,72.33962217910066,76.50059900996564,4.160976830864981,76.50059900996564
100,1.4108228304306527,13.939243353254275,0.7709719443701925,0,85.86508587049245,91.84023783309536,5.975151962602913,85.86508587049245
101,-0.7320429818400916,9.640331378131705,0.10408844685999429,0,63.759595084353,66.73473490977688,2.975139825423872,63.759595084353
102,-2.8949255712445,11.812574941668608,0.010893400396635916,0,53.556563119546,53.5036673198037,-0.05289579974229941,53.556563119546
103,-1.8585666338741211,9.0,0.025008614444342964,0,58.69882002207093,60.096826734647166,1.3980067125762305,58.69882002207093
104,-0.303526282721201,12.869875326792071,0.24969721377083468,0,71.12283857717287,74.69790178136319,3.5750632041903185,71.12283857717287
105,-0.1712969490845168,13.664636611028724,0.30836390908386396,1,70.8586651230946,74.61884939437627,3.7601842712816764,74.61884939437627
106,-0.7467606945964103,12.457652082845833,0.15184198682084754,0,69.14143235404352,72.09596738160855,2.9545350275650257,69.14143235404352
107,-0.7293154303385894,11.722802558420245,0.13991502979955595,0,66.45155477564562,69.43051317317159,2.9789583975259752,66.45155477564562
108,0.8481837643414581,16.349910711074404,0.7101711496338702,1,85.8237685131417,91.01122578321974,5.187457270078041,91.01122578321974
109,1.643792644545345,13.052798786484354,0.7962774419292792,1,89.46063816839406,95.76194787075754,6.301309702363483,95.76194787075754
110,-0.017755193897652687,14.639301304755003,0.3870081748448823,0,77.36530367377341,81.3404464023167,3.975142728543286,77.36530367377341
111,0.18138030845426129,10.980905276312974,0.31081116351914223,0,65.41950436573296,69.67343679756893,4.253932431835966,65.41950436573296
112,-0.31934525020678134,12.018223697890424,0.2216173886724108,1,74.60208359558669,78.1550002452972,3.552916649710506,78.1550002452972
113,0.32415697523344805,14.528308237404364,0.4874340308750336,1,77.29224404812858,81.74606381345541,4.453819765326827,81.74606381345541
114,-1.0404612934947937,13.421091653490908,0.12639659580376822,0,70.10425944118049,72.64761363028778,2.543354189107289,70.10425944118049
115,-1.3685799655220194,10.169571455482581,0.053982889338123494,0,60.5495439473025,62.63353199557167,2.083988048269173,60.5495439473025
116,0.35353975806319715,12.682109691828913,0.42337404277485957,0,77.65059846217497,82.14555412346344,4.494955661288476,77.65059846217497
117,-0.3913232431331824,11.995291721308977,0.20588551469404995,1,71.13597802420983,74.58812548382338,3.4521474596135446,74.58812548382338
118,-0.41594463700695244,15.1596569735947,0.2943425532845984,0,74.4116823198862,77.82935982807646,3.4176775081902666,74.4116823198862
119,0.2109772991485089,15.686391175191805,0.49838605859695717,1,81.94721357506344,86.24258179387135,4.295368218807912,86.24258179387135
120,-1.4312556131050365,11.031529383823957,0.057107069594512234,0,70.01660648918352,72.01284863083646,1.996242141652949,70.01660648918352
121,1.0217484341589642,11.413140413285637,0.5801253554307815,0,67.77884329646801,73.20929110429056,5.430447807822549,67.77884329646801
122,-0.8127376251276226,12.375166333472624,0.13992711953698958,0,74.77375912156936,77.63592644639068,2.8621673248213284,74.77375912156936
123,0.49482784630779236,12.626690617893475,0.4647598527028003,1,79.11592303189903,83.80868201672993,4.69275898483091,83.80868201672993
124,-1.7718403930426112,10.389929119970805,0.03447585677301234,0,60.80716233267017,62.32658578241051,1.5194234497403443,60.80716233267017
125,-2.087466901087228,11.567660529970171,0.028236199631954294,0,67.70331490213795,68.78086124061583,1.0775463384778812,67.70331490213795
126,0.16650519606658923,15.987529364733563,0.4965341038735591,1,78.37382384279363,82.60693111728685,4.233107274493225,82.60693111728685
127,0.755593660471553,14.696878936013883,0.6262102503711631,1,72.31245549516181,77.37028661982198,5.057831124660174,77.37028661982198
128,1.285318619853832,12.1684338172215,0.6842986310325507,1,78.6633972825722,84.46284335036756,5.7994460677953645,84.46284335036756
129,-0.20815189851736057,13.876920440858179,0.3057885806677707,1,71.65971157252173,75.36829891459743,3.7085873420756954,75.36829891459743
130,-0.0017297511053410701,14.326684708173289,0.37991886029810795,0,83.77233060334551,87.76990895179803,3.9975783484525227,83.77233060334551
131,0.25828863977582056,11.98349895100003,0.3682389083547347,1,74.42232580472276,78.7839299004089,4.361604095686149,78.7839299004089
132,-0.2557421938111535,11.531556484433537,0.2218999164202549,0,70.16038017153865,73.80234110020304,3.641960928664385,70.16038017153865
133,-0.43703061372646135,13.1445969043855,0.22738209889852173,0,73.44515772740903,76.83331486819198,3.3881571407829543,73.44515772740903
134,1.401341228676876,14.166755750704414,0.7752779763005345,1,84.11498138601004,90.07685910615767,5.961877720147626,90.07685910615767
135,1.0305221236017954,13.646883571709688,0.6663347720035127,1,81.1124816150598,86.55521258810232,5.442730973042513,86.55521258810232
136,0.3114478385253077,12.31964661762133,0.3966252156343483,1,74.80214795774195,79.23817493167738,4.436026973935431,79.23817493167738
137,0.39724964210612956,13.790483764795958,0.4807693546197855,0,79.040659024906,83.59680852385459,4.556149498948582,79.040659024906
138,-0.35562940848341706,11.986997393717653,0.2130534632733857,0,74.8691250286778,78.37124385680102,3.502118828123216,74.8691250286778
139,-1.3843956579680459,9.525189433967158,0.04804113219753151,0,55.09590162006472,57.15774769890946,2.061846078844736,55.09590162006472
140,0.6631797565777052,13.778373724328581,0.563041347180316,1,77.24108914103228,82.16954080024107,4.928451659208787,82.16954080024107
141,-1.6761218741189738,11.187151876687274,0.0437215490965505,0,60.989086448769584,62.642515825003024,1.6534293762334369,60.989086448769584
142,0.4638241785695021,12.6330820566004,0.4553872966355207,1,79.12982839273002,83.77918224272732,4.649353849997302,83.77918224272732
143,-1.0452247163116148,12.521533122130068,0.11075171423711197,0,68.28105086227133,70.81773625943507,2.5366853971637395,68.28105086227133
144,0.39075571587673535,12.17089301613162,0.4147865813957486,0,75.89015149848774,80.43720950071517,4.54705800222743,75.89015149848774
145,-0.25360224111675095,12.443300263275475,0.24860339876691723,0,68.00169787710509,71.64665473954163,3.6449568624365485,68.00169787710509
146,-0.08058845469785605,10.470402001758455,0.23050334215105267,0,67.32933811589545,71.21651427931846,3.8871761634230015,67.32933811589545
147,0.9730554859009545,14.516687804629875,0.6811342827179072,1,77.5284358836069,82.89071356386825,5.362277680261336,82.89071356386825
148,0.6467829854754311,14.244092656364908,0.5762831164587036,0,75.90388948038304,80.80938566004865,4.905496179665604,75.90388948038304
149,0.6179790003797228,12.83784599805569,0.5116301793790166,1,81.7561000420275,86.62127064255911,4.865170600531612,86.62127064255911
150,-1.351504675837049,14.502825640605336,0.10443137053992456,0,66.01607264744177,68.1239661012699,2.1078934538281313,66.01607264744177
151,-0.31575913351090634,12.412740949456344,0.23349861403984573,0,64.35486289277748,67.9128001058622,3.557937213084731,64.35486289277748
152,0.7877091860364733,15.04585477134549,0.6483907946513361,0,84.4048472649674,89.50764012541846,5.102792860451062,84.4048472649674
153,0.06678646755173157,10.73858608077427,0.27322066405332895,0,73.76639915125577,77.8599002058282,4.093501054572425,73.76639915125577
154,-1.636341388889582,10.084597972295658,0.03872068511879568,0,63.05641290388033,64.76553495943492,1.7091220555545856,63.05641290388033
155,0.6632282546223038,13.018558367277382,0.5329533265454548,1,71.6057441342641,76.53426369073533,4.928519556471225,76.53426369073533
156,-0.2998017698796277,10.293153788775118,0.18125799689422184,0,67.51409335365344,71.09437087582195,3.5802775221685215,67.51409335365344
157,1.4927756947874458,13.889202198804417,0.7872188251972314,1,82.96120539010715,89.05109136280957,6.089885972702424,89.05109136280957
158,0.8719108539573729,13.881077882133452,0.6296839108164264,1,83.34680956242012,88.56748475796044,5.220675195540322,88.56748475796044
159,1.4171619257240102,16.62217948518559,0.839026309396313,0,87.09515291025436,93.07917960626797,5.984026696013614,87.09515291025436
160,0.39939956758021666,11.894041250722747,0.406680797863813,1,78.45739738087245,83.01655677548476,4.559159394612303,83.01655677548476
161,0.1535102797853301,12.350543549154699,0.35159736496077254,1,72.56089177665343,76.7758061683529,4.2149143916994625,76.7758061683529
162,0.8807242132008393,16.297768999259908,0.716780675542351,1,85.67992916564567,90.91294306412685,5.233013898481175,90.91294306412685
163,0.38402068089963315,15.96162842406784,0.5631328438357527,1,77.81715866219663,82.35478761545612,4.537628953259486,82.35478761545612
164,-1.5942864228237419,10.036103908564959,0.0404234743645502,1,62.847574997635256,64.61557400568202,1.7679990080467616,64.61557400568202
165,0.24998398309262282,12.158964946639163,0.37236467318409566,0,70.13193307973097,74.48191065606065,4.349977576329672,70.13193307973097
166,-0.7763896412146399,11.053128518265368,0.12110723630628398,0,68.10757729849188,71.02063180079138,2.913054502299504,68.10757729849188
167,-2.0191520991147,11.24904398626888,0.029195994174750422,0,60.568749136314615,61.74193619755403,1.1731870612394202,60.568749136314615
168,0.6139485811358085,13.777208443321994,0.5478008373678117,1,78.8210799666006,83.68060798019074,4.859528013590132,83.68060798019074
169,-0.4631518612546441,13.29711138481943,0.22593613627098233,1,71.9129509311703,75.2645383254138,3.351587394243498,75.2645383254138
170,0.600070292806441,12.23740260424524,0.48202581926694954,0,76.13870415996642,80.97880256989544,4.840098409929017,76.13870415996642
171,0.7834585723170063,13.116471176264339,0.5739434048188031,1,67.6768918105181,72.77373381176191,5.096842001243809,72.77373381176191
172,-1.4326781883178166,11.65817161201563,0.06264722742945607,0,67.74476767154538,69.73901820790043,1.994250536355057,67.74476767154538
173,-0.49577190208498295,12.12009688191879,0.18839095876244336,0,78.79446666451875,82.10038600159977,3.305919337081024,78.79446666451875
174,-0.5387504155504479,12.984020559071876,0.20165303406052917,1,69.81007422837659,73.05582364660597,3.245749418229373,73.05582364660597
175,0.046715915547060186,10.296773028261994,0.2546200942824389,0,65.44628287707233,69.51168515883822,4.065402281765884,65.44628287707233
176,0.30670897820358345,11.778433855778403,0.3747097161052035,1,74.78906040989,79.21845297937502,4.4293925694850165,79.21845297937502
177,-1.9762281336327594,10.126911446666158,0.025831758529069257,1,60.114959586451754,61.34824019936589,1.233280612914137,61.34824019936589
178,0.002219192493969969,13.315492406748703,0.34372291680082134,0,66.10947407493698,70.11258094442854,4.003106869491558,66.10947407493698
179,-0.8540123982279667,11.801246074600119,0.12354107749342882,0,65.48820482705803,68.29258746953887,2.8043826424808467,65.48820482705803
180,-1.5333119075163784,11.571431648935421,0.05492940461136241,0,57.41828010452293,59.271643434,1.8533633294770704,57.41828010452293
181,-0.2074275109225775,11.308661484929814,0.2261991821602275,0,65.47193588810256,69.18153737281095,3.7096014847083914,65.47193588810256
182,-0.9344895171555814,12.065458374314456,0.11736339002505966,0,63.52448205153046,66.21619672751265,2.691714675982186,63.52448205153046
183,1.759852983961762,15.832484430571826,0.8757748876930267,1,92.37667843335842,98.84047261090488,6.4637941775464665,98.84047261090488
184,-0.9522839441265047,10.961642541681147,0.09827923603997657,0,64.11120385426288,66.77800633248577,2.6668024782228934,64.11120385426288
185,0.5934041853827282,15.225756731356935,0.5981773137002504,0,79.67641474454165,84.50718060407746,4.83076585953582,79.67641474454165
186,-0.6592985878088342,12.146429496189675,0.1596687885479391,0,63.84828502535768,66.92526700242531,3.076981977067632,63.84828502535768
187,-0.4465210063642504,13.243501604686019,0.22807885066831013,0,75.19148660605101,78.56635719714106,3.3748705910900494,75.19148660605101
188,-0.29204134680941224,9.0,0.1538066372417529,0,72.09511731212669,75.68625942659351,3.5911421144668227,72.09511731212669
189,0.40804448990904185,13.729048683593852,0.4816840497438643,1,80.22877730400845,84.80003958988111,4.571262285872659,84.80003958988111
190,-0.6687357426587769,14.159618236855994,0.20580812910252272,0,68.70971564147771,71.77348560175543,3.063769960277712,68.70971564147771
191,0.8624015597748184,14.755175367888041,0.65899751715667,1,85.67806387690523,90.88542606058998,5.2073621836847455,90.88542606058998
192,0.25307898903035164,15.004366797766998,0.4842670514809391,1,72.87968071389882,77.23399129854131,4.3543105846424925,77.23399129854131
193,-0.4653372694017795,14.008361885670142,0.245949393647392,0,70.97682813656404,74.32535595940155,3.3485278228375086,70.97682813656404
194,-0.021316555651021387,15.455912904592035,0.4173407194593454,1,78.90037985861416,82.87053668070273,3.97015682208857,82.87053668070273
195,-0.7838951674003588,12.990131507345028,0.15690383584575807,1,68.84814710604061,71.75069387168011,2.9025467656394977,71.75069387168011
196,-1.0124830297963574,12.650623713323997,0.11696356431178585,0,68.02370345427624,70.60622721256135,2.5825237582850997,68.02370345427624
197,2.2505167460967086,15.466953124763226,0.9246908923757252,1,98.89838938493992,106.0491128294753,7.150723444535392,106.0491128294753
198,-0.1630471283954679,12.733993816312275,0.2796154500856184,0,75.77216027948526,79.5438942997316,3.771734020246345,75.77216027948526
199,0.07030552181078385,14.055521342295258,0.3909704795376527,0,76.59110786319742,80.68953559373251,4.098427730535097,76.59110786319742
200,-0.10061703390222618,12.516690308978358,0.28841369025688846,0,77.72788913385702,81.5870252863939,3.8591361525368835,77.72788913385702
201,-0.24260709663486377,14.023749790577734,0.3016487572422997,0,74.93780579748534,78.59815586219653,3.660350064711191,74.93780579748534
202,-0.14989720612157503,14.654407765403677,0.34917529417463594,0,73.18685692955333,76.97700084098312,3.790143911429795,73.18685692955333
203,0.07712855995960759,13.265431455592553,0.3632882911594687,0,73.80216838767592,77.91014837161937,4.1079799839434505,73.80216838767592
204,0.03687502349126698,11.928270550900027,0.30462220894456815,0,73.27871405119744,77.33033908408521,4.051625032887774,73.27871405119744
205,1.8899630472855617,12.89031732899124,0.8382012003593395,1,86.66005230969192,93.3060005758917,6.645948266199786,93.3060005758917
206,0.6016074134670683,12.00565306597317,0.4732539935345135,1,78.11738010577399,82.95963048462788,4.842250378853896,82.95963048462788
207,-0.5169078714360436,14.262078877383562,0.24154966421060536,0,70.74823575126065,74.0245647312502,3.276328979989539,70.74823575126065
208,-2.239545206291089,11.583376032135774,0.02352027107978007,0,61.514109426908014,62.37874613810049,0.8646367111924751,61.514109426908014
209,-0.21295111399231528,12.720275583427895,0.2667949927594719,0,66.29335281501159,69.99522125542235,3.7018684404107587,66.29335281501159
210,-0.8678995440183263,9.647782188457775,0.08937995627868668,0,54.82179617659843,57.60673681497278,2.7849406383743434,54.82179617659843
211,0.18429269449224542,13.637856833088598,0.40912662394981225,0,79.54417809540934,83.80218786769848,4.258009772289143,79.54417809540934
212,-1.2808931698180788,12.1573905726762,0.08047327470104174,1,66.93170773228142,69.13845729453611,2.2067495622546898,69.13845729453611
213,0.45458780075736205,13.774185740684254,0.4980261276182039,1,75.4395720655391,80.0759949865994,4.636422921060307,80.0759949865994
214,0.5217647478215587,12.919405608656437,0.4848323631765878,0,78.60376455470501,83.33423520165519,4.730470646950182,78.60376455470501
215,0.8772278792419141,13.196630566584378,0.605394968161021,0,81.73199063520775,86.96010966614644,5.22811903093868,81.73199063520775
216,2.124038590083322,15.90183214855879,0.9182903398933076,1,94.72180501659392,101.69545904271057,6.97365402611665,101.69545904271057
217,1.312963631999239,13.678859484694929,0.7407407278837013,1,77.9362226574319,83.77437174223083,5.838149084798935,83.77437174223083
218,-0.7428449412329962,14.067730660469621,0.18881640466512878,0,64.78117895242522,67.74119603469903,2.9600170822738052,64.78117895242522
219,-1.172964571154075,9.856538579180967,0.06481789567378608,0,60.30452987914409,62.66237947952838,2.357849600384295,60.30452987914409
220,-0.6383733361872228,13.723891030634789,0.20066486778305678,0,72.91114558256652,76.0174229119044,3.106277329337888,72.91114558256652
221,-0.8588607607293433,10.611231103627544,0.10379243329261953,0,69.60044577791092,72.39804071288984,2.7975949349789193,69.60044577791092
222,0.26874223036543404,12.381994400287471,0.3862854987967482,0,74.42630414573586,78.80254326824746,4.376239122511608,74.42630414573586
223,-0.6264482497057002,11.711323602889394,0.155874690558434,0,57.288241615764896,60.41121406617692,3.1229724504120195,57.288241615764896
224,0.18373630511241906,10.107379020989548,0.28228629262721805,1,77.78587120906339,82.04310203622077,4.257230827157387,82.04310203622077
225,1.044881001733469,16.230513198674338,0.7545416804156363,0,92.92675995028452,98.38959335271137,5.462833402426856,92.92675995028452
226,0.05492752110738219,11.727846907593102,0.3026131347618454,1,79.33823814884107,83.4151366783914,4.076898529550335,83.4151366783914
227,0.5022988934111438,11.311213081093864,0.4152430473547265,1,73.49422511078284,78.19744356155843,4.703218450775601,78.19744356155843
228,0.7957594018498204,16.311327491329845,0.6951931982315935,1,81.33201334902513,86.44607651161488,5.114063162589749,86.44607651161488
229,1.4179971089188474,14.708173320011863,0.7934428061134099,1,90.74804963346207,96.73324558594845,5.985195952486386,96.73324558594845
230,0.5088630461011977,12.626511777246225,0.4691195267445121,0,79.68282586582387,84.39523413036555,4.7124082645416765,79.68282586582387
231,1.2544637115847812,13.99384309870874,0.7363522232853924,1,83.39200157992036,89.14825077613905,5.756249196218693,89.14825077613905
232,0.7054093034778255,15.688994025456484,0.648397047542811,1,83.661664583656,88.64923760852496,4.987573024868956,88.64923760852496
233,-0.922885029232273,12.921075682023163,0.13397806121779085,0,65.67474058122055,68.38270154029536,2.7079609590748177,65.67474058122055
234,-1.231225314351374,9.51109309188482,0.05747259619667156,0,62.21494431533015,64.49122887523822,2.2762845599080763,62.21494431533015
235,1.420188251167197,14.493160146156525,0.7882052595461665,0,90.92931422060613,96.91757777224021,5.988263551634075,90.92931422060613
236,-0.3109098951270191,12.86365728444977,0.247786593481356,0,76.36817517677626,79.93290132359843,3.5647261468221734,76.36817517677626
237,-0.7563829549031402,15.063605615301178,0.21160101431941922,1,67.44049281274923,70.38155667588484,2.9410638631356036,70.38155667588484
238,-0.7515609459208809,15.481287347731914,0.22401064891018319,0,68.34765192574804,71.2954666014588,2.9478146757107666,68.34765192574804
239,-0.4567429279065657,13.678071633933914,0.23822471559532377,0,73.84010171142548,77.20066161235628,3.360559900930808,73.84010171142548
240,-0.7132984187944962,10.967247908565557,0.128211751092716,0,64.95036496307397,67.95174717676167,3.0013822136877053,64.95036496307397
241,0.47653130130582994,11.698640434011116,0.42249160460560026,0,71.56068695766005,76.22783077948822,4.667143821828162,71.56068695766005
242,-1.783821665075606,10.634876401407,0.035291056870192974,0,67.06568778049376,68.56833744938791,1.5026496688941515,67.06568778049376
243,0.10875937715384434,13.511548812428455,0.38173206139501953,0,76.7556356887582,80.90789881677358,4.152263128015382,76.7556356887582
244,1.2409569918191246,13.460222848286705,0.7160256138757568,1,72.44231512321892,78.1796549117657,5.737339788546774,78.1796549117657
245,-2.2251584200713976,9.393000417720597,0.016980422750049542,0,58.592396011698895,59.47717422359894,0.8847782119000436,58.592396011698895
246,-0.004804715542172572,14.686971816322092,0.39267294103193295,0,78.29183706900047,82.28511046724142,3.9932733982409583,78.29183706900047
247,-0.29823015001792436,14.26038003979697,0.29501987558628456,0,72.63772858006132,76.22020637003622,3.582477789974906,72.63772858006132
248,1.248806116798661,14.476849626982862,0.7497545380347722,0,76.8067213724792,82.55504993599733,5.748328563518125,76.8067213724792
249,2.3301339347286922,15.469255901451637,0.9313585893583209,1,93.96176994547083,101.223957454091,7.262187508620169,101.223957454091
250,-0.5178293719000016,9.938337380330946,0.13738838182364296,0,61.060179676665854,64.33521855600586,3.2750388793399976,61.060179676665854
251,0.19331168637433158,13.808371516006718,0.41847886028448616,1,75.25571235782276,79.52634871874682,4.2706363609240645,79.52634871874682
252,0.08631285665687352,13.179170089580051,0.36275148791205325,0,74.25274431536772,78.37358231468734,4.120837999319623,74.25274431536772
253,-0.13869165046645154,11.412048503995866,0.24463444007503576,0,68.65328360012276,72.45911528946974,3.805831689346968,68.65328360012276
254,-0.056806668857211216,11.971407921503436,0.2817934049453228,1,71.7989323874131,75.719403051013,3.9204706635999043,75.719403051013
255,1.5494878826973135,13.826028698311466,0.7972224922717884,1,87.72313503972657,93.8924180755028,6.169283035776239,93.8924180755028
256,0.25052081753244265,14.179447309928808,0.45062706761592086,0,80.27554601738125,84.62627516192667,4.3507291445454195,80.27554601738125
257,0.23861791264821555,14.565325226478711,0.46225306366950053,0,73.79160366705295,78.12566874476046,4.334065077707502,73.79160366705295
258,-0.1186330763027177,13.088617442638988,0.3027761950000054,0,71.85109095054182,75.68500464371802,3.8339136931761955,71.85109095054182
259,0.12758954143552154,11.460694868614429,0.31285577690473027,0,65.21248755027703,69.39111290828676,4.178625358009731,65.21248755027703
260,-0.19282047903361293,12.936594945973223,0.2786495045128996,0,78.2936351830006,82.02368651235355,3.730051329352942,78.2936351830006
261,0.5887536490004548,12.453127628715505,0.4871134748909214,0,82.06988118293334,86.89413629153398,4.824255108600637,82.06988118293334
262,0.39983846531122735,14.441244700756087,0.5075987233524937,1,79.41123398498759,83.97100783642331,4.559773851435718,83.97100783642331
263,0.5401176529819153,13.471195328915949,0.5126318912123378,1,75.7836977106073,80.53986242478199,4.756164714174681,80.53986242478199
264,-2.261839759006468,11.78137062645399,0.023607956410217453,0,56.38082486542304,57.21424920281398,0.8334243373909449,56.38082486542304
265,0.6832611996347762,12.195383569299832,0.5063341287815388,1,74.56308709392265,79.51965277341134,4.956565679488687,79.51965277341134
266,-0.7444896503064167,13.073366580834826,0.1653602993345432,0,71.07313460550532,74.03084909507633,2.957714489571017,71.07313460550532
267,-0.6839539484961363,10.391516632977478,0.12214208285054776,0,61.19767074753365,64.24013521963906,3.0424644721054093,61.19767074753365
268,0.191606007456236,12.650928340408033,0.3737075356432405,1,76.98179216737975,81.25004057781848,4.26824841043873,81.25004057781848
269,-1.6224930573618503,9.695712864420676,0.03708322539297506,0,68.68040929329219,70.40891901298559,1.7285097196934096,68.68040929329219
270,-0.6616689568678608,11.401328459205374,0.1439486600172123,0,70.05686112618221,73.1305245865672,3.073663460384995,70.05686112618221
271,-2.5037517082142347,10.354428974224778,0.014022352797800198,0,57.30003290563003,57.7947805141301,0.49474760850007193,57.30003290563003
272,0.585390344625331,13.132704265631554,0.5132395577414383,1,77.73872879181091,82.55827527428637,4.819546482475463,82.55827527428637
273,1.0086813521466402,11.262300826708575,0.5702374049781099,1,78.13055478131122,83.54270867431651,5.412153893005296,83.54270867431651
274,0.4243182629810382,11.556872614206625,0.4011916021194639,1,78.02674934970422,82.62079491787767,4.5940455681734536,82.62079491787767
275,-1.5304619463589546,11.142421354276216,0.05164722868243927,0,66.71691943199353,68.574272707091,1.8573532750974637,66.71691943199353
276,-0.06877043651849955,14.65367113751533,0.3725306138227327,1,70.14495873150464,74.04868012037875,3.9037213888741005,74.04868012037875
277,-0.24182056016644435,12.42176776158327,0.25071682677981627,0,75.86189461614998,79.52334583191696,3.661451215766978,75.86189461614998
278,2.470913664768584,18.516537265556664,0.9634305792971354,1,93.18600441473826,100.64528354541429,7.459279130676018,100.64528354541429
279,-0.6586313456533366,10.554198779548079,0.1284630019174611,0,65.09885194661254,68.17676806269787,3.077916116085329,65.09885194661254
280,-0.8180360359541664,13.832646880301185,0.16947937233784527,0,78.11138372769476,80.96613327735892,2.854749549664167,78.11138372769476
281,0.21073755428100974,14.52161589954192,0.45186961461063,1,73.62271428586475,77.91774686185816,4.295032575993414,77.91774686185816
282,0.06568916200798444,11.947568413653972,0.3129684989025687,1,75.60413406297472,79.6960988897859,4.091964826811179,79.6960988897859
283,0.17642399262735603,13.990250016922904,0.4204247479022703,1,79.05496815607798,83.30196174575627,4.246993589678299,83.30196174575627
284,-0.29823742150892324,13.333498006600731,0.2651370619436804,1,67.23522662667612,70.81769423656363,3.5824676098875075,70.81769423656363
285,0.49389520275674814,10.077766140253175,0.36582069657963756,1,77.23239498838983,81.92384827224927,4.691453283859447,81.92384827224927
286,0.14479491479840645,16.259192741668716,0.500616120229408,1,80.17993358313373,84.3826464638515,4.202712880717769,84.3826464638515
287,-0.7957217909698205,14.626016709314618,0.19240012166201415,0,68.66020215156479,71.54619164420704,2.8859894926422514,68.66020215156479
288,-0.9203822252628556,11.295262433162392,0.10685885325411452,0,63.17680285579982,65.88826774043183,2.711464884632002,63.17680285579982
289,0.19008016289847326,13.718860498080028,0.41401739458784426,0,77.99861094033898,82.26472316839684,4.266112228057863,77.99861094033898
290,1.8981353156520728,14.479510752798436,0.8709506992430567,0,95.85979021699526,102.51717965890816,6.657389441912901,95.85979021699526
291,-0.4653306667066633,12.547770195257476,0.20521391140278278,1,69.34558452812124,72.69412159473191,3.3485370666106715,72.69412159473191
292,-0.5944334962557108,11.64348503156686,0.1597506856582669,0,65.60308519733185,68.77087830257386,3.167793105242005,65.60308519733185
293,0.47914989301488925,15.08185937740757,0.557749843708422,1,82.85486871368816,87.52567856390901,4.670809850220845,87.52567856390901
294,0.36989208460999423,14.771797877932554,0.5114611835561773,0,88.80737056450901,93.325219482963,4.517848918453992,88.80737056450901
295,0.40670313737601727,15.03119946874729,0.5332933725387707,1,80.88502684664525,85.45441123897167,4.569384392326424,85.45441123897167
296,0.8288165707191549,12.92830647265414,0.5804326589085759,1,79.15717553660201,84.31751873560883,5.160343199006817,84.31751873560883
297,0.7407712165938427,14.969466721815008,0.6320633142738606,1,78.85461310808792,83.8916928113193,5.037079703231379,83.8916928113193
298,-0.3384465788329724,11.256026467482297,0.1974840372999936,1,70.20514824063827,73.73132303027211,3.5261747896338385,73.73132303027211
299,2.0694479845989764,12.933782342213027,0.8671757862319787,1,79.90202921087375,86.79925638931232,6.897227178438566,86.79925638931232
300,0.79752110230744,12.827333357599942,0.5669148399228651,0,78.81479446386626,83.93132400709668,5.116529543230416,78.81479446386626
301,-0.7208999322883816,9.193662388632468,0.09884369720710978,0,62.09370013564884,65.0844402304451,2.9907400947962657,62.09370013564884
302,-1.597483278828465,10.794686627792183,0.04523024408661835,0,49.55263111061505,51.3161545202552,1.763523409640149,49.55263111061505
303,-0.6753845483582596,14.780741588233,0.2210923449291136,0,78.84938039679453,81.90384202909297,3.0544616322984366,78.84938039679453
304,0.5062075513249568,12.733806773777404,0.47256969940100363,1,84.51379055318975,89.2224811250447,4.708690571854939,89.2224811250447
305,0.4907711848117015,13.055585211488838,0.48059914897793077,1,78.51584453751688,83.20292419625326,4.687079658736382,83.20292419625326
306,0.37099571194817804,14.98473468451703,0.5203143586932526,0,85.25122206860759,89.77061606533503,4.519393996727449,85.25122206860759
307,1.1516124667795584,13.653631711752357,0.6993273172588486,1,83.8915616448641,89.50381909835548,5.612257453491382,89.50381909835548
308,-0.4611122196200593,14.098246264430493,0.2496142142640154,1,77.61830599833647,80.97274889086839,3.354442892531917,80.97274889086839
309,-0.8641101135843603,13.403015562699043,0.15243165441406945,0,70.2915685099904,73.0818143509723,2.7902458409818958,70.2915685099904
310,-1.602693219040188,13.593322286595464,0.06859752976161466,0,67.1361126293199,68.89234212266363,1.7562294933437372,67.1361126293199
311,-0.6203011841673041,12.964080201453857,0.18525775889275717,0,81.7214535888435,84.85303193100927,3.131578342165774,81.7214535888435
312,0.3426028580964109,14.349353646453556,0.4860411671964938,1,68.8428358704405,73.32247987177547,4.479644001334975,73.32247987177547
313,-0.3971681510772191,10.77364578283398,0.17469998210230553,0,66.39702201290034,69.84098660139223,3.4439645884918932,66.39702201290034
314,1.723038619714904,13.975245021629364,0.8333888211742257,1,83.5530612214394,89.96531528904028,6.412254067600865,89.96531528904028
315,0.8623300486351324,16.668110643595067,0.7240838656600086,1,80.04920503450704,85.25646710259622,5.207262068089185,85.25646710259622
316,1.1339354708367932,13.80055900875226,0.6996241587256165,0,86.45498995685264,92.04249961602416,5.587509659171511,86.45498995685264
317,-1.0915981749659116,10.021890346419207,0.07303376562385233,0,62.20272713342183,64.67448968846955,2.471762555047724,62.20272713342183
318,0.8381879592617161,16.885855490113748,0.7250142092896426,1,82.38848000764875,87.56194315061515,5.173463142966402,87.56194315061515
319,-0.13861961066826073,14.130237359996677,0.3334912731052196,1,70.55409445485496,74.3600269999194,3.805932545064435,74.3600269999194
320,1.1624302511086528,13.488099688053387,0.6965946048721848,1,79.28248267483545,84.90988502638757,5.627402351552114,84.90988502638757
321,1.1879681844144405,15.754239417229009,0.7730543047679983,1,84.05942315131476,89.72257860949497,5.663155458180217,89.72257860949497
322,-1.2343758214108314,10.208497316080484,0.06358922490713173,0,62.09945601114449,64.37132986116933,2.271873850024836,62.09945601114449
323,1.3156492866983167,13.464803696753023,0.7347641629910362,0,86.49152576844581,92.33343476982346,5.841909001377643,86.49152576844581
324,0.87524346573721,14.237222755548252,0.6438261938363999,1,84.48789091759895,89.71323176963104,5.225340852032094,89.71323176963104
325,1.173707856676232,12.344124267015582,0.659753225705528,0,77.9151404479079,83.55833144725463,5.643190999346725,77.9151404479079
326,-1.5888966892977336,11.211757692921745,0.04869586811512449,0,66.27539491936686,68.05093955435004,1.7755446349831732,66.27539491936686
327,-0.8370214735841814,9.172559202359178,0.08637930496303081,0,70.7558122480024,73.58398218498455,2.828169936982146,70.7558122480024
328,-0.7768789452063574,12.050069902111874,0.13906381005652516,0,67.61238714851217,70.52475662522328,2.9123694767111,67.61238714851217
329,1.5452012612469104,16.336166680173005,0.853870739233505,0,83.5758440035366,89.73912576928228,6.163281765745674,83.5758440035366
330,-0.17385354537457304,13.164451013445534,0.29090252179498527,0,72.26069880352549,76.01730384000108,3.7566050364755976,72.26069880352549
331,-0.6209408321011541,11.945843282326884,0.16180740718837008,0,73.0078669013763,76.13854973643468,3.1306828350583844,73.0078669013763
332,0.7545393083008463,13.608386310042734,0.5843158466937592,1,85.69713005769175,90.75348508931293,5.056355031621185,90.75348508931293
333,1.5126367323860372,15.116938945159967,0.8219340460928156,1,78.22458132449731,84.34227274983776,6.1176914253404515,84.34227274983776
334,0.5554452959351855,14.27837154396883,0.5495483633660792,0,82.47818460137808,87.25580801568734,4.77762341430926,82.47818460137808
335,0.8901920973806119,15.442407640428033,0.6907280809488853,0,80.72160975258538,85.96787868891823,5.246268936332856,80.72160975258538
336,-0.5017196108402762,13.311967414000467,0.21802130180278714,0,75.78417024895317,79.08176279377679,3.2975925448236136,75.78417024895317
337,-0.2473268094880213,11.664583545398337,0.22743965977432878,0,66.96217430695059,70.61591677366735,3.6537424667167704,66.96217430695059
338,0.06711256893576842,13.684474908506719,0.3759924736463755,0,72.17481740482356,76.26877500133364,4.093957596510076,72.17481740482356
339,-0.5521589422506974,10.119363890331908,0.1357437427123163,1,70.27218970385105,73.49916718470008,3.2269774808490235,73.49916718470008
340,-0.044985135306239356,14.649282236649112,0.3793410044272609,1,74.2069450860401,78.14396589661136,3.9370208105712647,78.14396589661136
341,-3.9287097539749603,9.160451994350218,0.0019749902517000755,0,44.96061312982372,43.46041947425878,-1.500193655564944,44.96061312982372
342,-0.45190052031195693,9.496693214195453,0.13878661043561513,0,65.11392605043685,68.4812653220001,3.36733927156326,65.11392605043685
343,1.2108400852245138,12.598505273925412,0.6790285401749598,0,87.23447464787779,92.92965076719211,5.695176119314319,87.23447464787779
344,0.8443007239594842,13.409440719569053,0.6036953429354305,0,76.1166060317073,81.29862704525058,5.182021013543277,76.1166060317073
345,0.51487048446312,13.789675595199123,0.5174769273738626,0,89.96825480644857,94.68907348469693,4.720818678248368,89.96825480644857
346,1.3924064409211676,15.556193354067538,0.8099213157451577,1,86.32908945106853,92.27845846835817,5.9493690172896345,92.27845846835817
347,-1.1279594682418816,10.03793939026161,0.07018317249283963,0,64.76168601593439,67.18254276039575,2.420856744461366,64.76168601593439
348,1.8909000351852228,15.628956451936201,0.8893637057151965,1,98.92988398394156,105.57714403320088,6.647260049259312,105.57714403320088
349,-0.02683431497536692,12.256738528762451,0.2989160800725007,0,73.43381604952468,77.39624800855917,3.9624319590344865,73.43381604952468
350,1.6042365006479504,13.897414330743423,0.8098263005473771,0,85.34073936043244,91.58667046133957,6.24593110090713,85.34073936043244
351,0.03182746040048536,14.397035584882827,0.3925299625486611,1,70.78079222999447,74.82535067455515,4.044558444560679,74.82535067455515
352,0.9337200960360765,14.104797012543406,0.6556385112349316,0,77.95153772762487,83.25874586207537,5.307208134450507,77.95153772762487
353,-0.387208542953517,14.191318565014313,0.2702410948371523,0,78.02068514611982,81.47859318598489,3.4579080398650763,78.02068514611982
354,0.8535555479679854,14.296747817324285,0.639783381874054,1,74.37566676021618,79.57064452737136,5.19497776715518,79.57064452737136
355,-0.4436029886665682,11.4371330425417,0.1817460364210451,0,77.27132591828732,80.65028173415412,3.3789558158668047,77.27132591828732
356,-0.6403208763919643,12.330511984048007,0.16693332802338193,0,71.59607936008899,74.69963013314025,3.10355077305125,71.59607936008899
357,0.3601807070257715,15.308079644185076,0.5298441389484192,0,79.55564708922132,84.0599000790574,4.50425298983608,79.55564708922132
358,-2.1076801517437724,10.848471480546777,0.02463016627262389,0,59.0294584758539,60.07870626341262,1.049247787558719,59.0294584758539
359,0.4350124886577801,13.43073912535843,0.47818482605964474,1,84.71877562478733,89.32779310890822,4.609017484120892,89.32779310890822
360,-1.4470818759459156,10.288273578602938,0.05008130688420944,0,59.128532054991176,61.102617428666896,1.974085373675718,59.128532054991176
361,0.4666182603176881,14.988927865250373,0.550205562074126,1,82.28206711252385,86.93533267696861,4.653265564444763,86.93533267696861
362,0.8537966283618745,16.338505805416773,0.7112384970444032,1,83.29005113300374,88.48536641271036,5.195315279706624,88.48536641271036
363,-0.3262155797599754,11.63529964946616,0.20980163318054112,0,61.98013991930551,65.52343810764154,3.5432981883360344,61.98013991930551
364,-0.8517328369026635,11.781134707126316,0.1235011967168879,0,65.6759741749093,68.48354820324558,2.807574028336271,65.6759741749093
365,-1.518143048551326,11.1720808897976,0.0526428432777336,0,59.45866611094923,61.333265842977376,1.8745997320281438,59.45866611094923
366,-1.0619612566501322,10.519105691029294,0.08133129703040017,0,63.27328525783374,65.78653949852355,2.513254240689815,63.27328525783374
367,0.6434310341156714,13.99092611165954,0.565333553667258,0,80.87561330025278,85.77641674801473,4.90080344776194,80.87561330025278
368,0.13046061144458007,13.695316889706348,0.39515992369100267,0,75.69097742970213,79.87362228572454,4.182644856022412,75.69097742970213
369,0.03824033140698362,14.577674246653089,0.401367191143286,1,78.24022705376754,82.29376351773732,4.0535364639697775,82.29376351773732
370,0.442518730417453,12.289388058183162,0.4352286342995919,1,71.81236176328923,76.43188798587367,4.619526222584434,76.43188798587367
371,-1.7520806211583568,12.789332189480971,0.05098913744338628,0,58.427976195831064,59.975063326209366,1.5470871303783005,58.427976195831064
372,0.3522184483006544,14.780110624154368,0.5062723610018032,0,81.5165754522633,86.0096812798842,4.493105827620916,81.5165754522633
373,-0.6518559474727434,11.210074667120063,0.14170408097557702,0,67.10610061837872,70.19350229191687,3.0874016735381593,67.10610061837872
374,1.327216740472045,14.10700247158136,0.7569704766604125,0,83.94417817433028,89.80228161099114,5.858103436660863,83.94417817433028
375,-1.3182050482864747,12.586347898845519,0.0821158110160042,0,69.00826557712898,71.16277850952791,2.1545129323989354,69.00826557712898
376,0.17074968489923337,13.064198510919836,0.38312830200189424,0,66.42571788741336,70.66476744627228,4.239049558858927,66.42571788741336
377,-2.001054537143411,12.899531637629487,0.03851641015345681,0,63.05301136018515,64.25153500818438,1.1985236479992247,63.05301136018515
378,0.03891189344787083,14.561722128457788,0.40095570287021975,0,72.00419214921295,76.05866880003997,4.054476650827019,72.00419214921295
379,-0.6246291162180845,12.382374735025909,0.17085122726744667,0,65.56747491756758,68.69299415486226,3.125519237294682,65.56747491756758
380,-1.060809955167727,12.583544510400333,0.10981371473772378,0,62.332583362424444,64.84744942518962,2.514866062765182,62.332583362424444
381,-0.44617940468176326,15.122315887204003,0.2853342371302169,0,78.40407805002084,81.77942688346637,3.3753488334455315,78.40407805002084
382,-1.0301917368008324,10.946747323029694,0.08978522985058532,0,62.29872935957578,64.85646092805462,2.5577315684788346,62.29872935957578
383,-0.06533484940299886,11.765081879681015,0.27303954144738185,1,78.89278906451592,82.80132027535173,3.9085312108358017,82.80132027535173
384,-1.4133809973828018,9.253342315984057,0.044523566070047774,0,68.10581438933033,70.12708099299441,2.0212666036640776,68.10581438933033
385,-0.4524163346367017,12.401529438900237,0.20403304452441628,1,60.51496715129486,63.88158428280348,3.3666171315086175,63.88158428280348
386,0.5058150255468031,15.285685081336599,0.5739482444372069,1,83.26907246012165,87.97721349588717,4.708141035765524,87.97721349588717
387,0.020214634339857564,13.441053654622461,0.3533918155722103,1,71.39839900407043,75.42669949214623,4.028300488075801,75.42669949214623
388,-3.157911095782902,9.0,0.005029518231134111,0,55.70370182506826,55.282626290972196,-0.4210755340960626,55.70370182506826
389,-0.33456109862569355,11.414691439843532,0.2023209956364896,1,73.76923186779015,77.30084632971418,3.531614461924029,77.30084632971418
390,-0.5300196745651082,12.165662854966868,0.18302009597288293,0,68.7187348634518,71.97670731906065,3.2579724556088485,68.7187348634518
391,0.7961903539503182,13.322758011926453,0.5858605949417974,0,85.3195388829646,90.43420537849504,5.114666495530446,85.3195388829646
392,0.3451423728368415,13.250909649214272,0.4431404008849152,1,72.62233227975176,77.10553160172334,4.483199321971578,77.10553160172334
393,-1.2099758904156603,12.214105288017683,0.08800723604214762,0,72.27550776452642,74.5815415179445,2.3060337534180757,72.27550776452642
394,1.529560667142712,14.724854361150335,0.8157670026462939,1,75.18746709832308,81.32885203232289,6.141384933999797,81.32885203232289
395,-0.5818857305846821,11.583189168545166,0.16056274982372806,0,65.64734290453605,68.8327028817175,3.185359977181445,65.64734290453605
396,-0.09540361598641178,12.49089102069761,0.288904212036531,0,76.9843176151918,80.85075255281082,3.8664349376190237,76.9843176151918
397,-0.08199158550568914,12.4781446788629,0.2919388012633166,0,74.40302949336511,78.28824127365715,3.8852117802920354,74.40302949336511
398,-2.015756011036327,11.921390910381131,0.0325378439394899,1,63.27339754546388,64.45133913001303,1.177941584549142,64.45133913001303
399,-0.16381159152691946,11.69644922361407,0.24725010854903293,0,64.2784844416906,68.04914821355291,3.7706637718623126,64.2784844416906
400,0.30299829412522017,13.841524254091874,0.4534828463055374,0,80.23873187572707,84.66292948750238,4.424197611775308,80.23873187572707
401,0.6863199324295222,14.366585459957921,0.5930416023503841,0,69.63833563651582,74.59918354191716,4.960847905401331,69.63833563651582
402,0.6304125196180377,13.337256778139404,0.5354346809278291,0,81.35830122639058,86.24087875385584,4.882577527465252,81.35830122639058
403,-0.16880925846942163,13.063563360687322,0.28887761284372326,0,74.73747975508336,78.50114679322617,3.7636670381428097,74.73747975508336
404,-1.512707304896029,11.176878915374886,0.05302126869822074,0,65.56627010750303,67.44847988064859,1.8822097731455596,65.56627010750303
405,-0.029947785338203598,14.009564569258696,0.3598755345066047,0,70.22965516519123,74.18772826571775,3.958073100526515,70.22965516519123
406,-0.62118140164338,11.037427725115519,0.14301286494270177,0,72.20804682197962,75.33839285967889,3.130346037699268,72.20804682197962
407,0.3105549870546811,14.278697701977881,0.4732219876753194,1,81.09143761417602,85.52621459605257,4.434776981876554,85.52621459605257
408,0.35438987421346124,12.197151816129274,0.40480867349359967,1,76.2950474842023,80.79119330810114,4.496145823898845,80.79119330810114
409,1.011051984392569,12.00599575853774,0.5998341950523447,1,70.66499910761229,76.08047188576188,5.415472778149597,76.08047188576188
410,-0.8684860110735324,12.363564298526388,0.13153695152391617,1,62.91494879062196,65.69906837511901,2.7841195844970548,65.69906837511901
411,0.04192388425837659,13.686373694119743,0.36870524329426485,1,75.32006742935745,79.37876086731917,4.058693437961727,79.37876086731917
412,0.12990487362720243,10.455539717472304,0.27994538087921444,1,71.63763883323196,75.81950565631004,4.181866823078083,75.81950565631004
413,0.608681394232651,15.329642042335847,0.6067316671301366,0,81.44700428058805,86.29915823251376,4.852153951925711,81.44700428058805
414,-0.028170074296708345,10.958550241904915,0.25695711582614816,0,65.893692996661,69.85425489264561,3.9605618959846085,65.893692996661
415,0.509398701943562,15.142749016238508,0.5694452677032307,0,83.41620627695283,88.12936445967382,4.713158182720987,83.41620627695283
416,0.43350754291547544,12.322638523943509,0.4337681600732635,0,76.47793947554459,81.08485003562626,4.6069105600816656,76.47793947554459
417,1.8088469819896633,13.68892646531864,0.8417473311702323,1,84.18364930376443,90.71603507854995,6.532385774785528,90.71603507854995
418,0.4622010801531417,14.423829029822677,0.5263665181145326,0,80.93897815877789,85.58605967099228,4.647081512214398,80.93897815877789
419,0.6377772852478921,11.18880371575558,0.4520057733535097,0,72.1062446190058,76.99913281835286,4.892888199347049,72.1062446190058
420,-1.188616109248919,13.570782384796098,0.10963791574225683,0,67.86020397104502,70.19614141809654,2.3359374470515135,67.86020397104502
421,-0.21634603930200239,13.092827861213873,0.27776400635243037,0,75.25662587195748,78.95374141693468,3.697115544977197,75.25662587195748
422,-0.22825941252607393,11.937811049759013,0.23952699363430693,0,71.0783791341839,74.7588159566474,3.6804368224634967,71.0783791341839
423,0.5014195470343024,11.785892237855034,0.4335251660208422,1,74.43298114662373,79.13496851247176,4.701987365848023,79.13496851247176
424,-0.38145244370144593,13.107367622040849,0.238733298548886,0,70.70250526162695,74.16847184044492,3.4659665788179757,70.70250526162695
425,-0.909821942728682,9.0,0.07746654833661455,0,65.86353342366307,68.58978270384291,2.7262492801798452,65.86353342366307
426,0.531609340582019,13.975013721150258,0.5300920561923786,0,83.44471993812319,88.18897301493801,4.744253076814827,83.44471993812319
427,-0.32478734034676826,11.869303212165013,0.2163787157956604,1,74.43733953383396,77.98263725734849,3.5452977235145244,77.98263725734849
428,0.5554614247191074,12.453766637329899,0.47674914178906863,0,76.83572565793193,81.61337165253869,4.77764599460675,76.83572565793193
429,-1.1073035924139496,14.493990794459737,0.13645030509307704,1,69.44042308625788,71.89019805687835,2.449774970620471,71.89019805687835
430,0.988975589722097,12.926321149540767,0.6281832670945355,1,81.54165978555992,86.92622561117085,5.384565825610935,86.92622561117085
431,-0.9142399429942203,10.972701698216806,0.10273783304529004,0,65.65501327325201,68.3750773530601,2.7200640798080915,65.65501327325201
432,0.5522389681459073,11.757253065647566,0.4480529255304815,1,78.59500601401338,83.36814056941765,4.77313455540427,83.36814056941765
433,-0.7049357811891581,11.604208257437696,0.141304601386203,0,69.34951068804928,72.36260059438446,3.013089906335179,69.34951068804928
434,-0.4335291448628451,13.492993256523176,0.23811669903603125,0,70.76631931755776,74.15937851474978,3.393059197192017,70.76631931755776
435,0.48804885514386653,13.01806636888973,0.4782516532632049,0,70.29987730283393,74.98314570003535,4.683268397201413,70.29987730283393
436,-0.3481675645575458,13.278584925072607,0.25149855927391873,1,73.36626943142852,76.87883484104796,3.512565409619436,76.87883484104796
437,0.06011159269303819,12.856014223327492,0.34346332180032096,0,70.59305564657485,74.67721187634511,4.084156229770254,70.59305564657485
438,1.0082178339238053,14.422158421713377,0.6873625435690905,1,77.15435406311383,82.56585903060716,5.411504967493327,82.56585903060716
439,0.30178558949656814,15.615787366161374,0.5239212151831626,0,81.45843978045122,85.8809396057464,4.422499825295195,81.45843978045122
440,0.12965912073094676,11.456914779081846,0.3132820537373123,0,73.96928423659195,78.15080700561528,4.181522769023325,73.96928423659195
441,-1.167873176383528,12.474411418662879,0.09587384902852787,0,72.47599193641982,74.84096948948287,2.364977553063061,72.47599193641982
442,-0.1747858295171559,15.048017791526318,0.3564514466201932,1,77.29783374642537,81.05313358510135,3.755299838675982,81.05313358510135
443,1.1024144528703415,13.245316181354791,0.6720052729827077,0,81.72468102652729,87.26806126054578,5.543380234018478,81.72468102652729
444,-1.369801826853961,10.3082815281318,0.05504807082665814,0,69.11482439075648,71.19710183316094,2.082277442404455,69.11482439075648
445,0.18492322642906675,13.333128927626188,0.3975832013486757,0,75.55302208349505,79.81191460049574,4.258892517000693,75.55302208349505
446,-0.3299099041805208,13.655740297246524,0.2674754767640188,0,71.01554610299411,74.55367223714138,3.5381261341472707,71.01554610299411
447,-0.20169444126900146,12.306137207919594,0.25671059851515066,0,74.67780166579202,78.39542944801542,3.717627782223398,74.67780166579202
448,0.3724713952585307,14.415103594994335,0.4980014654614027,0,84.93861576840325,89.4600757217652,4.521459953361943,84.93861576840325
449,0.05840074504651917,10.43085306094622,0.261523993568648,0,73.35341058372879,77.43517162679392,4.081761043065127,73.35341058372879
450,-1.7224465609465245,11.032495181731138,0.04039332369429166,0,63.62734342572929,65.21591824040416,1.5885748146748657,63.62734342572929
451,0.49413018898607614,12.973211158991903,0.4783576617284962,1,74.61674715695607,79.30852942153658,4.691782264580507,79.30852942153658
452,-1.7202238227158448,9.849433281338834,0.033752339234771424,0,54.41678216187091,56.00846881006873,1.5916866481978174,54.41678216187091
453,-0.3903664628672525,11.022514706393764,0.18177678120281798,0,70.88763861457426,74.34112556656011,3.4534869519858464,70.88763861457426
454,-0.09862282220969408,11.909710169191909,0.269388968117245,1,73.01441191260987,76.87633996151631,3.8619280489064285,76.87633996151631
455,1.5115181913537965,12.848371090318128,0.7622649016603249,1,84.58350004816161,90.69962551605693,6.116125467895315,90.69962551605693
456,0.6890460202418529,11.60849518111184,0.48467149345802435,0,79.85420867983898,84.81887310817757,4.964664428338594,79.85420867983898
457,1.3918588449658773,12.771424601571681,0.7316973803631532,1,78.51480564115599,84.46340802410822,5.948602382952228,84.46340802410822
458,-0.3208464547821071,13.683226215826297,0.27056816225565505,0,74.04881543710262,77.59963040040766,3.55081496330505,74.04881543710262
459,0.43464491913098563,11.37056375150597,0.3971382003055397,0,73.60147977927898,78.20998266606236,4.60850288678338,73.60147977927898
460,0.7348124284803733,15.419049519841172,0.6469281040305794,0,84.91871515763297,89.9474525575055,5.028737399872522,84.91871515763297
461,-0.9056643270851169,12.011034310612875,0.12022354953243071,0,64.9812544667875,67.71332440886835,2.7320699420808365,64.9812544667875
462,0.3368634730758794,10.753506180676894,0.3456174323556253,1,75.39536309680037,79.86697195910659,4.471608862306232,79.86697195910659
463,-0.5122787743324425,10.01967068776831,0.13977005085701813,1,64.28569837191884,67.56850808785342,3.2828097159345804,67.56850808785342
464,-0.6151667860792766,9.280144047747505,0.11263184765972097,0,66.83350195730576,69.97226845679477,3.1387664994890128,66.83350195730576
465,-0.9082661198448067,11.153980787060078,0.10614896235736208,0,68.8048905085917,71.53331794080897,2.728427432217271,68.8048905085917
466,1.272334178082451,14.819984420073274,0.7652381020862994,1,88.2228630284493,94.00413087776472,5.781267849315432,94.00413087776472
467,0.22605400034825673,13.579137475535502,0.4195135815840005,1,76.12327067829291,80.43974627878048,4.31647560048756,80.43974627878048
468,0.27124783001700553,11.00761870722355,0.3363235263942432,1,73.01464878623705,77.39439574826085,4.379746962023808,77.39439574826085
469,0.04033564788681407,12.528566692117776,0.32629075298194665,0,82.79519735246923,86.85166725951078,4.0564699070415395,82.79519735246923
470,-0.056499196018015244,12.40166294369853,0.29601270695661175,0,72.35112415887878,76.27202528445355,3.9209011255747788,72.35112415887878
471,-0.6814734396290503,11.056105963014033,0.13436948021264805,0,63.802591193454035,66.84852837797337,3.04593718451933,63.802591193454035
472,1.2929136399821834,16.83579794072083,0.8219872519675341,1,88.22559306670567,94.03567216268073,5.810079095975057,94.03567216268073
473,1.8920972003905085,14.70456785808685,0.8741160127431385,1,84.7154305828873,91.364366663434,6.6489360805467115,91.364366663434
474,1.8886223809962974,15.295883787024126,0.8837179640702401,1,89.61248007264695,96.25655140604177,6.644071333394816,96.25655140604177
475,1.6873645428690867,15.153731241923163,0.8524317890732677,1,81.93840005111804,88.30071041113476,6.362310360016721,88.30071041113476
476,-0.015654716779811204,13.98019642638471,0.36291441500816607,0,70.62791072692437,74.60599412343264,3.9780833965082643,70.62791072692437
477,1.4514923360561363,13.470464832354878,0.7666766353474941,1,81.46470818518642,87.49679745566502,6.032089270478591,87.49679745566502
478,-0.10043370583388372,13.609163268811379,0.3256170758526979,1,74.25580820642949,78.11520101826206,3.8593928118325627,78.11520101826206
479,1.1233755947558186,14.076622435388463,0.7060920696636165,1,85.61994713466014,91.19267296731829,5.572725832658146,91.19267296731829
480,0.23605981344539026,14.004235065581403,0.43923985789754627,1,73.8941153674871,78.22459910631065,4.330483738823546,78.22459910631065
481,0.0033367010106040767,13.271142183209465,0.34243846438661146,0,75.33166017698554,79.33633155840039,4.004671381414846,75.33166017698554
482,0.5139463510938785,12.381996155342582,0.4609676610284828,0,74.39605664383444,79.11558153536588,4.71952489153143,74.39605664383444
483,0.409570985636039,12.53502227773829,0.43476579010075855,0,74.29297586639008,78.86637524628054,4.573399379890454,74.29297586639008
484,0.666695632095285,10.635799301021631,0.4390785450058481,0,75.9407884384236,80.874162323357,4.933373884933399,75.9407884384236
485,-0.02381341449921474,12.776288272564075,0.3174402094507982,0,76.39436112630746,80.36102234600855,3.9666612197010993,76.39436112630746
486,0.03670849906179016,12.556279855194337,0.32626880823643634,0,69.52417654665908,73.57556844534558,4.051391898686506,69.52417654665908
487,-0.40828313188965293,16.26499459338235,0.33448819696643234,0,75.78884828365709,79.21725189901157,3.428403615354486,75.78884828365709
488,1.372305038233788,15.944463358388932,0.8155516737962076,1,88.03303690806953,93.95426396159684,5.9212270535273035,93.95426396159684
489,0.2893898023647736,12.197179376561067,0.3853942789525396,0,84.85930865979634,89.26445438310702,4.405145723310683,84.85930865979634
490,-0.18510869760701107,10.999304230251798,0.222441074779118,1,74.82282390037544,78.56367172372562,3.7408478233501845,78.56367172372562
491,-0.6845762680310952,12.944978427814142,0.1729984711396667,0,76.73820681432439,79.77980003908085,3.041593224756467,76.73820681432439
492,-0.5565824995088615,12.186943762246482,0.17860651522644896,0,72.15395229022847,75.37473679091607,3.2207845006875937,72.15395229022847
493,0.7187219435512748,12.94097316503776,0.547099476025517,1,73.74382640777101,78.75003712874279,5.006210720971785,78.75003712874279
494,-0.18377472996122357,13.688040965824966,0.30584181182506154,1,75.52888853201526,79.27160391006954,3.742715378054287,79.27160391006954
495,0.5949401280783781,15.540304428055286,0.6106686844119414,1,84.3439644212624,89.17688060057213,4.83291617930973,89.17688060057213
496,1.1301769132008268,13.941595057295064,0.7033655877400019,1,74.29299187172786,79.87523955020902,5.582247678481157,79.87523955020902
497,1.2169526732444227,14.847335351409102,0.7533880709346092,1,85.78536269634998,91.48909643889218,5.703733742542192,91.48909643889218
498,0.07885371466482684,14.959703893818425,0.42852289998348214,1,77.09251906396197,81.20291426449273,4.110395200530758,81.20291426449273
499,0.0430628051328452,15.386614025903977,0.43430371310923727,0,76.28592266395233,80.34621059113832,4.060287927185983,76.28592266395233
500,-0.27521484806365626,14.194403919619809,0.29882195106182047,1,79.85078159401547,83.46548080672635,3.6146992127108812,83.46548080672635
501,-0.17380343109846802,14.092277324833955,0.3224599076194668,0,73.58794163674796,77.3446168332101,3.7566751964621448,73.58794163674796
502,0.6512367323730606,10.597877576199705,0.4328350003238211,0,79.42285804497283,84.33458947029511,4.911731425322285,79.42285804497283
503,-1.2766473351472918,13.027536053735826,0.09183743461710903,0,67.45270889271062,69.6654026235044,2.2126937307937915,67.45270889271062
504,-0.4682532352981206,11.76804847705511,0.1850608455008883,0,74.16435969153721,77.50880516211984,3.344445470582631,74.16435969153721
505,-0.8764799120764066,14.134297986787924,0.16601846950070065,0,70.32474721029067,73.09767533338369,2.7729281230930307,70.32474721029067
506,-0.18370628185159035,14.89402332221347,0.348284346044506,1,75.01074357309872,78.7535547785065,3.7428112054077736,78.7535547785065
507,-1.5333667223332323,13.666456106077979,0.07515486671224478,0,66.78755140933998,68.64083799807347,1.853286588733475,66.78755140933998
508,-0.8488444491767924,10.210010201714919,0.09908311797128971,0,64.93515974776878,67.74677751892126,2.811617771152491,64.93515974776878
509,1.786409668864117,16.32709380638163,0.8874891959935867,1,88.48517310008184,94.9861466364916,6.500973536409763,94.9861466364916
510,-1.1949548601616673,11.81647974403962,0.08447385712783939,0,68.68796453904055,71.01502773481421,2.3270631957736656,68.68796453904055
511,2.334078616275493,16.82122365756613,0.944222646427761,1,90.76241742040517,98.03012748319087,7.2677100627856905,98.03012748319087
512,0.28610682217004235,15.06088748998894,0.496843923444842,1,80.93547040936521,85.33601996040326,4.4005495510380594,85.33601996040326
513,1.8509369771329316,17.161497725895504,0.9071658614854196,1,92.86272252427833,99.45403429226442,6.591311767986104,99.45403429226442
514,-1.0966176502457912,10.076720733085331,0.07320309541366771,0,61.55941803577628,64.02415332543218,2.4647352896558923,61.55941803577628
515,-0.7837376759490923,11.56037626740584,0.12897951613085243,1,69.06744305616996,71.97021030984124,2.902767253671271,71.97021030984124
516,-0.16317068054208314,14.122829857710164,0.32644447246574576,1,81.71566415036413,85.48722519760521,3.7715610472410837,85.48722519760521
517,1.044427033925791,13.891442136048665,0.678778628899564,1,84.56912663614428,90.03132448364039,5.462197847496108,90.03132448364039
518,0.5772180843584067,10.542936282090063,0.408152628476436,1,72.58067878987785,77.38878410797962,4.808105318101769,77.38878410797962
519,-0.11314571805617211,13.253155184747522,0.3098271915110602,0,79.68665734654478,83.52825334126614,3.841595994721359,79.68665734654478
520,-0.1536887453843521,15.158875220248746,0.3666324865201731,0,74.55741852608288,78.34225428254479,3.784835756461907,74.55741852608288
521,0.3736425537401487,11.528067065108129,0.3849817344177872,0,72.76769950090561,77.29079907614181,4.523099575236208,72.76769950090561
522,-0.1909041348240403,14.629219435365114,0.33671786498222533,0,76.43022066853992,80.16295487978626,3.7327342112463437,76.43022066853992
523,1.0879919691237285,14.649355010950226,0.7158333981123572,1,90.44927251796867,95.97246127474189,5.523188756773219,95.97246127474189
524,-0.06337828575589682,13.77051720873365,0.3416521997227048,0,72.97334210747401,76.88461250741575,3.9112703999417446,72.97334210747401
525,1.593525189837989,13.49709486864575,0.7976129765884467,1,83.53856745264167,89.76950271841486,6.2309352657731845,89.76950271841486
526,0.34360009746049186,14.562278863066346,0.4948663653809428,1,79.38515214958221,83.8661922860269,4.481040136444689,83.8661922860269
527,-1.2885423053486056,11.429570257924635,0.0716279877072265,0,64.56887929782053,66.76492007033248,2.196040772511952,64.56887929782053
528,0.4141542077900802,14.08993878420304,0.49802075164069237,1,83.65648607521432,88.23630196612044,4.579815890906112,88.23630196612044
529,0.836066549632054,13.646400847161535,0.6102842779651577,1,72.92761447059301,78.09810764007788,5.1704931694848755,78.09810764007788
530,0.05448370274133969,12.093806796579733,0.3149913507914559,1,75.27528796673305,79.35156515057092,4.076277183837876,79.35156515057092
531,1.5461917583801144,12.303835123613691,0.7542396567028621,1,75.989132039362,82.15380050109417,6.16466846173216,82.15380050109417
532,1.1443314444575992,13.840784359490735,0.7036916865143286,1,84.52825193668828,90.13031595892892,5.602064022240639,90.13031595892892
533,-0.7343372317968611,12.122433946065025,0.1469993545305956,0,63.22886723460834,66.20079511009273,2.9719278754843943,63.22886723460834
534,-0.4597063480488144,12.930547223489924,0.21657382008496945,1,67.92982843128434,71.286239544016,3.35641111273166,71.286239544016
535,0.7952424312132738,15.62812413252577,0.6714064027016954,1,81.76280449002546,86.87614389372405,5.113339403698583,86.87614389372405
536,-0.6204391847913193,12.223977382925787,0.16802178685188973,0,68.21944162584472,71.35082676713688,3.131385141292153,68.21944162584472
537,-0.7046456641904307,12.329210025452014,0.15602146390765545,0,61.09081069681072,64.10430676694412,3.013496070133397,61.09081069681072
538,0.1191358446241866,14.649296463096274,0.42869126434779153,1,74.09941579735788,78.26620597983174,4.166790182473862,78.26620597983174
539,-0.5324294530314233,12.435955478904278,0.18911300775812584,1,70.56611420077274,73.82071296652876,3.2545987657560076,73.82071296652876
540,0.755535964267997,15.402763935526815,0.6522314213568814,1,83.22422885926342,88.28197920923861,5.057750349975196,88.28197920923861
541,1.2615184242006605,16.093303426310424,0.797675104502822,1,85.71537338871434,91.48149918259526,5.766125793880924,91.48149918259526
542,-2.0023538642784375,10.361383792888326,0.025954299995288282,0,58.59010602529848,59.78681061530867,1.1967045900101878,58.59010602529848
543,-0.8379844115052331,9.643679529181338,0.09241551438808873,1,65.23578458107555,68.06260640496822,2.826821823892674,68.06260640496822
544,0.13279518745523985,15.350694228592001,0.4606080706363398,0,84.54188828153025,88.72780154396759,4.185913262437336,84.54188828153025
545,0.6246686146633994,15.572120309541388,0.6206657660405281,0,80.7638769989925,85.63841305952126,4.874536060528759,80.7638769989925
546,0.5138453951607125,11.916406281944223,0.4424885998059546,0,80.62513723536914,85.34452078859414,4.719383553224997,80.62513723536914
547,-0.013910921374999764,16.19772012250448,0.44874234500167,0,78.99005693299104,82.97058164306604,3.9805247100750005,78.99005693299104
548,-1.1987498551647335,13.227280054804938,0.1032084693993979,0,61.192617974966446,63.51436817773582,2.321750202769373,61.192617974966446
549,-0.8799985357150008,9.100272739128389,0.0813641879865003,0,66.07668400949333,68.84468605949233,2.768002049998999,66.07668400949333
550,-0.49609668432459764,11.523720423818155,0.17417453370001676,0,67.24327120337898,70.54873584532454,3.305464641945563,67.24327120337898
551,-1.0132668061235641,10.29494522825827,0.08321905059899097,1,72.20382657334636,74.78525304477337,2.5814264714270103,74.78525304477337
552,-0.12492381665313082,14.372114306139686,0.3460117882612088,0,71.55725130176717,75.38235795845279,3.825106656685617,71.55725130176717
553,-0.4766823631610744,13.175599656520912,0.21964145694882717,0,66.78166067284685,70.11430536442136,3.332644691574496,66.78166067284685
554,-0.8374762427516443,12.457946337563428,0.1378130714479302,1,61.23925063939709,64.06678389954479,2.827533260147698,64.06678389954479
555,-1.3671701475722808,11.578324613792889,0.06683028465363287,1,58.699226831899196,60.785188625298005,2.0859617933988073,60.785188625298005
556,0.42446360256129595,14.617014782224611,0.522310642106616,0,79.63545071548896,84.22969975907478,4.5942490435858145,79.63545071548896
557,-1.1309360342331145,10.164118209237346,0.07126546281179502,0,66.42880944529925,68.84549899737289,2.41668955207364,66.42880944529925
558,-1.5751471285277991,11.611493978262132,0.05259553495167093,0,60.48876849329349,62.283562513354575,1.7947940200610812,60.48876849329349
559,-0.1106338874670137,14.69237406591906,0.36181099835961755,1,73.91670851681697,77.76182107436316,3.8451125575461806,77.76182107436316
560,-1.045366224622668,11.759428313017533,0.09928456533230239,0,64.77464197826744,67.3111292637957,2.5364872855282647,64.77464197826744
561,1.8418303762999728,14.708964452288862,0.8671190059156958,1,88.75706701744363,95.3356295442636,6.578562526819962,95.3356295442636
562,-0.5209686169934439,11.877648379793579,0.17787856301703223,0,68.99128028727677,72.26192422348595,3.2706439362091784,68.99128028727677
563,-2.7635270344526712,11.263483089676704,0.011748037313390226,0,50.38819847684861,50.519260628614866,0.13106215176626046,50.38819847684861
564,-1.6202312834173294,11.19827120384844,0.04681676857081118,0,64.10711089791214,65.83878710112788,1.7316762032157391,64.10711089791214
565,-0.11051073468621718,12.572114570182526,0.28769606810997495,0,72.57781948850925,76.42310445994855,3.845284971439296,72.57781948850925
566,0.24803658373508825,13.37956587298969,0.4184295134270945,0,74.53574460988733,78.88299582711646,4.3472512172291236,74.53574460988733
567,1.0624747178298006,13.428449250420991,0.6674435677718236,1,77.53326838477804,83.02073298973976,5.487464604961721,83.02073298973976
568,1.184121792908587,14.139744881733241,0.7236243518242128,0,86.43313334925476,92.09090385932679,5.657770510072021,86.43313334925476
569,0.4423200740474721,12.519605959984801,0.44424213205343266,0,77.95109125350443,82.5703393571709,4.619248103666461,77.95109125350443
570,2.134476106852544,15.212584660927599,0.9106915932384454,1,86.92825679765737,93.91652334725093,6.988266549593561,93.91652334725093
571,-1.1830587750678967,11.181704464216581,0.07800615927473362,0,62.23343561135577,64.57715332626071,2.343717714904945,62.23343561135577
572,-0.21705096122752052,10.964580077885206,0.21467356685836686,0,64.68060886626968,68.37673752055115,3.6961286542814715,64.68060886626968
573,0.8041777178637275,14.078937300334333,0.61724055498388,1,80.15083904258358,85.2766878475928,5.125848805009218,85.2766878475928
574,-1.0765333381166668,12.768142414722277,0.11078340201917031,0,67.43751742561379,69.93037075225045,2.4928533266366664,67.43751742561379
575,-0.9277851290410887,10.086136893284596,0.08899651521738411,1,57.99459246056303,60.695693279905505,2.701100819342476,60.695693279905505
576,1.6334407436006388,15.32515827118964,0.8473319084654842,1,94.00456454102171,100.2913815820626,6.286817041040894,100.2913815820626
577,-0.7933264502206261,11.773161801073185,0.13147813754895588,1,63.88722953961383,66.77657250930496,2.8893429696911235,66.77657250930496
578,-0.021581972617182244,12.109272558374252,0.29535963086333467,0,63.239469983258125,67.20925522159408,3.9697852383359447,63.239469983258125
579,1.1139403021791998,13.677967479419552,0.6901670042305813,0,83.8364731394937,89.39598956254459,5.55951642305088,83.8364731394937
580,1.587371066714199,13.442862113479528,0.794957563923404,1,86.50683502044042,92.7291545138403,6.222319493399878,92.7291545138403
581,-1.4236225973926724,11.764759140622465,0.06433421237300771,0,65.27001719122178,67.27694555487204,2.0069283636502586,65.27001719122178
582,1.6305005337609493,16.37112632777307,0.8673243839008241,1,91.35085014801275,97.63355089527808,6.282700747265329,97.63355089527808
583,-1.024542995374353,13.043206321543705,0.12198498486034812,0,69.90696519974225,72.47260500621815,2.5656398064759056,69.90696519974225
584,0.4239186378106449,13.302054006053337,0.46959429830669536,1,71.63631429417666,76.22980038711157,4.593486092934903,76.22980038711157
585,0.7137971360603687,14.551130049059225,0.6083608258991856,0,68.93916915670921,73.93848514719373,4.999315990484516,68.93916915670921
586,-0.7324193817788067,11.172076566694987,0.1292066112407359,0,63.97870289381917,66.95331575932885,2.9746128655096706,63.97870289381917
587,1.5319820493040808,14.292024698183663,0.8056050214441951,0,85.54167445665517,91.68644932568088,6.144774869025714,85.54167445665517
588,-0.16437473353020995,14.440158326512497,0.3373685311409668,0,71.85933359878169,75.62920897183939,3.769875373057706,71.85933359878169
589,1.4930827054842586,11.70790834120876,0.7230454593111934,1,78.58245822111773,84.6727740087957,6.090315787677962,84.6727740087957
590,-0.05848463365095062,12.974242214101722,0.31491783039079724,0,65.83977338719711,69.75789490008579,3.918121512888669,65.83977338719711
591,-0.18525903102489352,12.945045931801618,0.2808263294163332,0,73.55169916362163,77.29233652018678,3.740637356565149,73.55169916362163
592,1.4167532614169787,13.732992629226558,0.7664226326541973,1,78.48524216769451,84.46869673367829,5.98345456598377,84.46869673367829
593,-0.5532271648431648,9.962030888585433,0.13266374860383723,0,66.60486535217188,69.83034732139146,3.2254819692195693,66.60486535217188
594,2.3091823690888162,16.19032018706207,0.9368451991847477,1,96.87490433737267,104.10775965409701,7.232855316724343,104.10775965409701
595,0.23847972355750793,14.10534703100479,0.4439750449621885,0,77.73671807618298,82.0705896891635,4.333871612980511,77.73671807618298
596,0.98235097709381,14.59842652646352,0.6864741949151439,1,84.31631882720181,89.69161019513315,5.375291367931334,89.69161019513315
597,-0.9711080537647545,9.0,0.07216591626312967,0,64.24286593917026,66.8833146638996,2.6404487247293438,64.24286593917026
598,-1.2922565902172032,10.928826042920457,0.06619216497408413,0,60.037631034514426,62.228471808210344,2.190840773695916,60.037631034514426
599,-0.2746785212153565,15.057885299533746,0.3286965018745698,0,76.3917505790657,80.00720064936421,3.615450070298501,76.3917505790657
600,-0.023850084070932514,12.074449779951522,0.29361300662941275,0,73.70248642561931,77.66909630792,3.9666098823006943,73.70248642561931
601,-1.0308731493824068,9.87275506017146,0.07663642143841427,1,67.12081283291482,69.67759042377945,2.5567775908646304,69.67759042377945
602,-0.2551330478624794,12.588190597139906,0.2525976387417986,0,69.7596769111715,73.40249064416402,3.6428137329925288,69.7596769111715
603,1.6934256692140948,15.184862451618939,0.8540044270612901,1,86.88432452295294,93.25512045985266,6.370795936899732,93.25512045985266
604,-0.3366684510962985,14.782829659313588,0.30246590826308817,1,77.06926359014435,80.59792775860953,3.5286641684651823,80.59792775860953
605,-0.7190641038270482,9.818732499033377,0.10833782973218815,0,59.78462120502784,62.77793145966997,2.9933102546421324,59.78462120502784
606,-0.11525157406723388,13.110735473435302,0.30441807546916233,0,69.15501513716939,72.99366293347526,3.8386477963058727,69.15501513716939
607,1.1900427050882092,14.901477895948393,0.7487186111776358,1,83.1598860737241,88.82594586084758,5.666059787123492,88.82594586084758
608,-0.9601312425717905,11.330920544587501,0.1027333061250672,0,69.46593336984039,72.12174963023988,2.6558162603994937,69.46593336984039
609,-1.5021653810973505,12.456878572346959,0.06509445372587323,0,67.67185935229742,69.56882781876112,1.8969684664637092,67.67185935229742
610,0.0885248382242051,11.431480750209799,0.30147012341097756,0,75.67963848594826,79.80357325946214,4.123934773513887,75.67963848594826
611,1.815242215221682,15.055257068206554,0.8696529709334476,1,88.51885784949202,95.06019695080238,6.541339101310355,95.06019695080238
612,0.49136088651785065,15.205287092254961,0.5663678151748169,0,85.36337681579658,90.05128205692158,4.687905241124991,85.36337681579658
613,-1.173792895138073,13.559420204706871,0.11127988048221088,0,67.50745584751712,69.86414579432382,2.356689946806698,67.50745584751712
614,-1.1810857482783508,13.531232312408308,0.10993942250983511,0,70.52142226625217,72.86790221866248,2.3464799524103093,70.52142226625217
615,0.5728699063512971,13.917988912102803,0.5406514742409061,1,79.75047583699207,84.55249370588388,4.802017868891816,84.55249370588388
616,0.07951525603737152,14.828164635034502,0.42357867544301037,0,74.74171058915903,78.85303194761134,4.1113213584523205,74.74171058915903
617,-0.6430021676547077,12.776194561698848,0.17659901722771912,0,61.91245481126771,65.01225177655111,3.099796965283409,61.91245481126771
618,0.747584991152752,14.094524191632024,0.6009931877600841,1,88.2476566563247,93.29427564393855,5.0466189876138525,93.29427564393855
619,-0.1167269318827132,14.176548453709158,0.34126525073672737,1,85.06644652371038,88.90302881907458,3.8365822953642015,88.90302881907458
620,-0.5128418244536959,11.602819236644343,0.17298739549641176,0,69.50842919754933,72.79045064331416,3.282021445764826,69.50842919754933
621,0.3993537452890414,13.787473785672908,0.48130571508902886,0,79.00338687658491,83.56248211998957,4.559095243404657,79.00338687658491
622,-0.7218083500861621,12.834061007829256,0.16399335178529786,0,66.18821691610631,69.17768522598568,2.9894683098793733,66.18821691610631
623,0.63985238018394,12.050521072148488,0.48697765735531867,1,69.86642548017974,74.76221881243725,4.895793332257516,74.76221881243725
624,0.3254651469832927,12.089446316686537,0.39201331986305155,0,78.73032718706364,83.18597839284024,4.45565120577661,78.73032718706364
625,-0.17000838365898327,13.61707685998603,0.30708597292062506,0,73.20827356021161,76.97026182308903,3.7619882628774235,73.20827356021161
626,0.5342787542234388,11.036426994597925,0.41427430930603076,0,71.93079515750966,76.67878541342247,4.747990255912814,71.93079515750966
627,-0.5756772799430626,13.535996021210169,0.20852534965267655,0,68.88798935300326,72.08204116108297,3.1940518080797125,68.88798935300326
628,2.0649953120368165,15.995566118808165,0.913767948595204,1,91.76174877430807,98.65274221115962,6.890993436851543,98.65274221115962
629,-0.9067447487695538,10.398140193165128,0.0953728860678659,0,68.20474507203026,70.93530242375289,2.7305573517226245,68.20474507203026
630,-1.6224109400186641,12.333254109284919,0.05547796940405287,0,67.3923813402932,69.12100602426707,1.7286246839738704,67.3923813402932
631,1.0257875327495796,12.975662686408004,0.6406854535955856,1,79.16317312798394,84.59927567383335,5.436102545849411,84.59927567383335
632,-0.5137820995055796,13.196040884382025,0.21234278947101262,0,74.86436902432757,78.14507408501976,3.2807050606921884,74.86436902432757
633,-0.5120332545686723,14.291814636435936,0.24354317432013162,0,73.1781826469604,76.46133609056426,3.283153443603859,73.1781826469604
634,0.42537366636976814,15.461749177317666,0.5561612504779483,1,89.91841551399114,94.51393864690881,4.595523132917675,94.51393864690881
635,-0.7878873990158832,12.096562722766127,0.13830866774166328,0,71.79955854109275,74.69651618247052,2.896957641377764,71.79955854109275
636,0.8042765598587593,15.76722123595961,0.6787647971409335,0,82.49468833479926,87.62067551860153,5.125987183802263,82.49468833479926
637,-1.97541141811025,12.768068926205434,0.038926589480572746,0,70.63610438034146,71.87052839498712,1.2344240146456502,70.63610438034146
638,-0.333796976904854,12.470563025602534,0.23112741339925583,0,72.62415452611717,76.15683875845038,3.5326842323332044,72.62415452611717
639,1.8711990848349167,13.703983157511185,0.8521590509037006,1,86.41492490289832,93.0346036216672,6.619678718768883,93.0346036216672
640,-1.2431975579953414,10.223505761457607,0.06307752442440145,0,66.97360961018887,69.2331330289954,2.259523418806522,66.97360961018887
641,0.3803648885451726,13.413225746198217,0.46047569251926473,1,76.11179057958165,80.64430142354489,4.532510843963242,80.64430142354489
642,1.2880607241974478,13.345047424351607,0.7241784004364896,1,78.77609153671789,84.57937655059432,5.803285013876427,84.57937655059432
643,-1.1106073795444238,12.24436809766545,0.09893089926831562,0,65.73904828532274,68.18419795396055,2.4451496686378067,65.73904828532274
644,1.8759689366368455,13.789718909900001,0.8546212765767491,1,80.33023698073926,86.95659349203085,6.626356511291584,86.95659349203085
645,-0.3568577743688133,9.852430803754414,0.16115175851838986,1,64.18963094364882,67.69003005953249,3.5003991158836616,67.69003005953249
646,-0.546851188759449,12.321134372015356,0.1835943741048482,0,74.60803804342184,77.84244637915862,3.2344083357367714,74.60803804342184
647,-1.135670543681462,10.430034425631858,0.07372817830296151,0,67.60994022217912,70.02000146102507,2.4100612388459535,67.60994022217912
648,-0.42769985846981107,12.548045911104754,0.21299976622147768,0,76.74910201120592,80.15032220934819,3.4012201981422647,76.74910201120592
649,1.6739404835226852,13.239320471907067,0.8070129893854515,1,86.48031531366243,92.82383199059419,6.34351667693176,92.82383199059419
650,0.2793970977618332,13.054174809229231,0.4153029348513178,1,75.94812885581072,80.33928479267729,4.391155936866566,80.33928479267729
651,-0.8225595193304865,11.893652650871271,0.1295193798215357,0,66.24311514461439,69.09153181755171,2.8484166729373186,66.24311514461439
652,-0.3720366237860415,10.481983476950683,0.1725119119145367,0,64.13921434395007,67.61836307064962,3.479148726699542,64.13921434395007
653,-1.1231814220932446,9.854895779162089,0.06867689438189889,0,72.17365084970646,74.60119685877592,2.4275460090694576,72.17365084970646
654,-0.9283707133764795,11.631150273567899,0.1111073772134263,1,69.40492371893262,72.10520472020555,2.700281001272929,72.10520472020555
655,-0.9357232138799043,10.567397977853043,0.09458706906071437,1,70.36580243939441,73.05578993996255,2.689987500568134,73.05578993996255
656,-2.9140700741608354,9.0,0.006809609562362366,0,52.07651389986021,51.99681579603504,-0.0796981038251694,52.07651389986021
657,0.01796892828327408,11.11963128628291,0.2732098040936565,0,74.27272756208237,78.29788406167896,4.025156499596584,74.27272756208237
658,1.19643492313686,12.562917389507607,0.6738412748847056,1,81.40613799013487,87.08114688252647,5.675008892391604,87.08114688252647
659,-1.1341991400715983,11.568310939434614,0.08731893366918603,0,62.228422772972294,64.64054397687205,2.412121203899763,62.228422772972294
660,0.21610525152019616,12.651111033533063,0.3809092597526598,0,73.30761583024756,77.61016318237583,4.302547352128275,73.30761583024756
661,-0.6187384361541329,15.008319005350248,0.24010717739018053,0,75.34736125889218,78.4811274482764,3.1337661893842137,75.34736125889218
662,0.1653701921562296,11.86671630078076,0.3374647616036629,0,80.04945577199571,84.28097404101443,4.231518269018721,80.04945577199571
663,1.3996730787988605,14.356634006036602,0.7801692222561305,0,84.41277769262427,90.37232000294267,5.959542310318405,84.41277769262427
664,1.3683662973391653,14.330503466877694,0.7726505167910985,0,85.71427965666462,91.62999247293945,5.915712816274831,85.71427965666462
665,-0.8127865318037465,12.307413090041877,0.13862027552556186,0,66.06979506315605,68.9318939186308,2.862098855474755,66.06979506315605
666,0.6761618016466191,16.205780188344917,0.6588395380370868,1,80.42828261803207,85.37490914033734,4.946626522305267,85.37490914033734
667,0.0049948308178361924,10.347633123698794,0.24635735572606565,0,75.27609960025163,79.28309236339659,4.006992763144971,75.27609960025163
668,-1.0418283200917582,12.464410074683457,0.11027062339362653,0,64.01919759376582,66.56063794563737,2.5414403518715387,64.01919759376582
669,-0.2657800117642323,12.768614361327538,0.2555463641829619,0,69.79204766392778,73.41995564745785,3.6279079835300747,69.79204766392778
670,-0.7599349730557904,11.77176326414391,0.1362918248072716,0,67.19063627573688,70.12672731345877,2.9360910377218934,67.19063627573688
671,-0.7928688277625386,12.274435955656376,0.14097974404025929,1,59.77131460217704,62.66129824330949,2.8899836411324458,62.66129824330949
672,-1.542313780182243,10.532997323361315,0.0464147003554366,0,56.55153659424517,58.392297301990034,1.84076070774486,56.55153659424517
673,0.3780545538022437,12.677024712446189,0.43067251115536304,1,73.31112994635252,77.84040632167566,4.529276375323141,77.84040632167566
674,-0.29665611574885536,13.345017832280465,0.2658819777054566,0,76.17494408664388,79.75962552459548,3.5846814379516023,76.17494408664388
675,-0.40067144888471423,13.243775864232218,0.2383339846302812,1,66.00026315835805,69.43932312991946,3.4390599715614,69.43932312991946
676,0.40931072584024275,11.977919713465136,0.41292310017852074,0,68.16640072313695,72.73943573931328,4.573035016176339,68.16640072313695
677,0.08578552502320703,13.555056421036783,0.3766107255818843,1,70.77160063012263,74.89170036515512,4.12009973503249,74.89170036515512
678,0.521687722508817,13.403670712441698,0.5041741448067529,1,71.88064660716557,76.61100941867792,4.730362811512344,76.61100941867792
679,-0.3879375253964089,14.19436109410834,0.2701574021024289,0,77.05890187063463,80.51578933507966,3.4568874644450274,77.05890187063463
680,0.6444620312993103,13.271248916797433,0.5371756097911223,0,75.85286152078508,80.75510836460411,4.902246843819034,75.85286152078508
681,-0.852238427988651,10.822351928538373,0.10777027826011051,1,69.82526867047757,72.63213487129346,2.8068662008158887,72.63213487129346
682,-0.24647583169136097,12.752008288309426,0.25965288609902953,0,67.42045482517264,71.07538866080473,3.654933835632095,67.42045482517264
683,0.04536852112068335,13.374186432930673,0.35814614244901094,0,72.18382284020066,76.24733876976961,4.063515929568957,72.18382284020066
684,-1.7558049876663424,13.368457653464052,0.055419834305902804,0,58.95020422506691,60.492077242334034,1.541873017267121,58.95020422506691
685,1.0720569903071024,13.542035017885256,0.6741019681329887,1,81.01242072005951,86.51330050648946,5.500879786429943,86.51330050648946
686,-0.8697472086486865,13.603500029538077,0.1556937948792351,0,62.636986849030556,65.4193407569224,2.7823539078918387,62.636986849030556
687,-0.6696184473510541,13.104312433311948,0.1794124784139424,0,65.32321184335615,68.38574601706468,3.0625341737085243,65.32321184335615
688,0.8917669686769057,12.126782027795645,0.5683184710754785,1,78.33939680270842,83.58787055885608,5.248473756147668,83.58787055885608
689,0.2968940202588064,13.01701689848667,0.41917530236668493,1,76.73034704754518,81.1459986759075,4.415651628362329,81.1459986759075
690,-0.0152451747752596,12.742826823471896,0.31860193887812016,0,67.84806530480631,71.82672206012094,3.9786567553146366,67.84806530480631
691,-0.4744725330443662,10.593753135421997,0.15734852821573903,1,59.994680702989065,63.330419156726954,3.3357384537378874,63.330419156726954
692,1.3531865559480853,13.789401652787394,0.7535780822900914,0,81.14494409457005,87.03940527289737,5.894461178327319,81.14494409457005
693,-0.32107836907892917,12.792571943980096,0.2433248870138593,0,79.78850148035757,83.33899176364707,3.5504902832894993,79.78850148035757
694,-1.4477891842958537,10.83205082323924,0.05434072681259788,1,65.21537574986576,67.18847089185157,1.9730951419858052,67.18847089185157
695,-1.0362688607912494,12.279944993143681,0.10807613174639116,0,65.9455242656567,68.49474786054896,2.549223594892251,65.9455242656567
696,0.2636985421318286,15.142298868833747,0.4930981875769165,1,82.65233719287308,87.02151515185764,4.36917795898456,87.02151515185764
697,-0.10807024723149547,11.825000270391143,0.2644263777354234,0,69.03516724794713,72.88386890182304,3.8487016538759065,69.03516724794713
698,-0.9280283227101194,11.775219226683225,0.1134474842553317,0,65.80353442337041,68.50429477157624,2.700760348205833,65.80353442337041
699,0.5266551761382248,14.859212269330317,0.5636018218373195,0,74.76589171135704,79.50320895795056,4.7373172465935145,74.76589171135704
700,0.2872950252507928,12.805385475246329,0.4080531192085529,1,75.9416330433296,80.34384607868071,4.40221303535111,80.34384607868071
701,-0.952985829626848,10.486453637065948,0.09167107178189633,0,66.08469728108362,68.75051711960603,2.665819838522413,66.08469728108362
702,1.340674673041795,15.973052315902114,0.8102340539999449,1,86.76032479699802,92.63726933925653,5.876944542258513,92.63726933925653
703,0.4421022725318529,13.582648793313163,0.4864662185407843,1,79.48006263928782,84.09900582083242,4.618943181544594,84.09900582083242
704,0.40483090115654674,13.406250759126026,0.4678042951893513,1,77.60896136813919,82.17572462975835,4.566763261619165,82.17572462975835
705,0.308457656871945,13.037892978033803,0.42351386110736833,1,76.22215432636771,80.65399504598844,4.431840719620723,80.65399504598844
706,-0.24225144877387617,11.86464275470731,0.23424916668397222,0,63.6887321597229,67.34958013143948,3.6608479717165734,63.6887321597229
707,0.37092639397710125,13.422086078659346,0.45789787310240726,1,76.65894801326189,81.17824496482983,4.5192969515679415,81.17824496482983
708,-2.331256985515704,11.66517569019751,0.021297393663759354,0,54.26313473192684,54.99937495220485,0.7362402202780145,54.26313473192684
709,-1.092200455791928,11.117637612638182,0.0857687715988715,0,74.10538778609371,76.57630714798502,2.470919361891301,74.10538778609371
710,-0.0734102297012284,15.617168150075008,0.4078124793866907,0,73.77686170434416,77.67408738276244,3.8972256784182804,73.77686170434416
711,1.133104852637035,13.615856895750019,0.6931565449454646,1,83.73563133269283,89.32197812638468,5.586346793691849,89.32197812638468
712,0.0679715404908217,12.110932645408232,0.31923571847867954,1,74.34318332141935,78.4383434781065,4.09516015668715,78.4383434781065
713,0.3161163006743979,13.552180352936825,0.4460840019574557,1,70.29438365913914,74.7369464800833,4.442562820944157,74.7369464800833
714,0.6351513944852695,13.865843716910167,0.5578582184240751,0,76.62707074331848,81.51628269559787,4.8892119522793775,76.62707074331848
715,0.6016526984588967,18.031859316111127,0.7020676592156391,1,84.322332280578,89.16464605842044,4.842313777842455,89.16464605842044
716,-0.07774105867129148,13.87783897065554,0.34147633294223895,1,74.26000029840957,78.15116281626976,3.891162517860192,78.15116281626976
717,-0.3837203190560319,11.803001052409845,0.20243084389426455,0,63.09037504570019,66.55316659902175,3.4627915533215554,63.09037504570019
718,-1.7673098613686007,10.80210620755471,0.03694072599052506,0,65.16922404735575,66.69499024143971,1.525766194083959,65.16922404735575
719,1.5799724327781084,13.891033248932187,0.8049510414257439,1,92.62283408024562,98.83479548613498,6.211961405889351,98.83479548613498
720,0.41603261693183924,12.284931652401616,0.4269343166749081,0,74.31286468227407,78.89531034597864,4.582445663704575,74.31286468227407
721,-0.5576571854019905,12.626299061498425,0.18894749330438843,1,77.60118794856501,80.82046788900223,3.219279940437213,80.82046788900223
722,0.21732750782932467,12.510957672879135,0.37599386165235155,1,66.3815459012294,70.68580441219045,4.304258510961055,70.68580441219045
723,-1.0942535595968614,11.141576189534703,0.08586792061015333,0,63.05105791502521,65.5191029315896,2.4680450165643943,63.05105791502521
724,1.6417551474731782,16.144508388127107,0.8647499703338745,1,83.10475223880843,89.40320944527087,6.29845720646245,89.40320944527087
725,0.5083080351318445,14.876606984343761,0.5586394506208535,1,78.87357617676975,83.58520742595432,4.711631249184582,83.58520742595432
726,1.0541126330314394,13.603753147835295,0.6713376527221192,1,82.32263323773726,87.79839092398127,5.475757686244015,87.79839092398127
727,1.6697445071273116,14.478286028463227,0.8353056533685378,1,91.14782176270334,97.48546407268158,6.337642309978236,97.48546407268158
728,-1.325243425443588,10.02781705430323,0.055613814056579704,0,61.33005976376449,63.47471896814346,2.1446592043789767,61.33005976376449
729,1.4739136373527064,14.265078357043047,0.7932789431954909,0,75.94899662140843,82.01247571370222,6.063479092293789,75.94899662140843
730,1.3567979540558992,15.62402656038442,0.8046856971274947,1,85.20671242281841,91.10622955849666,5.899517135678259,91.10622955849666
731,-0.08107218147155244,12.299134380584722,0.28628851010871625,0,72.40626426356593,76.29276320950575,3.8864989459398265,72.40626426356593
732,-1.1386577606084742,14.192931338360339,0.1264792980139636,0,71.49630475954635,73.90218389469449,2.405879135148136,71.49630475954635
733,0.42052726554455955,14.744618823614715,0.526175571403763,1,75.74275432985186,80.33149250161425,4.588738171762383,80.33149250161425
734,0.8459443211987473,11.078543693314959,0.5124967449986594,1,72.73180836980688,77.91613041948513,5.184322049678246,77.91613041948513
735,-0.28996026079464376,14.305975177603711,0.2987003629724302,1,73.2217246189429,76.8157802538304,3.5940556348874986,76.8157802538304
736,2.0586507677937167,17.549735993140963,0.9309433483292172,1,94.03123103630881,100.91334211122002,6.882111074911203,100.91334211122002
737,-0.9791290577069197,11.634191990951683,0.10503973593225668,0,60.2663050437517,62.895524362962014,2.6292193192103124,60.2663050437517
738,-0.7999608949871496,11.110939309968158,0.11897204266604322,0,62.128252442521955,65.00830718953995,2.880054747017991,62.128252442521955
739,2.563020487881553,15.94054191970622,0.9513977464892936,1,96.17531548219898,103.76354416523316,7.588228683034174,103.76354416523316
740,0.8087842316586923,14.308931386789109,0.6272434720399377,1,75.99473173224617,81.12702965656834,5.132297924322169,81.12702965656834
741,0.20471804881217323,13.017083447430679,0.3914147915288126,0,78.65325404823707,82.93985931657411,4.286605268337042,78.65325404823707
742,-1.7105274006396236,13.10658793159087,0.056194289852834735,0,62.020063602949094,63.62532524205362,1.6052616391045271,62.020063602949094
743,-0.5141044785757858,12.741660896983174,0.2003729815169774,0,80.06657614593693,83.34682987593084,3.2802537299939,80.06657614593693
744,-1.682283087644829,12.383133489194337,0.05207687073734559,0,56.77543654128772,58.42024021858496,1.6448036772972396,56.77543654128772
745,-1.8909024117335314,9.768314790488127,0.027101316357070904,0,59.60455871941064,60.9572953429837,1.3527366235730565,59.60455871941064
746,-0.8815015766292834,13.515326427374077,0.15194527530628057,0,71.25753482670262,74.02343261942163,2.765897792719003,71.25753482670262
747,-0.1500032618277589,14.449914411419737,0.34174719958742267,0,69.31867697648775,73.10867240992889,3.7899954334411374,69.31867697648775
748,-0.47793850605433175,11.71429613027431,0.18195830321946868,0,64.4998962786104,67.83078237013433,3.3308860915239356,64.4998962786104
749,-0.1223425074876772,13.17033171549152,0.3045603318566724,0,72.89418765536922,76.72290814488647,3.8287204895172517,72.89418765536922
750,0.5844258301134788,16.283036948222684,0.6354844012778361,0,79.94816380415308,84.76635996631195,4.81819616215887,79.94816380415308
751,1.0852567698080877,14.44059104709237,0.7082842299308977,0,88.23034349183652,93.74970296956785,5.519359477731323,88.23034349183652
752,-0.3728220178902823,12.084992393221546,0.21208071192810735,0,72.35980949994206,75.83785867489567,3.478049174953605,72.35980949994206
753,-0.18865337978665075,11.508797742051486,0.23605894612807482,0,74.87585879340257,78.61174406170126,3.7358852682986887,74.87585879340257
754,-0.3501158241182122,10.648652734664783,0.18036739507832814,0,70.51881796869726,74.02865581493177,3.509837846234503,70.51881796869726
755,0.39577631821271614,14.434551821972356,0.5060618752919291,0,75.52008291444874,80.07416975994654,4.554086845497802,75.52008291444874
756,0.30835674060208895,12.065382214108908,0.38601531974152425,0,75.57251650272441,80.00421593956733,4.4316994368429246,75.57251650272441
757,0.7692359534950757,14.750168834880963,0.632178018808401,1,82.74775335480695,87.82468368970005,5.076930334893106,87.82468368970005
758,0.8484568458851459,13.744648084150798,0.6176805150673401,1,81.43097526219245,86.61881484643165,5.187839584239204,86.61881484643165
759,0.028000936042145094,14.34145178443727,0.3892736203616902,1,74.29312537943804,78.33232668989704,4.039201310459003,78.33232668989704
760,-0.698084489632689,12.040256469962006,0.15107883014986268,0,70.28318207183918,73.30586378635341,3.0226817145142357,70.28318207183918
761,0.36770957439127905,12.16203094128495,0.4074690615046123,0,74.48501654120635,78.99980994535414,4.514793404147791,74.48501654120635
762,-0.0010999112171928814,14.762333045104207,0.39665995043093705,1,81.05087268823863,85.04933281253456,3.99846012429593,85.04933281253456
763,-0.31786622396754216,12.270444635806957,0.22898317997239573,1,66.30704495465841,69.86203224110385,3.554987286445441,69.86203224110385
764,-0.20799072355228906,14.53351096707703,0.3285773269035183,0,79.76786998527582,83.47668297230261,3.7088129870267954,79.76786998527582
765,0.2640643273737232,12.426728202351311,0.3865961124452543,0,80.36552982899887,84.73521988732209,4.369690058323212,80.36552982899887
766,0.8189090100025941,15.739939200103082,0.6817935545736488,1,79.86437803734482,85.01085065134845,5.146472614003631,85.01085065134845
767,0.9847549394279745,14.303158790540389,0.6768753736265003,0,84.63633615465055,90.01499306984971,5.378656915199164,84.63633615465055
768,-0.003858944891610198,13.220166176457475,0.3385870643110759,0,74.32638873745967,78.32098621461141,3.994597477151746,74.32638873745967
769,0.9964659759415018,12.254408527554531,0.6049868900441635,1,78.83486724736876,84.22991961368686,5.395052366318103,84.22991961368686
770,-1.2666347310762558,9.0,0.05101402553360273,1,57.59832905117569,59.82504042766893,2.226711376493242,59.82504042766893
771,-1.4283456777096954,9.75161397875843,0.047192681990920506,0,61.75929856011042,63.75961461131685,2.0003160512064264,61.75929856011042
772,0.23446118092894183,13.543934641859567,0.4207015856768109,0,68.06504063075286,72.39328628405337,4.3282456533005185,68.06504063075286
773,-0.3505255137853154,14.49883274508799,0.2893909960832516,0,81.10813219566347,84.61739647636404,3.5092642807005587,81.10813219566347
774,-1.0482865449900016,10.30692096206915,0.08008071806853151,0,65.98220683756617,68.51460567458017,2.532398837013998,65.98220683756617
775,-0.1895588286434836,13.743723172617198,0.3061983903595295,0,68.55142688416755,72.28604452406668,3.734617639899123,68.55142688416755
776,0.3376975739874812,14.099236793316809,0.47452204922077,1,82.04153926817585,86.51431587175833,4.472776603582473,86.51431587175833
777,-0.2345350351690981,11.091902297975135,0.2144235649303168,0,68.8081264165827,72.47977736734596,3.671650950763263,68.8081264165827
778,-0.6207256179520368,13.324082904451,0.194026868768823,0,68.61956325380498,71.75054738867213,3.1309841348671483,68.61956325380498
779,0.44689342041099817,13.409120065462789,0.4810281091738306,0,79.57258528066266,84.19823606923806,4.625650788575397,79.57258528066266
780,1.0944332564484744,13.38936343096028,0.6748798172637789,1,85.4409759451831,90.97318250421097,5.532206559027864,90.97318250421097
781,-1.832332460491912,11.552821231215466,0.038347486854686134,0,62.98105020599806,64.41578476130938,1.4347345553113233,62.98105020599806
782,-1.1788703469474504,11.334178374496336,0.08016410789511437,0,60.698732491798395,63.04831400607196,2.349581514273569,60.698732491798395
783,0.6111427641790516,14.655857211080448,0.5814833364638892,0,83.23728897856728,88.09288884841796,4.855599869850672,83.23728897856728
784,-0.256140636274922,11.935980223669562,0.23318401356192223,0,82.09906459427806,85.74046770349317,3.6414031092151093,82.09906459427806
785,-0.18294464127265744,12.44032752333073,0.26537263077596124,0,72.8049099685769,76.54878747079518,3.7438775022182798,72.8049099685769
786,0.4362194352309664,14.801843265172392,0.5333427472554144,0,71.70767628470156,76.31838349402491,4.610707209323353,71.70767628470156
787,0.41355028123107385,13.002151388687459,0.45444718289317976,1,75.99432626023504,80.57329665395855,4.578970393723504,80.57329665395855
788,-0.32962174735398314,13.99898631018744,0.2784447342907251,0,87.28683189769123,90.82536145139565,3.5385295537044237,87.28683189769123
789,0.5427936770751132,14.427526896856238,0.5515403773616955,0,78.44034364308975,83.2002547909949,4.759911147905158,78.44034364308975
790,-0.024994732758153372,13.632070255672243,0.34748510289258167,0,71.20640944862609,75.17141682276467,3.9650073741385854,71.20640944862609
791,-0.2861065922012713,12.792298993904398,0.25145535273019015,0,69.74520744918144,73.34465822009966,3.59945077091822,69.74520744918144
792,0.4578708656149212,14.01766723688138,0.5087904291440349,1,75.8814919724249,80.52251118428579,4.64101921186089,80.52251118428579
793,-2.149672450981632,11.460553601978937,0.02574576891715461,0,51.75912800759208,52.749586576217794,0.9904585686257157,51.75912800759208
794,1.2073880586876944,14.74633862326541,0.7481272818289741,1,82.19068211797887,87.88102540014164,5.690343282162772,87.88102540014164
795,0.5158857162350573,14.105458992436334,0.5303951215294138,0,76.11770659466853,80.83994659739761,4.72224000272908,76.11770659466853
796,-1.5151107247345024,13.163226846132694,0.07124157435442967,0,71.73868638850763,73.61753137387933,1.8788449853716966,71.73868638850763
797,1.762863615868,15.077148697545244,0.8624658508812574,1,89.41022203323837,95.87823109545357,6.4680090622152004,95.87823109545357
798,-0.15773376283847154,13.766332326614513,0.31549480218665393,0,73.86175525359562,77.64092798562176,3.7791727320261397,73.86175525359562
799,-0.296905161918127,12.071289482106529,0.22798482527894445,0,66.07875771163904,69.66309048495367,3.5843327733146224,66.07875771163904
800,0.37014338793933715,13.013005605784647,0.44145974171302604,0,74.92247182138136,79.44067256449644,4.518200743115072,74.92247182138136
801,2.522757600406117,15.980013161303999,0.9493216609263426,1,91.56545989989384,99.0973205404624,7.5318606405685635,99.0973205404624
802,2.177113797728124,14.061391136480564,0.8994578209374119,1,82.0526458558875,89.10060517270688,7.047959316819373,89.10060517270688
803,0.8534184367851071,14.058524796814307,0.6309133319284139,1,76.54458040679897,81.73936621829812,5.19478581149915,81.73936621829812
804,-0.05869288504271366,12.529701515002769,0.2997237120207583,1,70.54942134494353,74.46725130588372,3.917829960940201,74.46725130588372
805,0.16651676133501592,12.427154780215893,0.35812550795111636,1,76.04399414878988,80.2771176146589,4.233123465869022,80.2771176146589
806,-0.04954584315836727,12.464070271450554,0.29991953414087014,0,76.97633040139823,80.90696622097651,3.930635819578286,76.97633040139823
807,-0.6794799631546842,13.371370987140544,0.18393214480835193,0,73.83570908977627,76.88443714135971,3.048728051583442,73.83570908977627
808,-0.22755781099533243,13.678942418009301,0.2940454571741469,1,75.11263658522203,78.79405564982856,3.681419064606535,78.79405564982856
809,-0.3500771345422688,13.096990731485885,0.24562605767236945,0,80.2841334487052,83.79402546034603,3.5098920116408237,80.2841334487052
810,0.9673500366208388,13.761196086377094,0.6527113960922578,1,74.85062189162485,80.20491194289403,5.3542900512691745,80.20491194289403
811,1.9087177774159998,13.511397321818032,0.8541740004115782,1,77.46108110069913,84.13328598908153,6.6722048883823994,84.13328598908153
812,-0.8750407481361239,12.719371257269595,0.1372049322428547,0,66.89688626678956,69.67182921939899,2.7749429526094267,66.89688626678956
813,0.049647315109376276,10.806804150863728,0.2711388508318552,1,65.92691802823282,69.99642426938594,4.069506241153126,69.99642426938594
814,0.267004375794594,11.055301743254955,0.33684267985262634,0,69.12772070676105,73.50152683287348,4.373806126112432,69.12772070676105
815,0.269969919045552,10.86689822652552,0.33096275497520555,1,78.16931292834606,82.54727081500984,4.377957886663773,82.54727081500984
816,-0.1728714965621762,13.717806701337302,0.30976026953245983,0,76.76716880480528,80.52514870961824,3.757979904812953,76.76716880480528
817,0.1756610134155368,11.752665288072238,0.33626190807837886,1,74.31577911200465,78.5617045307864,4.245925418781751,78.5617045307864
818,2.972142509745393,18.035544902208958,0.9785608718083173,1,101.82384870638559,109.98484822002914,8.16099951364355,109.98484822002914
819,1.122270386238456,15.518830944035612,0.751354788346727,1,87.94703505464787,93.51821359538171,5.571178540733838,93.51821359538171
820,-0.7923243986997281,12.63013686480713,0.14809972593773188,0,63.021068487351926,65.9118143291723,2.8907458418203804,63.021068487351926
821,-1.0674902683531309,10.10129973536105,0.07598763121702753,0,69.65619159908712,72.16170522339274,2.5055136243056166,69.65619159908712
822,-0.4660945463411339,11.678955765020843,0.18332431495573598,0,69.69229296539112,73.03976060051353,3.3474676351224124,69.69229296539112
823,-0.9116460651579306,10.639108064106331,0.09820763912094595,0,77.1189664808629,79.8426619896418,2.7236955087788974,77.1189664808629
824,-1.5992823538221572,12.257856170300544,0.05636739804471122,0,65.92850681783437,67.68951152248336,1.7610047046489798,65.92850681783437
825,-0.41698949184378403,10.18550402527283,0.15821680449579206,0,69.06663279383993,72.48284750525863,3.4162147114187023,69.06663279383993
826,1.5737814416399067,17.03947680893934,0.8714166727447723,1,90.97982082356586,97.18311484186172,6.203294018295869,97.18311484186172
827,0.7992134375479311,13.816984145218573,0.6058102104290743,1,75.46858053047463,80.58747934304174,5.118898812567103,80.58747934304174
828,-0.7944569802694075,13.680830067019961,0.17021017983857162,0,70.91183157353937,73.79959180116221,2.8877602276228296,70.91183157353937
829,-0.2228315351883591,11.056096904847301,0.2159266320130333,1,67.7888844835182,71.4769203342545,3.688035850736297,71.4769203342545
830,-1.2088821901187237,14.25925340516999,0.11819634945011406,0,66.288909671934,68.59647460576778,2.307564933833787,66.288909671934
831,-0.7995703524917259,13.273279303811112,0.16033491577276077,0,70.0439476679929,72.92454917450448,2.8806015065115838,70.0439476679929
832,1.9713188935869002,13.40501050570615,0.8616366299467566,1,85.53172217763542,92.29156862865707,6.7598464510216605,92.29156862865707
833,1.8368103627970016,16.784046075905106,0.9003805719755917,1,91.06930327245824,97.64083778037404,6.571534507915802,97.64083778037404
834,1.4422423070604926,12.779190017488837,0.7441161079139326,0,82.81025511664608,88.82939434653076,6.01913922988469,82.81025511664608
835,-0.23016165557966928,10.971735216501271,0.21211485374455885,0,71.86016281272566,75.53793649491412,3.6777736821884632,71.86016281272566
836,0.6996850107266268,12.076702672015413,0.5067192682017618,1,78.21476516796518,83.19432418298246,4.979559015017277,83.19432418298246
837,1.6450937873763443,18.093997777680762,0.897652292561496,1,97.06387847862916,103.36700978095604,6.303131302326882,103.36700978095604
838,-0.8987541470686675,11.71493291594948,0.1161860883870496,0,74.6220318348844,77.36377602898826,2.7417441941038656,74.6220318348844
839,0.8303434637757493,11.404418905554499,0.5206473403326097,0,67.32664470152875,72.4891255508148,5.162480849286049,67.32664470152875
840,-0.4815217054505716,11.54996120504699,0.17742256863267966,1,65.23176836413809,68.5576379765073,3.3258696123691998,68.5576379765073
841,-0.05854153745833552,12.779909990190516,0.3082334008302218,1,71.57702679622477,75.4950686437831,3.9180418475583303,75.4950686437831
842,-1.5056807159857934,9.375376382871451,0.04061945491482524,0,56.97091057583885,58.86295757345874,1.8920469976198895,56.97091057583885
843,1.3824951039502855,15.140151883845132,0.7974678985125057,1,86.62860712571896,92.56410027124936,5.935493145530399,92.56410027124936
844,-1.172275542958129,15.64645063528441,0.14907019632124557,0,73.95431210807348,76.3131263479321,2.3588142398586194,73.95431210807348
845,-0.204614714166446,13.6101668515248,0.29772774468262536,0,75.97736138161794,79.69090078178492,3.7135394001669755,75.97736138161794
846,-0.29088345900207546,16.496669536862814,0.37656890566290585,0,73.85672476187013,77.44948791926723,3.592763157397094,73.85672476187013
847,1.070472061796255,17.511042985185707,0.7957364481515667,0,93.47277043166851,98.97143131818326,5.498660886514757,93.47277043166851
848,0.8681748226270221,13.70191726467595,0.6218775893130203,0,72.1371940113746,77.35263876305244,5.215444751677831,72.1371940113746
849,1.3535375077654286,14.825054294234532,0.7831181038696821,1,91.68365080192206,97.57860331279366,5.8949525108716,97.57860331279366
850,1.2641229128265283,14.027363482716378,0.7397234726645261,1,84.31794564539801,90.08771772335515,5.769772077957139,90.08771772335515
851,0.66717321190084,10.063655402380284,0.4168182478428302,0,72.55826650095813,77.4923089976193,4.934042496661176,72.55826650095813
852,-0.6327007548651228,11.1719205292583,0.14388767117624107,1,70.44206455895272,73.55628350214155,3.114218943188828,73.55628350214155
853,0.33231210803317457,11.816242127044017,0.3836673046616153,0,71.32072250307966,75.7859594543261,4.465236951246444,71.32072250307966
854,0.7133346484529623,15.587556446299526,0.6469541158996313,0,83.2952919979272,88.29396050576135,4.9986685078341475,83.2952919979272
855,0.40588701305527475,13.359930551678698,0.46628813768105526,0,71.1631935577256,75.73143537600299,4.568241818277385,71.1631935577256
856,-0.4531658950785532,14.644090525070007,0.268272899884235,0,75.0652903903346,78.43085813722462,3.365567746890026,75.0652903903346
857,-1.9765058230302002,12.434421115631558,0.03692918090254944,0,63.5269914338527,64.75988328161041,1.23289184775772,63.5269914338527
858,1.1611401585966459,14.985710439502588,0.7444331179494764,1,84.55233833660354,90.17793455863884,5.625596222035304,90.17793455863884
859,1.202115160226129,12.981678958108464,0.6899129966116976,0,79.61616707155568,85.29912829587226,5.68296122431658,79.61616707155568
860,0.8272768137242245,15.178951244078181,0.664347334730132,0,77.65285033095688,82.8110378701708,5.158187539213914,77.65285033095688
861,0.5641742423428169,11.581594189998109,0.4447942063884378,0,77.78672785801069,82.57657179729064,4.789843939279944,77.78672785801069
862,-1.0247820620625865,10.178453412690793,0.08073330934251624,0,70.53478561768641,73.10009073079878,2.565305113112379,70.53478561768641
863,0.6591220580481469,14.377251459270456,0.5852256364316811,0,76.29565267843314,81.21842355970055,4.922770881267406,76.29565267843314
864,1.0884846096851282,15.858991349196945,0.7536257884915417,1,83.12482926701637,88.64870772057554,5.523878453559179,88.64870772057554
865,-0.2303709285750524,11.214484029370114,0.21863371900291284,1,69.25635884868257,72.9338395486775,3.6774806999949265,72.9338395486775
866,-0.06279901353783995,11.697197475162005,0.2715154900970004,1,70.91330947475849,74.82539085580552,3.912081381047024,74.82539085580552
867,-1.498855334727635,9.770594328163577,0.04351022728727055,0,67.25894640893873,69.16054894032004,1.901602531381311,67.25894640893873
868,1.5566301913567027,14.526956007966508,0.8160933866887631,1,92.62341624593097,98.80269851383035,6.179282267899383,98.80269851383035
869,-1.5051592737191686,11.166395416010161,0.053412135247611785,0,62.12719674180005,64.01997375859321,1.8927770167931643,62.12719674180005
870,-0.020955877026218286,14.368018317172869,0.37582388638100495,1,80.85147762055126,84.82213939271456,3.9706617721632944,84.82213939271456
871,-0.062327945280012176,13.440735844620232,0.33017532529191473,0,67.7201701241835,71.63291100079148,3.912740876607983,67.7201701241835
872,-0.4031287251758279,13.421608290582396,0.24297208286781652,0,65.92241062777481,69.35803041252865,3.435619784753841,65.92241062777481
873,-1.4088539034673269,10.853550677355262,0.05708152747524281,0,58.6262982467153,60.65390278186104,2.0276045351457426,58.6262982467153
874,-0.507613307423073,13.650067097295544,0.22609289388958437,0,79.22132033555063,82.51066170515833,3.2893413696076976,79.22132033555063
875,0.395876728872496,11.780195994090684,0.401234803042123,0,76.23815397444453,80.79238139486603,4.554227420421494,76.23815397444453
876,0.442240829778635,12.893825210431952,0.4590452290804198,1,77.42361643927998,82.04275360097007,4.619137161690089,82.04275360097007
877,0.45571194119287817,12.70208427358549,0.45561052870392216,0,77.24592697210643,81.88392368977647,4.637996717670029,77.24592697210643
878,-1.14799656024772,12.206521303186934,0.09432345926895724,0,61.339780658532305,63.7325854741855,2.392804815653192,61.339780658532305
879,-0.31992300673303053,12.56638345149356,0.23698471722185244,0,69.55478978506524,73.106897575639,3.5521077905737575,69.55478978506524
880,-0.7012652818087132,12.251176272241223,0.15493689517706388,0,64.11450111663783,67.13272972210562,3.018228605467802,64.11450111663783
881,0.36129188260768563,12.886426208780025,0.43375255243988586,1,76.02603598439508,80.53184462004585,4.50580863565076,80.53184462004585
882,0.6060132052957041,11.58795354218031,0.45799649756437666,1,76.88782790847753,81.73624639589151,4.848418487413985,81.73624639589151
883,0.6209578674286468,14.537301543740044,0.579851930050231,0,80.95512741698053,85.82446843138064,4.8693410144001055,80.95512741698053
884,0.23787695057592625,11.54757337281721,0.346368144024428,0,72.22341800681025,76.55644573761654,4.333027730806297,72.22341800681025
885,0.974346591255272,11.26847329192821,0.5599327092657487,0,79.38463481355258,84.74872004130997,5.36408522775738,79.38463481355258
886,-0.8114566769127229,11.808994380039223,0.129556954144676,0,70.4828708617687,73.3468315140909,2.863960652322188,70.4828708617687
887,0.7066738885409237,14.68795336410091,0.6114508493328574,1,74.11545950376777,79.10480294772506,4.989343443957293,79.10480294772506
888,-0.7832852813460459,11.83509701354348,0.13406430479014372,0,79.43819972436104,82.34160033047658,2.903400606115536,79.43819972436104
889,1.2332244569707365,16.058090081792418,0.7909770641208113,0,89.15200627358587,94.8785205133449,5.726514239759031,89.15200627358587
890,0.6979441947419979,12.907740393410698,0.5393357217305205,0,77.09865906149047,82.07578093412926,4.977121872638797,77.09865906149047
891,0.5501494798871134,13.229124389451012,0.5060863873962823,1,84.53487189510558,89.30508116694755,4.770209271841958,89.30508116694755
892,1.3664062026894643,13.72590515380421,0.7547581643749259,1,80.60488106258757,86.51784974635282,5.91296868376525,86.51784974635282
893,0.1161349640546418,13.560300540142137,0.38575694532873683,1,78.30930545497861,82.47189440465512,4.162588949676499,82.47189440465512
894,-1.4998104296159087,10.887081327394313,0.05152296118463507,0,52.130762110449844,54.03102750898757,1.9002653985377278,52.130762110449844
895,0.5975237007641041,15.250138502035917,0.6003507514304316,1,79.00710150200919,83.84363468307893,4.836533181069746,83.84363468307893
896,0.39720417899197863,12.341871846114168,0.4234088243432714,1,71.95018101781459,76.50626686840336,4.5560858505887705,76.50626686840336
897,0.16712052002319525,12.354389586228226,0.3556266118189033,0,79.00168942487053,83.23565815290301,4.233968728032473,79.00168942487053
898,-0.15678457760007608,12.525322900487515,0.27449616707152524,0,83.27528015844565,87.05578174980555,3.7805015913598936,83.27528015844565
899,1.6458283138229475,13.889367271620804,0.817512446306487,1,81.92471668916457,88.22887632851669,6.304159639352126,88.22887632851669
900,0.05888933144353704,14.013537785063725,0.3859846585117626,0,81.27932867432298,85.36177373834394,4.082445064020952,81.27932867432298
901,0.10612145796908293,15.23639595204668,0.44780958690708195,0,85.55345880223605,89.70202884339277,4.148570041156716,85.55345880223605
902,0.9347930075844975,14.405945497899797,0.6667322986763919,0,81.01657921881976,86.32528942943806,5.308710210618297,81.01657921881976
903,-2.1028838709842756,11.389454833768484,0.026954198880002483,0,60.00271604669234,61.05867862731436,1.055962580622014,60.00271604669234
904,-0.386611291951582,11.525834383562481,0.19479791213680553,0,66.05652703024653,69.51527122151431,3.458744191267785,66.05652703024653
905,-1.2073556305664117,11.183608942295065,0.07587100246400333,0,69.21615130021084,71.52585341741786,2.309702117207024,69.21615130021084
906,-0.48738401467644754,13.58824515696285,0.22879800444895632,0,69.99862893716953,73.3162913166225,3.3176623794529734,69.99862893716953
907,0.3756512335921902,13.497538102463649,0.4623638583026701,0,74.61339105656234,79.1393027835914,4.525911727029066,74.61339105656234
908,-0.12520230991679168,9.362962500963468,0.19178876228377964,0,62.98913882121075,66.81385558732724,3.8247167661164916,62.98913882121075
909,-1.0112360424009152,9.886153747148231,0.07854657636295301,0,58.63445000178486,61.218719542423585,2.5842695406387186,58.63445000178486
910,-0.4166566706835777,13.765919987401727,0.2500635019314572,0,72.3459574090152,75.76263807005819,3.4166806610429914,72.3459574090152
911,-1.6060733734695916,12.213337653597836,0.05554273620863267,0,66.21520221187204,67.96669948901462,1.751497277142572,66.21520221187204
912,-0.9570242799409903,10.84317986343745,0.09609633845535351,0,67.78296281710917,70.44312882519178,2.660166008082614,67.78296281710917
913,-0.5342670458790572,11.996328442446101,0.17822479223050386,1,62.910098644175115,66.16212477994443,3.25202613576932,66.16212477994443
914,-0.3626438511061062,13.30057315624049,0.24876438970622022,1,65.37667162752128,68.86897023597272,3.4922986084514513,68.86897023597272
915,-0.01891983111803848,12.414874558022813,0.3063435000433664,0,72.33620154426654,76.30971378070129,3.973512236434746,72.33620154426654
916,1.6845960203788068,14.557523055691265,0.8395587621403597,0,84.80262608206384,91.16106051059417,6.358434428530329,84.80262608206384
917,-0.13998149706780516,12.43796584476391,0.27589773990355443,1,73.38909915399466,77.19312505809974,3.804025904105073,77.19312505809974
918,-0.49523958400268453,11.75309324988253,0.17967446641580284,0,74.80830280135477,78.11496738375101,3.306664582396242,74.80830280135477
919,-0.2346466447408506,9.89963320425968,0.18401675727854286,0,67.66420121416827,71.33569591153108,3.6714946973628093,67.66420121416827
920,0.03204147625313882,12.782519864617637,0.33297836220745586,0,74.6239364941671,78.6687945609215,4.0448580667543945,74.6239364941671
921,-0.9285112531510379,12.16381431612338,0.11978910689822678,0,64.24743694841277,66.94752119400131,2.700084245588547,64.24743694841277
922,0.8756460376644658,14.437646475902136,0.6512597033984461,1,81.2437441652724,86.46964861800265,5.225904452730252,86.46964861800265
923,1.687936803639441,15.720739211576113,0.8635671701609661,1,88.82518924986854,95.18830077496376,6.363111525095217,95.18830077496376
924,-0.5922271186229116,11.61807416370075,0.15957522169052898,1,74.71590168345978,77.8867837173877,3.170882033927924,77.8867837173877
925,0.08618089293414752,13.712864979437013,0.3826736004103103,0,72.85625114219582,76.97690439230362,4.120653250107806,72.85625114219582
926,0.4932685689116482,12.168633482986465,0.44610199932444006,0,76.47887234784264,81.16944834431895,4.690575996476308,76.47887234784264
927,-0.3352029314420594,13.361422776719035,0.2570847798922365,1,81.82248054705448,85.3531964430356,3.5307158959811167,85.3531964430356
928,-0.9997658737998093,12.096328469031171,0.1096525755971964,0,70.48095599823743,73.0812837749177,2.600327776680267,70.48095599823743
929,1.1927127075901118,12.960269193185182,0.6866564615068432,1,76.52570928433572,82.19550707496188,5.6697977906261565,82.19550707496188
930,-0.40731978669748903,13.889373879217663,0.2560026051098606,0,81.97184589569044,85.40159819431395,3.4297522986235154,81.97184589569044
931,-1.3883884809937714,10.57234044468162,0.05604565738564434,0,57.15088833380652,59.20714446041524,2.0562561266087203,57.15088833380652
932,1.2316653440347063,16.373025173177897,0.7988730438052607,1,85.09262011429152,90.81695159594011,5.724331481648589,90.81695159594011
933,0.15451303880310707,15.263927811283743,0.4639053338999521,1,83.39526493308212,87.61158318740647,4.21631825432435,87.61158318740647
934,-0.2525458097719472,14.041919801501022,0.2996478991402302,0,72.4337908799557,76.08022674627497,3.646435866319274,72.4337908799557
935,0.32576498320393893,14.489906461027829,0.4864011702569233,0,80.12402316053692,84.58009413702244,4.456070976485514,80.12402316053692
936,0.5089217053517058,14.59245193552932,0.5475915998638741,0,70.69015454149226,75.40264492898466,4.712490387492388,70.69015454149226
937,0.10609004642160413,12.997506563963743,0.3617477601390861,1,74.09212746061726,78.24065352560751,4.148526064990246,78.24065352560751
938,0.5908325142678058,11.412792811965241,0.44635415492672587,1,78.1340914573127,82.96125697728763,4.827165519974928,82.96125697728763
939,1.1813380032728056,12.895849296016538,0.6813555556616637,0,79.55075314065886,85.20462634524078,5.653873204581927,79.55075314065886
940,0.27639591179396233,13.234040165070295,0.42139273590637294,1,74.84273585546936,79.2296901319809,4.386954276511547,79.2296901319809
941,-0.3720171008776314,13.602539965880991,0.25566656560090173,0,75.16176282496491,78.64093888373623,3.479176058771316,75.16176282496491
942,-0.15084182081086428,13.279157326570573,0.300716747126392,1,69.59285044271654,73.38167189358133,3.78882145086479,73.38167189358133
943,-0.03029933808529678,12.663041675921392,0.31178498647127856,0,69.16581187053738,73.12339279721796,3.9575809266805844,69.16581187053738
944,-1.5306594513320715,9.539492901242088,0.0404264206474721,0,64.8232302317323,66.6803069998674,1.8570767681351001,64.8232302317323
945,-0.1745338210333319,14.129570071809123,0.3235650600359253,0,80.59850559346464,84.35415824401797,3.755652650553335,80.59850559346464
946,1.4191447677954965,14.716129992224248,0.7938862124203158,1,91.81672061712938,97.80352329204307,5.986802674913695,97.80352329204307
947,1.4661422244447604,14.296030446855864,0.7924969554673549,0,87.32017290868356,93.37277202290622,6.052599114222664,87.32017290868356
948,0.24725955188356483,14.294140077216246,0.45416326875790564,1,78.38302116268402,82.72918453532101,4.34616337263699,82.72918453532101
949,-0.4116444655915031,12.971816552869125,0.22810104676395598,0,71.59169046285638,75.01538821102827,3.4236977481718958,71.59169046285638
950,-0.05308126007918164,15.736365233336713,0.4185975760811657,1,77.40432546642121,81.33001170231036,3.925686235889146,81.33001170231036
951,-0.19794359628841754,12.588514947944391,0.2663409602651849,0,70.49293478602488,74.21581375122109,3.7228789651962155,70.49293478602488
952,1.3751507735057291,16.20465699108168,0.8222525093303836,1,80.7775867735293,86.70279785643731,5.925211082908021,86.70279785643731
953,0.3776007356498387,11.915041324068593,0.40092979239819004,1,77.78303432471341,82.31167535462319,4.528641029909775,82.31167535462319
954,-0.11554388961460091,13.921117685393908,0.33246637589209366,0,85.77737385255016,89.61561240708971,3.8382385545395588,85.77737385255016
955,0.7757684210644129,14.313137493357718,0.6177036043641093,1,81.30370376464275,86.38977955413293,5.086075789490178,86.38977955413293
956,1.183373363729865,13.746156571962864,0.7106620783580128,1,82.36604300223931,88.02276571146112,5.65672270922181,88.02276571146112
957,2.004816213568492,15.764733248516777,0.9045104971609595,1,96.64906114249573,103.45580384149162,6.806742698995889,103.45580384149162
958,-1.2429249922410428,11.144328664923455,0.07238862771501733,0,57.28824750960583,59.54815252046837,2.25990501086254,57.28824750960583
959,0.9321145947517883,13.36705408935461,0.6280526988699439,1,79.6704198010315,84.975380233684,5.3049604326525035,84.975380233684
960,-0.11570255456000095,11.886672852050783,0.26449003032217294,1,68.63596683221334,72.47398325582934,3.838016423615999,72.47398325582934
961,0.7818778692896289,14.310741515885066,0.6194150088528391,1,84.22218868566338,89.31681770266886,5.094629017005481,89.31681770266886
962,0.5518986060937516,13.458934406580914,0.515820408006338,1,73.37781780461987,78.15047585315112,4.772658048531252,78.15047585315112
963,0.7058470557999376,13.461589128606871,0.563692859142589,0,79.71566172543308,84.70384760355299,4.988185878119912,79.71566172543308
964,0.054655861573154184,10.134445790314869,0.2515864848138284,0,67.27576854642389,71.35228675262631,4.076518206202416,67.27576854642389
965,2.028309000114613,14.235314986051398,0.8842223122326659,1,90.28858816807396,97.12822076823441,6.839632600160458,97.12822076823441
966,0.5761042189624376,12.287975240195216,0.47656875307174995,1,70.84046232049336,75.64700822704077,4.806545906547413,75.64700822704077
967,1.4843060012719913,14.028781858093145,0.7891796432924654,1,81.40514302240221,87.483171424183,6.078028401780788,87.483171424183
968,0.3026449956048524,14.21829258347356,0.4683506365152921,1,77.05484966414296,81.47855265798975,4.423702993846794,81.47855265798975
969,-0.9573933183961862,13.051261622535943,0.13141105149825338,1,71.41467383495194,74.07432318919729,2.6596493542453397,74.07432318919729
970,0.2436936706119321,14.68583250294971,0.46862883493181984,1,79.3527581191044,83.6939292579611,4.341171138856705,83.6939292579611
971,-0.540745063902605,13.073488553435483,0.20356289130592853,0,68.12957691203955,71.3725338225759,3.242956910536353,68.12957691203955
972,-1.577759259971603,13.055614362122922,0.06517394043195156,0,61.87180307526568,63.66294011130544,1.791137036039756,61.87180307526568
973,-0.2710544107605341,12.848635772635111,0.25672964346224186,0,72.89140238979742,76.51192621473267,3.620523824935252,72.89140238979742
974,0.2458192582674346,12.879507927460287,0.398431539133288,1,75.18564906356545,79.52979602513986,4.344146961574408,79.52979602513986
975,1.0708937233086953,13.775642323100458,0.6819439676177971,0,82.61670116122623,88.1159523738584,5.499251212632173,82.61670116122623
976,1.8435995656874307,15.527897783666896,0.8817349389315067,1,87.55965508138041,94.14069447334282,6.581039391962403,94.14069447334282
977,-1.2591372009609552,11.511434065765808,0.07501481799246346,0,66.65425641356482,68.89146433221948,2.237207918654663,66.65425641356482
978,1.2468547599174302,11.948816664676183,0.6660512577410405,1,74.97792468178517,80.72352134566957,5.7455966638844025,80.72352134566957
979,1.1379856350479467,13.831305417586655,0.7017177162739219,1,84.30848769208532,89.90166758115245,5.593179889067125,89.90166758115245
980,-2.014634314042601,10.627809839444867,0.026652886234508514,0,58.48768298403681,59.667194944377165,1.179511960340359,58.48768298403681
981,1.3224606610162473,13.053076770862534,0.7234356569181983,1,79.091315194331,84.94276011975374,5.851444925422746,84.94276011975374
982,0.04294476735031187,11.444100419559454,0.2900249296411609,0,66.47962562844017,70.53974830273062,4.060122674290437,66.47962562844017
983,-1.0491186720038896,9.68170402227197,0.07294374666731737,0,64.8469129226211,67.37814678181566,2.531233859194555,64.8469129226211
984,-1.1364911792986592,10.220376458449579,0.07140175473448107,0,63.42189468554647,65.83080703452835,2.408912348981877,63.42189468554647
985,1.8922787734451938,17.732766766422884,0.9185338491349331,1,91.00181316888008,97.65100345170335,6.649190282823271,97.65100345170335
986,-0.8979964676853882,11.336867058162806,0.11021009686977822,0,67.14506431036217,69.88786925560262,2.7428049452404566,67.14506431036217
987,-0.7977851878164144,13.74668153418373,0.1711126086489676,0,67.2108570246027,70.09395776165972,2.8831007370570196,67.2108570246027
988,1.4169983390428573,16.124216684853796,0.8279435839451763,0,88.3341941635558,94.31799183821579,5.98379767466,88.3341941635558
989,3.016291028423705,17.791088838638608,0.9788954874462251,1,102.00011714046123,110.22292458025441,8.222807439793186,110.22292458025441
990,0.8065744691872466,13.298443567311176,0.5880643074613534,1,78.53362141069351,83.66282566755567,5.129204256862145,83.66282566755567
991,-0.011803533477968035,13.425645671704551,0.34374459848908023,0,78.04345635161201,82.02693140474285,3.983475053130845,78.04345635161201
992,-0.18765702831422784,12.068365076954528,0.25281914499508534,1,77.23259909748096,80.96987925784104,3.737280160360081,80.96987925784104
993,0.833828250644818,14.726162985675625,0.649870810543365,0,80.89097882347824,86.05833837438098,5.167359550902745,80.89097882347824
994,0.6213613001057364,11.520737698868146,0.46008999836861847,1,76.84644099520855,81.71634681535659,4.8699058201480305,81.71634681535659
995,-0.0756321454151072,12.261874636909672,0.28645986648514915,0,74.0057680723395,77.89988306875836,3.8941149964188497,74.0057680723395
996,-0.00432177151659822,14.088019434490636,0.37020928034702405,0,75.24550576774078,79.23945528761755,3.9939495198767623,75.24550576774078
997,0.8735527474420023,13.132427954663465,0.6018380140395164,1,74.54526493418876,79.76823878060756,5.222973846418803,79.76823878060756
998,-1.035410049873792,11.150340567480923,0.09193717765864395,0,62.1520514948274,64.70247742500409,2.5504259301766914,62.1520514948274
999,-0.255759709224328,13.946459730387698,0.29561522279695607,0,75.00530862988397,78.6472450369699,3.641936407085941,75.00530862988397
1000,-0.03093394457955029,14.353095210800086,0.3723444418254766,0,74.89775089681403,78.85444337440266,3.9566924775886294,74.89775089681403
1001,0.6139741118417426,13.40874180970275,0.5331678028115383,0,76.31243203223777,81.1719957888162,4.8595637565784395,76.31243203223777
1002,0.41487846479639373,14.074988101729511,0.4976490616428533,0,82.4455637418998,87.02639359261475,4.580829850714951,82.4455637418998
1003,0.3486130957542793,12.442388206040885,0.41254568810079073,0,78.37901728612334,82.86707562017934,4.4880583340559905,78.37901728612334
1004,-0.8262610372705619,11.515146106610764,0.12234561588196859,0,67.36688449128611,70.21011903910733,2.8432345478212135,67.36688449128611
1005,-0.6857084650296127,11.765706010940674,0.14746509869074217,0,63.29004694740279,66.33005509636133,3.040008148958542,63.29004694740279
1006,0.6362015662024998,14.702574709962189,0.5908943766808674,0,85.99618286337947,90.88686505606297,4.890682192683499,85.99618286337947
1007,0.3013913754624153,13.801964015574423,0.451417130651781,0,76.75663530875465,81.17858323440204,4.421947925647381,76.75663530875465
1008,0.1270356350666281,12.349481741339659,0.34405207474912675,0,69.1982573298819,73.37610721897518,4.177849889093279,69.1982573298819
1009,0.03171691017883914,13.42933129534799,0.3562538678458065,0,65.37787159622957,69.42227527047994,4.044403674250375,65.37787159622957
1010,0.7149667697325708,13.87884197679197,0.5828108994455333,1,75.4119615734677,80.41291505109331,5.000953477625599,80.41291505109331
1011,0.0987339395936538,12.62381011699396,0.3459763807676501,0,74.84708092026654,78.98530843569765,4.138227515431115,74.84708092026654
1012,0.07869892791442512,15.198632234695276,0.43786160533057505,1,73.18854409120958,77.29872259028977,4.110178499080195,77.29872259028977
1013,0.9647882079255388,14.695113994046723,0.6850770912068742,1,82.5250093863609,87.87571287745666,5.3507034910957545,87.87571287745666
1014,0.3910672922801555,15.219877522388495,0.5359415317039162,0,72.88164978390003,77.42914399309225,4.547494209192218,72.88164978390003
1015,1.2100951749359434,13.570730000267888,0.7117576323135084,1,88.79839041504262,94.49252365995294,5.69413324491032,94.49252365995294
1016,0.9535621726045564,13.525850644864496,0.640166947951712,1,82.29447244270831,87.6294594843547,5.334987041646379,87.6294594843547
1017,-0.2461828666120301,13.040000651818389,0.2686803067398535,0,78.40200925131784,82.057353238061,3.655343986743158,78.40200925131784
1018,-0.23565068299704892,13.824300971213479,0.29678072324496857,0,80.12887892543189,83.79896796923602,3.6700890438041314,80.12887892543189
1019,-0.1834504558482677,12.765094300117248,0.27549923181631397,0,74.01515054868901,77.75831991050143,3.7431693618124253,74.01515054868901
1020,0.08940534520726014,13.325070860443821,0.3690645540884241,0,77.6528542410556,81.77802172434578,4.125167483290165,77.6528542410556
1021,-2.2816362501891425,11.321380115845168,0.02144418120914152,0,57.36502095225681,58.170730201992015,0.8057092497352007,57.36502095225681
1022,0.18723828383780752,13.691996089642684,0.41211406555662466,1,75.97175344588433,80.23388704325725,4.26213359737293,80.23388704325725
1023,-0.29210256757889924,10.829756410051406,0.19586095778626628,0,64.15502762432679,67.74608402971633,3.591056405389541,64.15502762432679
1024,-2.2775003576313595,9.92119127540761,0.017301913378984752,0,51.46434332485755,52.27584282417365,0.8114994993160969,51.46434332485755
1025,1.00415509090867,12.272865464313814,0.6079855318971046,1,83.46585193697534,88.87166906424748,5.4058171272721385,88.87166906424748
1026,0.2634275233404001,13.372542721718755,0.4228441261404655,0,74.8215478053999,79.19034633807647,4.36879853267656,74.8215478053999
1027,-0.961819167516533,10.833728948272071,0.09544634830937818,1,68.67746622859833,71.33091939407518,2.653453165476854,71.33091939407518
1028,-2.2385192076920863,11.600521251243306,0.023612907939168436,0,55.270802760691346,56.13687586992243,0.8660731092310794,55.270802760691346
1029,0.3056169038112427,14.266374594085079,0.471192206205502,1,74.18643379686591,78.61429746220165,4.42786366533574,78.61429746220165
1030,1.461172615632994,14.94155310465819,0.8080073812306339,1,90.19296373975881,96.238605401645,6.045641661886192,96.238605401645
1031,-0.3317121351754881,12.531062141659087,0.23331792072274818,0,68.44196004851064,71.97756305926495,3.5356030107543166,68.44196004851064
1032,-1.0726656567790442,9.73871873082581,0.07158208923005976,0,61.97959735087927,64.47786543138861,2.4982680805093382,61.97959735087927
1033,0.6392152224549212,13.162557185410689,0.5312163903553582,0,76.8967447266131,81.79164603804998,4.89490131143689,76.8967447266131
1034,1.027297469945431,12.441710998213596,0.6212354999922126,0,78.8919395493437,84.3301560072673,5.438216457923604,78.8919395493437
1035,-0.4852085912449865,14.009525261509514,0.24140597424017912,1,73.17999063136334,76.50069860362036,3.320707972257019,76.50069860362036
1036,-0.5490192358867595,11.038976813953248,0.15446033417674065,0,69.35578642711656,72.58715949687509,3.2313730697585368,69.35578642711656
1037,0.8288995084406434,12.425359871912224,0.560743970021625,1,84.27269366139838,89.43315297321527,5.160459311816901,89.43315297321527
1038,0.28798624805518824,12.974707324607941,0.41482261751916855,0,77.96955917459908,82.37273992187635,4.403180747277263,77.96955917459908
1039,-1.5916794444597995,10.883292523605187,0.04616483546767428,0,59.43929931040449,61.21094808816078,1.771648777756281,59.43929931040449
1040,1.1642675735713865,14.932626401177039,0.7435599901290821,0,90.9441349538333,96.57410955683324,5.629974602999941,90.9441349538333
1041,-0.2119296292230881,13.05728461913192,0.27773062465882276,1,76.70365661851156,80.40695513759924,3.7032985190876766,80.40695513759924
1042,-0.8423823976160421,13.221394741189409,0.15218638407237708,1,67.79277823484473,70.61344287818227,2.8206646433375413,70.61344287818227
1043,-1.689787776063873,11.380104313308163,0.044301750658140814,0,61.44806062220695,63.08235773571753,1.634297113510578,61.44806062220695
1044,-1.4900806129694204,10.94224811016855,0.052558365056932406,0,68.61941529235597,70.53330243419877,1.9138871418428116,68.61941529235597
1045,0.9196825290636674,14.084596297479179,0.6509320301039838,1,79.27526054213247,84.56281608282161,5.287555540689135,84.56281608282161
1046,-0.4100056975006639,12.434910642700137,0.21367375748883333,0,68.97860661997201,72.40459864347109,3.4259920234990706,68.97860661997201
1047,1.809452123772596,15.390980363752185,0.8748316692996353,1,88.14024557224057,94.67347854552222,6.533232973281635,94.67347854552222
1048,-0.37871810610996515,13.615627220270534,0.25447287354815423,0,72.26053875707315,75.7303334085192,3.469794651446049,72.26053875707315
1049,-0.6949769036865562,12.808098267962484,0.16806193752111023,0,72.84376762374768,75.8707999585865,3.0270323348388213,72.84376762374768
1050,-0.2184339349259953,12.14114772123991,0.2477853670734013,0,74.96234602785233,78.65653851895594,3.694192491103607,74.96234602785233
1051,-0.1489558257053454,12.79850159253912,0.28527697749872144,1,74.62270345775855,78.41416530177106,3.7914618440125163,78.41416530177106
1052,0.7434052357608929,14.722352137039769,0.6235944035184662,1,82.98751333950555,88.0282806695708,5.0407673300652505,88.0282806695708
1053,1.913198314208814,17.666764671666325,0.9196927866821879,0,98.04959969470357,104.72807733459591,6.678477639892339,98.04959969470357
1054,0.9872071149491322,14.953478447858897,0.6998461703143348,0,86.27678683111805,91.65887679204683,5.382089960928785,86.27678683111805
1055,-0.41108333965177635,11.785330091715617,0.1965179041362076,0,72.20682637762478,75.63130970211229,3.4244833244875132,72.20682637762478
1056,-1.1835442499007094,10.92173303016546,0.07502446504302081,0,66.40238065173402,68.74541870187302,2.3430380501390067,66.40238065173402
1057,-0.3461489624572621,10.348316981725805,0.1740839491158729,1,63.13853234030003,66.65392379285987,3.515391452559833,66.65392379285987
1058,-0.22612939206126365,13.722700143600484,0.295872731733888,1,74.45741882575592,78.14083767687015,3.6834188511142307,78.14083767687015
1059,-1.1361097988320856,13.610711834750763,0.11686864321144216,1,70.93295819087689,73.34240447251197,2.40944628163508,73.34240447251197
1060,-0.7598685665053355,12.997145994580253,0.16106944168896545,1,61.67401209351898,64.61019610041151,2.9361840068925305,64.61019610041151
1061,-1.6758003503355527,10.814145111589637,0.041309047458131395,0,58.866736624308544,60.52061613383877,1.6538795095302263,58.866736624308544
1062,-0.07594024213385961,11.472951109533744,0.2612941296292766,0,67.91407767449108,71.80776133550368,3.8936836610125964,67.91407767449108
1063,0.842845240173458,13.419520815151078,0.6036459278790403,1,80.78189932501257,85.96188266125542,5.179983336242842,85.96188266125542
1064,-0.8728963337584876,10.028467160208763,0.09393009108004859,0,61.02264045734811,63.80058559008623,2.7779451327381173,61.02264045734811
1065,0.07024231604421795,16.02039820514761,0.46781123131020447,1,77.38801506431737,81.48635430677928,4.098339242461905,81.48635430677928
1066,-1.1297523518492294,10.313992843639513,0.07296904924280079,0,64.3141216913,66.73246839871108,2.4183467074110787,64.3141216913
1067,-0.12135230816588435,12.05911797309515,0.26850290625526085,1,67.48861141842983,71.31871818699759,3.830106768567762,71.31871818699759
1068,-1.2561562421805454,9.0,0.051651867928915386,0,57.67284535954617,59.91422662049341,2.2413812609472368,57.67284535954617
1069,-0.7976555452886077,9.778745613065588,0.09863624285231673,0,66.18790228678769,69.07118452338364,2.8832822365959494,66.18790228678769
1070,0.011522076073338376,12.581594763684748,0.3202676113757289,0,71.91152452990117,75.92765543640384,4.016130906502673,71.91152452990117
1071,0.0967414544566504,14.538293156185729,0.4175239217550749,1,77.07922114791732,81.21465918415663,4.135438036239311,81.21465918415663
1072,0.44927592038230607,10.17583206780794,0.3565724544965867,0,68.34516901040313,72.97415529893836,4.628986288535229,68.34516901040313
1073,0.7522098317053864,9.243531442808642,0.41077253489551235,1,75.37942390260336,80.4325176669909,5.05309376438754,80.4325176669909
1074,-1.196203260504575,11.61121916062134,0.08185101169905754,0,66.98415220822447,69.30946764351806,2.325315435293595,66.98415220822447
1075,-0.27359716423031333,16.46404128960772,0.38042378881391037,0,78.46200371304408,82.07896768312165,3.6169639700775615,78.46200371304408
1076,0.49413999475475706,13.456217198175386,0.4976674532092462,1,70.57340011771254,75.2651961103692,4.69179599265666,75.2651961103692
1077,-0.9192160482694238,14.344963715775215,0.16330692980978506,0,80.72862858615467,83.44172611857748,2.7130975324228066,80.72862858615467
1078,0.5814280243558775,12.254883518556497,0.4769080374354429,1,71.35274940682672,76.16674864092495,4.813999234098229,76.16674864092495
1079,1.2129880386625762,14.962279086499604,0.7558757515395553,1,85.50602825644474,91.20421151057235,5.698183254127606,91.20421151057235
1080,1.3911860365491968,14.754403297819325,0.7891296389689978,1,85.68368315493163,91.6313436061005,5.9476604511688755,91.6313436061005
1081,-0.3888309027136799,11.874092759917566,0.20323711285043625,0,65.99918804272738,69.45482477892823,3.455636736200848,65.99918804272738
1082,-1.120489831850342,11.931652349268251,0.09350692324036694,0,63.384744399879644,65.81605863528917,2.431314235409521,63.384744399879644
1083,0.00456973688679859,15.762550398895334,0.43726245100061145,1,73.88765093580824,77.89404856744976,4.006397631641518,77.89404856744976
1084,-0.4398402739251036,13.145636960375946,0.2267948701368482,0,79.86984544583535,83.2540690623402,3.384223616504855,79.86984544583535
1085,0.909918877012158,12.396523573003654,0.5843951296579765,1,78.10787904031537,83.38176546813239,5.273886427817021,83.38176546813239
1086,0.5654330719512486,16.289377807082705,0.6302039335384575,0,85.56308259119548,90.35468889192722,4.791606300731748,85.56308259119548
1087,1.461903151373082,15.221309913310709,0.8149934015703862,1,83.09140758944201,89.13807200136432,6.046664411922315,89.13807200136432
1088,0.17420978352069788,13.516123645438235,0.40139451487973776,0,78.78154066181963,83.02543435874861,4.243893696928977,78.78154066181963
1089,-1.2148364914882908,9.095039773216952,0.05502664282726913,0,56.04423025630863,58.343459168225024,2.2992289119163933,56.04423025630863
1090,-1.0508233562795255,10.766437005669157,0.08541885968976505,0,56.58154557192995,59.110392873138615,2.528847301208664,56.58154557192995
1091,0.9608952457784243,15.954427486107788,0.7258817330593437,1,86.78584611915781,92.13109946324761,5.3452533440897945,92.13109946324761
1092,0.4947594047523672,13.252918354106217,0.4897304925827533,0,73.31135567120711,78.00401883786043,4.692663166653314,73.31135567120711
1093,1.46754550449742,15.817752329408155,0.8299499021620753,1,88.93416189976453,94.98872560606092,6.054563706296388,94.98872560606092
1094,1.1831020375532133,13.841462760334627,0.7137182045837576,0,75.27348134565855,80.92982419823305,5.6563428525744985,75.27348134565855
1095,1.7847925404517868,16.758492101936184,0.8940078396472252,1,88.57883983715031,95.07754939378282,6.498709556632502,95.07754939378282
1096,1.059321208905936,13.649611977997187,0.6743858706793625,1,79.22304826005,84.70609795251832,5.4830496924683105,84.70609795251832
1097,1.3630214309764503,12.59590800129639,0.7189222853239812,0,77.95881182564102,83.86704182900806,5.908230003367031,77.95881182564102
1098,0.8577067032704853,14.19406200312442,0.6371887739630497,1,82.5955345566749,87.79632394125359,5.2007893845786795,87.79632394125359
1099,1.147631527704991,13.741114815340831,0.7012207587473844,0,82.25680104049565,87.86348517928263,5.606684138786988,82.25680104049565
1100,-1.2243111760232879,11.894922157612099,0.08262519767275556,0,71.24222890469439,73.52819325826178,2.285964353567397,71.24222890469439
1101,0.2211469094172244,13.282021731455245,0.4065025088095078,1,73.43299595168767,77.74260162487178,4.309605673184114,77.74260162487178
1102,0.8183459428847013,15.34640502777086,0.6678234490092363,1,81.48998578468276,86.63567010472134,5.145684320038582,86.63567010472134
1103,0.4396757874986338,13.384794124460305,0.47780504395424256,0,76.98816006887895,81.60370617137704,4.6155461024980875,76.98816006887895
1104,1.1398379707907718,11.929152626061752,0.6349384008834617,1,83.30682421036788,88.90259736947496,5.595773159107081,88.90259736947496
1105,-0.380073520323899,12.178899155270834,0.2130784697505768,1,71.25496523927686,74.7228623108234,3.4678970715465414,74.7228623108234
1106,-1.1089566713350687,11.11651316088369,0.0841267236632587,0,71.74084836450928,74.18830902464018,2.447460660130904,71.74084836450928
1107,-0.04744631182325953,13.756379943648023,0.3456338456229696,0,76.66867387078752,80.60224903423496,3.9335751634474367,76.66867387078752
1108,-1.0077370365330742,9.348121688014235,0.07283250877214165,0,65.95793699423726,68.54710514309096,2.5891681488536964,65.95793699423726
1109,1.4479373470274723,12.341685524915773,0.7319603380855352,0,75.56555806194913,81.59267034778759,6.027112285838461,75.56555806194913
1110,1.143355874793629,14.954227713741119,0.7392109089644571,1,78.60889349940001,84.20959172411109,5.60069822471108,84.20959172411109
1111,-0.10276251059526814,14.83351886116419,0.36933048275109526,1,80.5950404884515,84.45117297361813,3.8561324851666248,84.45117297361813
1112,0.7272568249794351,16.75925865107081,0.6922272081798219,1,86.10213664400194,91.12029619897315,5.018159554971209,91.12029619897315
1113,0.2448561701810251,13.870994695601565,0.4366988313932773,0,79.14207982687739,83.48487846513083,4.342798638253435,79.14207982687739
1114,-0.0016750101171232263,13.247327936806006,0.3401734657356081,0,74.5249320557663,78.52258704160232,3.9976549858360273,74.5249320557663
1115,1.4033949930559826,12.470953223938062,0.7250390159618223,1,84.30388486337468,90.26863785365305,5.964752990278376,90.26863785365305
1116,1.5293893356624022,14.991342579563307,0.8220577344496376,0,84.92183084103418,91.06297591096154,6.141145069927363,84.92183084103418
1117,1.271056684266989,13.368677537059126,0.72067438942183,1,89.4326404488708,95.21211980684458,5.779479357973784,95.21211980684458
1118,0.46471087137497913,12.707018164066707,0.4585978901220358,1,81.2544540553244,85.90504927524937,4.650595219924971,85.90504927524937
1119,0.0906842102031253,15.300701108793085,0.44558325056395337,0,70.89180224036697,75.01876013465134,4.126957894284375,70.89180224036697
1120,0.18624562250355903,14.998080411343278,0.4631916836408025,0,73.70930560252043,77.97004947402542,4.260743871504983,73.70930560252043
1121,0.6828623682527157,13.210789279924528,0.5466896404346132,1,68.40666158052791,73.36266889608171,4.956007315553802,73.36266889608171
1122,1.5200681967192804,14.58063610813063,0.8104577141330686,1,89.38132100293528,95.50941647834227,6.128095475406992,95.50941647834227
1123,0.2738177738655985,13.938558839645488,0.4482958945694465,1,72.5803405972415,76.96368548065334,4.383344883411838,76.96368548065334
1124,0.5990609364088374,10.741181120029502,0.42248393195033956,1,66.66104435022585,71.49972966119822,4.838685310972372,71.49972966119822
1125,-0.24390039127351124,14.94678203086032,0.3332792947250851,1,73.74075846567,77.39929791788708,3.6585394522170844,77.39929791788708
1126,0.7360866512686418,15.66859883534096,0.6563530770235544,1,85.64912688937767,90.67964820115377,5.0305213117760985,90.67964820115377
1127,0.31234260582900186,12.639592452823845,0.40920884013267883,0,74.93494320850542,79.37222285666601,4.437279648160603,74.93494320850542
1128,0.28746250406641816,11.7027900810195,0.3662762144528694,1,74.23688023596394,78.63932774165693,4.402447505692986,78.63932774165693
1129,-0.9028393228052445,12.012512761330376,0.12062264055101382,1,70.39683989093969,73.13286483901234,2.7360249480726577,73.13286483901234
1130,0.058582159830311974,15.30526149217418,0.4358725144889289,0,77.22518943254617,81.30720445630861,4.082015023762437,77.22518943254617
1131,0.047704582773675897,12.744875378830928,0.33599593474342193,1,70.4020411549364,74.46882757081954,4.066786415883146,74.46882757081954
1132,1.1917409401937415,16.345380870319122,0.7900019409818793,1,91.69346591565743,97.36190323192866,5.668437316271238,97.36190323192866
1133,-0.03634575211413469,13.751029961165683,0.34858441429737813,1,73.7808150149619,77.72993096200211,3.9491159470402115,77.72993096200211
1134,-0.0491367299698405,10.219106624613229,0.2303450576044153,0,68.91157902261814,72.84278760066036,3.9312085780422232,68.91157902261814
1135,1.5519762271726005,12.423449207371497,0.7590946137417371,1,84.07844851322864,90.25121523127028,6.172766718041641,90.25121523127028
1136,1.0710048729336765,13.583092905100942,0.6752551792981175,0,74.7675553383231,80.26696216043025,5.499406822107147,74.7675553383231
1137,-0.47597534223548427,13.912316865827151,0.24067206244594586,0,68.91948337992378,72.2531179007941,3.333634520870322,68.91948337992378
1138,0.9809560452921796,14.15741213817057,0.6707062382030832,1,82.80293041329516,88.17626887670421,5.373338463409051,88.17626887670421
1139,0.8721524914350891,13.888464123443532,0.6300298503583668,1,81.69761417285804,86.91862766086716,5.221013488009125,86.91862766086716
1140,-0.13042336303892477,11.719033462037686,0.2557866892203404,0,69.19496845399284,73.01237574573835,3.8174072917455053,69.19496845399284
1141,0.18152509181178728,13.513111360714042,0.40347760091028717,0,76.86631361429752,81.12044874283403,4.254135128536502,76.86631361429752
1142,-0.22652326283118557,10.737905381709993,0.2066743843515799,0,73.07300941259015,76.7558768446265,3.6828674320363404,73.07300941259015
1143,0.8433200971648711,12.238939881649758,0.5578350982614367,0,75.32210179556753,80.50274993159836,5.180648136030819,75.32210179556753
1144,0.17602759123177256,15.467507536714432,0.47872178301016083,0,78.61132550240865,82.85776413013313,4.246438627724482,78.61132550240865
1145,0.29015576180586294,12.196773530800403,0.38560570636049,1,77.05304992837564,81.45926799490385,4.406218066528208,81.45926799490385
1146,-0.31573008189293583,12.621549501739581,0.23953788944519278,0,75.14151427203944,78.69949215738933,3.55797788534989,75.14151427203944
1147,-1.4892495490891162,11.809155183257639,0.05996832264963724,0,65.09320463764438,67.00825526891961,1.9150506312752373,65.09320463764438
1148,-0.48342273794090107,10.559369679494338,0.15514835263973667,0,63.19203831852539,66.51524648540813,3.3232081668827385,63.19203831852539
1149,-0.16409262137708197,11.653062631783333,0.24589523075450456,0,75.23405734347871,79.00432767355079,3.7702703300720852,75.23405734347871
1150,0.4547739992516808,12.26653137473011,0.43809734687756724,1,67.22803045251112,71.86471405146348,4.636683598952353,71.86471405146348
1151,0.41831977394612296,11.650916870595742,0.4030064883168972,0,72.031537234433,76.61718491795757,4.585647683524572,72.031537234433
1152,-2.6845859612163814,11.720819717783819,0.013920130888927186,0,52.41233934165739,52.65391899595446,0.24157965429706652,52.41233934165739
1153,1.0662311909608944,15.972672866492761,0.7518338077341725,1,89.27327720161493,94.76600086896018,5.492723667345252,94.76600086896018
1154,-0.16056543434977447,11.755971285980145,0.24978647985715352,0,70.83655855205215,74.61176694396246,3.775208391910316,70.83655855205215
1155,1.5755869136281173,14.799762347392283,0.8259865101285532,1,91.37237641481626,97.57819809389562,6.205821679079364,97.57819809389562
1156,-1.0379141019885256,11.135906124925702,0.0914840630032666,0,62.12519714928988,64.67211740650595,2.5469202572160645,62.12519714928988
1157,-1.1098780896470686,11.301096163271575,0.08633947106996039,0,66.50189024309635,68.94806091759045,2.446170674494104,66.50189024309635
1158,0.30957972406676476,11.774616114435634,0.37540763314594133,1,76.73750807974433,81.1709196934378,4.433411613693471,81.1709196934378
1159,-1.3067655092319248,10.348035801575,0.059649261810279644,0,59.10637304414614,61.276901331221445,2.1705282870753053,59.10637304414614
1160,0.9042200011507314,13.568704213007356,0.6274441434373647,1,85.59952319364437,90.8654311952554,5.265908001611024,90.8654311952554
1161,0.2933693786718041,10.915849797605503,0.33922443412686637,0,82.87237941866952,87.28309654881005,4.410717130140526,82.87237941866952
1162,0.8321443029951338,15.76006096852558,0.6860658004357644,0,77.22557969237394,82.39058171656713,5.165002024193187,77.22557969237394
1163,-0.7593708611180806,12.73696363423062,0.15560503347444118,0,71.74216807087099,74.67904886530567,2.9368807944346873,71.74216807087099
1164,0.9866696514041011,14.68858489174759,0.6907249412703683,1,82.64417313456258,88.02551064652832,5.381337511965741,88.02551064652832
1165,0.5776421083500467,13.298770248087957,0.5174568704608503,0,84.17059463254469,88.97929358423475,4.808698951690065,84.17059463254469
1166,1.591913148334612,13.89798719782887,0.8074568584555919,1,82.84938192333303,89.07806033100148,6.228678407668457,89.07806033100148
1167,-0.5132384764139489,14.114474754866116,0.2380804855871206,0,71.56877422229186,74.85024035531234,3.2814661330204715,71.56877422229186
1168,-0.028516488158135404,11.866290194472956,0.2855615658867258,0,71.82017012238774,75.78024703896635,3.9600769165786103,71.82017012238774
1169,1.5026097987360914,12.546811378414812,0.7513363178752107,0,82.90565311256398,89.00930683079451,6.103653718230528,82.90565311256398
1170,-0.6026816016703197,12.984381482966237,0.18910272971413009,0,68.15226021475945,71.308505972421,3.1562457576615524,68.15226021475945
1171,-0.8785867517115913,13.966395009109942,0.16197441529853607,0,73.91891203260694,76.68889058021071,2.769978547603772,73.91891203260694
1172,0.43497545529228776,15.604444138017476,0.5647420860897412,1,76.65331216620528,81.26227780361448,4.608965637409203,81.26227780361448
1173,2.741685032727916,13.937298940801174,0.9467014229024888,1,90.13133571705718,97.96969476287626,7.838359045819082,97.96969476287626
1174,0.7117012234111871,15.46957421633511,0.6421615784707426,0,87.0278998652435,92.02428157801916,4.996381712775662,87.0278998652435
1175,1.2384324372420579,13.496383324890822,0.7165600720859662,1,77.80500630274052,83.5388117148794,5.733805412138881,83.5388117148794
1176,-0.9159348342687349,11.748556602768195,0.11454341696736342,0,63.59365950634083,66.3113507383646,2.717691232023771,63.59365950634083
1177,1.7247354155636387,12.951940184889391,0.8097258334182104,1,85.1814962317881,91.5961258135772,6.414629581789094,91.5961258135772
1178,1.6821802194072997,12.117276848027961,0.7792824223713061,1,88.49968227646974,94.85473458363995,6.355052307170219,94.85473458363995
1179,1.3708656574389,14.489525507840531,0.777629650974104,1,77.71589462233476,83.63510654274921,5.91921192041446,83.63510654274921
1180,-0.5169444904050986,14.67870669889065,0.2539628235181075,0,69.7270184260587,73.00329613949157,3.276277713432862,69.7270184260587
1181,0.5315926968932895,12.341212816925305,0.46482940991197114,1,71.72492875888766,76.46915853453827,4.744229775650605,76.46915853453827
1182,0.4696189257573352,15.546694162314157,0.5730961577582799,0,87.97084593491999,92.62831243098026,4.65746649606027,87.97084593491999
1183,-0.18991909863867157,12.066619745232193,0.2522327085119395,0,74.88379547881108,78.61790874071694,3.73411326190586,74.88379547881108
1184,2.5048864780861533,13.84490647448545,0.9286605052626327,1,88.80120404208235,96.30804511140296,7.506841069320615,96.30804511140296
1185,-1.0032013478261057,11.73900455023244,0.10379410929256377,0,66.6307333352503,69.22625144829375,2.595518113043452,66.6307333352503
1186,-0.46878511932274075,11.720871534270305,0.18382539323816674,0,65.31678448377976,68.66048531672791,3.343700832948163,65.31678448377976
1187,0.932100191215792,14.507517703383655,0.6695892907772425,1,78.20424634129976,83.50918660900187,5.304940267702109,83.50918660900187
1188,2.2601094215435085,15.923031765539967,0.9303981755178097,1,92.9198913688,100.08404455896091,7.164153190160912,100.08404455896091
1189,-0.8602203707179189,10.140660457659225,0.09684610525073213,1,72.2068647238739,75.00255620486882,2.795691480994914,75.00255620486882
1190,-0.011375587314086395,11.293534575316722,0.2714548146164755,0,69.5270707803217,73.51114495808197,3.984074177760279,69.5270707803217
1191,0.17687110253792804,12.111089915242264,0.3495229628760919,1,78.70508369467689,82.95270323822999,4.2476195435531,82.95270323822999
1192,0.7228707392960597,14.83148412277474,0.6216660743461818,1,83.6058924588751,88.6179114938896,5.012019035014483,88.6179114938896
1193,1.5770309020885072,14.943405968112565,0.8295206151681231,1,83.01461194132989,89.2224552042538,6.20784326292391,89.2224552042538
1194,1.4026960190592523,12.753274923254333,0.7337815217490495,1,78.1420073181447,84.10578174482765,5.963774426682953,84.10578174482765
1195,-1.2209021106677267,12.235350739170663,0.08718734086816687,0,75.10737806799558,77.39811511306077,2.2907370450651827,75.10737806799558
1196,0.7185852212166329,12.812404260493674,0.5419551659731068,1,78.91940996492436,83.92542927462765,5.006019309703286,83.92542927462765
1197,-0.12239838281656958,12.814863129021072,0.292635170165174,1,74.83385519665168,78.66249746070848,3.8286422640568025,78.66249746070848
1198,0.9586034859619905,11.694237199030423,0.5718326633405634,0,79.91454863374909,85.25659351409588,5.342044880346787,79.91454863374909
1199,0.4725064552062128,13.683955571312763,0.5000164901044462,0,82.64245061781357,87.30395965510226,4.661509037288698,82.64245061781357
1200,-2.042636970810711,10.905152814524058,0.026897089391709622,0,56.43442367867912,57.57473191954412,1.140308240865005,56.43442367867912
